,event_id,event_date,shed_start_time,shed_end_time,peak_oat,peak_demand_intensity_wft2,shed_avg_wft2
2,T0013,2018-06-06,2018-06-06 15:00:00,2018-06-06 18:00:00,93.794,2.830479954797265,0.1709190110111247
3,T0013,2018-06-07,2018-06-07 15:00:00,2018-06-07 18:00:00,91.886,2.6230885874971817,0.1300893600113514
4,T0013,2018-06-22,2018-06-22 15:00:00,2018-06-22 18:00:00,99.716,2.850882817755392,-0.0231147916865874
5,T0013,2018-06-27,2018-06-27 15:00:00,2018-06-27 18:00:00,99.122,2.883890385335197,-0.0031369680020952
6,T0013,2018-06-28,2018-06-28 15:30:00,2018-06-28 17:30:00,98.312,2.851637867902765,-0.0113651930576592
7,T0013,2018-07-02,2018-07-02 16:00:00,2018-07-02 18:00:00,100.022,2.897985839059958,0.1814430006696673
8,T0013,2018-07-03,2018-07-03 16:00:00,2018-07-03 18:00:00,100.904,2.9392327580826136,0.168874223184832
9,T0013,2018-07-18,2018-07-18 11:00:00,2018-07-18 11:30:00,103.37,2.9289110824828324,-0.1375598041042756
10,T0013,2018-07-19,2018-07-19 16:00:00,2018-07-19 18:00:00,106.286,2.976113971830701,0.1957631290530933
12,T0013,2018-07-23,2018-07-23 15:30:00,2018-07-23 17:30:00,100.832,2.8086873275786925,0.1704411811355427
13,T0013,2018-08-06,2018-08-06 15:30:00,2018-08-06 17:30:00,97.124,2.8568025945233733,-0.1346693432370921
14,T0013,2018-08-07,2018-08-07 15:30:00,2018-08-07 17:30:00,97.61,2.856464402362889,-0.1550720303728592
15,T0013,2018-08-08,2018-08-08 15:30:00,2018-08-08 17:30:00,90.41,2.7796947819329376,-0.359108241285635
16,T0013,2018-08-16,2018-08-16 15:30:00,2018-08-16 17:30:00,95.9,2.832908177709584,-0.3473277658403797
17,T0013,2018-08-17,2018-08-17 15:30:00,2018-08-17 17:30:00,97.43,2.840656307624332,-0.3784654119496999
18,T0013,2018-08-22,2018-08-22 15:30:00,2018-08-22 17:30:00,92.318,2.788962387793042,-0.2186147524126655
19,T0013,2018-08-23,2018-08-23 15:30:00,2018-08-23 17:30:00,97.7,2.8268545775776164,-0.2913958687357526
20,T0013,2018-08-24,2018-08-24 15:30:00,2018-08-24 17:30:00,96.782,2.8354254300288897,-0.3210118304840519
21,T0013,2018-09-18,2018-09-18 15:30:00,2018-09-18 17:30:00,93.452,2.853776453866141,-0.0638345728403404
22,T0013,2018-09-19,2018-09-19 15:30:00,2018-09-19 17:30:00,93.452,2.861123499393553,-0.1005148589505342
23,T0013,2019-06-19,2019-06-19 16:00:00,2019-06-19 17:30:00,94.442,2.6000634909031737,0.1352710518076446
24,T0013,2019-06-20,2019-06-20 16:00:00,2019-06-20 18:00:00,96.152,2.588281670067872,0.0261994400167182
25,T0013,2019-06-28,2019-06-28 14:00:00,2019-06-28 17:00:00,92.624,2.557052860648172,0.1603786281501399
26,T0013,2019-07-09,2019-07-09 16:00:00,2019-07-09 17:30:00,95.396,2.5587446138694907,0.1503960255075859
27,T0013,2019-07-10,2019-07-10 15:00:00,2019-07-10 17:00:00,96.062,2.478005362305804,0.1469738724322767
28,T0013,2019-07-30,2019-07-30 15:30:00,2019-07-30 17:30:00,98.6,2.516542183069431,0.0863422697954803
29,T0013,2019-07-31,2019-07-31 16:00:00,2019-07-31 18:00:00,96.134,2.477580599308664,0.2679226236908455
30,T0013,2019-08-01,2019-08-01 15:00:00,2019-08-01 17:00:00,93.416,2.452749286460163,0.210216113236649
32,T0013,2019-08-08,2019-08-08 15:00:00,2019-08-08 17:00:00,94.352,2.48749410083384,0.0938494524410373
33,T0013,2019-08-12,2019-08-12 15:00:00,2019-08-12 17:00:00,100.148,2.6029800204993427,0.2032629590764842
34,T0013,2019-09-05,2019-09-05 15:00:00,2019-09-05 17:00:00,96.656,2.6799249851167057,0.5394475998656789
35,T0013,2019-09-06,2019-09-06 15:00:00,2019-09-06 17:00:00,98.312,2.7514515528121475,0.4846103844254286
36,T0013,2020-05-04,2020-05-04 17:00:00,2020-05-04 17:30:00,90.896,1.944502297015308,-0.0192530050860825
37,T0013,2020-06-18,2020-06-18 15:00:00,2020-06-18 18:00:00,92.606,2.084658956363651,0.1224927974034778
38,T0013,2020-07-01,2020-07-01 16:00:00,2020-07-01 18:00:00,94.65800000000002,2.1653908450620607,0.1379106450177054
39,T0013,2020-07-02,2020-07-02 16:00:00,2020-07-02 18:00:00,94.46,2.150824950091121,0.1648469542315883
40,T0013,2020-07-08,2020-07-08 16:00:00,2020-07-08 18:00:00,92.444,2.1460830573242564,0.0992592925114079
41,T0013,2020-07-09,2020-07-09 16:00:00,2020-07-09 18:00:00,94.946,2.169422994007621,0.0868554390924869
42,T0013,2020-07-10,2020-07-10 16:00:00,2020-07-10 17:00:00,93.812,2.158598675545772,0.2335433201825522
43,T0013,2020-07-13,2020-07-13 16:00:00,2020-07-13 18:00:00,101.192,2.3500092904851275,0.0513506377679684
44,T0013,2020-08-06,2020-08-06 16:00:00,2020-08-06 18:00:00,95.864,2.3221810974607098,0.4525622972870885
45,T0013,2020-08-11,2020-08-11 16:00:00,2020-08-11 18:00:00,97.754,2.372951223173021,0.3898398566183594
46,T0013,2020-08-12,2020-08-12 15:00:00,2020-08-12 17:00:00,99.86,2.406687984356723,0.3276314095251951
47,T0013,2020-08-14,2020-08-14 15:00:00,2020-08-14 17:00:00,103.046,2.4722225457060083,0.4454825237384553
48,T0013,2020-09-01,2020-09-01 15:00:00,2020-09-01 17:00:00,89.348,2.1942567901226058,0.2079995010091162
49,T0013,2021-06-17,2021-06-17 15:00:00,2021-06-17 18:00:00,96.8,2.89562846384491,0.2196214596158804
50,T0013,2021-05-20,2021-05-20 13:00:00,2021-05-20 13:30:00,77.48599999999999,2.2637368744773383,-0.0564407191136665
51,T0013,2021-06-09,2021-06-09 16:00:00,2021-06-09 18:00:00,90.194,2.6787435690352983,0.1367084373352304
52,T0013,2021-06-10,2021-06-10 16:00:00,2021-06-10 18:00:00,90.968,2.678250072777117,0.0136644588442389
53,T0013,2021-06-14,2021-06-14 16:00:00,2021-06-14 18:00:00,94.244,2.7973555930918863,0.1349851217364255
54,T0013,2021-06-15,2021-06-15 15:00:00,2021-06-15 17:00:00,94.226,2.830253261114569,0.2301004047618422
55,T0013,2021-06-24,2021-06-24 14:30:00,2021-06-24 16:30:00,95.072,2.90587948736592,0.3195664020926232
56,T0013,2021-06-25,2021-06-25 15:30:00,2021-06-25 17:30:00,94.964,2.9019332835787903,0.2106842709620413
58,T0013,2021-07-26,2021-07-26 16:00:00,2021-07-26 18:00:00,98.996,3.307847187289509,0.5364876569757413
59,T0013,2021-07-27,2021-07-27 16:00:00,2021-07-27 18:00:00,97.628,3.246703975720944,0.4033429019108933
60,T0013,2021-07-29,2021-07-29 15:30:00,2021-07-29 17:30:00,96.584,3.188291022904933,0.4910608619262168
61,T0013,2021-07-30,2021-07-30 15:00:00,2021-07-30 17:00:00,96.062,3.1630207315969354,0.4717931981667154
62,T0013,2021-08-09,2021-08-09 15:30:00,2021-08-09 17:30:00,95.918,3.153973987253875,0.4480944277793474
63,T0013,2021-08-10,2021-08-10 15:30:00,2021-08-10 17:30:00,96.278,3.16313322847314,0.3896876382511254
64,T0013,2021-08-11,2021-08-11 15:30:00,2021-08-11 17:00:00,96.422,3.1677979878528144,0.3127015955235942
3,T0055,2018-06-06,2018-06-06 15:00:00,2018-06-06 18:00:00,94.442,3.8740930128328905,0.0281754622075253
4,T0055,2018-06-07,2018-06-07 15:00:00,2018-06-07 18:00:00,92.336,3.7394267403227,-0.1379181988025099
5,T0055,2018-06-22,2018-06-22 15:00:00,2018-06-22 18:00:00,100.472,4.446241600148528,0.123137828600176
6,T0055,2018-06-27,2018-06-27 15:00:00,2018-06-27 18:00:00,99.392,4.407707836798565,0.0256937464570351
7,T0055,2018-06-28,2018-06-28 15:30:00,2018-06-28 17:30:00,98.816,4.388784236822038,0.0937272381707895
8,T0055,2018-07-02,2018-07-02 16:00:00,2018-07-02 18:00:00,100.598,4.485808224330023,0.4104320561875121
9,T0055,2018-07-03,2018-07-03 16:00:00,2018-07-03 18:00:00,101.57,4.593593741376035,0.4563257199294576
10,T0055,2018-07-19,2018-07-19 16:00:00,2018-07-19 18:00:00,106.754,5.173012339673465,0.4796026113980089
12,T0055,2018-07-23,2018-07-23 15:30:00,2018-07-23 17:30:00,101.696,4.805136318077556,0.5200711334591582
13,T0055,2018-08-06,2018-08-06 15:30:00,2018-08-06 17:30:00,97.718,4.359685450269906,0.8884200895936343
14,T0055,2018-08-07,2018-08-07 15:30:00,2018-08-07 17:30:00,98.33,4.499897513623462,0.6327590757574747
15,T0055,2018-08-08,2018-08-08 15:30:00,2018-08-08 17:30:00,91.508,3.965653635165502,0.2024194582858387
16,T0055,2018-08-16,2018-08-16 15:30:00,2018-08-16 17:30:00,96.566,4.348888118760318,0.3146065788236749
17,T0055,2018-08-17,2018-08-17 15:30:00,2018-08-17 17:30:00,98.204,4.473342240008147,0.5440590903114677
18,T0055,2018-08-22,2018-08-22 15:30:00,2018-08-22 17:30:00,93.578,4.161988636051053,0.3608792985030706
19,T0055,2018-08-23,2018-08-23 15:30:00,2018-08-23 17:30:00,97.952,4.457256524902888,0.4863800381320604
20,T0055,2018-08-24,2018-08-24 15:30:00,2018-08-24 17:30:00,97.466,4.441094783806864,0.8223876764004421
21,T0055,2018-09-18,2018-09-18 15:30:00,2018-09-18 17:30:00,93.92,4.227148528000254,0.6819963458492694
22,T0055,2018-09-19,2018-09-19 15:30:00,2018-09-19 17:30:00,93.992,4.253571961906469,0.4516075210018785
23,T0055,2019-06-19,2019-06-19 16:00:00,2019-06-19 17:30:00,93.974,3.889687379242912,-0.4230258552011371
24,T0055,2019-06-20,2019-06-20 16:00:00,2019-06-20 18:00:00,95.504,3.993226752919288,-0.3837801379835899
25,T0055,2019-06-28,2019-06-28 14:00:00,2019-06-28 17:00:00,92.984,3.840343894571986,0.265548848639986
26,T0055,2019-07-09,2019-07-09 16:00:00,2019-07-09 17:30:00,95.81,4.086473454732678,-0.3232532098801225
27,T0055,2019-07-10,2019-07-10 15:00:00,2019-07-10 17:00:00,96.494,4.135942545668049,-0.0609354980469339
28,T0055,2019-07-30,2019-07-30 15:30:00,2019-07-30 17:30:00,99.302,4.452294029286603,0.439381874822014
29,T0055,2019-07-31,2019-07-31 16:00:00,2019-07-31 18:00:00,96.584,4.240906734289271,0.1702787436926927
30,T0055,2019-08-01,2019-08-01 15:00:00,2019-08-01 17:00:00,94.262,4.15279038262621,0.2637359825063176
32,T0055,2019-08-08,2019-08-08 15:00:00,2019-08-08 17:00:00,94.91,4.220285472334541,0.1107427923660064
33,T0055,2019-08-12,2019-08-12 15:00:00,2019-08-12 17:00:00,100.634,4.624399003184712,0.1986368780236905
34,T0055,2019-09-05,2019-09-05 15:00:00,2019-09-05 17:00:00,96.692,4.423028958384627,0.6039274013858873
35,T0055,2019-09-06,2019-09-06 15:00:00,2019-09-06 17:00:00,98.852,4.632364259814756,0.5832690151555148
36,T0055,2020-05-04,2020-05-04 17:00:00,2020-05-04 17:30:00,90.536,2.860624156936039,-1.2944257315014538
37,T0055,2020-06-18,2020-06-18 15:00:00,2020-06-18 18:00:00,92.46200000000002,3.676674633338077,0.4981846511926127
38,T0055,2020-07-01,2020-07-01 16:00:00,2020-07-01 18:00:00,94.874,4.03360487473133,0.4394910760060955
39,T0055,2020-07-02,2020-07-02 16:00:00,2020-07-02 18:00:00,95.126,4.051676233483989,0.8225593126919933
40,T0055,2020-07-08,2020-07-08 16:00:00,2020-07-08 18:00:00,92.246,3.861451455744509,0.5713257822937461
41,T0055,2020-07-09,2020-07-09 16:00:00,2020-07-09 18:00:00,94.964,4.012596413936666,0.4442536458068727
42,T0055,2020-07-10,2020-07-10 16:00:00,2020-07-10 17:00:00,93.578,3.963299101557974,0.6485482905526584
43,T0055,2020-07-13,2020-07-13 16:00:00,2020-07-13 18:00:00,101.048,4.534165597865855,0.3720971883093579
44,T0055,2020-08-06,2020-08-06 16:00:00,2020-08-06 18:00:00,95.792,4.316343515537279,1.077403245423588
45,T0055,2020-08-11,2020-08-11 16:00:00,2020-08-11 18:00:00,97.736,4.445317340077791,0.998622853141258
46,T0055,2020-08-12,2020-08-12 15:00:00,2020-08-12 17:00:00,99.86,4.639877180692804,1.167948653573715
47,T0055,2020-08-14,2020-08-14 15:00:00,2020-08-14 17:00:00,103.388,4.916954455931185,1.582497512056524
48,T0055,2020-09-01,2020-09-01 15:00:00,2020-09-01 17:00:00,90.374,3.876298711466595,0.7768784074862058
49,T0055,2021-06-17,2021-06-17 15:00:00,2021-06-17 18:00:00,96.422,3.5963880969274222,0.3291929833654994
50,T0055,2021-05-20,2021-05-20 13:00:00,2021-05-20 13:30:00,77.324,2.3725439820900367,0.1278299484866212
51,T0055,2021-06-09,2021-06-09 16:00:00,2021-06-09 18:00:00,90.446,3.122426891392783,0.5263501522388997
52,T0055,2021-06-10,2021-06-10 16:00:00,2021-06-10 18:00:00,91.346,3.186172280229857,0.2020405567842269
53,T0055,2021-06-14,2021-06-14 16:00:00,2021-06-14 18:00:00,93.974,3.422257419313676,0.2041794386520735
54,T0055,2021-06-15,2021-06-15 15:00:00,2021-06-15 17:00:00,94.586,3.466409467417588,0.2392173380581757
55,T0055,2021-06-24,2021-06-24 14:30:00,2021-06-24 16:30:00,95.324,3.699669312801768,0.6022423176631785
56,T0055,2021-06-25,2021-06-25 15:30:00,2021-06-25 17:30:00,95.09,3.689704423205592,0.5527888837099857
58,T0055,2021-07-26,2021-07-26 16:00:00,2021-07-26 18:00:00,98.852,4.221115241887603,0.8006380500154232
59,T0055,2021-07-27,2021-07-27 16:00:00,2021-07-27 18:00:00,97.358,4.103511273753648,0.5225902356497357
60,T0055,2021-07-29,2021-07-29 15:30:00,2021-07-29 17:30:00,96.782,4.071772835293151,0.6326768967953642
61,T0055,2021-07-30,2021-07-30 15:00:00,2021-07-30 17:00:00,96.224,4.031448055950473,0.4833035691243567
62,T0055,2021-08-09,2021-08-09 15:30:00,2021-08-09 17:30:00,96.062,4.05637261199846,0.6093467168087029
63,T0055,2021-08-10,2021-08-10 15:30:00,2021-08-10 17:30:00,96.386,4.075917780077423,0.6726425251014472
64,T0055,2021-08-11,2021-08-11 15:30:00,2021-08-11 17:00:00,96.548,4.087784489268222,0.8089238538593562
65,T0055,2021-08-23,2021-08-23 15:30:00,2021-08-23 17:30:00,95.612,4.05294530647901,1.1330788563954948
66,T0055,2021-08-24,2021-08-24 15:30:00,2021-08-24 17:30:00,96.044,4.094897345599951,1.2122925544789975
67,T0055,2021-08-25,2021-08-25 15:30:00,2021-08-25 17:30:00,96.476,4.122406879449748,1.2453597515868386
68,T0055,2021-08-31,2021-08-31 15:30:00,2021-08-31 17:30:00,96.224,4.142268202160414,1.6144747195859843
69,T0055,2021-09-01,2021-09-01 15:00:00,2021-09-01 17:00:00,96.944,4.196246112312336,1.48051029314162
71,T0055,2021-09-20,2021-09-20 15:30:00,2021-09-20 17:30:00,97.7,4.1779342668929775,1.6139286862021551
0,T0193,2018-07-24,2018-07-24 14:00:00,2018-07-24 18:00:00,91.274,2.77358748633962,0.0248568947623267
1,T0193,2018-08-06,2018-08-06 16:00:00,2018-08-06 18:00:00,92.732,3.0537403622251964,0.1458832891275799
2,T0193,2018-08-07,2018-08-07 16:00:00,2018-08-07 18:00:00,94.082,2.923620603831367,0.1590145293297108
3,T0193,2019-06-28,2019-06-28 15:00:00,2019-06-28 17:00:00,78.278,2.173766695382252,-0.1200858873070235
4,T0193,2019-08-27,2019-08-27 17:00:00,2019-08-27 18:00:00,84.938,2.7090678464744444,-0.054683533330422
5,T0193,2020-07-20,2020-07-20 17:00:00,2020-07-20 18:00:00,74.606,2.121838566138636,0.1188528443273571
6,T0193,2020-07-30,2020-07-30 19:00:00,2020-07-30 20:00:00,81.572,2.2731171009960125,0.2733465335384752
7,T0193,2020-08-14,2020-08-14 17:00:00,2020-08-14 20:00:00,90.302,2.405973129300653,-0.005418560923541
8,T0193,2020-08-17,2020-08-17 16:00:00,2020-08-17 21:00:00,85.946,2.355699590381312,0.0616571275335996
9,T0193,2020-08-18,2020-08-18 16:00:00,2020-08-18 21:00:00,96.98,2.468507176883397,-0.0110406174993645
10,T0193,2020-08-19,2020-08-19 18:00:00,2020-08-19 20:00:00,89.186,2.368830974607508,0.0102587597062894
11,T0193,2020-08-21,2020-08-21 18:00:00,2020-08-21 19:00:00,86.28800000000001,2.396577118287185,0.2210912031343822
12,T0193,2020-08-26,2020-08-26 18:00:00,2020-08-26 19:00:00,85.80199999999999,2.384533501768749,-0.2216929540652527
13,T0193,2020-08-27,2020-08-27 18:00:00,2020-08-27 19:00:00,87.62,2.392940734045012,-0.2283263015317901
14,T0193,2020-09-05,2020-09-05 17:00:00,2020-09-05 19:00:00,103.298,2.704831336816631,-0.0156093743792064
15,T0193,2020-09-06,2020-09-06 16:30:00,2020-09-06 18:30:00,104.09,2.731266135015643,-0.0147860311475143
16,T0193,2020-09-07,2020-09-07 16:30:00,2020-09-07 18:30:00,79.196,2.3353093457019978,-0.2611707461608398
17,T0193,2020-09-30,2020-09-30 18:00:00,2020-09-30 19:00:00,100.85,2.6719889921471447,0.3189757042759659
18,T0193,2020-10-01,2020-10-01 18:00:00,2020-10-01 19:00:00,97.394,2.6185270338688187,0.3431714744275321
19,T0193,2020-10-15,2020-10-15 17:00:00,2020-10-15 19:00:00,91.364,2.45893886823625,0.4636814169107
20,T0193,2020-10-16,2020-10-16 17:00:00,2020-10-16 19:00:00,88.48400000000001,2.397412813508906,0.4662247349745428
21,T0193,2021-05-28,2021-05-28 18:00:00,2021-05-28 19:00:00,69.85400000000001,1.7730596584254343,0.1319184368923453
22,T0193,2021-06-15,2021-06-15 18:00:00,2021-06-15 19:00:00,86.054,2.0215771293893816,0.9897310749999574
23,T0193,2021-06-17,2021-06-17 18:00:00,2021-06-17 20:00:00,76.04599999999999,1.8251211659494504,0.1850380545344116
24,T0193,2021-07-12,2021-07-12 19:00:00,2021-07-12 20:00:00,75.146,1.9979354006907284,0.0889410935180593
25,T0193,2021-07-22,2021-07-22 18:00:00,2021-07-22 21:00:00,78.476,2.072505418497221,0.2934468867111042
26,T0193,2021-07-29,2021-07-29 18:00:00,2021-07-29 19:00:00,83.102,2.175110006883323,0.4259408991657292
27,T0193,2021-08-11,2021-08-11 17:00:00,2021-08-11 20:00:00,85.838,2.405800693552698,0.4955231916046175
28,T0193,2021-08-26,2021-08-26 17:00:00,2021-08-26 20:00:00,89.654,2.501350098960728,0.4991462943126499
29,T0193,2021-09-09,2021-09-09 17:00:00,2021-09-09 20:00:00,85.118,2.2810800469477663,0.3683506179420118
30,T0193,2021-09-22,2021-09-22 17:00:00,2021-09-22 20:00:00,91.562,2.3998859452261394,0.3350474971806532
31,T0193,2021-09-30,2021-09-30 17:00:00,2021-09-30 20:00:00,91.076,2.384860399328221,0.3544952829731635
0,T0199,2018-07-23,2018-07-23 16:00:00,2018-07-23 17:00:00,85.064,2.8630916461955147,-0.086895701280511
1,T0199,2018-07-24,2018-07-24 14:00:00,2018-07-24 18:00:00,85.424,2.874958753313119,-0.0260028965311359
2,T0199,2018-07-27,2018-07-27 16:00:00,2018-07-27 17:00:00,81.30199999999999,2.72669498046208,-0.0383039791748459
3,T0199,2018-08-06,2018-08-06 14:00:00,2018-08-06 18:00:00,86.846,2.982247859341101,0.0655272948156653
4,T0199,2018-08-07,2018-08-07 14:00:00,2018-08-07 18:00:00,92.552,3.1844353426487,0.1067737653624955
5,T0199,2019-06-28,2019-06-28 15:00:00,2019-06-28 17:00:00,74.66,2.1668172802023262,-0.1746348934183574
6,T0199,2019-08-27,2019-08-27 17:00:00,2019-08-27 18:00:00,81.95,2.5368238233036515,-0.0617735964357585
7,T0199,2020-07-20,2020-07-20 17:00:00,2020-07-20 18:00:00,70.53800000000001,2.077646193286389,0.1660632588250934
8,T0199,2020-07-30,2020-07-30 19:00:00,2020-07-30 20:00:00,73.634,2.1605983983754,-0.118973985771547
9,T0199,2020-08-14,2020-08-14 17:00:00,2020-08-14 20:00:00,83.066,2.451381604363112,0.191562785865566
10,T0199,2020-08-17,2020-08-17 16:00:00,2020-08-17 21:00:00,79.988,2.4171082351157,0.1785954706233429
11,T0199,2020-08-18,2020-08-18 16:00:00,2020-08-18 21:00:00,89.024,2.648352718988656,0.1521346287953217
12,T0199,2020-08-19,2020-08-19 18:00:00,2020-08-19 20:00:00,84.974,2.509474967535593,0.0908703850151386
13,T0199,2020-08-21,2020-08-21 18:00:00,2020-08-21 19:00:00,80.384,2.428384026825541,0.1895909436252725
14,T0199,2020-08-26,2020-08-26 18:00:00,2020-08-26 19:00:00,78.25999999999999,2.426445416428869,0.2201429016910807
15,T0199,2020-08-27,2020-08-27 18:00:00,2020-08-27 19:00:00,81.32,2.489999821768595,0.3172265012940446
16,T0199,2020-09-05,2020-09-05 17:00:00,2020-09-05 19:00:00,91.04,2.837366787939937,0.6292461532571095
17,T0199,2020-09-06,2020-09-06 16:30:00,2020-09-06 18:30:00,98.528,3.045791609676113,0.5346379425627527
18,T0199,2020-09-07,2020-09-07 16:30:00,2020-09-07 18:30:00,76.676,2.404037062430079,0.0789201342595571
19,T0199,2020-09-30,2020-09-30 18:00:00,2020-09-30 19:00:00,91.31,2.8318899706603258,0.8083164529724327
20,T0199,2020-10-01,2020-10-01 18:00:00,2020-10-01 19:00:00,92.40800000000002,2.905838663110756,0.696053821189813
21,T0199,2020-10-15,2020-10-15 17:00:00,2020-10-15 19:00:00,85.082,2.613222282230048,0.5235313524794869
22,T0199,2020-10-16,2020-10-16 17:00:00,2020-10-16 19:00:00,83.642,2.5592559571367457,0.5447116115143843
23,T0199,2021-05-28,2021-05-28 18:00:00,2021-05-28 19:00:00,65.912,1.9011180580811595,0.1896107830330338
24,T0199,2021-06-15,2021-06-15 18:00:00,2021-06-15 19:00:00,80.54599999999999,1.9960602824124416,0.281063183355964
25,T0199,2021-06-17,2021-06-17 18:00:00,2021-06-17 20:00:00,73.418,1.9458407455778075,0.225447380997482
26,T0199,2021-07-12,2021-07-12 19:00:00,2021-07-12 20:00:00,73.076,2.0119993590108263,0.2432674245854086
27,T0199,2021-07-22,2021-07-22 18:00:00,2021-07-22 21:00:00,76.55000000000001,2.13668952853734,0.2653098699663207
28,T0199,2021-07-29,2021-07-29 18:00:00,2021-07-29 19:00:00,75.668,2.151447344019393,0.341425219502492
29,T0199,2021-08-11,2021-08-11 17:00:00,2021-08-11 20:00:00,80.06,2.187799767498208,0.2917656095166658
30,T0199,2021-08-26,2021-08-26 17:00:00,2021-08-26 20:00:00,82.616,2.354152588301486,0.3599521180267127
31,T0199,2021-09-09,2021-09-09 17:00:00,2021-09-09 20:00:00,82.49000000000001,2.3583099055580763,0.2313195118984216
32,T0199,2021-09-22,2021-09-22 17:00:00,2021-09-22 20:00:00,81.824,2.2812603718686844,0.4197761813337995
33,T0199,2021-09-30,2021-09-30 17:00:00,2021-09-30 20:00:00,82.05799999999999,2.3096920901243463,0.3698674488247194
0,T0233,2019-07-12,2019-07-12 14:00:00,2019-07-12 18:00:00,108.77,3.925853590981525,0.4452772041852264
1,T0233,2020-07-10,2020-07-10 15:00:00,2020-07-10 19:00:00,108.932,4.017843441491469,0.3901309256437015
2,T0233,2020-08-14,2020-08-14 16:00:00,2020-08-14 19:00:00,113.792,4.547025734057301,0.9047535446801604
3,T0233,2020-08-16,2020-08-16 16:00:00,2020-08-16 19:00:00,111.056,4.358419543360449,0.8258190163896588
4,T0233,2020-08-17,2020-08-17 16:00:00,2020-08-17 19:00:00,110.984,4.365625934663814,0.8624482004656666
5,T0233,2020-08-18,2020-08-18 16:00:00,2020-08-18 19:00:00,111.236,4.3909924320516645,1.0712134730923428
6,T0233,2021-06-17,2021-06-17 18:00:00,2021-06-17 21:00:00,115.592,3.92333744089792,0.4268979717142955
7,T0233,2021-07-09,2021-07-09 16:00:00,2021-07-09 21:00:00,109.49,3.848572012394379,0.4122114089866218
8,T0233,2021-07-10,2021-07-10 16:00:00,2021-07-10 21:00:00,109.76,3.875957284986813,0.4632904316892353
9,T0233,2021-08-26,2021-08-26 16:00:00,2021-08-26 21:00:00,108.122,3.944669541235721,0.7819196156510867
10,T0233,2021-09-08,2021-09-08 16:00:00,2021-09-08 21:00:00,103.118,3.741662120465276,0.6035834309979801
11,T0233,2021-09-09,2021-09-09 17:00:00,2021-09-09 20:00:00,107.366,3.96167346174793,0.9422614800393776
0,T0290,2018-07-23,2018-07-23 16:00:00,2018-07-23 17:00:00,85.388,2.505796635995284,-0.1279444683948108
1,T0290,2018-07-24,2018-07-24 14:00:00,2018-07-24 18:00:00,85.766,2.520651339272051,0.1555331014103523
2,T0290,2018-08-06,2018-08-06 14:00:00,2018-08-06 18:00:00,89.492,2.7752356139069017,0.1812427379776864
3,T0290,2018-08-07,2018-08-07 15:00:00,2018-08-07 18:00:00,90.824,2.791963386020504,0.2677852075065312
4,T0290,2019-06-28,2019-06-28 15:00:00,2019-06-28 17:00:00,75.524,2.0230891531921125,-0.1501274947737226
5,T0290,2019-08-27,2019-08-27 17:00:00,2019-08-27 18:00:00,83.102,2.5046799485380453,0.1398657543127251
6,T0290,2020-07-20,2020-07-20 17:00:00,2020-07-20 18:00:00,72.73400000000001,1.955719949897087,0.2188259985672284
7,T0290,2020-07-30,2020-07-30 19:00:00,2020-07-30 20:00:00,76.964,2.0757106044661566,0.2853558442853231
8,T0290,2020-08-14,2020-08-14 17:00:00,2020-08-14 20:00:00,87.314,2.3397510190529904,0.2815869888871198
9,T0290,2020-08-17,2020-08-17 16:00:00,2020-08-17 21:00:00,83.21000000000001,2.273014440912288,0.2562073845433393
10,T0290,2020-08-18,2020-08-18 16:00:00,2020-08-18 21:00:00,93.578,2.5074225588075967,0.2996775442210375
11,T0290,2020-08-19,2020-08-19 18:00:00,2020-08-19 20:00:00,88.48400000000001,2.4122067731096863,0.2344397381930346
12,T0290,2020-08-21,2020-08-21 18:00:00,2020-08-21 19:00:00,83.49799999999999,2.301583576002234,0.2148352005139161
13,T0290,2020-08-26,2020-08-26 18:00:00,2020-08-26 19:00:00,81.73400000000001,2.2952827713176585,0.423023251692427
14,T0290,2020-08-27,2020-08-27 18:00:00,2020-08-27 19:00:00,84.794,2.3737021367566853,0.3778036871801562
15,T0290,2020-09-05,2020-09-05 17:00:00,2020-09-05 19:00:00,95.54,2.6317587204021216,0.5983471555689212
16,T0290,2020-09-06,2020-09-06 16:30:00,2020-09-06 18:30:00,103.766,2.829171888753341,0.5717504758079969
17,T0290,2020-09-07,2020-09-07 16:30:00,2020-09-07 18:30:00,78.566,2.234040275427579,0.2012493628347854
18,T0290,2020-09-30,2020-09-30 18:00:00,2020-09-30 19:00:00,94.892,2.72813231990107,0.547654048159748
19,T0290,2020-10-01,2020-10-01 18:00:00,2020-10-01 19:00:00,97.142,2.818501975108444,0.5081432058427972
20,T0290,2020-10-15,2020-10-15 17:00:00,2020-10-15 19:00:00,88.628,2.511596026736618,0.3953417807543233
21,T0290,2020-10-16,2020-10-16 17:00:00,2020-10-16 19:00:00,87.206,2.486050941088985,0.3979670791627666
22,T0290,2021-05-28,2021-05-28 18:00:00,2021-05-28 19:00:00,68.666,1.7044294005671723,0.0772371817781151
23,T0290,2021-06-15,2021-06-15 18:00:00,2021-06-15 19:00:00,84.2,2.0642420610561865,0.1116062007975536
24,T0290,2021-06-17,2021-06-17 18:00:00,2021-06-17 20:00:00,76.44200000000001,1.930569666425756,-0.0298555625917514
25,T0290,2021-07-12,2021-07-12 19:00:00,2021-07-12 20:00:00,75.27199999999999,2.1874226269235857,0.1512203139851707
26,T0290,2021-07-22,2021-07-22 18:00:00,2021-07-22 21:00:00,79.412,2.376432448661588,0.3067188167953029
27,T0290,2021-07-29,2021-07-29 18:00:00,2021-07-29 19:00:00,78.584,2.4255734128789257,0.421889348419742
28,T0290,2021-08-11,2021-08-11 17:00:00,2021-08-11 20:00:00,83.31800000000001,2.620522613561598,0.7798490884741042
29,T0290,2021-08-26,2021-08-26 17:00:00,2021-08-26 20:00:00,86.09,2.7469684016876297,0.6652441721385229
30,T0290,2021-09-09,2021-09-09 17:00:00,2021-09-09 20:00:00,86.054,2.6955775287838284,0.5098618004915318
31,T0290,2021-09-22,2021-09-22 17:00:00,2021-09-22 20:00:00,85.892,2.568340113628101,0.7072132798893144
32,T0290,2021-09-30,2021-09-30 17:00:00,2021-09-30 20:00:00,86.054,2.6217622190337524,0.672480282696609
0,T0307,2018-07-24,2018-07-24 14:00:00,2018-07-24 18:00:00,116.672,3.5645133060139305,0.6423957688684093
1,T0307,2018-08-06,2018-08-06 16:00:00,2018-08-06 18:00:00,112.586,3.458801760507104,0.6347743642120501
2,T0307,2018-08-07,2018-08-07 16:00:00,2018-08-07 18:00:00,107.978,3.295798832853354,0.2319437330750615
3,T0307,2019-06-28,2019-06-28 15:00:00,2019-06-28 17:00:00,101.228,2.7139629743088105,0.3975485034957953
4,T0307,2019-08-27,2019-08-27 17:00:00,2019-08-27 18:00:00,106.088,3.132704457019568,0.5347692615103711
5,T0307,2020-07-20,2020-07-20 17:00:00,2020-07-20 18:00:00,110.39,3.1425976229239403,0.7582459038959158
6,T0307,2020-07-30,2020-07-30 19:00:00,2020-07-30 20:00:00,115.682,3.3541873387308723,-0.0194001283341371
7,T0307,2020-08-13,2020-08-13 18:00:00,2020-08-13 19:00:00,112.874,3.294105444037572,0.8343184712841846
8,T0307,2020-08-14,2020-08-14 17:00:00,2020-08-14 21:00:00,117.122,3.4830813225600505,0.599905560212578
9,T0307,2020-08-17,2020-08-17 16:00:00,2020-08-17 21:00:00,111.236,3.26831412791206,0.6152628947977925
10,T0307,2020-08-18,2020-08-18 16:00:00,2020-08-18 21:00:00,110.732,3.2236142225618263,0.6798123264857452
11,T0307,2020-08-19,2020-08-19 17:00:00,2020-08-19 20:00:00,110.282,3.1916857187402288,0.6371745930230579
12,T0307,2020-08-21,2020-08-21 18:00:00,2020-08-21 19:00:00,101.48,2.840482174920692,0.6944555193074455
13,T0307,2020-08-25,2020-08-25 18:00:00,2020-08-25 19:00:00,113.81,3.3481175258066287,0.7104099853767984
14,T0307,2020-08-26,2020-08-26 18:00:00,2020-08-26 19:00:00,114.476,3.378425082394568,0.6517170413455771
15,T0307,2020-08-27,2020-08-27 18:00:00,2020-08-27 19:00:00,112.64,3.294055397838953,0.8529244630565114
16,T0307,2020-09-05,2020-09-05 17:00:00,2020-09-05 19:00:00,119.192,3.5820440154095654,0.164464088861069
17,T0307,2020-09-06,2020-09-06 16:30:00,2020-09-06 18:30:00,117.158,3.484602536705776,0.1462538376396394
18,T0307,2020-09-07,2020-09-07 16:30:00,2020-09-07 18:30:00,108.482,3.0958580210384543,0.2209967700132213
19,T0307,2020-09-30,2020-09-30 18:00:00,2020-09-30 19:00:00,108.608,3.024701034393542,-0.0639280222974079
20,T0307,2020-10-15,2020-10-15 17:00:00,2020-10-15 19:00:00,106.16,2.847643904131684,0.2721629256339796
21,T0307,2020-10-16,2020-10-16 17:00:00,2020-10-16 19:00:00,101.804,2.596574496618721,0.1481416608456804
22,T0307,2021-05-28,2021-05-28 18:00:00,2021-05-28 19:00:00,99.068,2.2074416187660404,-0.1525266924824052
23,T0307,2021-06-15,2021-06-15 18:00:00,2021-06-15 20:00:00,117.446,2.8333113512800256,-0.2008900488283035
24,T0307,2021-06-17,2021-06-17 18:00:00,2021-06-17 20:00:00,119.084,2.883191953483907,-0.2204285128304766
25,T0307,2021-07-12,2021-07-12 18:00:00,2021-07-12 20:00:00,105.818,2.572735187218935,-0.2060456310697331
26,T0307,2021-07-13,2021-07-13 19:00:00,2021-07-13 20:00:00,105.08,2.558680722944298,-0.2416404713793712
27,T0307,2021-07-22,2021-07-22 18:00:00,2021-07-22 21:00:00,105.188,2.5511480053579647,-0.2248220092123203
28,T0307,2021-07-28,2021-07-28 18:00:00,2021-07-28 19:00:00,107.204,2.61383201848482,-0.2258894759668761
29,T0307,2021-07-29,2021-07-29 18:00:00,2021-07-29 20:00:00,112.082,2.7715073597796227,-0.1683711917704285
30,T0307,2021-07-30,2021-07-30 18:00:00,2021-07-30 19:00:00,103.37,2.483080492179079,-0.2216174287393195
31,T0307,2021-08-11,2021-08-11 17:00:00,2021-08-11 20:00:00,95.774,2.3869376340609207,-0.1905407652759744
32,T0307,2021-08-26,2021-08-26 17:00:00,2021-08-26 20:00:00,113.27,2.8861517475539893,0.0397484927168418
33,T0307,2021-09-09,2021-09-09 17:00:00,2021-09-09 20:00:00,108.734,2.7423379101405776,-0.177852998007006
34,T0307,2021-09-22,2021-09-22 17:00:00,2021-09-22 20:00:00,106.934,2.7120455426552064,0.1182204428024481
35,T0307,2021-09-30,2021-09-30 17:00:00,2021-09-30 20:00:00,93.758,2.4789089032286307,0.4007782869458237
0,T0332,2018-07-23,2018-07-23 18:00:00,2018-07-23 19:00:00,91.364,2.740961657463783,0.1905595774017717
3,T0332,2018-08-07,2018-08-07 18:00:00,2018-08-07 19:00:00,84.18199999999999,2.5085579537089657,0.402800389532935
4,T0332,2018-08-08,2018-08-08 18:00:00,2018-08-08 19:00:00,87.99799999999999,2.63524340544826,0.4352646060734977
5,T0332,2018-08-09,2018-08-09 18:00:00,2018-08-09 19:00:00,97.142,2.9834986389812213,0.539487168762305
6,T0332,2018-10-22,2018-10-22 18:00:00,2018-10-22 19:00:00,71.456,1.946355312342128,0.2427128312126296
7,T0332,2019-07-24,2019-07-24 18:00:00,2019-07-24 19:00:00,95.882,3.006302421735044,0.5234962808335277
8,T0332,2019-09-24,2019-09-24 18:00:00,2019-09-24 19:00:00,93.452,2.6388231626785674,0.4022637371803285
9,T0332,2019-10-22,2019-10-22 17:00:00,2019-10-22 19:00:00,83.588,2.148294659074447,0.4900537810875027
10,T0332,2020-07-20,2020-07-20 17:00:00,2020-07-20 18:00:00,79.16,1.995750797664381,0.3179727480122217
11,T0332,2020-07-30,2020-07-30 19:00:00,2020-07-30 20:00:00,87.89,2.297153395517676,0.4244778511100419
12,T0332,2020-08-14,2020-08-14 17:00:00,2020-08-14 21:00:00,105.386,2.8553806957255143,0.5830357000418469
13,T0332,2020-08-17,2020-08-17 17:00:00,2020-08-17 20:00:00,100.454,2.7199809458839628,0.3571711366068165
14,T0332,2020-08-18,2020-08-18 17:00:00,2020-08-18 19:00:00,104.018,2.8194507976141856,0.6212128481281154
15,T0332,2020-08-19,2020-08-19 18:00:00,2020-08-19 20:00:00,102.992,2.788264855987028,0.5120612613832589
16,T0332,2020-09-05,2020-09-05 17:00:00,2020-09-05 19:00:00,101.39,2.6597259129866435,0.7220737468507208
17,T0332,2020-09-06,2020-09-06 16:30:00,2020-09-06 18:30:00,109.472,2.8671875391064394,0.9412042346400252
18,T0332,2020-09-07,2020-09-07 16:30:00,2020-09-07 18:30:00,109.976,2.8991811350925967,0.8333229275288714
19,T0332,2020-09-30,2020-09-30 18:00:00,2020-09-30 19:00:00,98.024,2.5316010524773658,0.6007583175295991
20,T0332,2020-10-01,2020-10-01 17:00:00,2020-10-01 19:00:00,96.368,2.4870819104779147,0.7326451076701477
21,T0332,2020-10-15,2020-10-15 17:00:00,2020-10-15 19:00:00,90.428,2.276589321029747,0.492299950881407
22,T0332,2020-10-16,2020-10-16 17:00:00,2020-10-16 19:00:00,92.984,2.343476808304792,0.4907700923845238
23,T0332,2021-06-16,2021-06-16 18:00:00,2021-06-16 20:00:00,97.322,2.2044255504748698,0.4412957985618501
24,T0332,2021-06-17,2021-06-17 18:00:00,2021-06-17 20:00:00,105.782,2.402043305111494,0.3840103886311779
25,T0332,2021-07-12,2021-07-12 18:00:00,2021-07-12 20:00:00,84.992,1.91288631216316,0.3069987865338389
26,T0332,2021-07-13,2021-07-13 19:00:00,2021-07-13 20:00:00,77.9,1.7571252578292778,0.2742367049782291
27,T0332,2021-07-22,2021-07-22 18:00:00,2021-07-22 21:00:00,88.77199999999999,2.030327423952143,0.3417675970711734
28,T0332,2021-07-29,2021-07-29 18:00:00,2021-07-29 20:00:00,94.838,2.221075709130471,0.3960686618064813
29,T0332,2021-07-30,2021-07-30 18:00:00,2021-07-30 20:00:00,95.0,2.238745029883184,0.3256118985881331
30,T0332,2021-08-11,2021-08-11 17:00:00,2021-08-11 20:00:00,93.182,2.1949850484295785,0.3994998571868083
31,T0332,2021-08-26,2021-08-26 17:00:00,2021-08-26 20:00:00,93.002,2.2190879273875046,0.5274673539393665
32,T0332,2021-09-09,2021-09-09 17:00:00,2021-09-09 20:00:00,92.192,2.1660677315208363,0.3665911151979491
33,T0332,2021-09-23,2021-09-23 17:00:00,2021-09-23 20:00:00,96.368,2.26348771016504,0.5091825179248993
34,T0332,2021-09-30,2021-09-30 17:00:00,2021-09-30 20:00:00,87.278,2.035186611219327,0.5045104519299116
35,T0332,2021-10-15,2021-10-15 17:00:00,2021-10-15 20:00:00,78.872,1.8227604351722977,0.3072559237052185
36,T0332,2021-10-29,2021-10-29 17:00:00,2021-10-29 20:00:00,74.912,1.7407813254020674,0.242567297679068
0,T0336,2018-07-24,2018-07-24 14:00:00,2018-07-24 18:00:00,89.852,2.840378946760419,0.295148363598766
1,T0336,2018-08-06,2018-08-06 16:00:00,2018-08-06 18:00:00,91.382,2.917540518403672,0.4112500376028021
2,T0336,2018-08-07,2018-08-07 16:00:00,2018-08-07 18:00:00,93.29,2.9507530967698643,0.4201496077081912
3,T0336,2019-06-28,2019-06-28 15:00:00,2019-06-28 17:00:00,78.02600000000001,2.406752622694484,0.1705760500720087
4,T0336,2019-08-27,2019-08-27 17:00:00,2019-08-27 18:00:00,84.70400000000001,2.6573967141972514,0.1583920091530212
5,T0336,2020-07-20,2020-07-20 17:00:00,2020-07-20 18:00:00,74.606,2.2587797364723428,0.1310109418812672
6,T0336,2020-09-05,2020-09-05 17:00:00,2020-09-05 19:00:00,103.478,3.222877362572175,0.3443117356256844
7,T0336,2020-09-06,2020-09-06 16:30:00,2020-09-06 18:30:00,105.116,3.308707672916975,0.6765197949943321
8,T0336,2020-09-07,2020-09-07 16:30:00,2020-09-07 18:30:00,79.46600000000001,2.5007229258425148,0.2767744230000071
9,T0336,2020-08-14,2020-08-14 17:00:00,2020-08-14 19:00:00,91.256,2.770734449902493,0.3519854515504759
10,T0336,2020-08-15,2020-08-15 19:00:00,2020-08-15 20:00:00,88.88,2.7090935748140543,0.2189476325264604
11,T0336,2020-08-17,2020-08-17 17:00:00,2020-08-17 20:00:00,86.53999999999999,2.6593753557487383,0.339553081350548
12,T0336,2020-08-18,2020-08-18 16:00:00,2020-08-18 21:00:00,97.484,2.987447917247017,0.1479931523115956
13,T0336,2020-08-19,2020-08-19 18:00:00,2020-08-19 20:00:00,88.59200000000001,2.7280841614915894,-0.2234275954165754
14,T0336,2020-08-20,2020-08-20 08:30:00,2020-08-20 10:30:00,88.358,2.7135641506124664,-0.2225749387281355
15,T0336,2021-05-12,2021-05-12 16:00:00,2021-05-12 17:00:00,70.178,2.0495410671736907,0.0812771415161458
16,T0336,2021-06-09,2021-06-09 16:00:00,2021-06-09 17:00:00,71.798,2.1541775503983263,0.260188622992814
18,T0336,2021-07-20,2021-07-20 11:30:00,2021-07-20 12:00:00,84.596,2.7604613323765945,-0.0099154052494206
19,T0336,2021-08-02,2021-08-02 15:00:00,2021-08-02 15:30:00,88.376,2.967623764158091,0.3593291540674349
20,T0336,2021-08-03,2021-08-03 14:00:00,2021-08-03 14:30:00,83.138,2.768394787133846,0.4013665862157655
21,T0336,2021-08-05,2021-08-05 15:00:00,2021-08-05 16:00:00,79.754,2.64521321752394,0.4012010574286282
23,T0336,2021-08-31,2021-08-31 16:00:00,2021-08-31 18:00:00,73.724,2.455586776853016,-0.114525512135367
25,T0336,2021-09-08,2021-09-08 16:00:00,2021-09-08 17:00:00,81.446,2.687123557773614,0.0566611976648809
26,T0336,2021-09-13,2021-09-13 16:00:00,2021-09-13 16:30:00,81.93199999999999,2.7061837638362456,0.1162388596382812
27,T0336,2021-10-13,2021-10-13 16:00:00,2021-10-13 17:00:00,73.47200000000001,2.341232741464951,0.521071894393675
0,T0656,2018-05-31,2018-05-31 11:00:00,2018-05-31 12:00:00,85.658,2.5667789256917897,-0.3431338227942454
2,T0656,2018-08-30,2018-08-30 16:00:00,2018-08-30 17:00:00,87.69200000000001,2.898269738007407,0.0966505394095242
4,T0656,2019-05-17,2019-05-17 12:00:00,2019-05-17 13:00:00,87.638,2.6499005112377287,0.1446139414937753
5,T0656,2020-05-13,2020-05-13 16:00:00,2020-05-13 17:00:00,86.702,2.399920895311696,0.3334401843478101
0,T0666,2018-06-18,2018-06-18 15:00:00,2018-06-18 18:00:00,92.84,2.809711861329282,-0.0230036304966927
1,T0666,2018-06-19,2018-06-19 15:00:00,2018-06-19 18:00:00,84.362,2.6533567517713643,0.1658294551979444
2,T0666,2018-06-26,2018-06-26 14:00:00,2018-06-26 15:00:00,81.428,2.622436017946573,0.2632138511509275
3,T0666,2018-06-29,2018-06-29 16:00:00,2018-06-29 18:00:00,87.89,2.7293119666983854,0.1523861677932621
4,T0666,2018-07-02,2018-07-02 16:00:00,2018-07-02 18:00:00,89.798,2.773894380761833,0.2318095814483514
5,T0666,2018-07-03,2018-07-03 16:00:00,2018-07-03 18:00:00,90.59,2.775874028815626,0.1190783255949186
6,T0666,2018-07-05,2018-07-05 15:00:00,2018-07-05 17:00:00,91.4,2.812551979888931,0.0128623223555742
7,T0666,2018-07-16,2018-07-16 16:00:00,2018-07-16 18:00:00,86.918,2.765552377944412,0.1526818656228731
8,T0666,2018-08-06,2018-08-06 14:00:00,2018-08-06 18:00:00,89.456,2.8876471896315885,0.2249123136598179
9,T0666,2018-08-27,2018-08-27 16:00:00,2018-08-27 18:00:00,89.762,2.967740501062144,0.2743144588970139
10,T0666,2018-08-28,2018-08-28 15:00:00,2018-08-28 18:00:00,89.99600000000001,2.9723806737143907,0.3382530752912188
11,T0666,2018-08-29,2018-08-29 15:00:00,2018-08-29 17:00:00,89.726,2.9601147891487902,0.2841220746719232
12,T0666,2019-06-26,2019-06-26 16:00:00,2019-06-26 18:00:00,88.196,2.6830513231615503,0.1396170076306422
13,T0666,2019-06-27,2019-06-27 16:00:00,2019-06-27 18:00:00,87.962,2.6438942201396456,0.0567536025791007
14,T0666,2019-06-28,2019-06-28 15:00:00,2019-06-28 17:00:00,90.23,2.7345841914108138,0.0604035748993664
15,T0666,2019-07-02,2019-07-02 16:00:00,2019-07-02 18:00:00,91.418,2.8138569480973983,0.044775945226042
16,T0666,2019-07-03,2019-07-03 16:00:00,2019-07-03 18:00:00,85.352,2.662044951708668,-0.023835623490372
17,T0666,2019-07-10,2019-07-10 16:00:00,2019-07-10 18:00:00,89.87,2.875610253164546,0.3555791091627467
18,T0666,2019-07-15,2019-07-15 16:00:00,2019-07-15 18:00:00,91.436,2.962930025122455,0.2229390900452204
19,T0666,2019-07-16,2019-07-16 16:00:00,2019-07-16 18:00:00,88.43,2.857725538655456,0.2035551147163161
20,T0666,2019-07-17,2019-07-17 16:00:00,2019-07-17 18:00:00,85.082,2.750463364515876,0.0158195680834042
21,T0666,2019-07-18,2019-07-18 16:00:00,2019-07-18 18:00:00,89.618,2.8953158184695944,0.158964153942463
22,T0666,2019-07-19,2019-07-19 16:00:00,2019-07-19 18:00:00,91.418,2.953454145683252,0.0594982784548625
23,T0666,2019-07-29,2019-07-29 16:00:00,2019-07-29 18:00:00,89.312,2.9454545597794204,0.2100841223500898
24,T0666,2019-08-19,2019-08-19 03:00:00,2019-08-19 05:00:00,88.05199999999999,2.944147780827618,0.025561142270408
25,T0666,2019-08-20,2019-08-20 16:00:00,2019-08-20 18:00:00,90.068,3.030460769556941,0.253358341383843
26,T0666,2020-06-18,2020-06-18 16:30:00,2020-06-18 17:00:00,80.258,2.2805283606169486,0.3834655407438018
27,T0666,2020-06-22,2020-06-22 16:00:00,2020-06-22 18:00:00,84.488,2.405602857916653,0.55627545642178
28,T0666,2020-06-23,2020-06-23 16:00:00,2020-06-23 18:00:00,75.938,2.188051338401565,0.5798257942087246
29,T0666,2020-06-25,2020-06-25 14:00:00,2020-06-25 15:00:00,82.03999999999999,2.3613087107951047,0.580390546083527
30,T0666,2020-06-26,2020-06-26 16:00:00,2020-06-26 18:00:00,85.028,2.455663174016102,0.3864414145765669
31,T0666,2020-06-29,2020-06-29 16:00:00,2020-06-29 18:00:00,88.106,2.569558979638604,0.6668822389021376
32,T0666,2020-07-01,2020-07-01 16:00:00,2020-07-01 18:00:00,87.872,2.5805046516979537,0.5414174219973525
33,T0666,2020-07-02,2020-07-02 16:00:00,2020-07-02 18:00:00,88.952,2.614824560120532,0.5023776951741894
34,T0666,2020-07-03,2020-07-03 16:00:00,2020-07-03 18:00:00,91.004,2.678067294592785,0.5039261114832616
35,T0666,2020-07-06,2020-07-06 15:00:00,2020-07-06 17:00:00,93.974,2.7951436797521043,0.5455238171450333
36,T0666,2020-07-07,2020-07-07 15:00:00,2020-07-07 17:00:00,91.616,2.721538976285072,0.4214898875372354
37,T0666,2020-07-08,2020-07-08 16:00:00,2020-07-08 18:00:00,91.778,2.7302482442481124,0.5575773345566998
38,T0666,2020-07-09,2020-07-09 15:00:00,2020-07-09 17:00:00,93.92,2.802901346394745,0.5494337696838414
39,T0666,2020-07-15,2020-07-15 16:00:00,2020-07-15 18:00:00,89.708,2.720036504273856,0.585638388453815
40,T0666,2020-07-20,2020-07-20 15:00:00,2020-07-20 17:00:00,87.584,2.696324729641416,0.5495372344234281
41,T0666,2020-07-21,2020-07-21 16:00:00,2020-07-21 18:00:00,89.384,2.765761801694833,0.5896517030854632
42,T0666,2020-07-22,2020-07-22 16:00:00,2020-07-22 18:00:00,81.662,2.502534458530074,0.5484435290406066
43,T0666,2020-07-27,2020-07-27 15:00:00,2020-07-27 17:00:00,92.084,2.9031664309542897,0.5688117986191321
44,T0666,2020-07-28,2020-07-28 16:00:00,2020-07-28 18:00:00,84.74000000000001,2.635787285936116,0.485921615294376
45,T0666,2020-07-29,2020-07-29 16:00:00,2020-07-29 18:00:00,89.708,2.815063871078289,0.5530878793622771
46,T0666,2020-08-10,2020-08-10 16:00:00,2020-08-10 18:00:00,88.142,2.840621526782209,0.6568151854720333
47,T0666,2020-08-25,2020-08-25 16:00:00,2020-08-25 18:00:00,90.788,3.011263777873708,0.6908634326164977
48,T0666,2020-08-27,2020-08-27 16:00:00,2020-08-27 18:00:00,87.422,2.87671853571214,0.6499292976517199
49,T0666,2021-06-24,2021-06-24 14:00:00,2021-06-24 15:00:00,84.2,2.767763463698294,0.7076978670646421
50,T0666,2021-05-25,2021-05-25 13:00:00,2021-05-25 13:30:00,89.132,2.5145036224121946,0.1662280718973201
51,T0666,2021-05-26,2021-05-26 13:00:00,2021-05-26 13:30:00,80.96000000000001,2.33429196384574,0.0930279066995269
52,T0666,2021-06-28,2021-06-28 16:00:00,2021-06-28 18:00:00,91.256,2.9718483047576294,0.548428879089574
53,T0666,2021-06-29,2021-06-29 16:00:00,2021-06-29 17:30:00,92.3,3.029103518053576,0.5461049526213737
54,T0666,2021-06-30,2021-06-30 15:00:00,2021-06-30 17:00:00,83.49799999999999,2.7591664692770057,0.5974437785207206
55,T0666,2021-07-06,2021-07-06 16:00:00,2021-07-06 18:00:00,90.752,2.9995782400607327,0.60082326181774
56,T0666,2021-07-07,2021-07-07 15:00:00,2021-07-07 17:00:00,90.626,3.017009434535613,0.6196022631844769
57,T0666,2021-07-26,2021-07-26 16:00:00,2021-07-26 18:00:00,89.096,3.06026625703184,0.9152928174738252
58,T0666,2021-07-27,2021-07-27 16:00:00,2021-07-27 18:00:00,88.34,3.0623912156901723,0.8741735031447455
59,T0666,2021-08-10,2021-08-10 16:00:00,2021-08-10 18:00:00,85.73,2.957503068871969,0.8386733519398856
60,T0666,2021-08-11,2021-08-11 16:00:00,2021-08-11 18:00:00,89.168,3.1148271090064963,0.9837834589487012
61,T0666,2021-08-12,2021-08-12 16:00:00,2021-08-12 18:00:00,89.816,3.1363971079803266,1.10249953908737
62,T0666,2021-08-13,2021-08-13 16:00:00,2021-08-13 17:00:00,88.78999999999999,3.100104728754517,1.0328638389926568
63,T0666,2021-08-24,2021-08-24 16:00:00,2021-08-24 18:00:00,91.58,3.221531542339997,0.869461213729205
64,T0666,2021-08-25,2021-08-25 16:00:00,2021-08-25 18:00:00,86.072,2.922646652923604,0.7878532995115821
65,T0666,2021-08-26,2021-08-26 16:00:00,2021-08-26 18:00:00,89.258,3.135647963285737,0.8925415704701747
66,T0666,2021-08-27,2021-08-27 15:00:00,2021-08-27 17:00:00,91.274,3.1908716425106065,1.1387870970619538
0,T0674,2019-10-14,2019-10-14 13:00:00,2019-10-14 16:00:00,73.85,2.2383612359878504,0.5574343531449751
1,T0674,2019-06-20,2019-06-20 14:00:00,2019-06-20 18:00:00,79.268,2.249373640961879,0.0793435788930591
2,T0674,2021-05-25,2021-05-25 11:00:00,2021-05-25 11:30:00,86.18,1.9608403389029925,-0.2024906276428489
3,T0674,2021-06-10,2021-06-10 14:00:00,2021-06-10 17:00:00,84.70400000000001,2.0643137079470844,0.081144738616607
0,T0798,2018-05-31,2018-05-31 11:00:00,2018-05-31 12:00:00,86.036,2.827701131325352,-0.2763603666144051
2,T0798,2018-08-30,2018-08-30 16:00:00,2018-08-30 17:00:00,88.214,3.2437963021859653,0.3587544982050262
4,T0798,2020-05-13,2020-05-13 16:00:00,2020-05-13 17:00:00,86.95400000000001,2.655058193133796,0.3813333630309292
0,T0810,2018-06-18,2018-06-18 14:00:00,2018-06-18 17:00:00,89.564,2.720634225809209,-0.8209779554406427
1,T0810,2018-06-19,2018-06-19 14:00:00,2018-06-19 17:00:00,76.892,2.4791681600782964,-0.3978068789711554
2,T0810,2018-06-26,2018-06-26 13:00:00,2018-06-26 14:00:00,75.884,2.484378551054846,-0.2868374778552788
3,T0810,2018-06-29,2018-06-29 16:00:00,2018-06-29 18:00:00,89.744,2.800285213323225,-0.6970739877542078
4,T0810,2018-07-02,2018-07-02 15:00:00,2018-07-02 17:00:00,82.52600000000001,2.6885313268596103,0.0061814745537986
5,T0810,2018-07-03,2018-07-03 15:00:00,2018-07-03 17:00:00,88.304,2.8057999277316146,-0.261783875500498
6,T0810,2018-07-05,2018-07-05 14:00:00,2018-07-05 16:00:00,87.008,2.7878506520879403,-0.4454589364312762
7,T0810,2018-07-16,2018-07-16 15:00:00,2018-07-16 17:00:00,84.28999999999999,2.8324429040123107,-0.0822472935421165
8,T0810,2018-08-06,2018-08-06 13:00:00,2018-08-06 17:00:00,78.35,2.700647862794604,0.1521961043329203
9,T0810,2018-08-27,2018-08-27 15:00:00,2018-08-27 17:00:00,86.9,3.1862394575319133,0.0012134270605632
10,T0810,2018-08-28,2018-08-28 14:00:00,2018-08-28 17:00:00,84.524,3.065722091478113,0.0291091348007135
11,T0810,2018-08-29,2018-08-29 14:00:00,2018-08-29 16:00:00,72.662,2.5874526005754213,0.2683451482085144
12,T0810,2019-06-26,2019-06-26 15:00:00,2019-06-26 17:00:00,88.718,2.436016864108413,0.4216882610225552
13,T0810,2019-06-27,2019-06-27 13:00:00,2019-06-27 14:00:00,90.03200000000001,2.486879763241716,0.2431709072962334
14,T0810,2019-06-28,2019-06-28 14:00:00,2019-06-28 16:00:00,87.008,2.4156261006473083,0.3476465880384756
15,T0810,2019-07-02,2019-07-02 15:00:00,2019-07-02 17:00:00,90.626,2.5733513973897963,0.4413265202424047
16,T0810,2019-07-03,2019-07-03 15:00:00,2019-07-03 17:00:00,87.08000000000001,2.486402321089526,0.3825501621458634
17,T0810,2019-07-10,2019-07-10 15:00:00,2019-07-10 17:00:00,89.438,2.619875497345951,0.5704237825846393
18,T0810,2019-07-15,2019-07-15 15:00:00,2019-07-15 17:00:00,89.726,2.690304672831478,0.6603041076053173
19,T0810,2019-07-16,2019-07-16 15:00:00,2019-07-16 17:00:00,86.23400000000001,2.574605309790709,0.5617871262146111
20,T0810,2019-07-17,2019-07-17 15:00:00,2019-07-17 17:00:00,90.518,2.7131890160224232,0.6345782773516333
21,T0810,2019-07-18,2019-07-18 15:00:00,2019-07-18 17:00:00,86.18,2.553873216461992,0.4437269125604962
22,T0810,2019-07-19,2019-07-19 15:00:00,2019-07-19 17:00:00,91.85,2.743614790492204,0.5853844309310944
23,T0810,2019-07-29,2019-07-29 15:00:00,2019-07-29 17:00:00,83.678,2.609712687360023,0.650189655402736
24,T0810,2019-08-19,2019-08-19 02:00:00,2019-08-19 04:00:00,84.578,2.7260358110906893,-0.02351720156934
25,T0810,2019-08-20,2019-08-20 15:00:00,2019-08-20 17:00:00,77.648,2.4243830043574395,0.675382496016803
26,T0810,2020-06-18,2020-06-18 16:30:00,2020-06-18 17:00:00,87.332,2.3154419666669,0.399667761429137
27,T0810,2020-06-22,2020-06-22 15:00:00,2020-06-22 17:00:00,77.396,2.117943367877193,0.3904032106619901
28,T0810,2020-06-23,2020-06-23 15:00:00,2020-06-23 17:00:00,74.426,2.047768174142256,0.3592046345118059
29,T0810,2020-06-25,2020-06-25 13:00:00,2020-06-25 14:00:00,82.85,2.2693939976246886,0.4854374141483593
30,T0810,2020-06-26,2020-06-26 15:00:00,2020-06-26 17:00:00,77.23400000000001,2.1253544993773965,0.3305557076676745
31,T0810,2020-06-29,2020-06-29 15:00:00,2020-06-29 17:00:00,87.548,2.363779030939489,0.3698277958416403
32,T0810,2020-07-01,2020-07-01 15:00:00,2020-07-01 17:00:00,87.062,2.433242498129918,0.5216177815320977
33,T0810,2020-07-02,2020-07-02 15:00:00,2020-07-02 17:00:00,87.566,2.4471966455066427,0.5096947876620334
34,T0810,2020-07-03,2020-07-03 15:00:00,2020-07-03 17:00:00,88.05199999999999,2.460652430477056,0.4578897721777874
36,T0810,2020-07-07,2020-07-07 14:00:00,2020-07-07 16:00:00,89.87,2.542399947423884,0.4005219549376737
37,T0810,2020-07-08,2020-07-08 15:00:00,2020-07-08 17:00:00,89.456,2.5296354899721,0.7618601919762434
38,T0810,2020-07-09,2020-07-09 14:00:00,2020-07-09 16:00:00,88.55600000000001,2.5038126800293807,0.3947210988461039
39,T0810,2020-07-15,2020-07-15 15:00:00,2020-07-15 17:00:00,81.5,2.280993152188373,0.4507067299824355
40,T0810,2020-07-20,2020-07-20 14:00:00,2020-07-20 16:00:00,81.71600000000001,2.3762464277473643,0.5209985689169078
41,T0810,2020-07-21,2020-07-21 15:00:00,2020-07-21 17:00:00,79.43,2.280798534347852,0.3909589325290294
42,T0810,2020-07-22,2020-07-22 15:00:00,2020-07-22 17:00:00,82.67,2.4219699694956334,0.4941418108253823
43,T0810,2020-07-27,2020-07-27 14:00:00,2020-07-27 16:00:00,82.79599999999999,2.471326333489842,0.5589542702479869
44,T0810,2020-07-28,2020-07-28 15:00:00,2020-07-28 17:00:00,83.894,2.516500967692405,0.6167424578711179
45,T0810,2020-07-29,2020-07-29 15:00:00,2020-07-29 17:00:00,85.46000000000001,2.54296412515642,0.4306514942638825
46,T0810,2020-08-10,2020-08-10 15:00:00,2020-08-10 17:00:00,85.46000000000001,2.5801292531127005,0.5872598564060333
47,T0810,2020-08-25,2020-08-25 15:00:00,2020-08-25 17:00:00,88.59200000000001,2.825737264062932,0.7195147911614256
48,T0810,2020-08-27,2020-08-27 15:00:00,2020-08-27 17:00:00,89.69,2.867110555575909,0.7310909783020102
49,T0810,2021-06-24,2021-06-24 13:00:00,2021-06-24 14:00:00,77.828,2.254098766550886,0.3072960248523933
50,T0810,2021-05-25,2021-05-25 12:00:00,2021-05-25 12:30:00,81.086,2.019120173347726,0.0281777985180368
51,T0810,2021-05-26,2021-05-26 12:00:00,2021-05-26 12:30:00,78.29599999999999,2.002340637232215,0.1155462886106477
52,T0810,2021-06-28,2021-06-28 15:00:00,2021-06-28 17:00:00,79.53800000000001,2.362837135761094,0.4196077082577006
53,T0810,2021-06-29,2021-06-29 15:00:00,2021-06-29 17:00:00,80.20400000000001,2.3783801290096207,0.3965432716590405
54,T0810,2021-06-30,2021-06-30 14:00:00,2021-06-30 16:00:00,83.66,2.48412006992443,0.4027582489029488
55,T0810,2021-07-06,2021-07-06 15:00:00,2021-07-06 17:00:00,88.718,2.7071530427073025,0.4823602427562766
56,T0810,2021-07-07,2021-07-07 14:00:00,2021-07-07 16:00:00,82.076,2.393317661813723,0.5060079997613691
57,T0810,2021-07-26,2021-07-26 15:00:00,2021-07-26 17:00:00,89.492,2.878320725860886,0.8205286608114936
58,T0810,2021-07-27,2021-07-27 15:00:00,2021-07-27 17:00:00,88.03399999999999,2.814136797213925,0.7446873429392584
59,T0810,2021-07-28,2021-07-28 15:00:00,2021-07-28 17:00:00,88.412,2.7927421543316058,0.5826574279974297
60,T0810,2021-08-10,2021-08-10 15:00:00,2021-08-10 17:00:00,90.77,3.000516714127272,0.9665299770013734
61,T0810,2021-08-11,2021-08-11 15:00:00,2021-08-11 17:00:00,88.142,2.884399990668011,0.8495585042082889
62,T0810,2021-08-12,2021-08-12 15:00:00,2021-08-12 17:00:00,88.05199999999999,2.844883828234231,0.8474267080879997
63,T0810,2021-08-13,2021-08-13 15:00:00,2021-08-13 16:00:00,81.482,2.5846850971318047,0.850105291749921
64,T0810,2021-08-23,2021-08-23 15:30:00,2021-08-23 16:00:00,86.28800000000001,2.8169089806257284,0.8137741234288477
65,T0810,2021-08-24,2021-08-24 15:00:00,2021-08-24 17:00:00,91.652,3.0679470290514246,1.013078420844472
66,T0810,2021-08-25,2021-08-25 15:00:00,2021-08-25 17:00:00,90.266,3.0071693962746773,1.0112371646404372
67,T0810,2021-08-26,2021-08-26 14:00:00,2021-08-26 16:00:00,87.74600000000001,2.8917122209663417,1.0232684628055289
68,T0810,2021-08-27,2021-08-27 14:00:00,2021-08-27 16:00:00,89.22200000000001,2.957774865288892,0.9504021673229216
0,T0812,2018-05-30,2018-05-30 16:00:00,2018-05-30 17:00:00,80.492,2.393624752808482,-0.0707871305791496
1,T0812,2018-05-31,2018-05-31 11:00:00,2018-05-31 12:00:00,85.82,2.374493275886088,-0.0428337485653393
3,T0812,2018-08-30,2018-08-30 16:00:00,2018-08-30 17:00:00,87.332,2.550442103552789,0.0867155440442951
5,T0812,2019-05-17,2019-05-17 12:00:00,2019-05-17 13:00:00,87.89,2.6355827945336645,0.0442690671070905
2,T0824,2018-06-06,2018-06-06 15:00:00,2018-06-06 18:00:00,101.966,3.163287829583585,0.5674772023437668
3,T0824,2018-06-07,2018-06-07 15:00:00,2018-06-07 18:00:00,100.202,3.0993389606860364,0.4535185314366396
4,T0824,2018-06-22,2018-06-22 15:00:00,2018-06-22 18:00:00,93.2,2.948835332312175,0.5993719286325955
5,T0824,2018-06-27,2018-06-27 15:00:00,2018-06-27 18:00:00,96.602,2.956906077817308,0.6541660656257446
6,T0824,2018-06-28,2018-06-28 15:30:00,2018-06-28 17:30:00,96.314,2.930958121251075,0.6145672940295004
7,T0824,2018-07-02,2018-07-02 16:00:00,2018-07-02 18:00:00,98.276,3.028235673605206,0.7047288189491393
8,T0824,2018-07-03,2018-07-03 16:00:00,2018-07-03 18:00:00,98.402,3.032417773324995,0.6968860609272339
9,T0824,2018-07-19,2018-07-19 16:00:00,2018-07-19 18:00:00,101.894,3.151785413578006,0.7281825890600235
11,T0824,2018-07-23,2018-07-23 15:30:00,2018-07-23 17:30:00,105.692,3.287861521973464,0.7609839484794941
12,T0824,2018-08-06,2018-08-06 15:30:00,2018-08-06 17:30:00,97.952,2.9514932723535323,0.4895685280323935
13,T0824,2018-08-07,2018-08-07 15:30:00,2018-08-07 17:30:00,97.844,2.949123303136638,0.729224144426951
14,T0824,2018-08-08,2018-08-08 15:30:00,2018-08-08 17:30:00,99.302,2.993520726466463,0.7679686647228764
15,T0824,2018-08-16,2018-08-16 15:30:00,2018-08-16 17:30:00,101.282,3.0588616608284376,0.6651802286820895
16,T0824,2018-08-17,2018-08-17 15:30:00,2018-08-17 17:30:00,102.704,3.0905295067661163,0.6359033525695712
17,T0824,2018-08-22,2018-08-22 15:30:00,2018-08-22 17:30:00,103.55,3.125629178628311,0.7833133802903983
18,T0824,2018-08-23,2018-08-23 15:30:00,2018-08-23 17:30:00,103.64,3.128747610921354,0.6466737253294385
19,T0824,2018-08-24,2018-08-24 15:30:00,2018-08-24 17:30:00,101.876,3.06076578693301,0.694767681822825
20,T0824,2018-09-18,2018-09-18 15:30:00,2018-09-18 17:30:00,94.91,2.747989843047833,0.6172054211849589
21,T0824,2018-09-19,2018-09-19 15:30:00,2018-09-19 17:30:00,91.166,2.6222787720340603,0.6169428269447188
22,T0824,2019-06-19,2019-06-19 16:00:00,2019-06-19 17:30:00,102.092,2.943627769107114,0.3155304610077173
23,T0824,2019-06-20,2019-06-20 16:00:00,2019-06-20 18:00:00,98.438,2.801677559883228,0.3049836813399064
24,T0824,2019-07-09,2019-07-09 16:00:00,2019-07-09 17:30:00,100.148,2.986182609990516,0.4279130427474423
25,T0824,2019-07-10,2019-07-10 15:00:00,2019-07-10 17:00:00,98.528,2.9196918081483294,0.4292308898491235
26,T0824,2019-07-30,2019-07-30 15:30:00,2019-07-30 17:30:00,99.59,2.9495520261866632,0.5302546700465112
27,T0824,2019-07-31,2019-07-31 16:00:00,2019-07-31 18:00:00,98.672,2.94778678093193,0.5591124325363492
28,T0824,2019-08-01,2019-08-01 15:00:00,2019-08-01 17:00:00,97.88,2.9062448374332623,0.5481250178834537
30,T0824,2019-08-08,2019-08-08 15:00:00,2019-08-08 17:00:00,101.75,3.0685507200673228,0.4165043320263898
31,T0824,2019-08-12,2019-08-12 15:00:00,2019-08-12 17:00:00,105.026,3.1674626259101983,0.6415043579344404
32,T0824,2019-09-05,2019-09-05 15:00:00,2019-09-05 17:00:00,92.498,2.652123161281794,0.4381124404217787
33,T0824,2019-09-06,2019-09-06 15:00:00,2019-09-06 17:00:00,92.84,2.697431164943292,0.5123600809835288
34,T0824,2020-05-04,2020-05-04 17:00:00,2020-05-04 17:30:00,96.656,2.540565512631814,-0.2654478781786268
35,T0824,2020-07-01,2020-07-01 16:00:00,2020-07-01 18:00:00,97.556,2.714794052958108,0.7334696053864351
36,T0824,2020-07-02,2020-07-02 16:00:00,2020-07-02 18:00:00,96.602,2.678784743016734,0.8588040644091577
37,T0824,2020-07-08,2020-07-08 16:00:00,2020-07-08 18:00:00,96.944,2.7163010326464425,0.8530377911962412
38,T0824,2020-07-09,2020-07-09 16:00:00,2020-07-09 18:00:00,98.114,2.758866619671288,0.7602643575324777
39,T0824,2020-07-10,2020-07-10 16:00:00,2020-07-10 17:00:00,98.618,2.788293200561962,0.8871534939921929
40,T0824,2020-07-13,2020-07-13 16:00:00,2020-07-13 18:00:00,102.056,2.9413362241140573,0.9787872438055536
41,T0824,2020-08-06,2020-08-06 16:00:00,2020-08-06 18:00:00,93.632,2.6999080210488,0.37524406584956
42,T0824,2020-08-11,2020-08-11 16:00:00,2020-08-11 18:00:00,95.252,2.7898703201600985,0.3576180137356126
43,T0824,2020-08-12,2020-08-12 15:00:00,2020-08-12 17:00:00,96.044,2.813219936434705,0.3815761828529
44,T0824,2020-08-14,2020-08-14 15:00:00,2020-08-14 17:00:00,96.908,2.8664374331259928,0.3918106077379757
45,T0824,2020-09-01,2020-09-01 15:00:00,2020-09-01 17:00:00,101.03,3.072410241420695,0.4409715625630498
46,T0824,2021-05-20,2021-05-20 13:00:00,2021-05-20 13:30:00,85.19,2.308662767231028,0.2115126503996808
47,T0824,2021-06-09,2021-06-09 16:00:00,2021-06-09 18:00:00,94.154,2.725202005564348,0.0034435659482031
48,T0824,2021-06-10,2021-06-10 14:00:00,2021-06-10 16:00:00,93.83,2.6955857011258653,-0.0507285261034339
49,T0824,2021-06-14,2021-06-14 16:00:00,2021-06-14 18:00:00,94.154,2.719941143513488,0.6127013390556729
50,T0824,2021-06-15,2021-06-15 15:00:00,2021-06-15 17:00:00,94.694,2.7473328860269577,0.6079436923000155
51,T0824,2021-06-24,2021-06-24 14:30:00,2021-06-24 16:30:00,95.666,2.6880259372406825,0.0257165682779985
52,T0824,2021-06-25,2021-06-25 15:30:00,2021-06-25 17:30:00,94.694,2.6986238363362287,0.940277130639602
54,T0824,2021-07-26,2021-07-26 16:00:00,2021-07-26 18:00:00,94.352,2.77144053557288,0.9133093591543688
55,T0824,2021-07-27,2021-07-27 16:00:00,2021-07-27 18:00:00,93.794,2.7466802692486274,0.7997659238620473
56,T0824,2021-07-29,2021-07-29 15:30:00,2021-07-29 17:30:00,92.93,2.732661240934008,0.986153925080907
57,T0824,2021-07-30,2021-07-30 15:00:00,2021-07-30 17:00:00,93.776,2.692768493917417,0.7161143273276166
58,T0824,2021-08-09,2021-08-09 15:30:00,2021-08-09 17:30:00,95.666,2.8967148190238103,0.7409428935346822
59,T0824,2021-08-10,2021-08-10 15:30:00,2021-08-10 17:30:00,95.972,2.9115816062371644,0.9737833496098616
60,T0824,2021-08-11,2021-08-11 15:30:00,2021-08-11 17:00:00,96.422,2.910051617218216,0.9836569510064084
0,T0871,2019-10-14,2019-10-14 13:00:00,2019-10-14 16:00:00,60.836,1.5986333245680584,0.1133530327259203
1,T0871,2021-06-10,2021-06-10 14:00:00,2021-06-10 17:00:00,88.304,2.333267304918862,0.4292154925507211
2,T0875,2018-06-06,2018-06-06 15:00:00,2018-06-06 18:00:00,94.82,3.5564176114558346,0.2187755753100311
3,T0875,2018-06-07,2018-06-07 15:00:00,2018-06-07 18:00:00,92.894,3.487842539715781,0.0884066951585687
4,T0875,2018-06-22,2018-06-22 15:00:00,2018-06-22 18:00:00,101.75,3.868761764180895,0.6705958761882689
5,T0875,2018-06-27,2018-06-27 15:00:00,2018-06-27 18:00:00,100.454,3.788942573944988,0.5089747928748961
6,T0875,2018-06-28,2018-06-28 15:30:00,2018-06-28 17:30:00,99.806,3.766576337597556,0.5430468200780078
7,T0875,2018-07-02,2018-07-02 16:00:00,2018-07-02 18:00:00,101.678,3.833957603648983,0.4160419648988877
8,T0875,2018-07-03,2018-07-03 16:00:00,2018-07-03 18:00:00,102.146,3.896053923499879,0.3591720178554296
9,T0875,2018-07-19,2018-07-19 16:00:00,2018-07-19 18:00:00,107.078,4.177831604917274,0.7195491225655798
11,T0875,2018-07-23,2018-07-23 15:30:00,2018-07-23 17:30:00,102.218,3.963775170849529,0.441850542057266
12,T0875,2018-08-06,2018-08-06 15:30:00,2018-08-06 17:30:00,98.042,3.7625010802594745,0.2052986882884959
13,T0875,2018-08-07,2018-08-07 15:30:00,2018-08-07 17:30:00,99.104,3.790725454544568,0.3623328412366859
14,T0875,2018-08-08,2018-08-08 15:30:00,2018-08-08 17:30:00,92.264,3.533076493122649,0.2273063252114831
15,T0875,2018-08-16,2018-08-16 15:30:00,2018-08-16 17:30:00,97.466,3.675522925131358,0.2892533439928305
16,T0875,2018-08-17,2018-08-17 15:30:00,2018-08-17 17:30:00,99.068,3.705109467439408,0.3609125313448751
17,T0875,2018-08-22,2018-08-22 15:30:00,2018-08-22 17:30:00,93.92,3.5278677763682293,0.3309012379897887
18,T0875,2018-08-23,2018-08-23 15:30:00,2018-08-23 17:30:00,98.258,3.706374221318324,0.4029458290124579
19,T0875,2018-08-24,2018-08-24 15:30:00,2018-08-24 17:30:00,98.492,3.705634324632791,0.3916901244999435
20,T0875,2018-09-18,2018-09-18 15:30:00,2018-09-18 17:30:00,94.1,3.54690512071813,0.6490739112885464
21,T0875,2018-09-19,2018-09-19 15:30:00,2018-09-19 17:30:00,94.082,3.569151300237959,0.6075015479502546
22,T0875,2019-06-19,2019-06-19 16:00:00,2019-06-19 17:30:00,94.37,3.278855206909231,0.0656131825656669
23,T0875,2019-06-20,2019-06-20 16:00:00,2019-06-20 18:00:00,95.504,3.322834225987956,0.0805599084508277
24,T0875,2019-06-28,2019-06-28 14:00:00,2019-06-28 17:00:00,94.046,3.311479207808881,0.1187889585061977
25,T0875,2019-07-09,2019-07-09 16:00:00,2019-07-09 17:30:00,96.638,3.514571785110979,0.0989916238031615
26,T0875,2019-07-10,2019-07-10 15:00:00,2019-07-10 17:00:00,97.502,3.5078015905770927,0.0365997185480893
27,T0875,2019-07-30,2019-07-30 15:30:00,2019-07-30 17:30:00,99.986,3.692703402327019,0.5442962692519202
28,T0875,2019-07-31,2019-07-31 16:00:00,2019-07-31 18:00:00,97.016,3.5742935870313017,0.3498559696961893
29,T0875,2019-08-01,2019-08-01 15:00:00,2019-08-01 17:00:00,95.18,3.440579101731376,0.3483060474632101
31,T0875,2019-08-08,2019-08-08 15:00:00,2019-08-08 17:00:00,95.792,3.5696640823170207,0.4421258831419374
32,T0875,2019-08-12,2019-08-12 15:00:00,2019-08-12 17:00:00,101.624,3.66020280925643,0.3473917854990592
33,T0875,2019-09-05,2019-09-05 15:00:00,2019-09-05 17:00:00,97.142,3.4411479897282704,0.23797449137571
34,T0875,2019-09-06,2019-09-06 15:00:00,2019-09-06 17:00:00,99.14,3.5084218084868386,0.3594492338283821
35,T0875,2020-05-04,2020-05-04 17:00:00,2020-05-04 17:30:00,90.662,2.689312129892075,-0.3314102376738925
36,T0875,2020-06-18,2020-06-18 15:00:00,2020-06-18 18:00:00,92.588,2.938344993089143,0.8379618081979594
37,T0875,2020-07-01,2020-07-01 16:00:00,2020-07-01 18:00:00,94.91,3.1140859746881224,0.9336305804165148
38,T0875,2020-07-02,2020-07-02 16:00:00,2020-07-02 18:00:00,95.594,3.143721941219708,1.1722085747993518
39,T0875,2020-07-08,2020-07-08 16:00:00,2020-07-08 18:00:00,92.516,3.014605077992817,0.4511718810750985
40,T0875,2020-07-09,2020-07-09 16:00:00,2020-07-09 18:00:00,95.09,3.098415462668548,0.4877130792689224
41,T0875,2020-07-10,2020-07-10 16:00:00,2020-07-10 17:00:00,94.028,3.0801295605574808,0.5018784231666644
42,T0875,2020-07-13,2020-07-13 16:00:00,2020-07-13 18:00:00,101.21,3.450405338376929,0.51443957374745
43,T0875,2020-08-06,2020-08-06 16:00:00,2020-08-06 18:00:00,96.044,3.328046528640332,0.9225380019264938
44,T0875,2020-08-11,2020-08-11 16:00:00,2020-08-11 18:00:00,97.916,3.444814874365155,0.87671591940965
45,T0875,2020-08-12,2020-08-12 15:00:00,2020-08-12 17:00:00,100.238,3.5702077365871374,0.8028390019730757
46,T0875,2020-08-14,2020-08-14 15:00:00,2020-08-14 17:00:00,103.748,3.724602552347191,1.000623802758149
47,T0875,2020-09-01,2020-09-01 15:00:00,2020-09-01 17:00:00,91.148,3.098517799177868,0.924598186476399
48,T0875,2021-06-17,2021-06-17 15:00:00,2021-06-17 18:00:00,96.62,2.9685572410893,0.0704397537456431
49,T0875,2021-05-20,2021-05-20 13:00:00,2021-05-20 13:30:00,77.72,2.1560706838642423,0.2512012625396848
50,T0875,2021-06-09,2021-06-09 16:00:00,2021-06-09 18:00:00,90.77,2.705832320172988,0.5782504258034777
51,T0875,2021-06-10,2021-06-10 16:00:00,2021-06-10 18:00:00,91.598,2.733347069736264,0.2402121131089801
52,T0875,2021-06-14,2021-06-14 16:00:00,2021-06-14 18:00:00,94.514,2.874213751093977,0.4037577980776079
53,T0875,2021-06-15,2021-06-15 15:00:00,2021-06-15 17:00:00,94.748,2.896699620106771,0.144557355337129
54,T0875,2021-06-24,2021-06-24 14:30:00,2021-06-24 16:30:00,95.414,2.997419992983652,0.3220805942292093
55,T0875,2021-06-25,2021-06-25 15:30:00,2021-06-25 17:30:00,95.198,2.9900578340334087,0.228751915666924
57,T0875,2021-07-26,2021-07-26 16:00:00,2021-07-26 18:00:00,99.068,3.63633562339338,0.8098567432544489
58,T0875,2021-07-29,2021-07-29 15:30:00,2021-07-29 17:30:00,97.214,3.5080635507027607,0.8123399045813281
59,T0875,2021-07-30,2021-07-30 15:00:00,2021-07-30 17:00:00,96.296,3.4770969666880887,0.997315586010718
60,T0875,2021-08-09,2021-08-09 15:30:00,2021-08-09 17:30:00,96.314,3.435219598160678,0.8776052362183698
61,T0875,2021-08-10,2021-08-10 15:30:00,2021-08-10 17:30:00,96.638,3.4499464617850166,0.9238516220894696
62,T0875,2021-08-11,2021-08-11 15:30:00,2021-08-11 17:00:00,96.818,3.4580224837725564,0.7913232003241863
63,T0875,2021-08-23,2021-08-23 15:30:00,2021-08-23 17:30:00,95.738,3.4038770276995884,0.8450590829285363
64,T0875,2021-08-24,2021-08-24 15:30:00,2021-08-24 17:30:00,96.548,3.4563710618592114,0.8052967532770166
65,T0875,2021-08-25,2021-08-25 15:30:00,2021-08-25 17:30:00,97.034,3.4676853781179213,0.7358489493113128
66,T0875,2021-08-31,2021-08-31 15:30:00,2021-08-31 17:30:00,96.602,3.48873887981033,1.0174270993130452
67,T0875,2021-09-01,2021-09-01 15:00:00,2021-09-01 17:00:00,97.322,3.508341605580928,0.6809434751447753
69,T0875,2021-09-20,2021-09-20 15:30:00,2021-09-20 17:30:00,98.078,3.542162664288079,0.4664912574353587
2,T0876,2018-06-06,2018-06-06 15:00:00,2018-06-06 18:00:00,94.784,2.992134773170961,0.0682747984066882
3,T0876,2018-06-07,2018-06-07 15:00:00,2018-06-07 18:00:00,92.948,2.9324242162259364,0.3513320377952227
4,T0876,2018-06-22,2018-06-22 15:00:00,2018-06-22 18:00:00,100.022,3.2820209375666867,0.4189890653152104
5,T0876,2018-06-27,2018-06-27 15:00:00,2018-06-27 18:00:00,99.266,3.275456318590966,0.4904431208159949
6,T0876,2018-06-28,2018-06-28 15:30:00,2018-06-28 17:30:00,98.978,3.265795456666785,0.5030127285517408
7,T0876,2018-07-02,2018-07-02 16:00:00,2018-07-02 18:00:00,100.778,3.352892734623527,0.6031984647740821
8,T0876,2018-07-03,2018-07-03 16:00:00,2018-07-03 18:00:00,101.84,3.378545421029613,0.5329027072983911
9,T0876,2018-07-19,2018-07-19 16:00:00,2018-07-19 18:00:00,107.024,3.791946879069778,0.774605601317204
11,T0876,2018-07-23,2018-07-23 15:30:00,2018-07-23 17:30:00,101.048,3.515663242748083,0.551027695600999
12,T0876,2018-08-06,2018-08-06 15:30:00,2018-08-06 17:30:00,96.35,3.226720178165011,0.4923295723863887
13,T0876,2018-08-07,2018-08-07 15:30:00,2018-08-07 17:30:00,98.204,3.3462114338470568,0.5367396578983563
14,T0876,2018-08-08,2018-08-08 15:30:00,2018-08-08 17:30:00,91.778,2.957113418243429,0.3048828956694051
15,T0876,2018-08-16,2018-08-16 15:30:00,2018-08-16 17:30:00,96.746,3.298575303272174,0.4335461899414567
16,T0876,2018-08-17,2018-08-17 15:30:00,2018-08-17 17:30:00,97.844,3.320183036312811,0.3455664810750424
17,T0876,2018-08-22,2018-08-22 15:30:00,2018-08-22 17:30:00,92.804,3.1173189559591985,0.5108706942361766
18,T0876,2018-08-23,2018-08-23 15:30:00,2018-08-23 17:30:00,97.682,3.3662506276922017,0.4821714422865018
19,T0876,2018-08-24,2018-08-24 15:30:00,2018-08-24 17:30:00,98.294,3.371072548694294,0.5187896518543198
20,T0876,2018-09-18,2018-09-18 15:30:00,2018-09-18 17:30:00,93.524,3.196104714363825,0.5846822868257037
21,T0876,2018-09-19,2018-09-19 15:30:00,2018-09-19 17:30:00,93.11,3.2053802163275447,0.5407847670479451
22,T0876,2019-06-19,2019-06-19 16:00:00,2019-06-19 17:30:00,95.972,2.9574563197823487,0.2317833278224549
23,T0876,2019-06-20,2019-06-20 16:00:00,2019-06-20 18:00:00,95.27,2.93157429637758,0.1334326065066605
24,T0876,2019-06-28,2019-06-28 14:00:00,2019-06-28 17:00:00,92.768,2.912704050879218,0.2482914838690816
25,T0876,2019-07-09,2019-07-09 16:00:00,2019-07-09 17:30:00,95.216,3.0990254618852964,0.2299661424634277
26,T0876,2019-07-10,2019-07-10 15:00:00,2019-07-10 17:00:00,96.782,3.1593946785850187,0.1933614617237336
27,T0876,2019-07-30,2019-07-30 15:30:00,2019-07-30 17:30:00,98.798,3.3381882246491346,0.5585911997410336
28,T0876,2019-07-31,2019-07-31 16:00:00,2019-07-31 18:00:00,96.602,3.265332981092804,0.4703769043870627
29,T0876,2019-08-01,2019-08-01 15:00:00,2019-08-01 17:00:00,94.298,3.160372903225932,0.4117699677244139
31,T0876,2019-08-08,2019-08-08 15:00:00,2019-08-08 17:00:00,96.35,3.257529640912148,0.3966147335775953
32,T0876,2019-08-12,2019-08-12 15:00:00,2019-08-12 17:00:00,100.418,3.4532247176136632,0.4890771886662621
33,T0876,2019-09-05,2019-09-05 15:00:00,2019-09-05 17:00:00,96.386,3.362492682269761,0.7924766016314353
34,T0876,2019-09-06,2019-09-06 15:00:00,2019-09-06 17:00:00,98.51,3.450875471001273,0.8779814091462539
35,T0876,2020-05-04,2020-05-04 17:00:00,2020-05-04 17:30:00,90.932,2.311543518060506,-0.3703464696799284
36,T0876,2020-06-18,2020-06-18 15:00:00,2020-06-18 18:00:00,92.246,2.625600862848979,0.4587448321376549
37,T0876,2020-07-01,2020-07-01 16:00:00,2020-07-01 18:00:00,95.252,2.793752049160077,0.4299469037022148
38,T0876,2020-07-02,2020-07-02 16:00:00,2020-07-02 18:00:00,94.964,2.7724552231685515,0.4948198367726681
39,T0876,2020-07-08,2020-07-08 16:00:00,2020-07-08 18:00:00,92.966,2.735329071148355,0.3601223982593466
40,T0876,2020-07-09,2020-07-09 16:00:00,2020-07-09 18:00:00,95.288,2.8215631619978456,0.4055269428540165
41,T0876,2020-07-10,2020-07-10 16:00:00,2020-07-10 17:00:00,94.568,2.7989086834070256,0.3893817375652995
42,T0876,2020-07-13,2020-07-13 16:00:00,2020-07-13 18:00:00,101.192,3.063538225205865,0.5537084346606851
43,T0876,2020-08-06,2020-08-06 16:00:00,2020-08-06 18:00:00,96.098,3.0417834297714004,0.6978161322993203
44,T0876,2020-08-11,2020-08-11 16:00:00,2020-08-11 18:00:00,97.916,3.125992182904251,0.6405031216995166
45,T0876,2020-08-12,2020-08-12 15:00:00,2020-08-12 17:00:00,100.364,3.2418970825843303,0.6917428710718624
46,T0876,2020-08-14,2020-08-14 15:00:00,2020-08-14 17:00:00,103.424,3.3816812312215494,0.7371642721952564
47,T0876,2020-09-01,2020-09-01 15:00:00,2020-09-01 17:00:00,89.852,2.8264059816169307,0.440579269161038
48,T0876,2021-06-17,2021-06-17 15:00:00,2021-06-17 18:00:00,96.44,2.907166118790699,0.3800323898685807
49,T0876,2021-05-20,2021-05-20 13:00:00,2021-05-20 13:30:00,78.02600000000001,2.089360518931941,-0.0255642689001268
50,T0876,2021-06-09,2021-06-09 16:00:00,2021-06-09 18:00:00,90.392,2.5960894140196524,0.2627848527124815
51,T0876,2021-06-10,2021-06-10 16:00:00,2021-06-10 18:00:00,91.382,2.635368819465336,0.2931206371809916
52,T0876,2021-06-14,2021-06-14 16:00:00,2021-06-14 18:00:00,94.082,2.801636128087256,0.2612654541817329
53,T0876,2021-06-15,2021-06-15 15:00:00,2021-06-15 17:00:00,93.956,2.788773023934504,0.3847904453923797
54,T0876,2021-06-24,2021-06-24 14:30:00,2021-06-24 16:30:00,94.694,2.877568029372315,0.46141271570935
55,T0876,2021-06-25,2021-06-25 15:30:00,2021-06-25 17:30:00,94.766,2.8867003337250363,0.4236842123142787
57,T0876,2021-07-26,2021-07-26 16:00:00,2021-07-26 18:00:00,99.428,3.2110371016349304,0.5526452364611821
58,T0876,2021-07-27,2021-07-27 16:00:00,2021-07-27 18:00:00,98.294,3.1484308189042864,0.4405599542611482
59,T0876,2021-07-29,2021-07-29 15:30:00,2021-07-29 17:30:00,96.458,3.1028017857341608,0.6671897954515491
60,T0876,2021-07-30,2021-07-30 15:00:00,2021-07-30 17:00:00,96.638,3.1075980957680214,0.610290751930535
61,T0876,2021-08-09,2021-08-09 15:30:00,2021-08-09 17:30:00,96.44,3.120996799639671,0.6669693016138504
62,T0876,2021-08-10,2021-08-10 15:30:00,2021-08-10 17:30:00,96.098,3.099219399234992,0.6645322051484978
63,T0876,2021-08-11,2021-08-11 15:30:00,2021-08-11 17:00:00,96.314,3.111023971416967,0.6752532729394368
0,T0884,2021-06-17,2021-06-17 18:00:00,2021-06-17 21:00:00,97.124,2.0299713255599223,-0.1601656840160589
1,T0884,2021-07-09,2021-07-09 16:00:00,2021-07-09 21:00:00,96.08,2.1767890699583203,0.0076401333432979
2,T0884,2021-07-10,2021-07-10 16:00:00,2021-07-10 21:00:00,98.456,2.2478641388942338,0.0168573211168565
3,T0884,2021-08-26,2021-08-26 16:00:00,2021-08-26 21:00:00,90.77,2.0601251867232766,0.4175980292725134
4,T0884,2021-09-08,2021-09-08 16:00:00,2021-09-08 21:00:00,88.68199999999999,2.014018263638501,0.3824880893697462
5,T0884,2021-09-09,2021-09-09 17:00:00,2021-09-09 20:00:00,89.438,2.0344241397614025,0.4913495629582731
0,T0895,2018-06-18,2018-06-18 14:00:00,2018-06-18 17:00:00,93.938,2.5481688758446497,-0.0313555224805056
1,T0895,2018-06-19,2018-06-19 14:00:00,2018-06-19 17:00:00,87.242,2.309763733383876,0.003331599416355
2,T0895,2018-06-29,2018-06-29 16:00:00,2018-06-29 18:00:00,91.202,2.566794616130235,-0.3361055118172447
3,T0895,2018-07-02,2018-07-02 15:00:00,2018-07-02 17:00:00,83.53399999999999,2.456287710583597,0.1723838825218168
4,T0895,2018-07-03,2018-07-03 15:00:00,2018-07-03 17:00:00,89.99600000000001,2.5588087443034504,-0.014147452784378
5,T0895,2018-07-05,2018-07-05 14:00:00,2018-07-05 16:00:00,88.412,2.4136065555557,-0.0543023920417235
6,T0895,2018-07-16,2018-07-16 15:00:00,2018-07-16 17:00:00,85.60400000000001,2.5173067228628394,0.028073147047517
7,T0895,2018-08-06,2018-08-06 13:00:00,2018-08-06 17:00:00,86.846,2.570240711629233,0.0533314327977307
8,T0895,2018-08-22,2018-08-22 14:00:00,2018-08-22 16:00:00,76.73,2.3759365882170744,0.3595213651837368
9,T0895,2018-08-27,2018-08-27 15:00:00,2018-08-27 17:00:00,90.986,2.831403670492296,0.520248322140935
10,T0895,2018-08-28,2018-08-28 14:00:00,2018-08-28 17:00:00,91.328,2.833728075913352,0.3160173075868864
11,T0895,2018-08-29,2018-08-29 14:00:00,2018-08-29 16:00:00,74.102,2.264896188164249,0.0759727104156702
12,T0895,2019-06-26,2019-06-26 15:00:00,2019-06-26 17:00:00,88.34,2.290544935078091,-0.1605819856850225
13,T0895,2019-06-27,2019-06-27 15:00:00,2019-06-27 17:00:00,89.132,2.28716140081499,-0.2290459181931674
14,T0895,2019-06-28,2019-06-28 14:00:00,2019-06-28 16:00:00,89.6,2.285171086542577,-0.0939783252454244
15,T0895,2019-07-02,2019-07-02 15:00:00,2019-07-02 17:00:00,89.798,2.362099241758992,-0.1203831664804114
16,T0895,2019-07-03,2019-07-03 15:00:00,2019-07-03 17:00:00,87.72800000000001,2.334504376163644,-0.1202973196055326
17,T0895,2019-07-10,2019-07-10 15:00:00,2019-07-10 17:00:00,92.606,2.5195078352952183,-0.0481496107992919
18,T0895,2019-07-15,2019-07-15 15:00:00,2019-07-15 17:00:00,87.98,2.4656342824435584,-0.051212937036379
19,T0895,2019-07-16,2019-07-16 15:00:00,2019-07-16 17:00:00,80.6,2.3843812144744656,0.081735329698857
20,T0895,2019-07-17,2019-07-17 15:00:00,2019-07-17 17:00:00,89.906,2.495680543063639,-0.1494511667154446
21,T0895,2019-07-18,2019-07-18 15:00:00,2019-07-18 17:00:00,89.906,2.5787914811037203,-0.0395391343308954
22,T0895,2019-07-19,2019-07-19 15:00:00,2019-07-19 17:00:00,93.596,2.5910485206810465,0.023126285914234
23,T0895,2019-07-29,2019-07-29 15:00:00,2019-07-29 17:00:00,80.54599999999999,2.3230071333398,-0.0166514476733528
24,T0895,2019-08-13,2019-08-13 14:00:00,2019-08-13 16:00:00,82.49000000000001,2.5242637162208736,0.0399814911285067
25,T0895,2019-08-19,2019-08-19 02:00:00,2019-08-19 04:00:00,86.162,2.5705284114970346,0.1225860657477399
26,T0895,2019-08-20,2019-08-20 15:00:00,2019-08-20 17:00:00,77.396,2.390400378245997,0.0819583205097464
27,T0895,2020-06-18,2020-06-18 16:30:00,2020-06-18 17:00:00,87.368,2.2207882062457323,0.2282463535605299
28,T0895,2020-06-22,2020-06-22 15:00:00,2020-06-22 17:00:00,84.758,2.1936325031732147,0.2106353381928319
29,T0895,2020-06-23,2020-06-23 15:00:00,2020-06-23 17:00:00,77.09,2.0440465207229006,0.3596902801093037
30,T0895,2020-06-26,2020-06-26 15:00:00,2020-06-26 17:00:00,88.628,2.28486243639142,0.0950632358278389
31,T0895,2020-06-29,2020-06-29 15:00:00,2020-06-29 17:00:00,88.394,2.322830538102897,-0.1156582121064057
32,T0895,2020-07-01,2020-07-01 15:00:00,2020-07-01 17:00:00,86.792,2.3215546252407764,0.0042220220656277
33,T0895,2020-07-02,2020-07-02 15:00:00,2020-07-02 17:00:00,88.232,2.3550360131436143,0.2085351548686336
34,T0895,2020-07-03,2020-07-03 15:00:00,2020-07-03 17:00:00,87.99799999999999,2.34829951767968,0.2472940457945661
36,T0895,2020-07-07,2020-07-07 14:00:00,2020-07-07 16:00:00,90.302,2.425731973243168,-0.0865685762993729
37,T0895,2020-07-08,2020-07-08 15:00:00,2020-07-08 17:00:00,89.69,2.4118335153023187,0.2352152183995587
38,T0895,2020-07-09,2020-07-09 14:00:00,2020-07-09 16:00:00,89.168,2.401254092093613,0.0774377548551783
39,T0895,2020-07-15,2020-07-15 15:00:00,2020-07-15 17:00:00,84.596,2.301799269443876,0.1132655969387288
40,T0895,2020-07-20,2020-07-20 14:00:00,2020-07-20 16:00:00,83.93,2.326109890822419,0.0671702372176994
41,T0895,2020-07-21,2020-07-21 15:00:00,2020-07-21 17:00:00,81.626,2.2681987092166005,0.1701921816111568
42,T0895,2020-07-22,2020-07-22 15:00:00,2020-07-22 17:00:00,82.778,2.298677999777064,-0.0550548292673136
43,T0895,2020-07-27,2020-07-27 14:00:00,2020-07-27 16:00:00,81.86,2.31147606892672,-0.0132923758213439
44,T0895,2020-07-28,2020-07-28 15:00:00,2020-07-28 17:00:00,84.398,2.382647061143423,0.1561083320226033
45,T0895,2020-07-29,2020-07-29 15:00:00,2020-07-29 17:00:00,87.476,2.4641897054922084,-0.0141368706460439
46,T0895,2020-08-10,2020-08-10 15:00:00,2020-08-10 17:00:00,88.97,2.5598637049210256,0.2588916936501823
47,T0895,2020-08-25,2020-08-25 15:00:00,2020-08-25 17:00:00,89.708,2.627133833872852,0.3488436094641688
48,T0895,2020-08-27,2020-08-27 15:00:00,2020-08-27 17:00:00,89.618,2.632340065644892,0.1494232512943577
49,T0895,2021-08-18,2021-08-18 14:00:00,2021-08-18 16:00:00,84.938,2.527372453637456,0.3079227002684303
50,T0895,2020-05-13,2020-05-13 15:00:00,2020-05-13 16:00:00,64.004,1.5816804083550884,0.086365329656046
52,T0895,2021-05-25,2021-05-25 12:00:00,2021-05-25 12:30:00,85.388,2.035931572806023,0.265031214736144
53,T0895,2021-05-26,2021-05-26 12:00:00,2021-05-26 12:30:00,82.67,1.991811283543322,-0.1591049120989555
54,T0895,2021-06-28,2021-06-28 15:00:00,2021-06-28 17:00:00,84.254,2.3074003616248646,0.0368249149670267
55,T0895,2021-06-29,2021-06-29 15:00:00,2021-06-29 17:00:00,85.74799999999999,2.3456654511400776,0.0843240790517049
56,T0895,2021-06-30,2021-06-30 14:00:00,2021-06-30 16:00:00,79.124,2.1569908983195827,0.1532970187498371
57,T0895,2021-07-06,2021-07-06 15:00:00,2021-07-06 17:00:00,87.25999999999999,2.4041329142007544,0.0497892297634103
58,T0895,2021-07-07,2021-07-07 14:00:00,2021-07-07 16:00:00,84.362,2.3433816354566868,0.0859499368011077
59,T0895,2021-07-26,2021-07-26 15:00:00,2021-07-26 17:00:00,88.55600000000001,2.551829593372928,0.2746322362099893
60,T0895,2021-07-27,2021-07-27 15:00:00,2021-07-27 17:00:00,87.152,2.505551961838338,0.2797605302349842
61,T0895,2021-07-28,2021-07-28 15:00:00,2021-07-28 17:00:00,88.268,2.5417752269978537,0.1849619143584097
62,T0895,2021-08-10,2021-08-10 15:00:00,2021-08-10 17:00:00,90.482,2.7099740996736457,0.055235385600596
63,T0895,2021-08-11,2021-08-11 15:00:00,2021-08-11 17:00:00,88.304,2.612016101456537,0.3329809951045313
64,T0895,2021-08-12,2021-08-12 15:00:00,2021-08-12 17:00:00,84.02,2.4739279924708044,0.3620269815133474
65,T0895,2021-08-13,2021-08-13 15:00:00,2021-08-13 16:00:00,81.662,2.3914688719370463,0.2340056211713047
66,T0895,2021-08-24,2021-08-24 15:00:00,2021-08-24 17:00:00,91.832,2.80110558546988,0.1418572579602389
67,T0895,2021-08-25,2021-08-25 15:00:00,2021-08-25 17:00:00,91.634,2.79579167805272,0.2605927933263481
68,T0895,2021-08-26,2021-08-26 14:00:00,2021-08-26 16:00:00,86.828,2.6152902422375552,0.2747208205171401
0,T0935,2021-06-17,2021-06-17 18:00:00,2021-06-17 21:00:00,91.886,2.2056372422613086,-0.099280004425332
1,T0935,2021-07-09,2021-07-09 16:00:00,2021-07-09 21:00:00,90.338,2.372580460462996,-0.0810043155196975
2,T0935,2021-07-10,2021-07-10 16:00:00,2021-07-10 21:00:00,95.288,2.5496376174970505,-0.1373557262987643
3,T0935,2021-08-26,2021-08-26 16:00:00,2021-08-26 21:00:00,84.47,2.366494421908653,0.4225834261122822
4,T0935,2021-09-08,2021-09-08 16:00:00,2021-09-08 21:00:00,86.55799999999999,2.405335348034359,0.4985220804344647
5,T0935,2021-09-09,2021-09-09 17:00:00,2021-09-09 20:00:00,84.02,2.3409252438436448,0.3719066218296714
0,T0943,2019-10-14,2019-10-14 13:00:00,2019-10-14 16:00:00,64.256,1.8831077763005728,0.2710333766222935
1,T0943,2021-05-25,2021-05-25 11:00:00,2021-05-25 11:30:00,86.09,2.3209159791109863,-0.2089998176202796
2,T0943,2021-06-10,2021-06-10 14:00:00,2021-06-10 17:00:00,85.154,2.504804963571772,0.2261218734097866
2,T0947,2018-06-06,2018-06-06 15:00:00,2018-06-06 18:00:00,95.828,2.926088486442119,0.067552417049016
3,T0947,2018-06-07,2018-06-07 15:00:00,2018-06-07 18:00:00,93.182,2.8359777041618743,0.045218930345453
4,T0947,2018-06-22,2018-06-22 15:00:00,2018-06-22 18:00:00,101.732,3.20993913468184,0.1802214312774796
5,T0947,2018-06-27,2018-06-27 15:00:00,2018-06-27 18:00:00,100.328,3.187232227398716,0.2077573433204487
6,T0947,2018-06-28,2018-06-28 15:30:00,2018-06-28 17:30:00,100.004,3.181250030556417,0.2974375859223472
7,T0947,2018-07-02,2018-07-02 16:00:00,2018-07-02 18:00:00,101.858,3.2570262681742745,0.3380730099069828
8,T0947,2018-07-03,2018-07-03 16:00:00,2018-07-03 18:00:00,102.2,3.286123762987603,0.3066737027616665
9,T0947,2018-07-19,2018-07-19 16:00:00,2018-07-19 18:00:00,107.564,3.668126533534766,0.5458487047068843
11,T0947,2018-07-23,2018-07-23 15:30:00,2018-07-23 17:30:00,102.146,3.463184208452412,0.3974421691600966
12,T0947,2018-08-06,2018-08-06 15:30:00,2018-08-06 17:30:00,98.438,3.193110111718161,0.3834819783824483
13,T0947,2018-08-07,2018-08-07 15:30:00,2018-08-07 17:30:00,99.626,3.273933701560076,0.4193576859177799
14,T0947,2018-08-08,2018-08-08 15:30:00,2018-08-08 17:30:00,92.696,2.9392519422495305,0.2983892862839564
15,T0947,2018-08-16,2018-08-16 15:30:00,2018-08-16 17:30:00,97.916,3.206278969501801,0.299557468292613
16,T0947,2018-08-17,2018-08-17 15:30:00,2018-08-17 17:30:00,99.986,3.2902357502438333,0.3524283852497223
17,T0947,2018-08-22,2018-08-22 15:30:00,2018-08-22 17:30:00,94.748,3.0696887966830606,0.3355452981137744
18,T0947,2018-08-23,2018-08-23 15:30:00,2018-08-23 17:30:00,98.546,3.2345807031985543,0.3851426003263833
19,T0947,2018-08-24,2018-08-24 15:30:00,2018-08-24 17:30:00,98.474,3.23739262492797,0.3317182970410922
20,T0947,2018-09-18,2018-09-18 15:30:00,2018-09-18 17:30:00,94.784,3.104359269732247,0.2863820595596677
21,T0947,2018-09-19,2018-09-19 15:30:00,2018-09-19 17:30:00,94.802,3.1220786425377685,0.2615906385976995
22,T0947,2019-06-19,2019-06-19 16:00:00,2019-06-19 17:30:00,94.964,3.0486345898447937,0.0204322880003502
23,T0947,2019-06-20,2019-06-20 16:00:00,2019-06-20 18:00:00,96.602,3.119171012648783,0.1317926721124076
24,T0947,2019-06-28,2019-06-28 14:00:00,2019-06-28 17:00:00,93.29,3.0195004547052737,0.2045154045546834
25,T0947,2019-07-09,2019-07-09 16:00:00,2019-07-09 17:30:00,96.584,3.2445432640066585,0.1967118838765353
26,T0947,2019-07-10,2019-07-10 15:00:00,2019-07-10 17:00:00,97.97,3.2669098502165714,0.1841323166298395
27,T0947,2019-07-30,2019-07-30 15:30:00,2019-07-30 17:30:00,100.976,3.451242064044102,0.4138622194659338
28,T0947,2019-07-31,2019-07-31 16:00:00,2019-07-31 18:00:00,96.962,3.244983262182218,0.2339082998240169
29,T0947,2019-08-01,2019-08-01 15:00:00,2019-08-01 17:00:00,95.486,3.2541998583808045,0.3357676218210445
31,T0947,2019-08-08,2019-08-08 15:00:00,2019-08-08 17:00:00,96.26,3.2881115106670937,0.261353046124319
32,T0947,2019-08-12,2019-08-12 15:00:00,2019-08-12 17:00:00,101.66,3.472261328289798,0.2427994633213786
33,T0947,2019-09-05,2019-09-05 15:00:00,2019-09-05 17:00:00,97.142,3.305985648914188,0.4125068245306527
34,T0947,2019-09-06,2019-09-06 15:00:00,2019-09-06 17:00:00,99.842,3.435988739946662,0.4013181181566557
35,T0947,2020-05-04,2020-05-04 17:00:00,2020-05-04 17:30:00,91.31,2.30039471355658,-0.3787286070982255
36,T0947,2020-06-18,2020-06-18 15:00:00,2020-06-18 18:00:00,93.074,2.622165087787823,-0.2434766527731721
37,T0947,2020-07-01,2020-07-01 16:00:00,2020-07-01 18:00:00,93.128,2.708531721772719,-0.4138974051598133
38,T0947,2020-07-02,2020-07-02 16:00:00,2020-07-02 18:00:00,91.22,2.619440661272925,-0.2638546791885731
39,T0947,2020-07-08,2020-07-08 16:00:00,2020-07-08 18:00:00,93.164,2.7256255689862816,-0.3522904848717693
40,T0947,2020-07-09,2020-07-09 16:00:00,2020-07-09 18:00:00,94.856,2.770030370463826,-0.3670941852201559
41,T0947,2020-07-10,2020-07-10 16:00:00,2020-07-10 17:00:00,94.71200000000002,2.76694636981064,-0.3222080304944844
42,T0947,2020-07-13,2020-07-13 16:00:00,2020-07-13 18:00:00,101.894,3.085475315770069,-0.3294501799284216
43,T0947,2020-08-06,2020-08-06 16:00:00,2020-08-06 18:00:00,98.294,3.156593606427338,-0.0502173637211735
44,T0947,2020-08-11,2020-08-11 16:00:00,2020-08-11 18:00:00,98.546,3.192791890605537,-0.1135776060277927
45,T0947,2020-08-12,2020-08-12 15:00:00,2020-08-12 17:00:00,100.436,3.28791502267586,-0.2075662085928305
46,T0947,2020-08-14,2020-08-14 15:00:00,2020-08-14 17:00:00,105.314,3.505658849710159,-0.0803624669015217
47,T0947,2020-09-01,2020-09-01 15:00:00,2020-09-01 17:00:00,91.004,2.8525068247060528,-0.1994630338946812
48,T0947,2021-06-17,2021-06-17 15:00:00,2021-06-17 18:00:00,96.962,2.684623109741152,-0.3189386042927017
49,T0947,2021-06-09,2021-06-09 16:00:00,2021-06-09 18:00:00,91.328,2.470171393510612,-0.3074834574627335
50,T0947,2021-06-10,2021-06-10 16:00:00,2021-06-10 18:00:00,91.346,2.4731373103272336,-0.3542409769699866
51,T0947,2021-06-14,2021-06-14 16:00:00,2021-06-14 18:00:00,96.458,2.649735934496644,-0.3714574640633544
52,T0947,2021-06-15,2021-06-15 15:00:00,2021-06-15 17:00:00,94.838,2.600735430487757,-0.3920883159513486
53,T0947,2021-06-24,2021-06-24 14:30:00,2021-06-24 16:30:00,95.0,2.675558632575562,-0.347274414902136
54,T0947,2021-06-25,2021-06-25 15:30:00,2021-06-25 17:30:00,96.44,2.736329190626256,0.2627435506056538
56,T0947,2021-07-26,2021-07-26 16:00:00,2021-07-26 18:00:00,100.076,3.31641680250976,0.7399758863094381
57,T0947,2021-07-27,2021-07-27 16:00:00,2021-07-27 18:00:00,100.148,3.3027232480320468,0.7269391133001872
58,T0947,2021-07-29,2021-07-29 15:30:00,2021-07-29 17:30:00,98.366,3.2390867212241563,0.7220114451075325
59,T0947,2021-07-30,2021-07-30 15:00:00,2021-07-30 17:00:00,97.016,3.170522693540508,0.7105771104174857
60,T0947,2021-08-09,2021-08-09 15:30:00,2021-08-09 17:30:00,96.71,3.156844951787104,0.7172784411054471
61,T0947,2021-08-10,2021-08-10 15:30:00,2021-08-10 17:30:00,95.234,3.1062057630124373,0.6302866522137808
62,T0947,2021-08-11,2021-08-11 15:30:00,2021-08-11 17:00:00,96.782,3.1549047529834766,0.6707609006448373
0,T0984,2018-06-18,2018-06-18 15:00:00,2018-06-18 18:00:00,81.98599999999999,2.309415240891919,-0.4563662657554986
1,T0984,2018-06-19,2018-06-19 15:00:00,2018-06-19 18:00:00,87.674,2.421909649582058,0.0830098841082924
2,T0984,2018-06-29,2018-06-29 16:00:00,2018-06-29 18:00:00,76.676,2.286549179115561,-0.3448612295279493
3,T0984,2018-07-02,2018-07-02 16:00:00,2018-07-02 18:00:00,68.63,2.179766131851869,-0.3515338104476516
4,T0984,2018-07-03,2018-07-03 16:00:00,2018-07-03 18:00:00,75.488,2.2595147048195754,-0.2589014387227277
5,T0984,2018-07-05,2018-07-05 15:00:00,2018-07-05 17:00:00,86.756,2.479899982597036,-0.1241522257470712
6,T0984,2018-07-16,2018-07-16 16:00:00,2018-07-16 18:00:00,94.82,2.664484721224447,-0.0570856273278735
7,T0984,2018-08-06,2018-08-06 14:00:00,2018-08-06 18:00:00,88.61,2.589185705033123,0.0723461573462891
8,T0984,2018-08-15,2018-08-15 14:00:00,2018-08-15 16:00:00,88.898,2.5881799736442908,0.2425331232799208
9,T0984,2018-08-27,2018-08-27 16:00:00,2018-08-27 18:00:00,75.65,2.5445309432220475,-0.0535978280801612
10,T0984,2018-08-28,2018-08-28 15:00:00,2018-08-28 18:00:00,86.36,2.6035797906711413,0.0821434131992301
11,T0984,2018-08-29,2018-08-29 15:00:00,2018-08-29 17:00:00,83.372,2.5867122867981607,0.3046417564663926
12,T0984,2019-06-26,2019-06-26 16:00:00,2019-06-26 18:00:00,74.48,2.132402431446058,-0.4153517899492345
13,T0984,2019-06-27,2019-06-27 16:00:00,2019-06-27 18:00:00,60.764,1.9980836575076308,-0.5381619436778998
14,T0984,2019-06-28,2019-06-28 15:00:00,2019-06-28 17:00:00,73.976,2.110731201510573,-0.484217271593323
15,T0984,2019-07-02,2019-07-02 16:00:00,2019-07-02 18:00:00,66.65,2.0640065192438377,-0.5308654586155775
16,T0984,2019-07-03,2019-07-03 16:00:00,2019-07-03 18:00:00,71.006,2.1289268109079007,-0.461045991023333
17,T0984,2019-07-10,2019-07-10 16:00:00,2019-07-10 18:00:00,75.56,2.2215513845902977,-0.5298879163478907
18,T0984,2019-07-15,2019-07-15 16:00:00,2019-07-15 18:00:00,74.93,2.2914635473477385,-0.4500311405736827
19,T0984,2019-07-16,2019-07-16 16:00:00,2019-07-16 18:00:00,80.186,2.3675600500102227,-0.4188333613900349
20,T0984,2019-07-17,2019-07-17 16:00:00,2019-07-17 18:00:00,74.26400000000001,2.2654119547105145,-0.444970246217738
21,T0984,2019-07-18,2019-07-18 16:00:00,2019-07-18 18:00:00,73.45400000000001,2.2649097964186686,-0.5593670382549953
22,T0984,2019-07-19,2019-07-19 16:00:00,2019-07-19 18:00:00,73.67,2.25698004614122,-0.7689127177150638
23,T0984,2019-07-29,2019-07-29 16:00:00,2019-07-29 18:00:00,81.01400000000001,2.4686737080761167,-0.227416234413617
24,T0984,2019-08-08,2019-08-08 14:00:00,2019-08-08 16:00:00,69.548,2.305066302703464,-0.1177916382069649
25,T0984,2019-08-19,2019-08-19 03:00:00,2019-08-19 05:00:00,78.29599999999999,2.504094640968957,-0.2349328512145883
26,T0984,2019-08-20,2019-08-20 16:00:00,2019-08-20 18:00:00,84.326,2.5982268473096743,-0.104983785891106
27,T0984,2020-06-18,2020-06-18 16:30:00,2020-06-18 17:00:00,79.322,1.950012561769808,-0.3899784560142174
28,T0984,2020-06-22,2020-06-22 16:00:00,2020-06-22 18:00:00,84.398,2.0676332495679466,0.1260558336172326
29,T0984,2020-06-23,2020-06-23 16:00:00,2020-06-23 18:00:00,91.148,2.1860309046076183,0.2455532570357135
30,T0984,2020-06-26,2020-06-26 16:00:00,2020-06-26 18:00:00,85.964,2.126274880970748,0.1365210366685726
31,T0984,2020-06-29,2020-06-29 16:00:00,2020-06-29 18:00:00,73.706,1.952231489655928,0.0252068108535194
32,T0984,2020-07-01,2020-07-01 16:00:00,2020-07-01 18:00:00,65.732,1.851859501405104,-0.3253759914809683
33,T0984,2020-07-02,2020-07-02 16:00:00,2020-07-02 18:00:00,71.924,1.9412805857708968,-0.2153100448788465
34,T0984,2020-07-03,2020-07-03 16:00:00,2020-07-03 18:00:00,70.412,1.9330356595770404,-0.4510711987939633
35,T0984,2020-07-06,2020-07-06 15:00:00,2020-07-06 17:00:00,67.766,1.9286184449369017,-0.3456920436618584
36,T0984,2020-07-07,2020-07-07 15:00:00,2020-07-07 17:00:00,69.422,1.9356736306844908,-0.1649824960993666
37,T0984,2020-07-08,2020-07-08 16:00:00,2020-07-08 18:00:00,74.372,2.002684657522253,-0.4148369445685766
38,T0984,2020-07-09,2020-07-09 15:00:00,2020-07-09 17:00:00,75.938,2.038785033448766,-0.412888325756483
39,T0984,2020-07-15,2020-07-15 16:00:00,2020-07-15 18:00:00,86.19800000000001,2.3175954624388773,-0.0108887676047086
40,T0984,2020-07-20,2020-07-20 15:00:00,2020-07-20 17:00:00,91.796,2.525864546480751,0.2505468378739008
41,T0984,2020-07-21,2020-07-21 16:00:00,2020-07-21 18:00:00,86.27,2.416245594155624,0.0647869108985026
42,T0984,2020-07-22,2020-07-22 16:00:00,2020-07-22 18:00:00,79.412,2.221682146331612,0.0361965277674484
43,T0984,2020-07-27,2020-07-27 15:00:00,2020-07-27 17:00:00,98.42,2.769986994345992,0.369141531946318
44,T0984,2020-07-28,2020-07-28 16:00:00,2020-07-28 18:00:00,86.95400000000001,2.450630736994626,0.2588617447360458
45,T0984,2020-07-29,2020-07-29 16:00:00,2020-07-29 18:00:00,91.382,2.565373218457495,0.2786787309663537
46,T0984,2020-08-10,2020-08-10 16:00:00,2020-08-10 18:00:00,88.358,2.572958053551283,0.0106583345355434
47,T0984,2020-08-25,2020-08-25 16:00:00,2020-08-25 18:00:00,79.412,2.383505055080856,0.2353537532378876
48,T0984,2020-08-27,2020-08-27 16:00:00,2020-08-27 18:00:00,81.32,2.4310930295388533,0.2783918402520284
49,T0984,2020-05-13,2020-05-13 16:00:00,2020-05-13 17:00:00,64.22,1.6287719906515734,0.115286507234276
50,T0984,2020-08-12,2020-08-12 14:00:00,2020-08-12 16:00:00,71.22200000000001,2.1675176486466534,-0.0840259708494245
51,T0984,2021-05-25,2021-05-25 13:00:00,2021-05-25 13:30:00,59.864,1.8910300536655351,-0.469715876907908
52,T0984,2021-05-26,2021-05-26 13:00:00,2021-05-26 13:30:00,71.94200000000001,1.8606658022645848,-0.1805802376438588
53,T0984,2021-06-28,2021-06-28 16:00:00,2021-06-28 18:00:00,113.018,2.2546074837011445,0.1929130817638367
54,T0984,2021-06-29,2021-06-29 16:00:00,2021-06-29 18:00:00,92.03,2.1210923018690995,0.1829803676902484
55,T0984,2021-06-30,2021-06-30 15:00:00,2021-06-30 17:00:00,75.848,2.0630177898298308,0.1953855668639999
56,T0984,2021-07-06,2021-07-06 16:00:00,2021-07-06 18:00:00,86.828,2.102670656785912,0.052083792995095
57,T0984,2021-07-07,2021-07-07 15:00:00,2021-07-07 17:00:00,73.832,2.048021386360164,0.0968629077396808
58,T0984,2021-07-26,2021-07-26 16:00:00,2021-07-26 18:00:00,85.892,1.9281692177069305,1.8518369300908408
59,T0984,2021-07-27,2021-07-27 16:00:00,2021-07-27 18:00:00,84.23599999999999,1.9358919843728253,1.8571493644517496
60,T0984,2021-08-10,2021-08-10 16:00:00,2021-08-10 18:00:00,88.80799999999999,1.3693317541319072,1.3151505236243362
61,T0984,2021-08-11,2021-08-11 16:00:00,2021-08-11 18:00:00,98.708,1.1510966844149395,1.0787211995233463
62,T0984,2021-08-12,2021-08-12 16:00:00,2021-08-12 18:00:00,101.156,1.0600830232202925,1.023798263816667
63,T0984,2021-08-13,2021-08-13 16:00:00,2021-08-13 17:00:00,94.046,1.2283732041743092,1.2026927371262262
64,T0984,2021-08-24,2021-08-24 16:00:00,2021-08-24 18:00:00,83.22800000000001,1.4984137697377786,1.2974595466469023
65,T0984,2021-08-25,2021-08-25 14:00:00,2021-08-25 16:00:00,79.304,1.4819454566046113,1.4443007073062408
66,T0984,2021-08-26,2021-08-26 16:00:00,2021-08-26 18:00:00,74.31800000000001,1.6167017576890794,1.5658798707429142
67,T0984,2021-08-27,2021-08-27 15:00:00,2021-08-27 17:00:00,70.03399999999999,1.6798478838682296,1.668184763763012
0,T0985,2018-06-18,2018-06-18 15:00:00,2018-06-18 18:00:00,92.678,2.5588263404002465,-0.3274992006120361
1,T0985,2018-06-19,2018-06-19 15:00:00,2018-06-19 18:00:00,77.702,2.3567917611973943,-0.1072590045147674
2,T0985,2018-06-29,2018-06-29 16:00:00,2018-06-29 18:00:00,90.176,2.562813516010652,-0.1273732186232744
3,T0985,2018-07-02,2018-07-02 16:00:00,2018-07-02 18:00:00,88.16,2.5551648038299257,-0.2840133973750536
4,T0985,2018-07-03,2018-07-03 16:00:00,2018-07-03 18:00:00,87.29599999999999,2.535367794844479,-0.2684404223569578
5,T0985,2018-07-05,2018-07-05 15:00:00,2018-07-05 17:00:00,87.926,2.531253430904387,-0.2967674288687693
6,T0985,2018-07-16,2018-07-16 16:00:00,2018-07-16 18:00:00,89.078,2.567942224384028,-0.438538365278544
7,T0985,2018-08-06,2018-08-06 14:00:00,2018-08-06 18:00:00,89.906,2.780702557599392,-0.0736355518481446
8,T0985,2018-08-15,2018-08-15 14:00:00,2018-08-15 16:00:00,86.666,2.7163556246743608,0.0818894217143052
9,T0985,2018-08-27,2018-08-27 16:00:00,2018-08-27 18:00:00,90.824,2.846315590407208,0.0505156550212463
10,T0985,2018-08-28,2018-08-28 15:00:00,2018-08-28 18:00:00,91.022,2.8570819039943065,0.0304039392692958
11,T0985,2018-08-29,2018-08-29 15:00:00,2018-08-29 17:00:00,90.14,2.807248256839088,0.024577800007023
12,T0985,2019-06-26,2019-06-26 16:00:00,2019-06-26 18:00:00,86.324,2.444563947958146,0.0106014899717676
13,T0985,2019-06-27,2019-06-27 16:00:00,2019-06-27 18:00:00,86.09,2.439128894135231,-0.0700691554557623
14,T0985,2019-06-28,2019-06-28 15:00:00,2019-06-28 17:00:00,88.48400000000001,2.470648293884222,0.0201516941485827
15,T0985,2019-07-02,2019-07-02 16:00:00,2019-07-02 18:00:00,90.122,2.542485024138072,-0.1567659582541147
16,T0985,2019-07-03,2019-07-03 16:00:00,2019-07-03 18:00:00,84.542,2.4403701197497067,-0.0530522762419847
17,T0985,2019-07-10,2019-07-10 16:00:00,2019-07-10 18:00:00,91.346,2.660003704473081,0.0967297171424788
18,T0985,2019-07-15,2019-07-15 16:00:00,2019-07-15 18:00:00,90.356,2.650383011469646,0.1150695102138824
19,T0985,2019-07-16,2019-07-16 16:00:00,2019-07-16 18:00:00,87.152,2.572321874567,0.0072039541159332
20,T0985,2019-07-17,2019-07-17 16:00:00,2019-07-17 18:00:00,82.958,2.5190900422038003,-0.2129946399939332
21,T0985,2019-07-18,2019-07-18 16:00:00,2019-07-18 18:00:00,89.456,2.640375173405204,-0.0143429536078918
22,T0985,2019-07-19,2019-07-19 16:00:00,2019-07-19 18:00:00,92.75,2.71095104009737,-0.3207789715834377
23,T0985,2019-07-29,2019-07-29 16:00:00,2019-07-29 18:00:00,88.196,2.6858519866851216,0.0672016157970669
24,T0985,2019-08-08,2019-08-08 14:00:00,2019-08-08 16:00:00,81.896,2.5440375557887185,0.128319164177057
25,T0985,2019-08-19,2019-08-19 03:00:00,2019-08-19 05:00:00,83.084,2.6076030209858603,-0.1309957554639066
26,T0985,2019-08-20,2019-08-20 16:00:00,2019-08-20 18:00:00,89.63600000000001,2.797513834337088,0.1889555209221887
27,T0985,2020-06-18,2020-06-18 16:30:00,2020-06-18 17:00:00,80.99600000000001,2.090751009800805,-0.0458289714593834
28,T0985,2020-06-22,2020-06-22 16:00:00,2020-06-22 18:00:00,78.044,2.103111200607278,-0.0923187261783722
29,T0985,2020-06-23,2020-06-23 16:00:00,2020-06-23 18:00:00,79.07,2.053741975524383,-0.2377725323589598
30,T0985,2020-06-26,2020-06-26 16:00:00,2020-06-26 18:00:00,83.606,2.1425055160763744,0.0764290140273978
31,T0985,2020-06-29,2020-06-29 16:00:00,2020-06-29 18:00:00,82.958,2.1622527605084225,0.1088266604301212
32,T0985,2020-07-01,2020-07-01 16:00:00,2020-07-01 18:00:00,82.778,2.160381385465877,0.0083873161590087
33,T0985,2020-07-02,2020-07-02 16:00:00,2020-07-02 18:00:00,85.946,2.210615871134522,0.1593597529998957
34,T0985,2020-07-03,2020-07-03 16:00:00,2020-07-03 18:00:00,88.61,2.253951182606445,-0.1335650274225766
35,T0985,2020-07-06,2020-07-06 15:00:00,2020-07-06 17:00:00,89.97800000000001,2.2971355792090504,0.1098074067690143
36,T0985,2020-07-07,2020-07-07 15:00:00,2020-07-07 17:00:00,88.80799999999999,2.278752338762258,0.0224612783249295
37,T0985,2020-07-08,2020-07-08 16:00:00,2020-07-08 18:00:00,89.924,2.296041643475083,-0.0747062092007369
38,T0985,2020-07-09,2020-07-09 15:00:00,2020-07-09 17:00:00,91.4,2.320858723480858,-0.0636473729159077
39,T0985,2020-07-15,2020-07-15 16:00:00,2020-07-15 18:00:00,87.422,2.300564328166309,0.1537735996782029
40,T0985,2020-07-20,2020-07-20 15:00:00,2020-07-20 17:00:00,85.064,2.298982119286104,-0.087977561387778
41,T0985,2020-07-21,2020-07-21 16:00:00,2020-07-21 18:00:00,84.488,2.2886179765656447,-0.0368901725803617
42,T0985,2020-07-22,2020-07-22 16:00:00,2020-07-22 18:00:00,84.56,2.2929414308599587,-0.2789947886967625
43,T0985,2020-07-27,2020-07-27 15:00:00,2020-07-27 17:00:00,88.77199999999999,2.4187478247108904,-0.1778083102374508
44,T0985,2020-07-28,2020-07-28 16:00:00,2020-07-28 18:00:00,83.912,2.302712996483027,0.1759551507707668
45,T0985,2020-07-29,2020-07-29 16:00:00,2020-07-29 18:00:00,87.044,2.374453375995448,-0.0176956687355356
46,T0985,2020-08-10,2020-08-10 16:00:00,2020-08-10 18:00:00,89.654,2.511651399876776,0.011425910923118
47,T0985,2020-08-25,2020-08-25 16:00:00,2020-08-25 18:00:00,83.786,2.430348091039753,-0.3354706354706244
48,T0985,2020-08-27,2020-08-27 16:00:00,2020-08-27 18:00:00,89.22200000000001,2.578476274115804,-0.3233357756764128
49,T0985,2020-05-13,2020-05-13 16:00:00,2020-05-13 17:00:00,56.732,1.8700573540107088,0.1913770770872683
50,T0985,2020-08-12,2020-08-12 14:00:00,2020-08-12 16:00:00,83.31800000000001,2.368657234769472,0.1272339808598842
51,T0985,2021-05-25,2021-05-25 13:00:00,2021-05-25 13:30:00,85.766,2.2152156081818006,-0.1404309357375562
52,T0985,2021-05-26,2021-05-26 13:00:00,2021-05-26 13:30:00,77.684,2.129759227429345,-0.1866746535782246
53,T0985,2021-06-28,2021-06-28 16:00:00,2021-06-28 18:00:00,88.196,2.540527781393315,0.1296998963714046
54,T0985,2021-06-29,2021-06-29 16:00:00,2021-06-29 18:00:00,89.27600000000001,2.4977086987587733,0.0842178673860562
55,T0985,2021-06-30,2021-06-30 15:00:00,2021-06-30 17:00:00,81.24799999999999,2.38451389435906,0.1414097212823522
56,T0985,2021-07-06,2021-07-06 16:00:00,2021-07-06 18:00:00,89.474,2.5459616811890378,0.3510373080202325
57,T0985,2021-07-07,2021-07-07 15:00:00,2021-07-07 17:00:00,85.74799999999999,2.447479617544376,0.3715956401124671
58,T0985,2021-07-26,2021-07-26 16:00:00,2021-07-26 18:00:00,84.74000000000001,2.5213309988295,0.5591674248178622
59,T0985,2021-07-27,2021-07-27 16:00:00,2021-07-27 18:00:00,87.25999999999999,2.575459701591323,0.5374835424291609
60,T0985,2021-08-10,2021-08-10 16:00:00,2021-08-10 18:00:00,85.73,2.6506970455644696,0.4106609476094314
61,T0985,2021-08-11,2021-08-11 16:00:00,2021-08-11 18:00:00,88.394,2.6345372475287103,0.5319005477023826
62,T0985,2021-08-12,2021-08-12 16:00:00,2021-08-12 18:00:00,88.286,2.6411496744327043,0.4573756228287494
63,T0985,2021-08-13,2021-08-13 16:00:00,2021-08-13 17:00:00,86.036,2.5850140173531866,0.3122951404908698
64,T0985,2021-08-24,2021-08-24 16:00:00,2021-08-24 18:00:00,90.086,2.7403744132773245,0.5891869598146523
65,T0985,2021-08-25,2021-08-25 14:00:00,2021-08-25 16:00:00,83.336,2.55918747843988,0.5193628826849921
66,T0985,2021-08-26,2021-08-26 16:00:00,2021-08-26 18:00:00,87.25999999999999,2.658569517935627,0.4797166758064154
67,T0985,2021-08-27,2021-08-27 15:00:00,2021-08-27 17:00:00,86.9,2.650724356231123,0.5169163209905497
0,T0989,2018-06-18,2018-06-18 15:00:00,2018-06-18 18:00:00,91.436,2.5550156905953334,-0.1269792056244202
1,T0989,2018-06-19,2018-06-19 15:00:00,2018-06-19 18:00:00,84.326,2.4190978143433943,-0.0319434847288332
2,T0989,2018-06-26,2018-06-26 14:00:00,2018-06-26 15:00:00,82.31,2.398135583239282,0.1113512168377791
3,T0989,2018-06-29,2018-06-29 16:00:00,2018-06-29 18:00:00,87.872,2.489485896926116,-0.0239667812632391
4,T0989,2018-07-02,2018-07-02 16:00:00,2018-07-02 18:00:00,89.456,2.58278277163745,0.1752539461069275
5,T0989,2018-07-03,2018-07-03 16:00:00,2018-07-03 18:00:00,89.63600000000001,2.582782771637449,-0.0687378128372115
6,T0989,2018-07-05,2018-07-05 15:00:00,2018-07-05 17:00:00,89.63600000000001,2.594985206123507,0.0559815157007826
7,T0989,2018-07-16,2018-07-16 16:00:00,2018-07-16 18:00:00,85.964,2.564754799781193,0.036104868530272
8,T0989,2018-08-06,2018-08-06 14:00:00,2018-08-06 18:00:00,87.94399999999999,2.757624860443068,0.0751140134464705
9,T0989,2018-08-27,2018-08-27 16:00:00,2018-08-27 18:00:00,87.94399999999999,2.878200492136598,-0.3456430588524261
10,T0989,2018-08-28,2018-08-28 15:00:00,2018-08-28 18:00:00,88.016,2.878750555576528,-0.1662592476779189
11,T0989,2018-08-29,2018-08-29 15:00:00,2018-08-29 17:00:00,87.872,2.875633529416924,-0.2799663802416704
12,T0989,2019-06-26,2019-06-26 16:00:00,2019-06-26 18:00:00,89.474,2.5958562738177138,0.9062417053482325
13,T0989,2019-06-27,2019-06-27 16:00:00,2019-06-27 18:00:00,89.42,2.599572420510568,0.7267900332851365
14,T0989,2019-06-28,2019-06-28 15:00:00,2019-06-28 17:00:00,91.274,2.6794700708135704,0.9185320331166156
15,T0989,2019-07-02,2019-07-02 16:00:00,2019-07-02 18:00:00,94.64,2.849770828818679,0.9071243750054416
16,T0989,2019-07-03,2019-07-03 16:00:00,2019-07-03 18:00:00,85.874,2.530282302511152,0.4900395437063806
17,T0989,2019-07-10,2019-07-10 16:00:00,2019-07-10 18:00:00,92.93,2.9144961573252752,1.23796046270269
18,T0989,2019-07-15,2019-07-15 16:00:00,2019-07-15 18:00:00,89.672,2.806424376381172,1.011995499938234
19,T0989,2019-07-16,2019-07-16 16:00:00,2019-07-16 18:00:00,91.076,2.867574831466832,1.1120369600781466
20,T0989,2019-07-17,2019-07-17 16:00:00,2019-07-17 18:00:00,84.11,2.492840155927975,0.9154614968733376
21,T0989,2019-07-18,2019-07-18 16:00:00,2019-07-18 18:00:00,89.618,2.801945202919484,0.990803152283372
22,T0989,2019-07-19,2019-07-19 16:00:00,2019-07-19 18:00:00,91.4,2.879649125146166,1.0575175971186088
23,T0989,2019-07-29,2019-07-29 16:00:00,2019-07-29 18:00:00,89.474,2.835782589256828,1.1507524289245477
24,T0989,2019-08-19,2019-08-19 03:00:00,2019-08-19 05:00:00,87.782,2.7479854241813,0.0155870078927198
25,T0989,2019-08-20,2019-08-20 16:00:00,2019-08-20 18:00:00,89.69,2.918560204223123,1.116937428531544
26,T0989,2020-06-18,2020-06-18 16:30:00,2020-06-18 17:00:00,80.24000000000001,1.9583082467039168,0.3515066721601863
27,T0989,2020-06-22,2020-06-22 16:00:00,2020-06-22 18:00:00,84.11,2.028961045600798,0.527663871609197
28,T0989,2020-06-23,2020-06-23 16:00:00,2020-06-23 18:00:00,82.02199999999999,1.9914722386853103,0.5159374258825872
29,T0989,2020-06-25,2020-06-25 14:00:00,2020-06-25 15:00:00,80.54599999999999,1.9641454671952527,0.3677134794010019
30,T0989,2020-06-26,2020-06-26 16:00:00,2020-06-26 18:00:00,87.584,2.136534317957622,0.4745246557421789
31,T0989,2020-06-29,2020-06-29 16:00:00,2020-06-29 18:00:00,87.76400000000001,2.1871080077502447,0.6703215557213557
32,T0989,2020-07-01,2020-07-01 16:00:00,2020-07-01 18:00:00,87.386,2.180628971341307,0.6340187687166486
33,T0989,2020-07-02,2020-07-02 16:00:00,2020-07-02 18:00:00,88.46600000000001,2.1885753320815726,0.6592109724393966
34,T0989,2020-07-03,2020-07-03 16:00:00,2020-07-03 18:00:00,91.022,2.2664455864354096,0.6975147410480762
35,T0989,2020-07-06,2020-07-06 15:00:00,2020-07-06 17:00:00,94.244,2.3666814408276844,0.7889153980316812
36,T0989,2020-07-07,2020-07-07 15:00:00,2020-07-07 17:00:00,89.22200000000001,2.232963255622264,0.5535463339006826
37,T0989,2020-07-08,2020-07-08 16:00:00,2020-07-08 18:00:00,89.564,2.256317393205456,0.6551677985044573
38,T0989,2020-07-09,2020-07-09 15:00:00,2020-07-09 17:00:00,91.022,2.297256056779032,0.6706879770526157
39,T0989,2020-07-15,2020-07-15 16:00:00,2020-07-15 18:00:00,89.15,2.2321454626420483,0.711166478610046
40,T0989,2020-07-20,2020-07-20 15:00:00,2020-07-20 17:00:00,90.03200000000001,2.304365168764677,0.6332484406006877
41,T0989,2020-07-21,2020-07-21 16:00:00,2020-07-21 18:00:00,89.63600000000001,2.2930041668306376,0.6698268842883273
42,T0989,2020-07-22,2020-07-22 16:00:00,2020-07-22 18:00:00,85.298,2.1902866544991646,0.5337062673653011
43,T0989,2020-07-27,2020-07-27 15:00:00,2020-07-27 17:00:00,90.05000000000001,2.354402670889676,0.6818355190544523
44,T0989,2020-07-28,2020-07-28 16:00:00,2020-07-28 18:00:00,85.74799999999999,2.230860172484204,0.7078765989886066
45,T0989,2020-07-29,2020-07-29 16:00:00,2020-07-29 18:00:00,87.962,2.2809860222470792,0.7410503105052323
46,T0989,2020-08-10,2020-08-10 16:00:00,2020-08-10 18:00:00,90.518,2.453350662614376,0.8874954007921
47,T0989,2020-08-25,2020-08-25 16:00:00,2020-08-25 18:00:00,89.24000000000001,2.4809023332355338,0.7363687816635733
48,T0989,2020-08-27,2020-08-27 16:00:00,2020-08-27 18:00:00,87.29599999999999,2.419333548118515,0.7650455612537296
49,T0989,2021-06-24,2021-06-24 14:00:00,2021-06-24 15:00:00,85.532,2.1189930072688514,0.5865656607181469
50,T0989,2021-05-25,2021-05-25 13:00:00,2021-05-25 13:30:00,87.422,1.807839722863058,0.090896608829577
51,T0989,2021-05-26,2021-05-26 13:00:00,2021-05-26 13:30:00,82.094,1.702849810700393,0.0979975645514931
52,T0989,2021-06-21,2021-06-21 02:00:00,2021-06-21 02:30:00,86.324,2.0926649125704326,-0.0799771582883078
53,T0989,2021-06-28,2021-06-28 16:00:00,2021-06-28 18:00:00,90.77,2.300704591662839,0.647811593554417
54,T0989,2021-06-29,2021-06-29 16:00:00,2021-06-29 17:00:00,93.938,2.370843585546025,0.7106528990545918
55,T0989,2021-06-30,2021-06-30 15:00:00,2021-06-30 17:00:00,84.938,2.0973236240284514,0.6190085384980117
56,T0989,2021-07-06,2021-07-06 16:00:00,2021-07-06 18:00:00,92.102,2.334418745443337,0.7237414534600755
57,T0989,2021-07-07,2021-07-07 15:00:00,2021-07-07 17:00:00,90.338,2.313452842607173,0.7328910574581667
58,T0989,2021-07-26,2021-07-26 16:00:00,2021-07-26 18:00:00,89.06,2.4614721854892974,0.9567987820016496
59,T0989,2021-07-27,2021-07-27 16:00:00,2021-07-27 18:00:00,89.168,2.474532595404387,0.9505487257767598
60,T0989,2021-08-10,2021-08-10 16:00:00,2021-08-10 18:00:00,87.76400000000001,2.483979525704989,0.863881334753113
61,T0989,2021-08-11,2021-08-11 16:00:00,2021-08-11 18:00:00,90.77,2.6265737784411494,0.7941013917897709
62,T0989,2021-08-12,2021-08-12 16:00:00,2021-08-12 18:00:00,91.616,2.645624459802992,0.8780722365599913
63,T0989,2021-08-13,2021-08-13 16:00:00,2021-08-13 17:00:00,88.142,2.5272002180617728,0.6546862530757888
64,T0989,2021-08-24,2021-08-24 16:00:00,2021-08-24 18:00:00,91.184,2.6786712630995817,1.0179676711045411
65,T0989,2021-08-25,2021-08-25 16:00:00,2021-08-25 18:00:00,89.096,2.545511143109257,0.6826861222026801
66,T0989,2021-08-26,2021-08-26 16:00:00,2021-08-26 18:00:00,88.44800000000001,2.546974807867412,0.9303526057290504
67,T0989,2021-08-27,2021-08-27 15:00:00,2021-08-27 17:00:00,90.788,2.6426480876125544,0.9828901970002488
1,T1010,2018-06-18,2018-06-18 15:00:00,2018-06-18 18:00:00,84.326,2.3311041072194643,-0.3145612375485216
2,T1010,2018-07-02,2018-07-02 15:00:00,2018-07-02 19:00:00,86.23400000000001,2.516530838546604,-0.2172250735666727
3,T1010,2018-07-03,2018-07-03 15:00:00,2018-07-03 18:00:00,87.94399999999999,2.557815481801132,0.1108938989980171
4,T1010,2018-07-05,2018-07-05 15:00:00,2018-07-05 19:00:00,88.394,2.566345366771076,-0.1932713988496818
5,T1010,2018-07-16,2018-07-16 15:00:00,2018-07-16 18:00:00,88.50200000000001,2.633878204560854,-0.121012132592661
6,T1010,2018-08-06,2018-08-06 15:00:00,2018-08-06 19:00:00,86.054,2.746280952959641,0.0917632642338463
7,T1010,2018-08-28,2018-08-28 15:00:00,2018-08-28 18:00:00,83.588,2.7253185847168706,-0.0050487256401902
8,T1010,2018-08-29,2018-08-29 14:00:00,2018-08-29 18:00:00,83.31800000000001,2.7561523129862806,-0.0565416026473535
9,T1010,2018-08-30,2018-08-30 13:00:00,2018-08-30 14:00:00,72.5,2.297066617570684,0.038818849652831
10,T1010,2018-09-05,2018-09-05 14:00:00,2018-09-05 18:00:00,88.48400000000001,2.934794096179804,0.0381791904072297
12,T1010,2019-06-27,2019-06-27 16:00:00,2019-06-27 18:00:00,83.138,2.477989030528252,0.2629095863426263
13,T1010,2019-06-28,2019-06-28 16:00:00,2019-06-28 18:00:00,84.2,2.507020637967513,0.0842975173955006
14,T1010,2019-07-10,2019-07-10 16:00:00,2019-07-10 18:00:00,87.836,2.7425245701004024,-0.1364163655401432
15,T1010,2019-07-17,2019-07-17 16:00:00,2019-07-17 18:00:00,80.50999999999999,2.5581834863673647,-0.1286344310904115
16,T1010,2019-07-19,2019-07-19 16:00:00,2019-07-19 18:00:00,81.86,2.654325506291788,-0.208644106626518
17,T1010,2019-07-29,2019-07-29 16:00:00,2019-07-29 18:00:00,83.858,2.7831303469230955,0.0471616669511657
18,T1010,2019-08-22,2019-08-22 13:00:00,2019-08-22 14:00:00,74.138,2.4025279921977027,0.424176783931012
20,T1010,2020-06-22,2020-06-22 16:00:00,2020-06-22 18:00:00,85.51400000000001,2.5432881879168354,0.3211947936934601
21,T1010,2020-07-06,2020-07-06 16:00:00,2020-07-06 18:00:00,90.932,2.7703340173117543,0.3358413947250538
22,T1010,2020-07-09,2020-07-09 16:00:00,2020-07-09 20:00:00,93.902,2.880410550611712,0.1253517814008388
23,T1010,2020-07-20,2020-07-20 16:00:00,2020-07-20 20:00:00,81.662,2.5796281010189284,0.4200458516369444
24,T1010,2020-07-27,2020-07-27 16:00:00,2020-07-27 20:00:00,86.34200000000001,2.773227107223468,0.3280947603879104
25,T1010,2020-08-27,2020-08-27 13:00:00,2020-08-27 14:00:00,85.028,2.779428382592408,0.4821241012554235
27,T1010,2021-06-28,2021-06-28 15:00:00,2021-06-28 19:00:00,86.864,2.5601405261862067,-0.1466751940267121
28,T1010,2021-06-29,2021-06-29 15:00:00,2021-06-29 19:00:00,89.564,2.6340244665509585,-0.1692880111205819
29,T1010,2021-08-09,2021-08-09 16:00:00,2021-08-09 20:00:00,89.888,2.930628018284506,0.1466957106336026
30,T1010,2021-08-10,2021-08-10 15:00:00,2021-08-10 19:00:00,86.09,2.798573069139868,0.1029715254403038
31,T1010,2021-08-11,2021-08-11 15:00:00,2021-08-11 19:00:00,87.152,2.8358633364030097,0.1651013558023587
32,T1010,2021-08-12,2021-08-12 15:00:00,2021-08-12 19:00:00,84.812,2.753698340738458,0.2225918513083937
33,T1010,2021-08-26,2021-08-26 15:00:00,2021-08-26 19:00:00,88.394,2.942256878647497,0.2857798426254585
34,T1010,2021-09-01,2021-09-01 13:00:00,2021-09-01 14:00:00,73.79599999999999,2.36602999531914,0.4151766903889719
36,T1010,2021-05-25,2021-05-25 14:00:00,2021-05-25 14:30:00,83.732,2.101917176987818,-0.511515706839597
37,T1010,2021-05-26,2021-05-26 14:00:00,2021-05-26 14:30:00,77.414,2.0191817087084094,-0.3027262278491507
38,T1010,2021-07-16,2021-07-16 16:00:00,2021-07-16 18:00:00,78.08000000000001,2.44979690125093,0.0541342559118425
39,T1010,2021-08-13,2021-08-13 16:00:00,2021-08-13 18:00:00,83.30000000000001,2.666714032496612,0.1614571506988724
40,T1010,2021-08-25,2021-08-25 16:00:00,2021-08-25 18:00:00,89.078,2.972090515296116,0.3424737915839205
1,T1013,2018-06-18,2018-06-18 15:00:00,2018-06-18 18:00:00,84.2,2.0461947352168224,-0.2158725463928842
2,T1013,2018-07-02,2018-07-02 15:00:00,2018-07-02 19:00:00,85.586,2.1578924536481354,-0.150711092170883
3,T1013,2018-07-03,2018-07-03 15:00:00,2018-07-03 18:00:00,87.458,2.186788245792446,-0.0095499873973664
4,T1013,2018-07-05,2018-07-05 15:00:00,2018-07-05 19:00:00,87.782,2.1958697804663725,-0.2168009751358658
5,T1013,2018-07-16,2018-07-16 15:00:00,2018-07-16 18:00:00,88.16,2.29629459380052,0.003368189892363
6,T1013,2018-08-06,2018-08-06 15:00:00,2018-08-06 19:00:00,85.586,2.4430812661792363,0.1958849053212089
7,T1013,2018-08-28,2018-08-28 15:00:00,2018-08-28 18:00:00,82.652,1.959950878696432,1.922762170659421
8,T1013,2018-08-29,2018-08-29 14:00:00,2018-08-29 18:00:00,82.634,1.9966871588199884,1.903422410710096
9,T1013,2018-08-30,2018-08-30 13:00:00,2018-08-30 14:00:00,72.878,1.7344490873816394,-0.5444187294772924
10,T1013,2018-09-05,2018-09-05 14:00:00,2018-09-05 18:00:00,87.81800000000001,2.203476376407571,-0.1488675111851335
12,T1013,2019-06-27,2019-06-27 16:00:00,2019-06-27 18:00:00,82.598,2.4197367399872074,0.2208399852342356
13,T1013,2019-06-28,2019-06-28 16:00:00,2019-06-28 18:00:00,83.57,2.425916720492017,0.0832792124355571
14,T1013,2019-07-10,2019-07-10 16:00:00,2019-07-10 18:00:00,86.756,2.705090638882276,0.0229253821386669
15,T1013,2019-07-17,2019-07-17 16:00:00,2019-07-17 18:00:00,79.16,2.602355017642396,0.1877658743027993
16,T1013,2019-07-19,2019-07-19 16:00:00,2019-07-19 18:00:00,80.114,2.7159053773850355,-0.0577098117229096
17,T1013,2019-07-29,2019-07-29 16:00:00,2019-07-29 18:00:00,82.112,2.757289681501035,0.2303978705174882
18,T1013,2019-08-22,2019-08-22 13:00:00,2019-08-22 14:00:00,74.22800000000001,2.485296471119633,0.2910759319417366
20,T1013,2020-06-22,2020-06-22 16:00:00,2020-06-22 18:00:00,84.578,2.449908544322688,0.3312266287996019
21,T1013,2020-07-06,2020-07-06 16:00:00,2020-07-06 18:00:00,90.05000000000001,2.6520109704776726,0.524832792842217
22,T1013,2020-07-09,2020-07-09 16:00:00,2020-07-09 20:00:00,93.128,2.750445819236841,0.3678044657360315
23,T1013,2020-07-20,2020-07-20 16:00:00,2020-07-20 20:00:00,81.608,2.478715601599078,0.4096271157979195
24,T1013,2020-07-27,2020-07-27 16:00:00,2020-07-27 20:00:00,85.406,2.630100418523613,0.4727184143471016
25,T1013,2020-08-27,2020-08-27 13:00:00,2020-08-27 14:00:00,83.96600000000001,2.5695121919338093,0.5048988700769852
27,T1013,2021-06-28,2021-06-28 15:00:00,2021-06-28 19:00:00,85.388,2.494200649748037,0.3015610360655917
28,T1013,2021-06-29,2021-06-29 15:00:00,2021-06-29 19:00:00,88.844,2.5879000487492587,0.2253073887605199
29,T1013,2021-08-09,2021-08-09 16:00:00,2021-08-09 20:00:00,89.366,2.778575794038611,0.7916082753398554
30,T1013,2021-08-10,2021-08-10 15:00:00,2021-08-10 19:00:00,85.60400000000001,2.64040975226319,0.7079433650573644
31,T1013,2021-08-11,2021-08-11 15:00:00,2021-08-11 19:00:00,86.378,2.6644654255405933,0.7256706087372725
32,T1013,2021-08-12,2021-08-12 15:00:00,2021-08-12 19:00:00,84.03800000000001,2.580381146774722,0.6878104824226575
33,T1013,2021-08-26,2021-08-26 15:00:00,2021-08-26 19:00:00,87.242,2.73087933971488,0.5671149572130874
34,T1013,2021-09-01,2021-09-01 13:00:00,2021-09-01 14:00:00,73.562,2.2461888336440103,0.5507247087196155
1,T1014,2018-06-18,2018-06-18 15:00:00,2018-06-18 18:00:00,82.832,2.206224914989733,-0.2629682184401412
2,T1014,2018-07-02,2018-07-02 15:00:00,2018-07-02 19:00:00,86.0,2.346221718987777,-0.2591121145625303
3,T1014,2018-07-03,2018-07-03 15:00:00,2018-07-03 18:00:00,87.908,2.395116046862112,-0.0394667829291962
4,T1014,2018-07-05,2018-07-05 15:00:00,2018-07-05 19:00:00,87.872,2.397277752060225,-0.2974047457667941
5,T1014,2018-07-16,2018-07-16 15:00:00,2018-07-16 18:00:00,87.94399999999999,2.478779433910052,0.0244472961757632
6,T1014,2018-08-06,2018-08-06 15:00:00,2018-08-06 19:00:00,85.946,2.6414521344557294,-0.0062865872876886
7,T1014,2018-08-28,2018-08-28 15:00:00,2018-08-28 18:00:00,83.696,2.66445658498836,0.118065165432337
8,T1014,2018-08-29,2018-08-29 14:00:00,2018-08-29 18:00:00,84.02,2.707323390182825,0.2102031772472159
9,T1014,2018-08-30,2018-08-30 13:00:00,2018-08-30 14:00:00,72.158,2.184807023985268,0.1787322279415175
10,T1014,2018-09-05,2018-09-05 14:00:00,2018-09-05 18:00:00,89.348,2.8878200529372093,0.2515550342822651
12,T1014,2019-06-27,2019-06-27 16:00:00,2019-06-27 18:00:00,83.98400000000001,2.2952506184340185,0.2029717276168123
13,T1014,2019-06-28,2019-06-28 16:00:00,2019-06-28 18:00:00,85.55000000000001,2.295491373433198,0.0486433516692065
14,T1014,2019-07-10,2019-07-10 16:00:00,2019-07-10 18:00:00,89.096,2.565269147917682,-0.0082436138947982
15,T1014,2019-07-17,2019-07-17 16:00:00,2019-07-17 18:00:00,80.006,2.4251886564339777,0.0416824159993437
16,T1014,2019-07-19,2019-07-19 16:00:00,2019-07-19 18:00:00,81.5,2.517329522755082,-0.0390654776519491
17,T1014,2019-07-29,2019-07-29 16:00:00,2019-07-29 18:00:00,84.632,2.579991044870031,0.1903092218091804
18,T1014,2019-08-22,2019-08-22 13:00:00,2019-08-22 14:00:00,74.174,2.344077211372828,0.1847401636856708
20,T1014,2020-06-22,2020-06-22 16:00:00,2020-06-22 18:00:00,87.188,2.4228709709419274,0.4024828866300575
21,T1014,2020-07-06,2020-07-06 16:00:00,2020-07-06 18:00:00,90.68,2.6480701503649806,0.612055323083933
22,T1014,2020-07-09,2020-07-09 16:00:00,2020-07-09 20:00:00,93.74,2.764610836290467,0.4378194899750504
23,T1014,2020-07-20,2020-07-20 16:00:00,2020-07-20 20:00:00,81.338,2.4577981998735825,0.6484651691754895
24,T1014,2020-07-27,2020-07-27 16:00:00,2020-07-27 20:00:00,85.622,2.622075422716246,0.721086171655848
25,T1014,2020-08-27,2020-08-27 13:00:00,2020-08-27 14:00:00,83.55199999999999,2.577827273705707,0.9192722793531034
27,T1014,2021-06-28,2021-06-28 15:00:00,2021-06-28 19:00:00,85.19,2.3492005484747884,0.5550807847802767
28,T1014,2021-06-29,2021-06-29 15:00:00,2021-06-29 19:00:00,88.898,2.4365029315536986,0.5081343922138978
29,T1014,2021-08-09,2021-08-09 16:00:00,2021-08-09 20:00:00,89.582,2.6682135742672544,0.5758480676956332
30,T1014,2021-08-10,2021-08-10 15:00:00,2021-08-10 19:00:00,86.036,2.530353856061902,0.471938940539615
31,T1014,2021-08-11,2021-08-11 15:00:00,2021-08-11 19:00:00,86.324,2.539481567908456,0.6566109182869397
32,T1014,2021-08-12,2021-08-12 15:00:00,2021-08-12 19:00:00,84.23599999999999,2.473305657020948,0.4969817756948856
33,T1014,2021-08-26,2021-08-26 15:00:00,2021-08-26 19:00:00,87.458,2.631878251158365,0.6625794388874728
34,T1014,2021-09-01,2021-09-01 13:00:00,2021-09-01 14:00:00,73.05799999999999,2.1094450913600107,0.6599828623701282
0,T1016,2018-06-18,2018-06-18 15:00:00,2018-06-18 18:00:00,95.018,2.8782848593611514,-0.3230703188962566
1,T1016,2018-06-19,2018-06-19 15:00:00,2018-06-19 18:00:00,96.602,2.9140920930739886,-0.3667307170229722
2,T1016,2018-06-29,2018-06-29 16:00:00,2018-06-29 18:00:00,91.706,2.926722692332164,-0.3522018906012491
3,T1016,2018-07-02,2018-07-02 16:00:00,2018-07-02 18:00:00,96.17,3.091132582597676,-0.458482889334534
4,T1016,2018-07-03,2018-07-03 16:00:00,2018-07-03 18:00:00,93.65,3.006842306542222,-0.611699649556988
5,T1016,2018-07-05,2018-07-05 15:00:00,2018-07-05 17:00:00,92.714,2.979474454120348,-0.4072966121967919
6,T1016,2018-07-16,2018-07-16 16:00:00,2018-07-16 18:00:00,92.066,3.007270404431732,-0.0457054031051136
7,T1016,2018-08-06,2018-08-06 14:00:00,2018-08-06 18:00:00,91.346,2.983110496151564,-0.1136976074155353
8,T1016,2018-08-16,2018-08-16 14:00:00,2018-08-16 16:00:00,92.084,3.036570513592016,-0.0194042428663417
9,T1016,2018-08-27,2018-08-27 16:00:00,2018-08-27 18:00:00,91.94,3.04728569460418,-0.0618139435205408
10,T1016,2018-08-28,2018-08-28 15:00:00,2018-08-28 18:00:00,93.65,3.1158077263812065,-0.1047952930760209
11,T1016,2018-08-29,2018-08-29 15:00:00,2018-08-29 17:00:00,93.758,3.117906628212382,-0.0782425941016009
12,T1016,2019-06-26,2019-06-26 16:00:00,2019-06-26 18:00:00,90.878,2.624865590033253,0.1334097456571641
13,T1016,2019-06-27,2019-06-27 16:00:00,2019-06-27 18:00:00,93.452,2.714424839616707,-0.0658406636267743
14,T1016,2019-06-28,2019-06-28 15:00:00,2019-06-28 17:00:00,93.452,2.6382104979669023,-0.0920756075896459
15,T1016,2019-07-02,2019-07-02 16:00:00,2019-07-02 18:00:00,92.624,2.7055666009538,-0.0400227936488945
16,T1016,2019-07-03,2019-07-03 16:00:00,2019-07-03 18:00:00,96.098,2.830449334341374,-0.1249044859583319
17,T1016,2019-07-10,2019-07-10 16:00:00,2019-07-10 18:00:00,89.402,2.6729796115576443,0.0072539111299558
18,T1016,2019-07-15,2019-07-15 16:00:00,2019-07-15 18:00:00,92.678,2.854341138174082,-0.028444788705222
19,T1016,2019-07-16,2019-07-16 16:00:00,2019-07-16 18:00:00,93.758,2.895461588824401,-0.1179374102265976
20,T1016,2019-07-17,2019-07-17 16:00:00,2019-07-17 18:00:00,97.862,3.090532582401609,-0.0691493647445835
21,T1016,2019-07-18,2019-07-18 16:00:00,2019-07-18 18:00:00,94.892,2.9458390791932985,-0.1339244282257351
22,T1016,2019-07-19,2019-07-19 16:00:00,2019-07-19 18:00:00,94.982,2.94983729271464,-0.2155390830943127
23,T1016,2019-07-29,2019-07-29 16:00:00,2019-07-29 18:00:00,92.46200000000002,2.8812797692499155,0.0486914785383238
24,T1016,2019-08-15,2019-08-15 14:00:00,2019-08-15 16:00:00,86.324,2.6060456658657865,-0.0076750003966978
25,T1016,2019-08-19,2019-08-19 03:00:00,2019-08-19 05:00:00,95.486,3.067453742442312,-0.0211398223194859
26,T1016,2019-08-20,2019-08-20 16:00:00,2019-08-20 18:00:00,94.136,3.005555465240744,0.1050375591731549
27,T1016,2020-06-18,2020-06-18 16:30:00,2020-06-18 17:00:00,79.88,2.369191292435592,-0.0397962811537608
28,T1016,2020-06-22,2020-06-22 16:00:00,2020-06-22 18:00:00,91.256,2.759291878091492,0.0091570802459875
29,T1016,2020-06-23,2020-06-23 16:00:00,2020-06-23 18:00:00,90.716,2.7464518090791925,0.1810769943467819
30,T1016,2020-06-26,2020-06-26 16:00:00,2020-06-26 18:00:00,89.366,2.696523436619341,0.1975462523523176
31,T1016,2020-06-29,2020-06-29 16:00:00,2020-06-29 18:00:00,90.824,2.750163440300089,0.0768445462594066
32,T1016,2020-07-01,2020-07-01 16:00:00,2020-07-01 18:00:00,89.402,2.7326627806188992,-0.1503748419162853
33,T1016,2020-07-02,2020-07-02 16:00:00,2020-07-02 18:00:00,88.03399999999999,2.68060336451374,-0.0297512084219424
34,T1016,2020-07-03,2020-07-03 16:00:00,2020-07-03 18:00:00,94.442,2.908750899670522,-0.0536528641323068
35,T1016,2020-07-06,2020-07-06 15:00:00,2020-07-06 17:00:00,92.858,2.8827676526742927,-0.0553394700001602
36,T1016,2020-07-07,2020-07-07 15:00:00,2020-07-07 17:00:00,90.518,2.79206701645586,-0.0584499728927571
37,T1016,2020-07-08,2020-07-08 16:00:00,2020-07-08 18:00:00,88.142,2.6943249260393247,-0.1293738538511817
38,T1016,2020-07-09,2020-07-09 15:00:00,2020-07-09 17:00:00,87.99799999999999,2.670880895870495,-0.1427379431869307
39,T1016,2020-07-15,2020-07-15 16:00:00,2020-07-15 18:00:00,90.95,2.854614808559645,-0.0918560305660883
40,T1016,2020-07-20,2020-07-20 15:00:00,2020-07-20 17:00:00,95.702,3.0590395721393167,-0.0399373397933765
41,T1016,2020-07-21,2020-07-21 16:00:00,2020-07-21 18:00:00,97.718,3.1581582644711905,0.2003406445979072
42,T1016,2020-07-22,2020-07-22 16:00:00,2020-07-22 18:00:00,97.052,3.1161464884552954,0.1196224074941198
43,T1016,2020-07-27,2020-07-27 15:00:00,2020-07-27 17:00:00,96.908,3.155054479573773,0.165448367802206
44,T1016,2020-07-28,2020-07-28 16:00:00,2020-07-28 18:00:00,98.15,3.190498779005428,0.0225667816472889
45,T1016,2020-07-29,2020-07-29 16:00:00,2020-07-29 18:00:00,89.726,2.8466427762484345,-0.0180604338004107
46,T1016,2020-08-10,2020-08-10 16:00:00,2020-08-10 18:00:00,90.302,2.940333246752126,-0.0175202433871867
47,T1016,2020-08-25,2020-08-25 16:00:00,2020-08-25 18:00:00,91.76,3.041454902842261,0.0883127562411527
48,T1016,2020-08-27,2020-08-27 16:00:00,2020-08-27 18:00:00,94.37,3.1447634700528546,0.0288792028766208
49,T1016,2020-05-13,2020-05-13 16:00:00,2020-05-13 17:00:00,71.258,1.9727548782257445,0.1252898025347073
50,T1016,2021-05-25,2021-05-25 13:00:00,2021-05-25 13:30:00,82.922,2.160144964895481,0.3388371282126914
51,T1016,2021-06-28,2021-06-28 16:00:00,2021-06-28 18:00:00,90.23,2.6446755040801704,0.4391798983699994
52,T1016,2021-06-29,2021-06-29 16:00:00,2021-06-29 18:00:00,91.868,2.704485289851158,0.5050597195142057
53,T1016,2021-06-30,2021-06-30 15:00:00,2021-06-30 17:00:00,95.27,2.832245087375676,0.5815887765051138
54,T1016,2021-07-06,2021-07-06 16:00:00,2021-07-06 18:00:00,94.172,2.805359254236877,0.8968085101161543
55,T1016,2021-07-07,2021-07-07 16:00:00,2021-07-07 18:00:00,94.154,2.805311301320855,0.7456511912588675
56,T1016,2021-07-13,2021-07-13 16:00:00,2021-07-13 18:00:00,91.04,2.733764818137384,0.8931427732773675
57,T1016,2021-07-16,2021-07-16 15:00:00,2021-07-16 17:00:00,94.65800000000002,2.9150189882860085,1.081745133069183
58,T1016,2021-07-26,2021-07-26 16:00:00,2021-07-26 18:00:00,91.022,2.7529646320304986,0.6311822884022569
59,T1016,2021-07-27,2021-07-27 16:00:00,2021-07-27 18:00:00,90.194,2.7513499270007475,0.8448023859907191
60,T1016,2021-08-10,2021-08-10 16:00:00,2021-08-10 18:00:00,92.066,2.857314038629419,1.0014957928876262
61,T1016,2021-08-11,2021-08-11 16:00:00,2021-08-11 18:00:00,94.64,2.9466555757421564,1.0745811008425126
62,T1016,2021-08-12,2021-08-12 14:00:00,2021-08-12 16:00:00,95.126,2.975695246271281,1.0378617602445903
63,T1016,2021-08-13,2021-08-13 15:00:00,2021-08-13 17:00:00,95.954,3.017868551493694,1.029187889464572
64,T1016,2021-08-23,2021-08-23 16:30:00,2021-08-23 17:00:00,91.904,2.8927191907847454,0.7137653144686491
65,T1016,2021-08-24,2021-08-24 16:00:00,2021-08-24 18:00:00,94.604,3.0061922872093465,1.05615236018383
66,T1016,2021-08-25,2021-08-25 15:00:00,2021-08-25 17:00:00,93.218,2.947942764378052,1.007762026176014
67,T1016,2021-08-26,2021-08-26 16:00:00,2021-08-26 18:00:00,93.434,2.954751150163528,0.9692884282188076
68,T1016,2021-08-27,2021-08-27 15:00:00,2021-08-27 17:00:00,93.65,2.9759678291517018,1.102448437604729
0,T1036,2018-06-18,2018-06-18 14:00:00,2018-06-18 17:00:00,91.04,2.1791880846047573,-0.3499970413190773
1,T1036,2018-06-19,2018-06-19 14:00:00,2018-06-19 17:00:00,73.47200000000001,1.8988037915510847,-0.1561962332000235
2,T1036,2018-06-26,2018-06-26 13:00:00,2018-06-26 14:00:00,77.774,1.988774283421033,-0.2125798262855582
3,T1036,2018-06-29,2018-06-29 16:00:00,2018-06-29 18:00:00,92.966,2.28748867834744,-0.2875659504157293
4,T1036,2018-07-02,2018-07-02 15:00:00,2018-07-02 17:00:00,83.048,2.134050909351896,0.1613111380661609
5,T1036,2018-07-03,2018-07-03 15:00:00,2018-07-03 17:00:00,86.702,2.251496001584956,-0.0448628418779525
6,T1036,2018-07-05,2018-07-05 14:00:00,2018-07-05 16:00:00,88.934,2.301221742143348,-0.1509004804675517
7,T1036,2018-07-16,2018-07-16 15:00:00,2018-07-16 17:00:00,85.946,2.278498649461344,-0.0817042367750622
8,T1036,2018-08-06,2018-08-06 13:00:00,2018-08-06 17:00:00,78.512,2.154634269932606,-0.1145657454464229
9,T1036,2018-08-27,2018-08-27 15:00:00,2018-08-27 17:00:00,89.762,2.7610629679681424,0.1178352913561806
10,T1036,2018-08-28,2018-08-28 14:00:00,2018-08-28 17:00:00,85.44200000000001,2.6071556433318626,0.0384303821255474
11,T1036,2018-08-29,2018-08-29 14:00:00,2018-08-29 16:00:00,71.114,2.026040128567425,0.1387111158297263
12,T1036,2019-06-26,2019-06-26 15:00:00,2019-06-26 17:00:00,86.378,1.8262319293493376,0.2437129204529198
13,T1036,2019-06-27,2019-06-27 13:00:00,2019-06-27 14:00:00,87.656,1.8470935145504304,0.0776820805136241
14,T1036,2019-06-28,2019-06-28 14:00:00,2019-06-28 16:00:00,84.65,1.799800503439215,0.2181009091143222
15,T1036,2019-07-02,2019-07-02 15:00:00,2019-07-02 17:00:00,91.598,1.9620469100317488,0.1453569401325813
16,T1036,2019-07-03,2019-07-03 15:00:00,2019-07-03 17:00:00,83.408,1.857708796697867,-0.519158591783941
17,T1036,2019-07-10,2019-07-10 15:00:00,2019-07-10 17:00:00,93.272,2.086598658131517,-0.5366450176245511
18,T1036,2019-07-15,2019-07-15 15:00:00,2019-07-15 17:00:00,89.024,2.0890293593849605,0.2221844584562099
19,T1036,2019-07-16,2019-07-16 15:00:00,2019-07-16 17:00:00,81.93199999999999,1.940695721858296,0.313564565284738
20,T1036,2019-07-17,2019-07-17 15:00:00,2019-07-17 17:00:00,88.322,2.0437862439297647,0.285404558367795
21,T1036,2019-07-18,2019-07-18 15:00:00,2019-07-18 17:00:00,85.74799999999999,1.9917597277952988,0.2417191651581988
22,T1036,2019-07-19,2019-07-19 15:00:00,2019-07-19 17:00:00,91.67,2.1318400492780487,0.0598185287182144
23,T1036,2019-07-29,2019-07-29 15:00:00,2019-07-29 17:00:00,81.78800000000001,1.99656306900486,0.3760387630724321
24,T1036,2019-08-19,2019-08-19 02:00:00,2019-08-19 04:00:00,81.536,2.0705169409809576,-0.0069758067101885
25,T1036,2019-08-20,2019-08-20 15:00:00,2019-08-20 17:00:00,74.98400000000001,1.9011107083479608,0.3554878034757766
26,T1036,2020-06-18,2020-06-18 16:30:00,2020-06-18 17:00:00,85.874,2.077099806223244,0.4634397936131401
27,T1036,2020-06-22,2020-06-22 15:00:00,2020-06-22 17:00:00,79.53800000000001,1.977117213106296,0.4548496019640545
28,T1036,2020-06-23,2020-06-23 15:00:00,2020-06-23 17:00:00,73.814,1.879901366920102,0.4904807462618607
29,T1036,2020-06-25,2020-06-25 13:00:00,2020-06-25 14:00:00,80.834,2.026302177884665,0.4332316793711563
30,T1036,2020-06-26,2020-06-26 15:00:00,2020-06-26 17:00:00,75.56,1.8978808917332743,0.4576190215075807
31,T1036,2020-06-29,2020-06-29 15:00:00,2020-06-29 17:00:00,89.15,2.187112589619188,0.4156074781475771
32,T1036,2020-07-01,2020-07-01 15:00:00,2020-07-01 17:00:00,85.946,2.1637163981228738,0.1961982672761079
33,T1036,2020-07-02,2020-07-02 15:00:00,2020-07-02 17:00:00,87.368,2.189913245684057,0.490055013514043
34,T1036,2020-07-03,2020-07-03 15:00:00,2020-07-03 17:00:00,88.97,2.228438021509324,0.4923483502216004
36,T1036,2020-07-07,2020-07-07 14:00:00,2020-07-07 16:00:00,90.518,2.312531439470766,0.4118715993124405
37,T1036,2020-07-08,2020-07-08 15:00:00,2020-07-08 17:00:00,89.384,2.286436603542448,0.5812827637021728
38,T1036,2020-07-09,2020-07-09 14:00:00,2020-07-09 16:00:00,89.096,2.261998582593704,0.4388534441062455
39,T1036,2020-07-15,2020-07-15 15:00:00,2020-07-15 17:00:00,85.532,2.186502229521508,0.567336584437715
40,T1036,2020-07-20,2020-07-20 14:00:00,2020-07-20 16:00:00,82.75999999999999,2.213491756617717,0.5325689713608611
41,T1036,2020-07-21,2020-07-21 15:00:00,2020-07-21 17:00:00,82.238,2.202143072527296,0.6076767711278832
42,T1036,2020-07-22,2020-07-22 15:00:00,2020-07-22 17:00:00,83.93,2.2465920852147807,0.5306727435830288
43,T1036,2020-07-27,2020-07-27 14:00:00,2020-07-27 16:00:00,83.678,2.294016002826961,0.6923610391242219
44,T1036,2020-07-28,2020-07-28 15:00:00,2020-07-28 17:00:00,85.1,2.3418690941341227,0.6934102426081358
45,T1036,2020-07-29,2020-07-29 15:00:00,2020-07-29 17:00:00,86.036,2.360167306840396,0.5386296639362301
46,T1036,2020-08-10,2020-08-10 15:00:00,2020-08-10 17:00:00,88.016,2.493767235461212,1.1887796468456735
47,T1036,2020-08-25,2020-08-25 15:00:00,2020-08-25 17:00:00,86.48599999999999,2.509483773999813,0.8669244928781225
48,T1036,2020-08-27,2020-08-27 15:00:00,2020-08-27 17:00:00,90.608,2.634448341155656,0.8060670084171632
49,T1036,2021-06-24,2021-06-24 13:00:00,2021-06-24 14:00:00,79.628,2.0115399412072628,0.5114511855250675
50,T1036,2021-05-25,2021-05-25 12:00:00,2021-05-25 12:30:00,83.642,1.8347159790491367,0.1411957104534947
51,T1036,2021-05-26,2021-05-26 12:00:00,2021-05-26 12:30:00,78.368,1.7896391295405654,0.1492727731777265
52,T1036,2021-06-28,2021-06-28 15:00:00,2021-06-28 17:00:00,77.576,2.030345065266998,0.4091972397963883
53,T1036,2021-06-29,2021-06-29 15:00:00,2021-06-29 17:00:00,81.24799999999999,2.1053133577951693,0.4210068132549976
54,T1036,2021-06-30,2021-06-30 14:00:00,2021-06-30 16:00:00,81.71600000000001,2.1054118706631435,0.4709562260402941
55,T1036,2021-07-06,2021-07-06 15:00:00,2021-07-06 17:00:00,89.582,2.323380104618048,0.3738634761083095
56,T1036,2021-07-07,2021-07-07 14:00:00,2021-07-07 16:00:00,83.75,2.185129756969116,0.4692700160953623
57,T1036,2021-07-26,2021-07-26 15:00:00,2021-07-26 17:00:00,90.932,2.4798210359479675,0.721367716437413
58,T1036,2021-07-27,2021-07-27 15:00:00,2021-07-27 17:00:00,88.59200000000001,2.4082685372030466,0.8767832662789296
59,T1036,2021-07-28,2021-07-28 15:00:00,2021-07-28 17:00:00,88.43,2.4037537523874013,0.6431616270645941
60,T1036,2021-08-10,2021-08-10 15:00:00,2021-08-10 17:00:00,91.22,2.533958492465638,0.5104785670713632
61,T1036,2021-08-11,2021-08-11 15:00:00,2021-08-11 17:00:00,87.422,2.40570240471517,0.8715267209258426
62,T1036,2021-08-12,2021-08-12 15:00:00,2021-08-12 17:00:00,87.548,2.4143143242763534,0.7946177791695409
64,T1036,2021-08-23,2021-08-23 15:30:00,2021-08-23 16:00:00,87.134,2.442806030469808,0.7419777406205414
65,T1036,2021-08-24,2021-08-24 15:00:00,2021-08-24 17:00:00,91.832,2.599753208254558,0.5093944582252682
66,T1036,2021-08-25,2021-08-25 15:00:00,2021-08-25 17:00:00,90.15800000000002,2.5384563001834093,0.8560449696759885
67,T1036,2021-08-26,2021-08-26 14:00:00,2021-08-26 16:00:00,87.566,2.4550467462592365,0.7902110419652665
68,T1036,2021-08-27,2021-08-27 14:00:00,2021-08-27 16:00:00,89.348,2.5244711174333863,0.8346773304533524
0,T1037,2018-06-18,2018-06-18 15:00:00,2018-06-18 18:00:00,93.974,2.633789986163845,0.1950469551737949
1,T1037,2018-06-19,2018-06-19 15:00:00,2018-06-19 18:00:00,92.966,2.608441795801585,0.2156154256146245
2,T1037,2018-06-26,2018-06-26 14:00:00,2018-06-26 15:00:00,79.16,2.3190938350166994,0.4484580324431219
3,T1037,2018-06-29,2018-06-29 16:00:00,2018-06-29 18:00:00,91.796,2.603907602644981,0.444934768992838
4,T1037,2018-07-02,2018-07-02 16:00:00,2018-07-02 18:00:00,89.114,2.5637232695116494,0.4325182500054803
5,T1037,2018-07-03,2018-07-03 16:00:00,2018-07-03 18:00:00,89.366,2.5739922587018897,0.4436649811290905
6,T1037,2018-07-05,2018-07-05 15:00:00,2018-07-05 17:00:00,93.11,2.6635207931489804,0.3189301880065447
7,T1037,2018-07-16,2018-07-16 16:00:00,2018-07-16 18:00:00,88.55600000000001,2.5175265099507422,0.426985832237214
8,T1037,2018-08-06,2018-08-06 14:00:00,2018-08-06 18:00:00,89.366,2.6146469248873085,0.4909103164593523
9,T1037,2018-08-27,2018-08-27 16:00:00,2018-08-27 18:00:00,91.202,2.6479572133936826,0.443360805490198
10,T1037,2018-08-28,2018-08-28 15:00:00,2018-08-28 18:00:00,92.102,2.6870686976788605,0.6389853281543882
11,T1037,2018-08-29,2018-08-29 15:00:00,2018-08-29 17:00:00,88.628,2.5620886594460925,0.5310337352918082
12,T1037,2019-06-26,2019-06-26 16:00:00,2019-06-26 18:00:00,90.21200000000002,2.1467393420764105,0.433385445667902
13,T1037,2019-06-27,2019-06-27 16:00:00,2019-06-27 18:00:00,89.94200000000001,2.158427580524309,0.2407450343130832
14,T1037,2019-06-28,2019-06-28 15:00:00,2019-06-28 17:00:00,91.148,2.183172471986488,0.1680077405814257
15,T1037,2019-07-02,2019-07-02 16:00:00,2019-07-02 18:00:00,91.922,2.235036632069181,0.1890611328008036
16,T1037,2019-07-03,2019-07-03 16:00:00,2019-07-03 18:00:00,89.33000000000001,2.175484302224828,0.0866228904981537
17,T1037,2019-07-10,2019-07-10 16:00:00,2019-07-10 18:00:00,91.67,2.2919774433080464,0.2750144011399533
18,T1037,2019-07-15,2019-07-15 16:00:00,2019-07-15 18:00:00,90.644,2.300827908072561,0.2244265607960786
19,T1037,2019-07-16,2019-07-16 16:00:00,2019-07-16 18:00:00,89.906,2.2753525438562567,0.2343181611279637
20,T1037,2019-07-17,2019-07-17 16:00:00,2019-07-17 18:00:00,88.178,2.193479584699235,0.2845493389669193
21,T1037,2019-07-18,2019-07-18 16:00:00,2019-07-18 18:00:00,90.23,2.2760872029224872,0.2905266031991725
22,T1037,2019-07-19,2019-07-19 16:00:00,2019-07-19 18:00:00,92.39,2.306084469954164,0.2932230369532599
23,T1037,2019-07-29,2019-07-29 16:00:00,2019-07-29 18:00:00,89.384,2.28660056421808,0.4596322588003605
24,T1037,2019-08-19,2019-08-19 03:00:00,2019-08-19 05:00:00,93.344,2.4137179361511367,0.0333345322144715
25,T1037,2019-08-20,2019-08-20 16:00:00,2019-08-20 18:00:00,90.5,2.3124594319423006,0.2041714422067536
26,T1037,2020-06-18,2020-06-18 16:30:00,2020-06-18 17:00:00,82.562,1.853020414215503,0.0699067216364379
27,T1037,2020-06-22,2020-06-22 16:00:00,2020-06-22 18:00:00,85.676,1.9392856741497089,0.2999053423226565
28,T1037,2020-06-23,2020-06-23 16:00:00,2020-06-23 18:00:00,79.844,1.819937011619941,0.2113756607992534
29,T1037,2020-06-26,2020-06-26 16:00:00,2020-06-26 18:00:00,84.488,1.9232994027713093,0.2132196010067485
30,T1037,2020-06-29,2020-06-29 16:00:00,2020-06-29 18:00:00,88.44800000000001,2.025915516917594,0.2468618824928596
31,T1037,2020-07-01,2020-07-01 16:00:00,2020-07-01 18:00:00,88.7,2.0431147659115605,0.1163998567699494
32,T1037,2020-07-02,2020-07-02 16:00:00,2020-07-02 18:00:00,89.06,2.050657520194961,0.3474278450111117
33,T1037,2020-07-03,2020-07-03 16:00:00,2020-07-03 18:00:00,91.022,2.094542636025659,0.3446694484976241
34,T1037,2020-07-06,2020-07-06 15:00:00,2020-07-06 17:00:00,91.994,2.139432050459992,0.1604566666235722
35,T1037,2020-07-07,2020-07-07 15:00:00,2020-07-07 17:00:00,91.382,2.125691922305111,0.1690859987171362
36,T1037,2020-07-08,2020-07-08 16:00:00,2020-07-08 18:00:00,91.76,2.1341784720478314,0.1525811201817171
37,T1037,2020-07-09,2020-07-09 15:00:00,2020-07-09 17:00:00,90.932,2.11417446193999,0.1237387098963975
38,T1037,2020-07-15,2020-07-15 16:00:00,2020-07-15 18:00:00,90.842,2.129176803044894,0.392607438043717
39,T1037,2020-07-20,2020-07-20 15:00:00,2020-07-20 17:00:00,90.788,2.158022748143515,0.3891114888223845
40,T1037,2020-07-21,2020-07-21 16:00:00,2020-07-21 18:00:00,91.868,2.1652305726938144,0.2415925604210694
41,T1037,2020-07-22,2020-07-22 16:00:00,2020-07-22 18:00:00,84.956,1.9951561847925867,0.2856253583783215
42,T1037,2020-07-27,2020-07-27 15:00:00,2020-07-27 17:00:00,91.058,2.1915026699106743,0.2117206458788479
43,T1037,2020-07-28,2020-07-28 16:00:00,2020-07-28 18:00:00,87.494,2.105101233342958,0.4723781926792006
44,T1037,2020-07-29,2020-07-29 16:00:00,2020-07-29 18:00:00,90.68,2.1821393472897728,0.4530344630493375
45,T1037,2020-08-04,2020-08-04 14:00:00,2020-08-04 15:00:00,79.574,1.91451671740502,0.2176332688020067
46,T1037,2020-08-10,2020-08-10 16:00:00,2020-08-10 18:00:00,87.116,2.103418203113355,0.3347286122508067
47,T1037,2020-08-25,2020-08-25 16:00:00,2020-08-25 18:00:00,91.868,2.258675279151273,0.3612604377638547
48,T1037,2020-08-27,2020-08-27 16:00:00,2020-08-27 18:00:00,85.874,2.0886444534679725,0.2892827119571914
49,T1037,2021-06-24,2021-06-24 14:00:00,2021-06-24 15:00:00,85.658,1.965941692155834,0.2125881233724577
50,T1037,2021-05-25,2021-05-25 13:00:00,2021-05-25 13:30:00,88.106,1.7520453773203566,-0.1387675477799459
51,T1037,2021-05-26,2021-05-26 13:00:00,2021-05-26 13:30:00,78.74600000000001,1.638556474078268,0.0683952335923076
52,T1037,2021-06-28,2021-06-28 16:00:00,2021-06-28 18:00:00,90.734,2.065664655029279,0.2509715357034966
53,T1037,2021-06-29,2021-06-29 16:00:00,2021-06-29 18:00:00,92.354,2.125876367339653,0.2520370436102455
54,T1037,2021-06-30,2021-06-30 15:00:00,2021-06-30 17:00:00,85.874,1.9913366710497016,0.3123719287903198
55,T1037,2021-07-06,2021-07-06 16:00:00,2021-07-06 18:00:00,91.31,2.106590959188142,0.2768943480753894
56,T1037,2021-07-07,2021-07-07 15:00:00,2021-07-07 17:00:00,89.69,2.077992853504972,0.3637965662962976
57,T1037,2021-07-26,2021-07-26 16:00:00,2021-07-26 18:00:00,89.888,2.1925318042756192,0.4437946177224882
58,T1037,2021-07-27,2021-07-27 16:00:00,2021-07-27 18:00:00,89.94200000000001,2.1970354301013213,0.4983933068551472
59,T1037,2021-08-10,2021-08-10 16:00:00,2021-08-10 18:00:00,89.672,2.2277119973152364,0.4354337346730753
60,T1037,2021-08-11,2021-08-11 16:00:00,2021-08-11 18:00:00,92.948,2.331576411082118,0.4357164402114855
61,T1037,2021-08-12,2021-08-12 16:00:00,2021-08-12 18:00:00,94.802,2.392452883236539,0.4092778623753865
62,T1037,2021-08-13,2021-08-13 16:00:00,2021-08-13 17:00:00,90.338,2.271801968191005,0.2692912867550497
63,T1037,2021-08-24,2021-08-24 16:00:00,2021-08-24 18:00:00,93.902,2.3902096623754066,0.3235961377779058
64,T1037,2021-08-25,2021-08-25 16:00:00,2021-08-25 18:00:00,88.78999999999999,2.231142596762722,0.47596235746593
65,T1037,2021-08-26,2021-08-26 16:00:00,2021-08-26 18:00:00,91.796,2.323916261611081,0.3986230673326214
66,T1037,2021-08-27,2021-08-27 15:00:00,2021-08-27 17:00:00,92.156,2.333640036928643,0.3992734078398868
0,T1051,2018-05-30,2018-05-30 16:00:00,2018-05-30 17:00:00,80.402,2.534317126417784,-0.0059891032118942
1,T1051,2018-05-31,2018-05-31 11:00:00,2018-05-31 12:00:00,85.406,2.7314808630547174,-0.1812067455796776
3,T1051,2018-08-30,2018-08-30 16:00:00,2018-08-30 17:00:00,87.602,3.056462422749599,-0.0359348394025312
5,T1051,2019-05-17,2019-05-17 12:00:00,2019-05-17 13:00:00,87.386,3.1377610031703544,0.3059558893650507
1,T1057,2018-06-18,2018-06-18 15:00:00,2018-06-18 18:00:00,83.22800000000001,2.1782754919085145,0.007166077481989
2,T1057,2018-07-02,2018-07-02 15:00:00,2018-07-02 18:00:00,83.624,2.329597649724223,-0.0435556187327774
3,T1057,2018-07-03,2018-07-03 15:00:00,2018-07-03 18:00:00,87.188,2.388385417260281,0.1404588014076673
4,T1057,2018-07-16,2018-07-16 15:00:00,2018-07-16 18:00:00,86.27,2.4901857997487684,0.2654525667149055
5,T1057,2018-08-06,2018-08-06 15:00:00,2018-08-06 18:00:00,83.606,2.649298900670997,0.2302977296949861
6,T1057,2018-08-28,2018-08-28 15:00:00,2018-08-28 18:00:00,81.78800000000001,2.5711454525766952,0.1711279891573664
7,T1057,2018-08-29,2018-08-29 14:00:00,2018-08-29 17:00:00,81.95,2.6378314584990075,0.116441028979719
8,T1057,2018-08-30,2018-08-30 13:00:00,2018-08-30 14:00:00,72.71600000000001,2.158718154411013,0.1327227397274442
9,T1057,2018-09-05,2018-09-05 14:00:00,2018-09-05 18:00:00,86.48599999999999,2.827100582391477,0.3224211372737942
11,T1057,2019-06-27,2019-06-27 16:00:00,2019-06-27 18:00:00,82.544,2.3597069797837924,0.1274460352641893
12,T1057,2019-06-28,2019-06-28 16:00:00,2019-06-28 18:00:00,82.274,2.3518728937983493,0.1025421899624814
13,T1057,2019-07-10,2019-07-10 16:00:00,2019-07-10 18:00:00,85.892,2.6344588390061894,-0.4233811270655896
14,T1057,2019-07-17,2019-07-17 16:00:00,2019-07-17 18:00:00,78.188,2.524707886351335,-0.2690455905398862
15,T1057,2019-07-19,2019-07-19 16:00:00,2019-07-19 18:00:00,79.34,2.555863176975649,-0.2987251794270006
16,T1057,2019-07-29,2019-07-29 16:00:00,2019-07-29 18:00:00,81.05000000000001,2.7151114774468987,0.1223232190155123
17,T1057,2019-08-22,2019-08-22 13:00:00,2019-08-22 14:00:00,74.138,2.413571456474621,0.3206770487829931
19,T1057,2020-06-22,2020-06-22 16:00:00,2020-06-22 18:00:00,83.174,2.3329140922836307,0.4084434897930772
20,T1057,2020-07-06,2020-07-06 16:00:00,2020-07-06 18:00:00,89.474,2.551430643139179,0.5772196267711527
21,T1057,2020-07-09,2020-07-09 14:00:00,2020-07-09 18:00:00,92.174,2.636067540801875,0.4731101996200281
22,T1057,2020-07-20,2020-07-20 16:00:00,2020-07-20 18:00:00,81.78800000000001,2.427562516149308,0.3771736894580277
23,T1057,2020-07-27,2020-07-27 14:00:00,2020-07-27 18:00:00,85.37,2.5871470196834765,0.2259880912046777
24,T1057,2020-08-27,2020-08-27 13:00:00,2020-08-27 14:00:00,82.166,2.5228098738186224,0.4212436695178399
26,T1057,2021-06-29,2021-06-29 14:00:00,2021-06-29 18:00:00,87.422,2.5329362450710744,-0.1859600102725687
27,T1057,2021-08-11,2021-08-11 14:00:00,2021-08-11 18:00:00,86.054,2.793871132461719,0.2067742292234936
28,T1057,2021-08-12,2021-08-12 14:00:00,2021-08-12 18:00:00,83.53399999999999,2.7049426196957653,0.0228749812633334
29,T1057,2021-08-26,2021-08-26 14:00:00,2021-08-26 18:00:00,86.612,2.9065345160467406,0.1726577198840261
30,T1057,2021-09-01,2021-09-01 13:00:00,2021-09-01 14:00:00,72.98599999999999,2.37005505032146,0.1370968482775995
32,T1057,2021-05-25,2021-05-25 14:00:00,2021-05-25 14:30:00,82.03999999999999,2.0488294634537727,-0.2225648560536926
33,T1057,2021-05-26,2021-05-26 14:00:00,2021-05-26 14:30:00,76.244,1.968271833448924,0.1124073689081299
34,T1057,2021-08-13,2021-08-13 16:00:00,2021-08-13 18:00:00,82.328,2.660394580664811,0.0077460656532843
35,T1057,2021-08-25,2021-08-25 16:00:00,2021-08-25 18:00:00,87.494,2.9280726632532628,0.1063951878585894
1,T1066,2018-06-06,2018-06-06 15:00:00,2018-06-06 18:00:00,95.81,2.972749904984051,-0.0671395471878177
2,T1066,2018-06-07,2018-06-07 15:00:00,2018-06-07 18:00:00,94.532,3.0025444147168963,0.0266533514392737
3,T1066,2018-06-22,2018-06-22 15:00:00,2018-06-22 18:00:00,95.9,3.0982954246878665,0.0777749281638234
4,T1066,2018-06-27,2018-06-27 15:00:00,2018-06-27 18:00:00,96.062,3.0494780556471937,0.1059220675759506
5,T1066,2018-06-28,2018-06-28 15:30:00,2018-06-28 17:30:00,94.532,3.0332776603679097,0.1107872222231452
6,T1066,2018-07-02,2018-07-02 16:00:00,2018-07-02 18:00:00,97.25,3.1342585088932577,0.312556127030314
7,T1066,2018-07-03,2018-07-03 16:00:00,2018-07-03 18:00:00,98.672,3.216453540616272,0.1976110002076173
8,T1066,2018-07-19,2018-07-19 16:00:00,2018-07-19 18:00:00,100.202,3.285661397067835,0.3815754580123845
10,T1066,2018-07-23,2018-07-23 15:30:00,2018-07-23 17:30:00,106.682,3.4909655962676416,0.4872514122389128
11,T1066,2018-08-06,2018-08-06 15:30:00,2018-08-06 17:30:00,93.704,2.8952526346701952,0.0632791528835743
12,T1066,2018-08-07,2018-08-07 15:30:00,2018-08-07 17:30:00,95.144,3.015843605605192,0.1520411816168876
13,T1066,2018-08-08,2018-08-08 15:30:00,2018-08-08 17:30:00,96.89,3.013365708942144,0.1822592261940676
14,T1066,2018-08-16,2018-08-16 15:30:00,2018-08-16 17:30:00,97.232,3.094930653451815,0.0620914778072365
15,T1066,2018-08-17,2018-08-17 15:30:00,2018-08-17 17:30:00,98.852,3.071090138233501,0.2520907123917553
16,T1066,2018-08-22,2018-08-22 15:30:00,2018-08-22 17:30:00,99.32,3.0773095957244183,0.188371315797904
17,T1066,2018-08-23,2018-08-23 15:30:00,2018-08-23 17:30:00,98.636,3.0731027195763896,0.1629640717502644
18,T1066,2018-08-24,2018-08-24 15:30:00,2018-08-24 17:30:00,98.6,3.078511560338141,0.1052758899383521
19,T1066,2018-09-18,2018-09-18 15:30:00,2018-09-18 17:30:00,90.68,2.85915824421628,0.2456021116085259
20,T1066,2018-09-19,2018-09-19 15:30:00,2018-09-19 17:30:00,89.708,2.85676995331998,0.2343817705631403
21,T1066,2019-06-19,2019-06-19 16:00:00,2019-06-19 17:30:00,94.622,3.180674363597676,0.0047264032048748
22,T1066,2019-06-20,2019-06-20 16:00:00,2019-06-20 18:00:00,93.902,3.1260542506144104,-0.1027997504081271
23,T1066,2019-07-09,2019-07-09 16:00:00,2019-07-09 17:30:00,93.254,3.277210095787056,0.15176919450478
24,T1066,2019-07-10,2019-07-10 15:00:00,2019-07-10 17:00:00,95.09,3.2904914242123406,0.3027475947310666
25,T1066,2019-07-30,2019-07-30 15:30:00,2019-07-30 17:30:00,97.034,3.158109852594248,0.3405147071813329
26,T1066,2019-07-31,2019-07-31 16:00:00,2019-07-31 18:00:00,98.546,3.137664776753276,0.3593442987658248
27,T1066,2019-08-01,2019-08-01 15:00:00,2019-08-01 17:00:00,95.954,3.1707998996679576,0.3278495302735161
29,T1066,2019-08-08,2019-08-08 15:00:00,2019-08-08 17:00:00,98.654,3.2483719260124047,0.3114934653153114
30,T1066,2019-08-12,2019-08-12 15:00:00,2019-08-12 17:00:00,100.382,3.224064666518032,0.3230941022802227
31,T1066,2019-09-05,2019-09-05 15:00:00,2019-09-05 17:00:00,97.808,2.955398676987886,0.5817904170881648
32,T1066,2019-09-06,2019-09-06 15:00:00,2019-09-06 17:00:00,98.186,2.963894754037185,0.5188248181496098
33,T1066,2020-06-18,2020-06-18 15:00:00,2020-06-18 18:00:00,91.292,2.756165109495708,0.7110893175528092
34,T1066,2020-07-01,2020-07-01 16:00:00,2020-07-01 18:00:00,92.48,2.8309437386125498,1.002818528272854
35,T1066,2020-07-02,2020-07-02 16:00:00,2020-07-02 18:00:00,94.55,2.9037915168821007,1.0899591928101957
36,T1066,2020-07-08,2020-07-08 16:00:00,2020-07-08 18:00:00,94.046,2.939344873535143,1.0208837186779052
37,T1066,2020-07-09,2020-07-09 16:00:00,2020-07-09 18:00:00,96.098,2.9599780078799296,1.111301856104456
38,T1066,2020-07-10,2020-07-10 16:00:00,2020-07-10 17:00:00,97.016,3.034486548569437,1.1377167466481866
39,T1066,2020-07-13,2020-07-13 16:00:00,2020-07-13 18:00:00,101.696,3.172542101278433,1.303467504331033
40,T1066,2020-08-06,2020-08-06 16:00:00,2020-08-06 18:00:00,96.728,2.9306110266223424,0.6486509814677393
41,T1066,2020-08-11,2020-08-11 16:00:00,2020-08-11 18:00:00,97.448,3.03844018680574,0.687715524384294
42,T1066,2020-08-12,2020-08-12 15:00:00,2020-08-12 17:00:00,98.546,3.074350766698561,0.7109656573008887
43,T1066,2020-08-14,2020-08-14 15:00:00,2020-08-14 17:00:00,101.804,3.1627342909978453,0.7789467654792657
44,T1066,2020-09-01,2020-09-01 15:00:00,2020-09-01 17:00:00,95.054,2.805726567715345,0.7735905876405702
45,T1066,2021-06-17,2021-06-17 15:00:00,2021-06-17 18:00:00,93.686,2.690471495666376,0.6375504662320897
46,T1066,2021-06-09,2021-06-09 16:00:00,2021-06-09 18:00:00,90.626,2.544866175367092,0.6045944979555192
47,T1066,2021-06-10,2021-06-10 16:00:00,2021-06-10 18:00:00,90.986,2.566600589586609,0.6062612002169832
48,T1066,2021-06-14,2021-06-14 16:00:00,2021-06-14 18:00:00,94.568,2.715299530412103,0.6887949440255471
49,T1066,2021-06-15,2021-06-15 15:00:00,2021-06-15 17:00:00,93.308,2.6581783445629195,0.6383599559251522
50,T1066,2021-06-24,2021-06-24 14:30:00,2021-06-24 16:30:00,92.822,2.717215296896581,0.7173395289408214
51,T1066,2021-06-25,2021-06-25 15:30:00,2021-06-25 17:30:00,92.696,2.712746522904148,0.7010010793436374
53,T1066,2021-07-26,2021-07-26 16:00:00,2021-07-26 18:00:00,95.27,2.9843166819418183,0.8651536495881232
54,T1066,2021-07-27,2021-07-27 16:00:00,2021-07-27 18:00:00,94.442,2.9399152806911864,0.848413249197858
55,T1066,2021-07-29,2021-07-29 15:30:00,2021-07-29 17:30:00,92.768,2.878034994867742,0.6809262985505975
56,T1066,2021-07-30,2021-07-30 15:00:00,2021-07-30 17:00:00,93.272,2.937627721779558,0.7072262252494693
57,T1066,2021-08-09,2021-08-09 15:30:00,2021-08-09 17:30:00,92.516,2.898259982718886,0.8050973368934125
58,T1066,2021-08-10,2021-08-10 15:30:00,2021-08-10 17:30:00,92.696,2.9064504084074034,0.8233257332934653
59,T1066,2021-08-11,2021-08-11 15:30:00,2021-08-11 17:00:00,93.434,2.936026945615936,0.8120670463170715
0,T1070,2018-06-18,2018-06-18 14:00:00,2018-06-18 17:00:00,91.796,2.682359379522955,-0.5262896445322304
1,T1070,2018-06-19,2018-06-19 14:00:00,2018-06-19 17:00:00,66.2,2.263150787994656,0.0934247672862618
2,T1070,2018-06-29,2018-06-29 16:00:00,2018-06-29 18:00:00,93.074,2.765642972594398,-0.5103752865137132
3,T1070,2018-07-02,2018-07-02 15:00:00,2018-07-02 17:00:00,74.768,2.4518997430899883,-0.0589808336552322
4,T1070,2018-07-03,2018-07-03 15:00:00,2018-07-03 17:00:00,82.814,2.654601368557489,-0.3910849331626216
5,T1070,2018-07-05,2018-07-05 14:00:00,2018-07-05 16:00:00,89.6,2.8131460009252227,-0.4524982284959463
6,T1070,2018-07-16,2018-07-16 15:00:00,2018-07-16 17:00:00,85.928,2.8260775275365684,-0.4427097941942857
7,T1070,2018-08-06,2018-08-06 13:00:00,2018-08-06 17:00:00,77.28800000000001,2.689687974274305,-0.0199835192527415
8,T1070,2018-08-22,2018-08-22 14:00:00,2018-08-22 16:00:00,76.56800000000001,2.8179560806533748,0.6081579902719704
9,T1070,2018-08-27,2018-08-27 15:00:00,2018-08-27 17:00:00,88.934,3.377869953287365,0.0958135531039125
10,T1070,2018-08-28,2018-08-28 14:00:00,2018-08-28 17:00:00,84.18199999999999,3.1609537754654427,0.1039151481106392
11,T1070,2018-08-29,2018-08-29 14:00:00,2018-08-29 16:00:00,70.05199999999999,2.546384629180284,0.313923452666163
12,T1070,2019-06-26,2019-06-26 15:00:00,2019-06-26 17:00:00,81.28399999999999,2.3846070641342,-0.1648619345934085
13,T1070,2019-06-27,2019-06-27 15:00:00,2019-06-27 17:00:00,80.294,2.417964449025485,-0.3198040311299892
14,T1070,2019-06-28,2019-06-28 14:00:00,2019-06-28 16:00:00,76.982,2.380643810483749,-0.1501712429120432
15,T1070,2019-07-02,2019-07-02 15:00:00,2019-07-02 17:00:00,91.148,2.716348736280404,-0.3626383901176426
16,T1070,2019-07-03,2019-07-03 15:00:00,2019-07-03 17:00:00,77.43199999999999,2.465006078161467,-0.2339011565001491
17,T1070,2019-07-10,2019-07-10 15:00:00,2019-07-10 17:00:00,93.056,2.9406199875063765,-0.1790526754635231
18,T1070,2019-07-15,2019-07-15 15:00:00,2019-07-15 17:00:00,90.464,2.974455238010148,-0.1498292502721765
19,T1070,2019-07-16,2019-07-16 15:00:00,2019-07-16 17:00:00,80.582,2.634498908954194,-0.180509961982668
20,T1070,2019-07-17,2019-07-17 15:00:00,2019-07-17 17:00:00,82.13,2.742394678141136,-0.1880705156371168
21,T1070,2019-07-18,2019-07-18 15:00:00,2019-07-18 17:00:00,84.848,2.725109233623217,-0.1650639764317648
22,T1070,2019-07-19,2019-07-19 15:00:00,2019-07-19 17:00:00,90.68,2.9581893849452707,-0.4714299889012388
23,T1070,2019-07-29,2019-07-29 15:00:00,2019-07-29 17:00:00,82.868,2.878956530221056,0.0259764808431691
24,T1070,2019-08-13,2019-08-13 14:00:00,2019-08-13 16:00:00,78.548,2.861761182807897,0.1046375287540122
25,T1070,2019-08-19,2019-08-19 02:00:00,2019-08-19 04:00:00,78.062,2.7972486391149043,0.0436999488113502
26,T1070,2019-08-20,2019-08-20 15:00:00,2019-08-20 17:00:00,76.082,2.703936817351173,0.2401888792834108
27,T1070,2020-06-18,2020-06-18 16:30:00,2020-06-18 17:00:00,83.03,2.60197849324108,0.0860368266363976
28,T1070,2020-06-22,2020-06-22 15:00:00,2020-06-22 17:00:00,74.732,2.4317358439780694,0.0374322986413037
29,T1070,2020-06-23,2020-06-23 15:00:00,2020-06-23 17:00:00,76.874,2.514455454880508,0.2740298551395916
30,T1070,2020-06-26,2020-06-26 15:00:00,2020-06-26 17:00:00,73.922,2.4237560931341786,0.1270698117945103
31,T1070,2020-06-29,2020-06-29 15:00:00,2020-06-29 17:00:00,84.326,2.755225637092549,-0.105805363756976
32,T1070,2020-07-01,2020-07-01 15:00:00,2020-07-01 17:00:00,79.574,2.672768349783141,-0.0226407690495592
33,T1070,2020-07-02,2020-07-02 15:00:00,2020-07-02 17:00:00,82.166,2.761042566726961,-0.0763612551969745
34,T1070,2020-07-03,2020-07-03 15:00:00,2020-07-03 17:00:00,85.406,2.862951495523568,-0.1202593690853928
36,T1070,2020-07-07,2020-07-07 14:00:00,2020-07-07 16:00:00,88.142,3.002242685306868,-0.3521812709920594
37,T1070,2020-07-08,2020-07-08 15:00:00,2020-07-08 17:00:00,83.714,2.833644666289876,-0.053396101797334
38,T1070,2020-07-09,2020-07-09 14:00:00,2020-07-09 16:00:00,85.28,2.907970531370988,-0.2210574670196777
39,T1070,2020-07-15,2020-07-15 15:00:00,2020-07-15 17:00:00,84.92,2.888934974607824,0.0283990977624489
40,T1070,2020-07-20,2020-07-20 14:00:00,2020-07-20 16:00:00,80.294,2.7715420346014388,0.1488083717512406
41,T1070,2020-07-21,2020-07-21 15:00:00,2020-07-21 17:00:00,77.792,2.71174603492873,0.2467608529062139
42,T1070,2020-07-22,2020-07-22 15:00:00,2020-07-22 17:00:00,84.902,2.9831318391466928,0.2282947451322895
43,T1070,2020-07-27,2020-07-27 14:00:00,2020-07-27 16:00:00,82.562,2.9410262439772974,0.1881811372836601
44,T1070,2020-07-28,2020-07-28 15:00:00,2020-07-28 17:00:00,85.118,3.033033910853147,0.3080780965444603
45,T1070,2020-07-29,2020-07-29 15:00:00,2020-07-29 17:00:00,82.076,2.89597545313274,0.2810167616263851
46,T1070,2020-08-10,2020-08-10 15:00:00,2020-08-10 17:00:00,82.976,2.9854116015935888,0.5133702280528348
47,T1070,2020-08-25,2020-08-25 15:00:00,2020-08-25 17:00:00,78.512,2.8017735322390074,0.1256703421343173
48,T1070,2020-08-27,2020-08-27 15:00:00,2020-08-27 17:00:00,91.508,3.372954725563996,-0.0409060524879308
49,T1070,2021-08-18,2021-08-18 14:00:00,2021-08-18 16:00:00,80.99600000000001,2.579670081826541,0.2849602668407159
50,T1070,2020-05-13,2020-05-13 15:00:00,2020-05-13 16:00:00,57.524,1.8503392195075663,0.155829026820024
51,T1070,2020-09-16,2020-09-16 14:00:00,2020-09-16 16:00:00,80.636,2.915018061743581,0.7683839960216409
61,T1070,2021-08-10,2021-08-10 15:00:00,2021-08-10 17:00:00,89.744,2.635583016020894,0.1214493578055785
62,T1070,2021-08-11,2021-08-11 15:00:00,2021-08-11 17:00:00,85.982,2.650841305556545,0.3235129378313758
63,T1070,2021-08-12,2021-08-12 15:00:00,2021-08-12 17:00:00,87.71000000000001,2.7246832389089417,0.2059290606116736
64,T1070,2021-08-13,2021-08-13 15:00:00,2021-08-13 16:00:00,77.48599999999999,2.4505328693239474,0.2261206125025383
65,T1070,2021-08-24,2021-08-24 15:00:00,2021-08-24 17:00:00,92.12,2.9688352098865853,0.3746542042840167
66,T1070,2021-08-25,2021-08-25 15:00:00,2021-08-25 17:00:00,89.402,2.925429237631616,0.3850701879940294
67,T1070,2021-08-26,2021-08-26 14:00:00,2021-08-26 16:00:00,83.03,2.716258093743081,0.3566511092656015
68,T1070,2021-08-27,2021-08-27 14:00:00,2021-08-27 16:00:00,83.606,2.7358231030027778,0.3223873550130415
0,T1072,2018-06-18,2018-06-18 15:00:00,2018-06-18 18:00:00,92.264,3.1639161020436566,0.2289298890638546
1,T1072,2018-06-19,2018-06-19 15:00:00,2018-06-19 18:00:00,85.856,2.976338101169709,0.0715024393001118
2,T1072,2018-06-26,2018-06-26 14:00:00,2018-06-26 15:00:00,82.346,2.881492798639812,0.3318467665051753
3,T1072,2018-06-29,2018-06-29 16:00:00,2018-06-29 18:00:00,89.6,3.0584493727912383,-0.2960978228325273
4,T1072,2018-07-02,2018-07-02 16:00:00,2018-07-02 18:00:00,89.87,3.1314120510855075,-0.3400903401770628
5,T1072,2018-07-03,2018-07-03 16:00:00,2018-07-03 18:00:00,90.32,3.144895341066453,0.2994944720431241
6,T1072,2018-07-05,2018-07-05 15:00:00,2018-07-05 17:00:00,91.13,3.180387856649605,0.1962923298400698
7,T1072,2018-07-16,2018-07-16 16:00:00,2018-07-16 18:00:00,86.19800000000001,3.022850668343204,0.4593339965396729
8,T1072,2018-08-06,2018-08-06 14:00:00,2018-08-06 18:00:00,89.27600000000001,3.1470299473875176,0.4247095076897932
9,T1072,2018-08-27,2018-08-27 16:00:00,2018-08-27 18:00:00,90.014,3.161225953852349,0.6416768381432186
10,T1072,2018-08-28,2018-08-28 15:00:00,2018-08-28 18:00:00,90.716,3.186521246136341,0.9422715377223344
11,T1072,2018-08-29,2018-08-29 15:00:00,2018-08-29 17:00:00,89.294,3.129007510533593,0.6088669466749127
12,T1072,2019-06-26,2019-06-26 16:00:00,2019-06-26 18:00:00,88.97,2.6653960734473907,0.4191663224599692
13,T1072,2019-06-27,2019-06-27 16:00:00,2019-06-27 18:00:00,87.332,2.6002542634029178,0.3095374024452326
14,T1072,2019-06-28,2019-06-28 15:00:00,2019-06-28 17:00:00,90.896,2.751623786229454,0.4769387992371853
15,T1072,2019-07-02,2019-07-02 16:00:00,2019-07-02 18:00:00,92.678,2.845794636939095,0.5509505104525736
16,T1072,2019-07-03,2019-07-03 16:00:00,2019-07-03 18:00:00,85.928,2.6180736503476707,0.193834342856993
17,T1072,2019-07-10,2019-07-10 16:00:00,2019-07-10 18:00:00,90.896,2.9108450248284417,0.6833630240142722
18,T1072,2019-07-15,2019-07-15 16:00:00,2019-07-15 18:00:00,92.012,2.9298163471066854,0.5287996640536655
19,T1072,2019-07-16,2019-07-16 16:00:00,2019-07-16 18:00:00,89.99600000000001,2.8419875956739364,0.6236213647085226
20,T1072,2019-07-17,2019-07-17 16:00:00,2019-07-17 18:00:00,85.00999999999999,2.6257199175775328,0.5377239401095025
21,T1072,2019-07-18,2019-07-18 16:00:00,2019-07-18 18:00:00,90.392,2.8669065796093505,0.583128087053876
22,T1072,2019-07-19,2019-07-19 16:00:00,2019-07-19 18:00:00,91.508,2.954156430813012,0.5058478109491776
23,T1072,2019-07-29,2019-07-29 16:00:00,2019-07-29 18:00:00,88.55600000000001,2.8757703454844856,0.5600168511176307
24,T1072,2019-08-19,2019-08-19 03:00:00,2019-08-19 05:00:00,88.53800000000001,2.8898566579033,-0.1386249797366557
25,T1072,2019-08-20,2019-08-20 16:00:00,2019-08-20 18:00:00,91.958,3.054634824107102,0.5764632629224211
26,T1072,2020-06-18,2020-06-18 16:30:00,2020-06-18 17:00:00,78.314,2.020482546209693,0.1558261416317475
27,T1072,2020-06-22,2020-06-22 16:00:00,2020-06-22 18:00:00,83.876,2.1457956030808254,-0.3136575197951491
28,T1072,2020-06-23,2020-06-23 16:00:00,2020-06-23 18:00:00,78.81800000000001,2.050920106140296,-0.2272687116820957
29,T1072,2020-06-25,2020-06-25 14:00:00,2020-06-25 15:00:00,81.78800000000001,2.133082865194745,-0.0445960342815261
30,T1072,2020-06-26,2020-06-26 16:00:00,2020-06-26 18:00:00,85.658,2.2400804643552985,0.3328983602337905
31,T1072,2020-06-29,2020-06-29 16:00:00,2020-06-29 18:00:00,88.80799999999999,2.3428654421737063,-0.1853848604569917
32,T1072,2020-07-01,2020-07-01 16:00:00,2020-07-01 18:00:00,88.48400000000001,2.3379012750569506,-0.1630648651095993
33,T1072,2020-07-02,2020-07-02 16:00:00,2020-07-02 18:00:00,89.564,2.3669008019812483,-0.2183290129202692
34,T1072,2020-07-03,2020-07-03 16:00:00,2020-07-03 18:00:00,91.706,2.4255195038410475,0.2702277536723372
35,T1072,2020-07-06,2020-07-06 15:00:00,2020-07-06 17:00:00,94.01,2.511078737163591,0.3481714704133498
36,T1072,2020-07-07,2020-07-07 15:00:00,2020-07-07 17:00:00,91.544,2.439662983999891,0.3301918022924568
37,T1072,2020-07-08,2020-07-08 16:00:00,2020-07-08 18:00:00,91.22,2.427466983899753,0.2777939871714102
38,T1072,2020-07-09,2020-07-09 15:00:00,2020-07-09 17:00:00,93.2,2.4824118503302746,0.3166902064508711
39,T1072,2020-07-15,2020-07-15 16:00:00,2020-07-15 18:00:00,89.654,2.440643619406216,0.3473506928388314
40,T1072,2020-07-20,2020-07-20 15:00:00,2020-07-20 17:00:00,88.898,2.430517777810711,0.2898914376626424
41,T1072,2020-07-21,2020-07-21 16:00:00,2020-07-21 18:00:00,89.15,2.426107879439397,0.2469903613509623
42,T1072,2020-07-22,2020-07-22 16:00:00,2020-07-22 18:00:00,84.47,2.315584801508334,0.2422151067270983
43,T1072,2020-07-27,2020-07-27 15:00:00,2020-07-27 17:00:00,91.274,2.558106306934713,0.3110066618625309
44,T1072,2020-07-28,2020-07-28 16:00:00,2020-07-28 18:00:00,85.964,2.3835152936200683,0.2675210214618558
45,T1072,2020-07-29,2020-07-29 16:00:00,2020-07-29 18:00:00,89.726,2.50220902283317,0.319073919681302
46,T1072,2020-08-10,2020-08-10 16:00:00,2020-08-10 18:00:00,88.916,2.5283378666203005,0.4073105536711234
47,T1072,2020-08-25,2020-08-25 16:00:00,2020-08-25 18:00:00,90.176,2.6478021225497645,0.4030855491663812
48,T1072,2020-08-27,2020-08-27 16:00:00,2020-08-27 18:00:00,87.494,2.5584626745549865,0.511621715334019
49,T1072,2021-06-24,2021-06-24 14:00:00,2021-06-24 15:00:00,85.586,2.3502083242910725,0.0053698171429941
50,T1072,2021-05-25,2021-05-25 13:00:00,2021-05-25 13:30:00,88.55600000000001,2.086593459709285,-0.440317445174286
51,T1072,2021-05-26,2021-05-26 13:00:00,2021-05-26 13:30:00,82.02199999999999,1.9193764815963787,-0.3441571432912173
52,T1072,2021-06-28,2021-06-28 16:00:00,2021-06-28 18:00:00,89.816,2.439685681830916,-0.0716690680149841
53,T1072,2021-06-29,2021-06-29 16:00:00,2021-06-29 18:00:00,92.84,2.582563629121565,-0.1063528937429919
54,T1072,2021-06-30,2021-06-30 15:00:00,2021-06-30 17:00:00,83.94800000000001,2.3225597524874364,-0.0404938324869085
55,T1072,2021-07-06,2021-07-06 16:00:00,2021-07-06 18:00:00,91.058,2.5535076200968,-0.3987968969468242
56,T1072,2021-07-07,2021-07-07 15:00:00,2021-07-07 17:00:00,89.798,2.515656267566873,-0.1662370688219321
57,T1072,2021-07-26,2021-07-26 16:00:00,2021-07-26 18:00:00,88.664,2.653227647263947,0.0469380910330651
58,T1072,2021-07-27,2021-07-27 16:00:00,2021-07-27 18:00:00,89.132,2.672516428027361,-0.0016493315538879
59,T1072,2021-08-10,2021-08-10 16:00:00,2021-08-10 18:00:00,86.396,2.675410511828253,0.0012013355541249
60,T1072,2021-08-11,2021-08-11 16:00:00,2021-08-11 18:00:00,89.924,2.8348033123213896,-0.0629053325342123
61,T1072,2021-08-12,2021-08-12 16:00:00,2021-08-12 18:00:00,91.472,2.9047409696806223,-0.126818807353192
62,T1072,2021-08-13,2021-08-13 16:00:00,2021-08-13 17:00:00,88.55600000000001,2.772997940701602,0.0336841323387148
63,T1072,2021-08-24,2021-08-24 16:00:00,2021-08-24 18:00:00,91.76,2.985350004303084,0.0153335643831065
64,T1072,2021-08-25,2021-08-25 16:00:00,2021-08-25 18:00:00,86.666,2.65807596257827,0.2424771023337183
65,T1072,2021-08-26,2021-08-26 16:00:00,2021-08-26 18:00:00,87.35,2.761099104022464,0.6101313450845693
66,T1072,2021-08-27,2021-08-27 15:00:00,2021-08-27 17:00:00,90.5,2.918305026615532,0.6875650855937531
0,T1091,2018-06-18,2018-06-18 15:00:00,2018-06-18 18:00:00,93.92,2.6346430415622915,-0.1874385674109057
1,T1091,2018-06-19,2018-06-19 15:00:00,2018-06-19 18:00:00,91.688,2.59779580082027,-0.0970375070555605
2,T1091,2018-06-26,2018-06-26 14:00:00,2018-06-26 15:00:00,78.74600000000001,2.363998903607613,0.0398384239457106
3,T1091,2018-06-29,2018-06-29 16:00:00,2018-06-29 18:00:00,90.824,2.644024785694456,-0.2136587003088615
4,T1091,2018-07-02,2018-07-02 16:00:00,2018-07-02 18:00:00,88.844,2.622663986225355,0.0111355258146
5,T1091,2018-07-03,2018-07-03 16:00:00,2018-07-03 18:00:00,88.934,2.636067969216416,-0.191115954251936
6,T1091,2018-07-05,2018-07-05 15:00:00,2018-07-05 17:00:00,92.354,2.728490415069113,-0.1935939756531368
7,T1091,2018-07-16,2018-07-16 16:00:00,2018-07-16 18:00:00,87.602,2.5807875491720105,-0.1347625017448513
8,T1091,2018-08-06,2018-08-06 14:00:00,2018-08-06 18:00:00,87.782,2.740609721532992,-0.0127513028692937
9,T1091,2018-08-27,2018-08-27 16:00:00,2018-08-27 18:00:00,90.446,2.884300892581264,-0.2406943493532156
10,T1091,2018-08-28,2018-08-28 15:00:00,2018-08-28 18:00:00,91.166,2.9177483141867016,-0.082268375314364
11,T1091,2018-08-29,2018-08-29 15:00:00,2018-08-29 17:00:00,87.85400000000001,2.802826404055199,-0.2170167826586492
12,T1091,2019-06-26,2019-06-26 16:00:00,2019-06-26 18:00:00,89.96000000000001,2.656147981763834,0.0614368547377905
13,T1091,2019-06-27,2019-06-27 16:00:00,2019-06-27 18:00:00,89.042,2.633155558522981,0.0204725511631717
14,T1091,2019-06-28,2019-06-28 15:00:00,2019-06-28 17:00:00,90.05000000000001,2.65884541689265,-0.018118323334842
15,T1091,2019-07-02,2019-07-02 16:00:00,2019-07-02 18:00:00,91.832,2.794661043951255,0.0336932508025976
16,T1091,2019-07-03,2019-07-03 16:00:00,2019-07-03 18:00:00,89.384,2.6862835281762703,-0.0375329986230002
17,T1091,2019-07-10,2019-07-10 16:00:00,2019-07-10 18:00:00,90.86,2.880120529488359,0.1015267207005499
18,T1091,2019-07-15,2019-07-15 16:00:00,2019-07-15 18:00:00,90.248,2.909919028708271,-0.0649416414481002
19,T1091,2019-07-16,2019-07-16 16:00:00,2019-07-16 18:00:00,89.528,2.8592990730560324,0.045067690983826
20,T1091,2019-07-17,2019-07-17 16:00:00,2019-07-17 18:00:00,87.458,2.7527931868729865,-0.0444909949949745
21,T1091,2019-07-18,2019-07-18 16:00:00,2019-07-18 18:00:00,89.888,2.907095376045837,-0.1205206398486386
22,T1091,2019-07-19,2019-07-19 16:00:00,2019-07-19 18:00:00,92.12,2.9716766867865965,0.1620318005869464
23,T1091,2019-07-29,2019-07-29 16:00:00,2019-07-29 18:00:00,88.898,2.9054910635525304,0.4094664669416993
24,T1091,2019-08-19,2019-08-19 03:00:00,2019-08-19 05:00:00,92.714,3.1249924985490325,0.1168634758659551
25,T1091,2019-08-20,2019-08-20 16:00:00,2019-08-20 18:00:00,89.366,3.0617516130141107,0.1354040148863557
26,T1091,2020-06-18,2020-06-18 16:30:00,2020-06-18 17:00:00,81.338,2.294927154309614,0.2287091346246409
27,T1091,2020-06-22,2020-06-22 16:00:00,2020-06-22 18:00:00,84.578,2.4191269149102674,0.1602974020916049
28,T1091,2020-06-23,2020-06-23 16:00:00,2020-06-23 18:00:00,78.314,2.242104430476982,0.2429236533844584
29,T1091,2020-06-26,2020-06-26 16:00:00,2020-06-26 18:00:00,84.03800000000001,2.4315815916116854,0.06952365106199
30,T1091,2020-06-29,2020-06-29 16:00:00,2020-06-29 18:00:00,87.85400000000001,2.5465591505636382,0.0730524949273402
31,T1091,2020-07-01,2020-07-01 16:00:00,2020-07-01 18:00:00,86.97200000000001,2.546778251366472,0.1235630024587585
32,T1091,2020-07-02,2020-07-02 16:00:00,2020-07-02 18:00:00,87.782,2.573870591465881,0.3464211020959965
33,T1091,2020-07-03,2020-07-03 16:00:00,2020-07-03 18:00:00,89.744,2.635596438496496,0.0746651512895275
34,T1091,2020-07-06,2020-07-06 15:00:00,2020-07-06 17:00:00,90.662,2.691113303507634,0.1902089123497672
35,T1091,2020-07-07,2020-07-07 15:00:00,2020-07-07 17:00:00,89.96000000000001,2.6698807361629218,0.2067274469443404
36,T1091,2020-07-08,2020-07-08 16:00:00,2020-07-08 18:00:00,90.914,2.6978560782725087,0.0835594693687803
37,T1091,2020-07-09,2020-07-09 15:00:00,2020-07-09 17:00:00,89.22200000000001,2.6406716459436974,0.0125939345352559
38,T1091,2020-07-15,2020-07-15 16:00:00,2020-07-15 18:00:00,89.258,2.6885043980934804,0.1718132560305187
39,T1091,2020-07-20,2020-07-20 15:00:00,2020-07-20 17:00:00,89.33000000000001,2.7549991028159777,0.2618946194033629
40,T1091,2020-07-21,2020-07-21 16:00:00,2020-07-21 18:00:00,90.03200000000001,2.753427663744273,0.123085805381306
41,T1091,2020-07-22,2020-07-22 16:00:00,2020-07-22 18:00:00,83.804,2.491587436334696,0.196588104301484
42,T1091,2020-07-27,2020-07-27 15:00:00,2020-07-27 17:00:00,89.20400000000001,2.8075408116182565,-0.0136500641423543
43,T1091,2020-07-28,2020-07-28 16:00:00,2020-07-28 18:00:00,86.036,2.6766023731552244,0.4603189051912343
44,T1091,2020-07-29,2020-07-29 16:00:00,2020-07-29 18:00:00,89.22200000000001,2.7889380669272708,0.3171552678081127
45,T1091,2020-08-04,2020-08-04 14:00:00,2020-08-04 15:00:00,78.29599999999999,2.4133400914475485,0.1283849555135836
46,T1091,2020-08-10,2020-08-10 16:00:00,2020-08-10 18:00:00,85.74799999999999,2.6873278557629265,0.2567588987436727
47,T1091,2020-08-25,2020-08-25 16:00:00,2020-08-25 18:00:00,90.428,2.934315093530357,0.3892014306119535
48,T1091,2020-08-27,2020-08-27 16:00:00,2020-08-27 18:00:00,84.542,2.733718879805619,0.2064669714309876
49,T1091,2021-06-24,2021-06-24 14:00:00,2021-06-24 15:00:00,84.812,2.583457926479975,0.1106830729411283
50,T1091,2021-05-25,2021-05-25 13:00:00,2021-05-25 13:30:00,86.936,2.275375584531097,-0.2087022659278085
51,T1091,2021-05-26,2021-05-26 13:00:00,2021-05-26 13:30:00,77.738,2.0840452997055703,-0.193348171831352
52,T1091,2021-06-28,2021-06-28 16:00:00,2021-06-28 18:00:00,89.15,2.771154905437617,0.3260861561203569
53,T1091,2021-06-29,2021-06-29 16:00:00,2021-06-29 18:00:00,91.454,2.8643025576761088,0.3289644448579655
54,T1091,2021-06-30,2021-06-30 15:00:00,2021-06-30 17:00:00,84.812,2.636875124857348,0.249658682914386
55,T1091,2021-07-06,2021-07-06 16:00:00,2021-07-06 18:00:00,89.852,2.8377441741064144,0.3967772352766113
56,T1091,2021-07-07,2021-07-07 15:00:00,2021-07-07 17:00:00,88.664,2.7891792184888025,0.4209825816057155
57,T1091,2021-07-26,2021-07-26 16:00:00,2021-07-26 18:00:00,88.53800000000001,2.957006900269114,0.6605809657569298
58,T1091,2021-07-27,2021-07-27 16:00:00,2021-07-27 18:00:00,88.574,2.9586709679515804,0.7266440266429587
59,T1091,2021-08-10,2021-08-10 16:00:00,2021-08-10 18:00:00,87.872,3.011943146104441,0.6148283858890148
60,T1091,2021-08-11,2021-08-11 16:00:00,2021-08-11 18:00:00,91.4,3.197041468415988,0.6611899101624524
61,T1091,2021-08-12,2021-08-12 16:00:00,2021-08-12 18:00:00,93.362,3.311417111583465,0.7173974665608855
62,T1091,2021-08-13,2021-08-13 16:00:00,2021-08-13 17:00:00,89.168,3.0758475934982887,0.3960563592009714
63,T1091,2021-08-24,2021-08-24 16:00:00,2021-08-24 18:00:00,92.46200000000002,3.286132826205625,0.82768867786445
64,T1091,2021-08-25,2021-08-25 16:00:00,2021-08-25 18:00:00,87.404,3.011717132198453,0.541450757922371
65,T1091,2021-08-26,2021-08-26 16:00:00,2021-08-26 18:00:00,90.284,3.163926616527847,0.6814728671768487
66,T1091,2021-08-27,2021-08-27 15:00:00,2021-08-27 17:00:00,90.734,3.192382268822392,0.6409057742052937
0,T1092,2018-06-18,2018-06-18 15:00:00,2018-06-18 18:00:00,93.542,2.7642704264229367,-0.0896626051912191
1,T1092,2018-06-19,2018-06-19 15:00:00,2018-06-19 18:00:00,91.994,2.7411094306852384,0.020266618241946
2,T1092,2018-06-26,2018-06-26 14:00:00,2018-06-26 15:00:00,77.63,2.390124278328176,0.2286095878393548
3,T1092,2018-06-29,2018-06-29 16:00:00,2018-06-29 18:00:00,89.744,2.7020031484843354,0.2271654492701668
4,T1092,2018-07-02,2018-07-02 16:00:00,2018-07-02 18:00:00,88.376,2.683168254417032,0.1560037842780968
5,T1092,2018-07-03,2018-07-03 16:00:00,2018-07-03 18:00:00,88.53800000000001,2.6873644590955843,0.2194446533983554
6,T1092,2018-07-05,2018-07-05 15:00:00,2018-07-05 17:00:00,92.732,2.804832028536846,0.2760139616142948
7,T1092,2018-07-16,2018-07-16 16:00:00,2018-07-16 18:00:00,85.91,2.6416708007175647,0.3061641613656788
8,T1092,2018-08-06,2018-08-06 14:00:00,2018-08-06 18:00:00,87.29599999999999,2.783939347217057,0.1097838022673745
9,T1092,2018-08-27,2018-08-27 16:00:00,2018-08-27 18:00:00,89.708,2.920630430125376,0.1129666093234614
10,T1092,2018-08-28,2018-08-28 15:00:00,2018-08-28 18:00:00,90.716,2.946362763979675,0.2020135180052775
11,T1092,2018-08-29,2018-08-29 15:00:00,2018-08-29 17:00:00,87.81800000000001,2.8406514459053507,0.1670689805226314
12,T1092,2019-06-26,2019-06-26 16:00:00,2019-06-26 18:00:00,88.80799999999999,2.6560015795394425,0.147416966766546
13,T1092,2019-06-27,2019-06-27 16:00:00,2019-06-27 18:00:00,88.304,2.643836564464669,0.09628017843231
14,T1092,2019-06-28,2019-06-28 15:00:00,2019-06-28 17:00:00,89.87,2.6842954910054884,-0.0483370798848418
15,T1092,2019-07-02,2019-07-02 16:00:00,2019-07-02 18:00:00,90.896,2.7579876775545102,-0.0444487733891602
16,T1092,2019-07-03,2019-07-03 16:00:00,2019-07-03 18:00:00,86.612,2.5866397710964577,0.0093227222630003
17,T1092,2019-07-10,2019-07-10 16:00:00,2019-07-10 18:00:00,90.428,2.827357174299512,0.1327712508073776
18,T1092,2019-07-15,2019-07-15 16:00:00,2019-07-15 18:00:00,88.826,2.7661337158471366,-0.0676981930286222
19,T1092,2019-07-16,2019-07-16 16:00:00,2019-07-16 18:00:00,89.294,2.80528022396338,0.1979388346988426
20,T1092,2019-07-17,2019-07-17 16:00:00,2019-07-17 18:00:00,85.1,2.6401195884231945,0.1648180202441047
21,T1092,2019-07-18,2019-07-18 16:00:00,2019-07-18 18:00:00,87.81800000000001,2.727948856780129,0.1013942099693768
22,T1092,2019-07-19,2019-07-19 16:00:00,2019-07-19 18:00:00,91.544,2.8730127674273347,0.1342839804208618
23,T1092,2019-07-29,2019-07-29 16:00:00,2019-07-29 18:00:00,88.142,2.7993630142013384,0.292816562696291
24,T1092,2019-08-19,2019-08-19 03:00:00,2019-08-19 05:00:00,92.552,2.993944123775448,0.0334997124774937
25,T1092,2019-08-20,2019-08-20 16:00:00,2019-08-20 18:00:00,89.564,2.8867125139579923,0.0030134633377827
26,T1092,2020-06-18,2020-06-18 16:30:00,2020-06-18 17:00:00,81.24799999999999,2.2188398006715246,0.5027276887329318
27,T1092,2020-06-22,2020-06-22 16:00:00,2020-06-22 18:00:00,84.488,2.3303278024794665,0.5903743501078849
28,T1092,2020-06-23,2020-06-23 16:00:00,2020-06-23 18:00:00,79.73599999999999,2.1960732764305213,0.5085636280401129
29,T1092,2020-06-26,2020-06-26 16:00:00,2020-06-26 18:00:00,84.218,2.336055042800723,0.5005481287600597
30,T1092,2020-06-29,2020-06-29 16:00:00,2020-06-29 18:00:00,87.584,2.4696657844909184,0.6606958283243622
31,T1092,2020-07-01,2020-07-01 16:00:00,2020-07-01 18:00:00,87.638,2.4855837408851915,0.6889218852162939
32,T1092,2020-07-02,2020-07-02 16:00:00,2020-07-02 18:00:00,88.124,2.5043864594930567,0.6404707651814018
33,T1092,2020-07-03,2020-07-03 16:00:00,2020-07-03 18:00:00,89.798,2.559600791912981,0.6672656269944346
34,T1092,2020-07-06,2020-07-06 15:00:00,2020-07-06 17:00:00,91.184,2.620762602492736,0.6760309480229216
35,T1092,2020-07-07,2020-07-07 15:00:00,2020-07-07 17:00:00,90.608,2.6066686250958195,0.696261732226017
36,T1092,2020-07-08,2020-07-08 16:00:00,2020-07-08 18:00:00,90.842,2.614549128586569,0.8396012282508826
37,T1092,2020-07-09,2020-07-09 15:00:00,2020-07-09 17:00:00,89.618,2.573328033404188,0.7490277322079387
38,T1092,2020-07-15,2020-07-15 16:00:00,2020-07-15 18:00:00,89.63600000000001,2.59160654603328,0.7125438406639978
39,T1092,2020-07-20,2020-07-20 15:00:00,2020-07-20 17:00:00,90.464,2.66260832991236,0.6996140587316814
40,T1092,2020-07-21,2020-07-21 16:00:00,2020-07-21 18:00:00,90.842,2.6603555896696114,0.6143131777467765
41,T1092,2020-07-22,2020-07-22 16:00:00,2020-07-22 18:00:00,82.85,2.3638460186537222,0.530284257906771
42,T1092,2020-07-27,2020-07-27 15:00:00,2020-07-27 17:00:00,88.78999999999999,2.619111950277017,0.6376249872698423
43,T1092,2020-07-28,2020-07-28 16:00:00,2020-07-28 18:00:00,87.116,2.5708349358454634,0.6325734074186259
44,T1092,2020-07-29,2020-07-29 16:00:00,2020-07-29 18:00:00,90.662,2.7025705349531464,0.640138767359891
45,T1092,2020-08-04,2020-08-04 14:00:00,2020-08-04 15:00:00,78.566,2.275107485705252,0.4345474911199698
46,T1092,2020-08-10,2020-08-10 16:00:00,2020-08-10 18:00:00,85.244,2.5307365455631072,0.6469314045123948
47,T1092,2020-08-25,2020-08-25 16:00:00,2020-08-25 18:00:00,91.058,2.807804918725133,0.7635942476650508
48,T1092,2020-08-27,2020-08-27 16:00:00,2020-08-27 18:00:00,85.532,2.5999894459212616,0.5878473539321986
49,T1092,2021-06-24,2021-06-24 14:00:00,2021-06-24 15:00:00,84.524,2.48073793745667,0.5049149015258624
50,T1092,2021-05-25,2021-05-25 13:00:00,2021-05-25 13:30:00,87.656,2.227787513388953,0.0940932311023217
51,T1092,2021-05-26,2021-05-26 13:00:00,2021-05-26 13:30:00,79.52,1.996535385863564,0.022135352362888
52,T1092,2021-06-28,2021-06-28 16:00:00,2021-06-28 18:00:00,89.78,2.687028702615217,0.5125573471893176
53,T1092,2021-06-29,2021-06-29 16:00:00,2021-06-29 18:00:00,92.192,2.767757352462932,0.450745169578122
54,T1092,2021-06-30,2021-06-30 15:00:00,2021-06-30 17:00:00,85.80199999999999,2.5511537633028696,0.474989405761086
55,T1092,2021-07-06,2021-07-06 16:00:00,2021-07-06 18:00:00,90.482,2.737617015763941,0.6049457304751712
56,T1092,2021-07-07,2021-07-07 15:00:00,2021-07-07 17:00:00,88.376,2.660640317104916,0.4980261466716398
57,T1092,2021-07-27,2021-07-27 16:00:00,2021-07-27 18:00:00,89.99600000000001,2.8669361748070386,0.7818859670470822
58,T1092,2021-08-10,2021-08-10 16:00:00,2021-08-10 18:00:00,87.278,2.8004566773981,0.7817520960255018
59,T1092,2021-08-11,2021-08-11 16:00:00,2021-08-11 18:00:00,91.76,3.006175095690491,0.7563229960383172
60,T1092,2021-08-12,2021-08-12 16:00:00,2021-08-12 18:00:00,93.866,3.105194766577791,0.7780265576079886
61,T1092,2021-08-13,2021-08-13 16:00:00,2021-08-13 17:00:00,89.87,2.886595565778976,0.5607400671446516
62,T1092,2021-08-24,2021-08-24 16:00:00,2021-08-24 18:00:00,93.092,3.0609759690559764,0.8348235910018843
63,T1092,2021-08-25,2021-08-25 16:00:00,2021-08-25 18:00:00,85.928,2.753371862594268,0.7708856003087332
64,T1092,2021-08-26,2021-08-26 16:00:00,2021-08-26 18:00:00,91.202,2.9798241319241185,0.7363469921650364
65,T1092,2021-08-27,2021-08-27 15:00:00,2021-08-27 17:00:00,91.472,2.98678313568832,0.7437423572450258
0,T1125,2018-06-18,2018-06-18 14:00:00,2018-06-18 17:00:00,92.21,2.1764306356673857,-0.3441985235377307
1,T1125,2018-06-19,2018-06-19 14:00:00,2018-06-19 17:00:00,76.334,1.9967458930152504,0.0673833770393933
2,T1125,2018-06-29,2018-06-29 16:00:00,2018-06-29 18:00:00,93.83,2.228947430277157,-0.2471601665682544
3,T1125,2018-07-02,2018-07-02 15:00:00,2018-07-02 17:00:00,80.906,2.091071985115987,-0.0398615085134383
4,T1125,2018-07-03,2018-07-03 15:00:00,2018-07-03 17:00:00,87.638,2.1970759091422334,-0.0186066763629296
5,T1125,2018-07-05,2018-07-05 14:00:00,2018-07-05 16:00:00,90.662,2.2392765234465206,-0.0881807275410002
6,T1125,2018-07-16,2018-07-16 15:00:00,2018-07-16 17:00:00,86.324,2.194903805485413,-0.0414292887630003
7,T1125,2018-08-06,2018-08-06 13:00:00,2018-08-06 17:00:00,79.44800000000001,2.104720401578269,0.126367552848221
8,T1125,2018-08-27,2018-08-27 15:00:00,2018-08-27 17:00:00,91.184,2.436740575380767,0.2340370822462703
9,T1125,2018-08-28,2018-08-28 14:00:00,2018-08-28 17:00:00,87.836,2.357089929642283,0.210906587137319
10,T1125,2018-08-29,2018-08-29 14:00:00,2018-08-29 16:00:00,72.518,1.9904425923615643,0.1819748199427129
11,T1125,2019-06-26,2019-06-26 15:00:00,2019-06-26 17:00:00,84.758,2.0565058894093218,-0.0534520885818378
12,T1125,2019-06-27,2019-06-27 13:00:00,2019-06-27 14:00:00,87.872,2.0806368199563097,-0.5078072056559844
13,T1125,2019-06-28,2019-06-28 14:00:00,2019-06-28 16:00:00,86.738,2.0502588061168385,-0.1971233984305224
14,T1125,2019-07-02,2019-07-02 15:00:00,2019-07-02 17:00:00,91.382,2.2454168168549216,-0.3327633942246804
15,T1125,2019-07-03,2019-07-03 15:00:00,2019-07-03 17:00:00,82.238,2.091258018412438,-0.1676004777352402
16,T1125,2019-07-10,2019-07-10 15:00:00,2019-07-10 17:00:00,94.352,2.430010231676808,-0.1993970588827169
17,T1125,2019-07-15,2019-07-15 15:00:00,2019-07-15 17:00:00,90.21200000000002,2.428259336115452,0.0479941485745605
18,T1125,2019-07-16,2019-07-16 15:00:00,2019-07-16 17:00:00,80.582,2.18056712935534,-0.0163727153896394
19,T1125,2019-07-17,2019-07-17 15:00:00,2019-07-17 17:00:00,88.106,2.363352903857882,-0.1258711029084211
20,T1125,2019-07-18,2019-07-18 15:00:00,2019-07-18 17:00:00,86.864,2.2681718010238083,-0.1731095376744304
21,T1125,2019-07-19,2019-07-19 15:00:00,2019-07-19 17:00:00,92.606,2.46966033897449,-0.1706090973127894
22,T1125,2019-07-29,2019-07-29 15:00:00,2019-07-29 17:00:00,80.852,2.2510244837079085,0.186011705036565
23,T1125,2019-08-19,2019-08-19 02:00:00,2019-08-19 04:00:00,82.202,2.4114130258530344,-0.514579805893447
24,T1125,2019-08-20,2019-08-20 15:00:00,2019-08-20 17:00:00,75.596,2.1497752550069027,0.2787244149368862
25,T1125,2020-06-18,2020-06-18 16:30:00,2020-06-18 17:00:00,85.74799999999999,2.2686773658771258,0.4414997269929036
26,T1125,2020-06-22,2020-06-22 15:00:00,2020-06-22 17:00:00,82.45400000000001,2.2608316870689955,0.3969386818939338
27,T1125,2020-06-23,2020-06-23 15:00:00,2020-06-23 17:00:00,76.37,2.0973461669740803,0.5365598984433284
28,T1125,2020-06-25,2020-06-25 13:00:00,2020-06-25 14:00:00,79.358,2.178167198839492,0.4294664425840505
29,T1125,2020-06-26,2020-06-26 15:00:00,2020-06-26 17:00:00,76.56800000000001,2.098272063999705,0.4203142337832945
30,T1125,2020-06-29,2020-06-29 15:00:00,2020-06-29 17:00:00,89.492,2.457887235931268,0.3801973985348197
31,T1125,2020-07-01,2020-07-01 15:00:00,2020-07-01 17:00:00,83.102,2.33655323396963,0.4495872426835823
32,T1125,2020-07-02,2020-07-02 15:00:00,2020-07-02 17:00:00,86.144,2.4089737121059915,0.4973860894037691
33,T1125,2020-07-03,2020-07-03 15:00:00,2020-07-03 17:00:00,87.224,2.431560645519572,0.4919625829462177
35,T1125,2020-07-07,2020-07-07 14:00:00,2020-07-07 16:00:00,89.816,2.543828944401913,0.4645860456301549
36,T1125,2020-07-08,2020-07-08 15:00:00,2020-07-08 17:00:00,88.286,2.4984712677288208,0.5901140652449084
37,T1125,2020-07-09,2020-07-09 14:00:00,2020-07-09 16:00:00,90.03200000000001,2.5462464855443883,0.3565647519926172
38,T1125,2020-07-15,2020-07-15 15:00:00,2020-07-15 17:00:00,86.054,2.476670315336736,0.5668058982714329
39,T1125,2020-07-20,2020-07-20 14:00:00,2020-07-20 16:00:00,83.26400000000001,2.424486185064629,0.6077093932191957
40,T1125,2020-07-21,2020-07-21 15:00:00,2020-07-21 17:00:00,80.654,2.3355402697282086,0.5774895295192121
41,T1125,2020-07-22,2020-07-22 15:00:00,2020-07-22 17:00:00,86.396,2.492451689696662,0.624387051631717
42,T1125,2020-07-27,2020-07-27 14:00:00,2020-07-27 16:00:00,85.064,2.499109555415175,0.5890383886765748
43,T1125,2020-07-28,2020-07-28 15:00:00,2020-07-28 17:00:00,86.34200000000001,2.549258902993732,0.6775078747715473
44,T1125,2020-07-29,2020-07-29 15:00:00,2020-07-29 17:00:00,84.83000000000001,2.527729490489228,0.5441306650016292
45,T1125,2020-08-10,2020-08-10 15:00:00,2020-08-10 17:00:00,89.42,2.7204241174495456,0.6659791972994021
46,T1125,2020-08-25,2020-08-25 15:00:00,2020-08-25 17:00:00,85.658,2.5619601249565136,0.6760945556735666
47,T1125,2020-08-27,2020-08-27 15:00:00,2020-08-27 17:00:00,90.536,2.825584313601781,0.7776652036638578
48,T1125,2021-06-24,2021-06-24 13:00:00,2021-06-24 14:00:00,79.268,2.3401404328412694,0.5283603388743717
49,T1125,2021-05-25,2021-05-25 12:00:00,2021-05-25 12:30:00,83.93,2.1886675401533537,0.1759245245219857
50,T1125,2021-05-26,2021-05-26 12:00:00,2021-05-26 12:30:00,79.376,2.1159121303655803,0.2424967871683843
51,T1125,2021-06-28,2021-06-28 15:00:00,2021-06-28 17:00:00,77.468,2.286628190266664,0.4211720252670837
52,T1125,2021-06-29,2021-06-29 15:00:00,2021-06-29 17:00:00,82.256,2.4038984470199654,0.4269104910991749
53,T1125,2021-06-30,2021-06-30 14:00:00,2021-06-30 16:00:00,80.762,2.3604082713998964,0.5344405803999465
54,T1125,2021-07-06,2021-07-06 15:00:00,2021-07-06 17:00:00,89.54599999999999,2.636183660778785,0.5470901550765374
55,T1125,2021-07-07,2021-07-07 14:00:00,2021-07-07 16:00:00,83.48,2.4717235874595005,0.5100383343936082
56,T1125,2021-07-26,2021-07-26 15:00:00,2021-07-26 17:00:00,90.554,2.779021936184324,0.6899155542745186
57,T1125,2021-07-27,2021-07-27 15:00:00,2021-07-27 17:00:00,89.312,2.7193243595116896,0.793810998690916
58,T1125,2021-07-28,2021-07-28 15:00:00,2021-07-28 17:00:00,88.25,2.714090211793948,0.5507547538681878
59,T1125,2021-08-10,2021-08-10 15:00:00,2021-08-10 17:00:00,91.994,2.8590180031208106,0.6792542423368633
60,T1125,2021-08-11,2021-08-11 15:00:00,2021-08-11 17:00:00,89.672,2.7322171562703166,0.7949570901514598
61,T1125,2021-08-12,2021-08-12 15:00:00,2021-08-12 17:00:00,87.98,2.7503692428282305,0.7080454486154859
62,T1125,2021-08-13,2021-08-13 15:00:00,2021-08-13 16:00:00,81.14,2.5089275532891606,0.5202421725230354
63,T1125,2021-08-23,2021-08-23 15:30:00,2021-08-23 16:00:00,88.50200000000001,2.735990317283824,0.6849361513575044
64,T1125,2021-08-24,2021-08-24 15:00:00,2021-08-24 17:00:00,92.984,2.917762666993182,0.722473966256028
65,T1125,2021-08-25,2021-08-25 15:00:00,2021-08-25 17:00:00,90.176,2.851512305102775,0.6381490774391059
66,T1125,2021-08-26,2021-08-26 14:00:00,2021-08-26 16:00:00,86.9,2.725503450954438,0.7115178270500634
67,T1125,2021-08-27,2021-08-27 14:00:00,2021-08-27 16:00:00,89.708,2.797246933303096,0.7370790160525547
0,T1129,2018-06-18,2018-06-18 15:00:00,2018-06-18 18:00:00,91.526,2.0247810763339613,0.0352992128885963
1,T1129,2018-06-19,2018-06-19 15:00:00,2018-06-19 18:00:00,86.0,1.9312223217813715,0.0436325189214845
2,T1129,2018-06-26,2018-06-26 14:00:00,2018-06-26 15:00:00,79.53800000000001,1.8698408770066808,0.2107028208817173
3,T1129,2018-06-29,2018-06-29 16:00:00,2018-06-29 18:00:00,88.844,2.0341140930014303,0.0563246011180424
4,T1129,2018-07-02,2018-07-02 16:00:00,2018-07-02 18:00:00,88.7,2.080826982853046,0.1221337164203028
5,T1129,2018-07-03,2018-07-03 16:00:00,2018-07-03 18:00:00,88.934,2.0599068914177106,0.1929330828751624
6,T1129,2018-07-05,2018-07-05 15:00:00,2018-07-05 17:00:00,91.418,2.1199343609866688,0.1381288157962505
7,T1129,2018-07-16,2018-07-16 16:00:00,2018-07-16 18:00:00,85.226,2.0546931446483385,0.0611442430052788
8,T1129,2018-08-06,2018-08-06 14:00:00,2018-08-06 18:00:00,89.24000000000001,2.2512804796616943,0.3755729828862684
9,T1129,2018-08-27,2018-08-27 16:00:00,2018-08-27 18:00:00,90.104,2.4030251266698204,0.3978953567133127
10,T1129,2018-08-28,2018-08-28 15:00:00,2018-08-28 18:00:00,89.99600000000001,2.411248851447928,0.3453952722376631
11,T1129,2018-08-29,2018-08-29 15:00:00,2018-08-29 17:00:00,88.25,2.3674601269750486,0.368595269242208
12,T1129,2019-06-26,2019-06-26 16:00:00,2019-06-26 18:00:00,88.088,1.9567943615308272,0.3397899184987467
13,T1129,2019-06-27,2019-06-27 16:00:00,2019-06-27 18:00:00,85.874,1.9153622829872867,0.189184890366199
14,T1129,2019-06-28,2019-06-28 15:00:00,2019-06-28 17:00:00,90.446,1.9711362348728223,0.3220369964470365
15,T1129,2019-07-02,2019-07-02 16:00:00,2019-07-02 18:00:00,90.986,2.005923580205679,0.2442794760157872
16,T1129,2019-07-03,2019-07-03 16:00:00,2019-07-03 18:00:00,86.09,1.918307877424315,0.1955005026451198
17,T1129,2019-07-10,2019-07-10 16:00:00,2019-07-10 18:00:00,89.24000000000001,2.136915218653152,0.2149820185050041
18,T1129,2019-07-15,2019-07-15 16:00:00,2019-07-15 18:00:00,89.528,2.0807791546752634,0.3259041804409874
19,T1129,2019-07-16,2019-07-16 16:00:00,2019-07-16 18:00:00,87.674,2.036647191929996,0.2653114584706233
20,T1129,2019-07-17,2019-07-17 16:00:00,2019-07-17 18:00:00,85.46000000000001,2.0554315546056103,0.2600822245717187
21,T1129,2019-07-18,2019-07-18 16:00:00,2019-07-18 18:00:00,88.754,2.070179279266432,0.2369022892644431
22,T1129,2019-07-19,2019-07-19 16:00:00,2019-07-19 18:00:00,90.68,2.177194819753931,0.2121551165332369
23,T1129,2019-07-29,2019-07-29 16:00:00,2019-07-29 18:00:00,86.756,2.050276701278855,0.4693219923006774
24,T1129,2019-08-19,2019-08-19 03:00:00,2019-08-19 05:00:00,88.376,2.135186171026123,-0.0186354297417596
25,T1129,2019-08-20,2019-08-20 16:00:00,2019-08-20 18:00:00,88.25,2.104634846214421,0.2976864161820018
26,T1129,2020-06-18,2020-06-18 16:30:00,2020-06-18 17:00:00,79.68199999999999,1.6778760063653195,0.2212042823070351
27,T1129,2020-06-22,2020-06-22 16:00:00,2020-06-22 18:00:00,83.282,1.731925998123857,0.3044529046328864
28,T1129,2020-06-23,2020-06-23 16:00:00,2020-06-23 18:00:00,76.78399999999999,1.6710034202006667,0.1941598094784197
29,T1129,2020-06-25,2020-06-25 14:00:00,2020-06-25 15:00:00,80.888,1.723544749483488,0.2868163852610076
30,T1129,2020-06-26,2020-06-26 16:00:00,2020-06-26 18:00:00,82.112,1.7493147698363445,0.2516449190046774
31,T1129,2020-06-29,2020-06-29 16:00:00,2020-06-29 18:00:00,87.386,1.807086968544888,0.1818148925040208
32,T1129,2020-07-01,2020-07-01 16:00:00,2020-07-01 18:00:00,87.134,1.825604409439062,0.2999230392967941
33,T1129,2020-07-02,2020-07-02 16:00:00,2020-07-02 18:00:00,87.134,1.8328952357298265,0.2942504939549938
34,T1129,2020-07-03,2020-07-03 16:00:00,2020-07-03 18:00:00,89.762,1.8739240032876567,0.2451643396785056
35,T1129,2020-07-06,2020-07-06 15:00:00,2020-07-06 17:00:00,90.374,1.9203153429797195,0.1984695868856832
36,T1129,2020-07-07,2020-07-07 15:00:00,2020-07-07 17:00:00,89.06,1.8997425167926367,0.2683022964284161
37,T1129,2020-07-08,2020-07-08 16:00:00,2020-07-08 18:00:00,90.014,1.909336023209249,0.1949881375478795
38,T1129,2020-07-09,2020-07-09 15:00:00,2020-07-09 17:00:00,90.21200000000002,1.9146389599691365,0.090580167035241
39,T1129,2020-07-15,2020-07-15 16:00:00,2020-07-15 18:00:00,88.232,1.908775288410853,0.3482395292214912
40,T1129,2020-07-20,2020-07-20 15:00:00,2020-07-20 17:00:00,86.864,1.9118409535742888,0.3758456370936796
41,T1129,2020-07-21,2020-07-21 16:00:00,2020-07-21 18:00:00,88.196,1.9242840715911589,0.1964844047414763
42,T1129,2020-07-22,2020-07-22 16:00:00,2020-07-22 18:00:00,82.076,1.7943171111729082,0.2180618644947172
43,T1129,2020-07-27,2020-07-27 15:00:00,2020-07-27 17:00:00,89.33000000000001,1.9972773743591057,0.2303856550604621
44,T1129,2020-07-28,2020-07-28 16:00:00,2020-07-28 18:00:00,84.254,1.8838097491695704,0.3777403541448993
45,T1129,2020-07-29,2020-07-29 16:00:00,2020-07-29 18:00:00,86.95400000000001,1.9351298620365207,0.3009714496028887
46,T1129,2020-08-10,2020-08-10 16:00:00,2020-08-10 18:00:00,86.108,1.9422718511376167,0.2508941254826357
47,T1129,2020-08-25,2020-08-25 16:00:00,2020-08-25 18:00:00,89.33000000000001,2.058571170262201,0.2825284602438628
48,T1129,2020-08-27,2020-08-27 16:00:00,2020-08-27 18:00:00,84.72200000000001,1.9544886199077207,0.3125829143395709
49,T1129,2021-06-24,2021-06-24 14:00:00,2021-06-24 15:00:00,83.93,1.9089269286812065,0.3238768474018361
50,T1129,2021-05-25,2021-05-25 13:00:00,2021-05-25 13:30:00,86.414,1.717656817339405,-0.1514702073840987
51,T1129,2021-05-26,2021-05-26 13:00:00,2021-05-26 13:30:00,77.19800000000001,1.6025663312660017,0.0450394174346692
52,T1129,2021-06-28,2021-06-28 16:00:00,2021-06-28 18:00:00,88.934,2.0513316185674824,0.2001370635152184
53,T1129,2021-06-29,2021-06-29 16:00:00,2021-06-29 18:00:00,90.554,2.0827355265483085,0.2778883848279101
54,T1129,2021-06-30,2021-06-30 15:00:00,2021-06-30 17:00:00,82.166,1.90080637124862,0.2313110906834698
55,T1129,2021-07-06,2021-07-06 16:00:00,2021-07-06 18:00:00,89.06,2.0583407580051576,0.2410706268194489
56,T1129,2021-07-07,2021-07-07 15:00:00,2021-07-07 17:00:00,87.908,2.0276737453092606,0.2435841234479289
57,T1129,2021-07-26,2021-07-26 16:00:00,2021-07-26 18:00:00,86.55799999999999,2.137310655373898,0.3959320780248022
58,T1129,2021-07-27,2021-07-27 16:00:00,2021-07-27 18:00:00,86.97200000000001,2.1382572096649146,0.5186005672483848
59,T1129,2021-08-10,2021-08-10 16:00:00,2021-08-10 18:00:00,86.95400000000001,2.1906390754664526,0.4554660347536237
60,T1129,2021-08-11,2021-08-11 16:00:00,2021-08-11 18:00:00,90.176,2.299587141954241,0.4728002961246765
61,T1129,2021-08-12,2021-08-12 16:00:00,2021-08-12 18:00:00,91.04,2.329786274442234,0.5002439561442072
62,T1129,2021-08-13,2021-08-13 16:00:00,2021-08-13 17:00:00,88.03399999999999,2.237953213582597,0.3595095605748908
63,T1129,2021-08-24,2021-08-24 16:00:00,2021-08-24 18:00:00,90.644,2.367625971709086,0.5240487610449015
64,T1129,2021-08-25,2021-08-25 16:00:00,2021-08-25 18:00:00,87.94399999999999,2.2730727636877988,0.4635081534073725
65,T1129,2021-08-26,2021-08-26 16:00:00,2021-08-26 18:00:00,87.74600000000001,2.272354985299075,0.3880529979027484
66,T1129,2021-08-27,2021-08-27 15:00:00,2021-08-27 17:00:00,89.27600000000001,2.3113358798950605,0.5090703901903809
1,T1150,2018-06-18,6/18/2018 15:00,6/18/2018 18:00,90.122,2.975747704,-0.281429643
2,T1150,2018-07-02,7/2/2018 13:00,7/2/2018 18:00,92.948,3.223070293,-0.12073183
3,T1150,2018-07-03,7/3/2018 15:00,7/3/2018 18:00,90.752,3.113947214,-0.176954035
4,T1150,2018-07-16,7/16/2018 14:00,7/16/2018 16:00,90.248,3.257016798,0.043604288
5,T1150,2018-08-06,8/6/2018 15:00,8/6/2018 18:00,92.174,3.5829048,0.383129795
6,T1150,2018-08-28,8/28/2018 12:00,8/28/2018 18:00,95.198,3.854771392,0.550846653
7,T1150,2018-08-29,8/29/2018 12:00,8/29/2018 18:00,92.696,3.716859326,0.512079119
8,T1150,2018-08-30,8/30/2018 15:00,8/30/2018 16:00,89.33000000000001,3.542363448,0.440145364
9,T1150,2018-09-05,9/5/2018 14:00,9/5/2018 18:00,88.97,3.552506913,-0.129396463
10,T1150,2018-09-06,9/6/2018 16:00,9/6/2018 20:00,93.668,3.803410407,-0.132030363
12,T1150,2019-06-27,6/27/2019 16:00,6/27/2019 18:00,88.214,2.87111191,-0.027289638
13,T1150,2019-06-28,6/28/2019 16:00,6/28/2019 18:00,88.898,2.888922972,-0.002471224
14,T1150,2019-07-10,7/10/2019 16:00,7/10/2019 18:00,88.664,3.04654152,-0.038070526
15,T1150,2019-07-17,7/17/2019 16:00,7/17/2019 18:00,92.39,3.236399065,-0.172031683
16,T1150,2019-07-19,7/19/2019 16:00,7/19/2019 18:00,91.706,3.168280291,-0.174095279
17,T1150,2019-07-20,7/20/2019 16:00,7/20/2019 20:00,97.088,3.433123262,-0.119255993
18,T1150,2019-07-21,7/21/2019 16:00,7/21/2019 20:00,97.628,3.447274822,-0.140786654
19,T1150,2019-07-29,7/29/2019 16:00,7/29/2019 18:00,91.004,3.204325987,-0.066017721
20,T1150,2019-08-19,8/19/2019 16:00,8/19/2019 20:00,89.97800000000001,3.213939161,-0.046549618
21,T1150,2019-08-20,8/20/2019 16:00,8/20/2019 18:00,87.02600000000001,3.097847625,0.095935241
22,T1150,2019-08-22,8/22/2019 15:00,8/22/2019 16:00,89.744,3.196202767,0.237741334
24,T1150,2020-06-22,6/22/2020 16:00,6/22/2020 18:00,89.492,2.546656048,0.399185537
25,T1150,2020-07-06,7/6/2020 16:00,7/6/2020 18:00,91.886,2.67165096,0.411342653
26,T1150,2020-07-09,7/9/2020 16:00,7/9/2020 18:00,88.59200000000001,2.573973843,0.478181688
27,T1150,2020-07-20,7/20/2020 16:00,7/20/2020 22:00,94.604,2.795963378,0.235964582
28,T1150,2020-07-27,7/27/2020 16:00,7/27/2020 22:00,95.054,2.868272982,0.10292301
29,T1150,2020-07-28,7/28/2020 16:00,7/28/2020 22:00,92.858,2.798074165,0.135129945
30,T1150,2020-08-24,8/24/2020 14:00,8/24/2020 16:00,90.572,2.901910923,0.161812948
31,T1150,2020-08-27,8/27/2020 14:00,8/27/2020 15:00,91.562,2.924215313,0.312359711
32,T1150,2020-08-28,8/28/2020 16:00,8/28/2020 17:00,87.89,2.792493003,0.31700865
34,T1150,2021-06-29,6/29/2021 16:00,6/29/2021 20:00,93.29,3.00998993,0.280311906
35,T1150,2021-06-30,6/30/2021 16:00,6/30/2021 20:00,94.388,3.061077449,0.30496445
36,T1150,2021-07-27,7/27/2021 16:00,7/27/2021 18:00,88.934,2.920836026,0.632102764
37,T1150,2021-08-12,8/12/2021 16:00,8/12/2021 20:00,94.28,3.106762822,0.504021148
38,T1150,2021-08-13,8/13/2021 16:00,8/13/2021 20:00,94.568,3.113203343,0.565651487
39,T1150,2021-09-01,9/1/2021 14:00,9/1/2021 15:00,76.946,2.354815314,0.368847502
41,T1150,2021-05-25,5/25/2021 14:00,5/25/2021 14:30,71.54599999999999,2.035272998,0.123897362
42,T1150,2021-05-26,5/26/2021 14:00,5/26/2021 14:30,83.768,2.18955874,0.11390146
43,T1150,2021-07-16,7/16/2021 16:00,7/16/2021 18:00,91.922,3.053565392,0.422255766
44,T1150,2021-08-11,8/11/2021 16:00,8/11/2021 18:00,90.23,2.95422417,0.555244679
45,T1150,2021-08-25,8/25/2021 16:00,8/25/2021 18:00,91.868,2.994177832,0.850925005
1,T1157,2018-06-18,2018-06-18 15:00:00,2018-06-18 18:00:00,89.24000000000001,2.399344409820244,-0.0481616940910179
2,T1157,2018-07-02,2018-07-02 15:00:00,2018-07-02 18:00:00,94.352,2.63263561259486,0.0239897584061661
3,T1157,2018-07-03,2018-07-03 15:00:00,2018-07-03 18:00:00,87.566,2.5121207032547748,0.1885492229235267
4,T1157,2018-07-16,2018-07-16 15:00:00,2018-07-16 18:00:00,89.834,2.6346039458927484,0.0751133851123471
5,T1157,2018-08-06,2018-08-06 15:00:00,2018-08-06 18:00:00,91.094,2.852146441358608,0.4271291366710159
6,T1157,2018-08-28,2018-08-28 15:00:00,2018-08-28 18:00:00,91.058,2.8651082034219684,0.4261054554258593
7,T1157,2018-08-29,2018-08-29 14:00:00,2018-08-29 18:00:00,90.896,2.85552683376997,0.2508686414771315
8,T1157,2018-08-30,2018-08-30 14:00:00,2018-08-30 15:00:00,73.31,2.2215167455242195,0.241871766924877
9,T1157,2018-09-04,2018-09-04 14:00:00,2018-09-04 18:00:00,84.70400000000001,2.654989622268193,0.420856373134066
10,T1157,2018-09-05,2018-09-05 14:00:00,2018-09-05 18:00:00,93.038,2.906577398353716,0.5735364699223572
12,T1157,2019-06-27,2019-06-27 16:00:00,2019-06-27 18:00:00,83.084,2.085867091972477,-0.0478367959820481
13,T1157,2019-06-28,2019-06-28 16:00:00,2019-06-28 18:00:00,86.0,2.086062083526337,-0.0729695551817433
14,T1157,2019-07-10,2019-07-10 14:00:00,2019-07-10 18:00:00,87.422,2.215454176981712,-0.0600283077294733
15,T1157,2019-07-11,2019-07-11 14:00:00,2019-07-11 18:00:00,85.766,2.158335028873952,-0.0008154560571385
16,T1157,2019-07-16,2019-07-16 14:00:00,2019-07-16 18:00:00,90.662,2.264417411135048,-0.0522911165695293
17,T1157,2019-07-17,2019-07-17 16:00:00,2019-07-17 18:00:00,79.358,2.160860610011006,-0.0555146124368192
18,T1157,2019-07-18,2019-07-18 14:00:00,2019-07-18 18:00:00,82.904,2.210756632961329,-0.0414435734443566
19,T1157,2019-07-19,2019-07-19 14:00:00,2019-07-19 18:00:00,87.69200000000001,2.2543431297536887,-0.0739467471299028
20,T1157,2019-07-29,2019-07-29 14:00:00,2019-07-29 18:00:00,89.132,2.3534568462079,0.1218686239007768
21,T1157,2019-08-19,2019-08-19 14:00:00,2019-08-19 18:00:00,81.41,2.2463578284712216,0.1007745864596845
22,T1157,2019-08-22,2019-08-22 14:00:00,2019-08-22 15:00:00,74.012,2.030359671265869,0.1130427979041476
24,T1157,2020-06-22,2020-06-22 16:00:00,2020-06-22 18:00:00,86.30600000000001,2.127198359239892,0.1650292044133909
25,T1157,2020-07-06,2020-07-06 16:00:00,2020-07-06 18:00:00,87.872,2.2479714476549493,0.2108245748006651
26,T1157,2020-07-07,2020-07-07 14:00:00,2020-07-07 18:00:00,90.626,2.301467187196402,0.2644085785868538
27,T1157,2020-07-08,2020-07-08 14:00:00,2020-07-08 18:00:00,88.07,2.2519677338006603,0.2553163191528866
28,T1157,2020-07-09,2020-07-09 16:00:00,2020-07-09 18:00:00,93.056,2.3499675690557176,0.09584522562559
29,T1157,2020-07-10,2020-07-10 14:00:00,2020-07-10 18:00:00,90.932,2.309732233543216,0.2277869419802971
30,T1157,2020-07-20,2020-07-20 16:00:00,2020-07-20 18:00:00,84.09200000000001,2.201919935559033,0.3114036821878957
31,T1157,2020-07-27,2020-07-27 16:00:00,2020-07-27 18:00:00,88.55600000000001,2.306363413214424,0.2901267163736138
32,T1157,2020-08-11,2020-08-11 14:00:00,2020-08-11 18:00:00,86.25200000000001,2.2922032149540525,0.3243826790283665
33,T1157,2020-08-27,2020-08-27 15:00:00,2020-08-27 16:00:00,82.922,2.251291379693038,0.3673182157764115
35,T1157,2021-06-28,2021-06-28 14:00:00,2021-06-28 18:00:00,89.27600000000001,2.185938684385107,0.1997225151646546
36,T1157,2021-08-10,2021-08-10 14:00:00,2021-08-10 18:00:00,87.458,2.307221620386294,0.3746307007924537
37,T1157,2021-08-11,2021-08-11 14:00:00,2021-08-11 18:00:00,89.294,2.349543314861024,0.4129606625021387
38,T1157,2021-08-12,2021-08-12 14:00:00,2021-08-12 18:00:00,88.394,2.325296510734877,0.450464873255139
39,T1157,2021-08-25,2021-08-25 14:00:00,2021-08-25 18:00:00,89.22200000000001,2.3891931924248726,0.3905565004522405
40,T1157,2021-09-01,2021-09-01 13:00:00,2021-09-01 14:00:00,71.132,1.941115620704432,0.2186989983963154
42,T1157,2021-05-25,2021-05-25 14:00:00,2021-05-25 14:30:00,84.326,1.8567840068313963,-0.1332591495481187
43,T1157,2021-05-26,2021-05-26 14:00:00,2021-05-26 14:30:00,81.446,1.817764971182334,-0.0525111651942207
44,T1157,2021-07-16,2021-07-16 16:00:00,2021-07-16 18:00:00,77.612,2.032141520549325,0.2874942237122256
45,T1157,2021-08-13,2021-08-13 16:00:00,2021-08-13 18:00:00,85.982,2.2710718396891294,0.3731139161787111
46,T1157,2021-08-26,2021-08-26 16:00:00,2021-08-26 18:00:00,87.458,2.3376640781061,0.4136736905718318
0,T1159,2018-06-18,2018-06-18 15:00:00,2018-06-18 18:00:00,91.724,2.4144149542504905,-0.0199467578027878
1,T1159,2018-06-19,2018-06-19 15:00:00,2018-06-19 18:00:00,85.47800000000001,2.284837171033392,0.0548100974878052
2,T1159,2018-06-29,2018-06-29 16:00:00,2018-06-29 18:00:00,88.664,2.426829315447851,0.1162805353358297
3,T1159,2018-07-02,2018-07-02 16:00:00,2018-07-02 18:00:00,96.476,2.607922155382606,-0.3206120941486671
4,T1159,2018-07-03,2018-07-03 16:00:00,2018-07-03 18:00:00,94.766,2.604123428072489,-0.0887005557679574
5,T1159,2018-07-05,2018-07-05 15:00:00,2018-07-05 17:00:00,91.472,2.5205533736287107,0.0758924600400934
6,T1159,2018-07-16,2018-07-16 16:00:00,2018-07-16 18:00:00,92.804,2.6168713772821417,0.1294466941902447
7,T1159,2018-08-06,2018-08-06 14:00:00,2018-08-06 18:00:00,91.184,2.7322754651345,0.2767691593791264
8,T1159,2018-08-27,2018-08-27 16:00:00,2018-08-27 18:00:00,88.53800000000001,2.7439711367849364,0.2612966613166649
9,T1159,2018-08-28,2018-08-28 15:00:00,2018-08-28 18:00:00,93.488,2.91010993105308,0.2168568194747059
10,T1159,2018-08-29,2018-08-29 15:00:00,2018-08-29 17:00:00,93.47,2.899537462326926,0.2604932241007089
11,T1159,2019-06-26,2019-06-26 16:00:00,2019-06-26 18:00:00,88.61,2.411477031991013,0.5383386605709614
12,T1159,2019-06-27,2019-06-27 16:00:00,2019-06-27 18:00:00,89.312,2.4441348177874085,0.4544734088152319
13,T1159,2019-06-28,2019-06-28 15:00:00,2019-06-28 17:00:00,91.67,2.5020519137842068,0.5325816285845666
14,T1159,2019-07-02,2019-07-02 16:00:00,2019-07-02 18:00:00,89.096,2.4944877560936165,0.5460990569944336
15,T1159,2019-07-03,2019-07-03 16:00:00,2019-07-03 18:00:00,86.702,2.399328709965616,0.5116730423884207
16,T1159,2019-07-10,2019-07-10 16:00:00,2019-07-10 18:00:00,88.322,2.54556162761163,0.5917067668575471
17,T1159,2019-07-15,2019-07-15 16:00:00,2019-07-15 18:00:00,85.406,2.471289270457264,0.6344437072905809
18,T1159,2019-07-16,2019-07-16 16:00:00,2019-07-16 18:00:00,91.76,2.682069831619136,0.6736256494336549
19,T1159,2019-07-17,2019-07-17 16:00:00,2019-07-17 18:00:00,94.748,2.7546408855671,0.6466836875405356
20,T1159,2019-07-18,2019-07-18 16:00:00,2019-07-18 18:00:00,85.46000000000001,2.5112392179429994,0.5059807624361645
21,T1159,2019-07-19,2019-07-19 16:00:00,2019-07-19 18:00:00,92.57,2.7272696269156143,0.5855254184374445
22,T1159,2019-07-29,2019-07-29 16:00:00,2019-07-29 18:00:00,91.724,2.733514964551237,0.6659636890060664
23,T1159,2019-08-19,2019-08-19 03:00:00,2019-08-19 05:00:00,90.122,2.7256248488237977,0.0993715306409813
24,T1159,2019-08-20,2019-08-20 16:00:00,2019-08-20 18:00:00,90.626,2.6938550201569407,0.7496201793869355
25,T1159,2020-06-18,2020-06-18 16:30:00,2020-06-18 17:00:00,80.294,2.0211749299793724,0.4589715203507666
26,T1159,2020-06-22,2020-06-22 16:00:00,2020-06-22 18:00:00,89.474,2.3016214131517527,0.6760788943672148
27,T1159,2020-06-23,2020-06-23 16:00:00,2020-06-23 18:00:00,90.03200000000001,2.3183634292891253,0.617409083327196
28,T1159,2020-06-26,2020-06-26 16:00:00,2020-06-26 18:00:00,84.18199999999999,2.1902744440814605,0.5521656405663325
29,T1159,2020-06-29,2020-06-29 16:00:00,2020-06-29 18:00:00,87.656,2.295749652711185,0.7129789244089976
30,T1159,2020-07-01,2020-07-01 16:00:00,2020-07-01 18:00:00,81.78800000000001,2.161902915628278,0.5492885746956212
31,T1159,2020-07-02,2020-07-02 16:00:00,2020-07-02 18:00:00,90.23,2.368431066822417,0.6575426968333913
32,T1159,2020-07-03,2020-07-03 16:00:00,2020-07-03 18:00:00,91.814,2.4082313565887103,0.6526761676954109
33,T1159,2020-07-06,2020-07-06 15:00:00,2020-07-06 17:00:00,90.59,2.406393174588517,0.5226712260883916
34,T1159,2020-07-07,2020-07-07 15:00:00,2020-07-07 17:00:00,86.9,2.314880108608878,0.6134322198149686
35,T1159,2020-07-08,2020-07-08 16:00:00,2020-07-08 18:00:00,86.828,2.3115727909017525,0.6025314994693689
36,T1159,2020-07-09,2020-07-09 15:00:00,2020-07-09 17:00:00,89.63600000000001,2.3836250695212744,0.6608536198759715
37,T1159,2020-07-15,2020-07-15 16:00:00,2020-07-15 18:00:00,84.72200000000001,2.2795625431486526,0.5877510397003181
38,T1159,2020-07-20,2020-07-20 15:00:00,2020-07-20 17:00:00,92.966,2.511044499911202,0.4892288905401201
39,T1159,2020-07-21,2020-07-21 16:00:00,2020-07-21 18:00:00,92.912,2.5254347210808805,0.4971470571156939
40,T1159,2020-07-22,2020-07-22 16:00:00,2020-07-22 18:00:00,90.932,2.4771701739719574,0.4914039194695243
41,T1159,2020-07-27,2020-07-27 15:00:00,2020-07-27 17:00:00,92.606,2.563709659975744,0.5849725155142432
42,T1159,2020-07-28,2020-07-28 16:00:00,2020-07-28 18:00:00,89.27600000000001,2.4652126409729123,0.5083373934897006
43,T1159,2020-07-29,2020-07-29 16:00:00,2020-07-29 18:00:00,90.95,2.5108673403215223,0.6211544161805908
44,T1159,2020-08-10,2020-08-10 16:00:00,2020-08-10 18:00:00,91.166,2.5901319666849427,0.647263084090072
45,T1159,2020-08-25,2020-08-25 14:00:00,2020-08-25 18:00:00,88.898,2.560415839319058,0.7014071343635995
46,T1159,2020-08-27,2020-08-27 15:00:00,2020-08-27 19:00:00,90.896,2.622823529274071,0.7070419344017331
47,T1159,2021-06-24,2021-06-24 14:00:00,2021-06-24 15:00:00,77.45,2.0083758333638886,0.6518957970112691
49,T1159,2021-05-25,2021-05-25 13:00:00,2021-05-25 13:30:00,74.53399999999999,1.83193196950337,0.1123303900501633
50,T1159,2021-05-26,2021-05-26 13:00:00,2021-05-26 13:30:00,88.53800000000001,1.9728675536464169,0.0919480635371981
51,T1159,2021-06-28,2021-06-28 16:00:00,2021-06-28 18:00:00,90.968,2.3244541766489646,0.4809920489886564
52,T1159,2021-06-29,2021-06-29 16:00:00,2021-06-29 18:00:00,92.966,2.3727123042860856,0.5100844150690579
53,T1159,2021-06-30,2021-06-30 15:00:00,2021-06-30 17:00:00,94.65800000000002,2.4148694575678005,0.4930288422444854
54,T1159,2021-07-06,2021-07-06 16:00:00,2021-07-06 18:00:00,91.706,2.3597959512027864,0.5729530952229468
55,T1159,2021-07-07,2021-07-07 15:00:00,2021-07-07 17:00:00,93.596,2.4029204048240107,0.4231060906683246
56,T1159,2021-07-26,2021-07-26 16:00:00,2021-07-26 18:00:00,88.97,2.494180958690895,0.6575285164254359
57,T1159,2021-07-27,2021-07-27 16:00:00,2021-07-27 18:00:00,91.04,2.570050812925321,0.76240207084187
58,T1159,2021-08-10,2021-08-10 16:00:00,2021-08-10 18:00:00,89.402,2.5499346977661888,0.6750062133948702
59,T1159,2021-08-11,2021-08-11 16:00:00,2021-08-11 18:00:00,91.724,2.665526024393976,0.7070060159729408
60,T1159,2021-08-12,2021-08-12 16:00:00,2021-08-12 18:00:00,94.154,2.759010063501416,0.7079912513769474
61,T1159,2021-08-13,2021-08-13 15:00:00,2021-08-13 17:00:00,93.902,2.751870740877925,0.744625006618699
62,T1159,2021-08-24,2021-08-24 16:00:00,2021-08-24 18:00:00,88.73599999999999,2.596692770877057,0.7506288734375693
63,T1159,2021-08-25,2021-08-25 16:00:00,2021-08-25 18:00:00,91.094,2.693420496388533,0.7338874618329401
64,T1159,2021-08-26,2021-08-26 16:00:00,2021-08-26 18:00:00,90.896,2.684711295049377,0.7199136418468298
65,T1159,2021-08-27,2021-08-27 15:00:00,2021-08-27 17:00:00,89.132,2.627487881685964,0.6189820107594346
1,T1194,2018-06-18,2018-06-18 15:00:00,2018-06-18 18:00:00,87.926,1.7633162515330394,-0.0196950187455866
2,T1194,2018-07-02,2018-07-02 15:00:00,2018-07-02 18:00:00,92.876,1.940290422337748,-0.078704147173396
3,T1194,2018-07-03,2018-07-03 15:00:00,2018-07-03 18:00:00,79.78999999999999,1.7780938851759862,-0.0068921991257556
4,T1194,2018-07-16,2018-07-16 15:00:00,2018-07-16 18:00:00,83.84,1.9123710875860624,0.0693005098425377
5,T1194,2018-08-06,2018-08-06 15:00:00,2018-08-06 18:00:00,90.446,2.2148168056070627,0.2383633341319877
6,T1194,2018-08-28,2018-08-28 15:00:00,2018-08-28 18:00:00,90.086,2.26421775607462,0.3263972801048697
7,T1194,2018-08-29,2018-08-29 14:00:00,2018-08-29 18:00:00,89.906,2.2661736568966697,0.2263143423947066
8,T1194,2018-08-30,2018-08-30 14:00:00,2018-08-30 15:00:00,72.98599999999999,1.6378872954098862,0.0898627953276404
9,T1194,2018-09-04,2018-09-04 14:00:00,2018-09-04 18:00:00,79.46600000000001,1.980833596593688,0.107447403034586
10,T1194,2018-09-05,2018-09-05 14:00:00,2018-09-05 18:00:00,92.894,2.330478372940437,0.2918748920695564
12,T1194,2019-06-27,2019-06-27 16:00:00,2019-06-27 18:00:00,78.69200000000001,1.6664964694962063,-0.0268183287941372
13,T1194,2019-06-28,2019-06-28 16:00:00,2019-06-28 18:00:00,79.34,1.6816182605998995,-0.0919182609150077
14,T1194,2019-07-10,2019-07-10 14:00:00,2019-07-10 18:00:00,80.15,1.806390746976788,-0.0129627190473244
15,T1194,2019-07-11,2019-07-11 14:00:00,2019-07-11 18:00:00,85.892,1.891049451998564,0.0362629645927809
16,T1194,2019-07-16,2019-07-16 14:00:00,2019-07-16 18:00:00,88.952,1.9449978392398573,0.0502192820475331
17,T1194,2019-07-17,2019-07-17 16:00:00,2019-07-17 18:00:00,76.298,1.7670016067783458,0.0076955055554747
18,T1194,2019-07-18,2019-07-18 14:00:00,2019-07-18 18:00:00,77.648,1.7947489330697273,-0.0263062985583511
19,T1194,2019-07-19,2019-07-19 14:00:00,2019-07-19 18:00:00,87.116,1.919047209522736,0.0692726837361004
20,T1194,2019-07-29,2019-07-29 14:00:00,2019-07-29 18:00:00,88.646,2.0851105945962463,0.2335946989075362
21,T1194,2019-08-19,2019-08-19 14:00:00,2019-08-19 18:00:00,78.224,1.8970130345544585,0.1148639787368947
22,T1194,2019-08-22,2019-08-22 14:00:00,2019-08-22 15:00:00,74.55199999999999,1.7780812300823152,0.2089536350644096
24,T1194,2020-06-22,2020-06-22 16:00:00,2020-06-22 18:00:00,79.934,1.6731680447863546,0.1419825868394045
25,T1194,2020-07-06,2020-07-06 16:00:00,2020-07-06 18:00:00,83.732,1.790585592239214,0.1158070490873733
26,T1194,2020-07-07,2020-07-07 14:00:00,2020-07-07 18:00:00,89.456,1.8610120506423,0.1746264417751136
27,T1194,2020-07-08,2020-07-08 14:00:00,2020-07-08 18:00:00,86.81,1.8247656021858345,0.0968965805688365
28,T1194,2020-07-09,2020-07-09 16:00:00,2020-07-09 18:00:00,89.97800000000001,1.8614029984684868,-0.0327447936222135
29,T1194,2020-07-10,2020-07-10 14:00:00,2020-07-10 18:00:00,92.21,1.894521864315457,0.1108852235703184
30,T1194,2020-07-20,2020-07-20 16:00:00,2020-07-20 18:00:00,84.11,1.828120442039568,0.2426617799747818
31,T1194,2020-07-27,2020-07-27 16:00:00,2020-07-27 18:00:00,87.89,1.8808044795874728,0.3168173922990832
32,T1194,2020-08-11,2020-08-11 14:00:00,2020-08-11 18:00:00,85.982,1.8773984324075712,0.2363393291827679
33,T1194,2020-08-27,2020-08-27 15:00:00,2020-08-27 16:00:00,82.706,1.855042748085912,0.3468007887213613
35,T1194,2021-06-28,2021-06-28 14:00:00,2021-06-28 18:00:00,88.50200000000001,1.889864387182492,-0.0529864516219745
36,T1194,2021-08-10,2021-08-10 14:00:00,2021-08-10 18:00:00,87.422,2.0210115643820243,0.3339944942894668
37,T1194,2021-08-11,2021-08-11 14:00:00,2021-08-11 18:00:00,89.42,2.041717831473838,0.3440957038598486
38,T1194,2021-08-12,2021-08-12 14:00:00,2021-08-12 18:00:00,88.088,2.030077614206656,0.4040056208665308
39,T1194,2021-08-25,2021-08-25 14:00:00,2021-08-25 18:00:00,89.42,2.0757352446110224,0.4349296425540757
40,T1194,2021-09-01,2021-09-01 13:00:00,2021-09-01 14:00:00,71.762,1.6805979333438588,0.3139510089786623
42,T1194,2021-05-25,2021-05-25 14:00:00,2021-05-25 14:30:00,85.064,1.6118235286355116,-0.1507976415817397
43,T1194,2021-05-26,2021-05-26 14:00:00,2021-05-26 14:30:00,81.06800000000001,1.5947634101018622,0.0788596584064555
44,T1194,2021-07-16,2021-07-16 16:00:00,2021-07-16 18:00:00,75.974,1.7749161305911128,0.2977859958035522
45,T1194,2021-08-13,2021-08-13 16:00:00,2021-08-13 18:00:00,85.838,1.9870621012089384,0.3675653679766109
46,T1194,2021-08-26,2021-08-26 16:00:00,2021-08-26 18:00:00,87.314,2.02399982854858,0.378629543158811
5,T1195,2018-08-06,2018-08-06 15:00:00,2018-08-06 18:00:00,90.392,2.0432511217497846,0.1786059995320284
6,T1195,2018-08-28,2018-08-28 15:00:00,2018-08-28 18:00:00,90.014,2.072598420325203,0.0775501489289564
7,T1195,2018-08-29,2018-08-29 14:00:00,2018-08-29 18:00:00,89.294,2.032103523829972,0.1322990831679606
8,T1195,2018-08-30,2018-08-30 14:00:00,2018-08-30 15:00:00,72.69800000000001,1.908216173305975,0.216400653415057
9,T1195,2018-09-04,2018-09-04 14:00:00,2018-09-04 18:00:00,81.032,1.9809070863764275,0.0816258235462498
10,T1195,2018-09-05,2018-09-05 14:00:00,2018-09-05 18:00:00,92.552,2.108200793591757,0.0716423797905177
12,T1195,2019-06-27,2019-06-27 16:00:00,2019-06-27 18:00:00,81.428,1.9415128189512407,0.116285812419464
13,T1195,2019-06-28,2019-06-28 16:00:00,2019-06-28 18:00:00,83.03,1.971582742452084,0.0659851018281649
14,T1195,2019-07-10,2019-07-10 14:00:00,2019-07-10 18:00:00,84.65,2.1415095849664985,0.088667767770326
15,T1195,2019-07-11,2019-07-11 14:00:00,2019-07-11 18:00:00,85.226,2.1533588905020964,0.1533166549298944
16,T1195,2019-07-16,2019-07-16 14:00:00,2019-07-16 18:00:00,89.384,2.238861981229408,0.1197536367418415
17,T1195,2019-07-17,2019-07-17 16:00:00,2019-07-17 18:00:00,77.25200000000001,2.008891174170103,0.0823520949482184
18,T1195,2019-07-18,2019-07-18 14:00:00,2019-07-18 18:00:00,81.086,2.0947883906297395,0.1244978675650667
19,T1195,2019-07-19,2019-07-19 14:00:00,2019-07-19 18:00:00,87.81800000000001,2.208132527880252,0.0769659009342394
20,T1195,2019-07-29,2019-07-29 14:00:00,2019-07-29 18:00:00,88.142,2.3602441857237224,0.2888256441762218
21,T1195,2019-08-19,2019-08-19 14:00:00,2019-08-19 18:00:00,80.042,2.210991806435925,0.2608332067309133
22,T1195,2019-08-22,2019-08-22 14:00:00,2019-08-22 15:00:00,73.994,1.9792360936408664,0.1366422469463593
24,T1195,2020-06-22,2020-06-22 16:00:00,2020-06-22 18:00:00,84.488,2.072535606401108,0.3929108533716025
25,T1195,2020-07-06,2020-07-06 16:00:00,2020-07-06 18:00:00,86.414,2.203614389848928,0.31508396748525
26,T1195,2020-07-07,2020-07-07 14:00:00,2020-07-07 18:00:00,89.906,2.2752780477307173,0.3662709082291506
27,T1195,2020-07-08,2020-07-08 14:00:00,2020-07-08 18:00:00,87.332,2.2175278127887434,0.3380307875334696
28,T1195,2020-07-09,2020-07-09 16:00:00,2020-07-09 18:00:00,91.67,2.314826475950055,0.3183423469408759
29,T1195,2020-07-10,2020-07-10 14:00:00,2020-07-10 18:00:00,90.518,2.290525634514076,0.4876896675012923
30,T1195,2020-07-20,2020-07-20 16:00:00,2020-07-20 18:00:00,84.38,2.1969258016559783,0.5859393986062443
31,T1195,2020-07-27,2020-07-27 16:00:00,2020-07-27 18:00:00,88.106,2.306354621675133,0.6447206293297036
32,T1195,2020-08-11,2020-08-11 14:00:00,2020-08-11 18:00:00,87.25999999999999,2.2790786677152983,0.551541135798724
33,T1195,2020-08-27,2020-08-27 15:00:00,2020-08-27 16:00:00,82.112,2.183175117857617,0.6756967058925398
35,T1195,2021-06-28,2021-06-28 14:00:00,2021-06-28 18:00:00,86.594,2.2292448128257663,0.3090183584026784
36,T1195,2021-08-10,2021-08-10 14:00:00,2021-08-10 18:00:00,87.71000000000001,2.462867905129569,0.5144581621877498
37,T1195,2021-08-11,2021-08-11 14:00:00,2021-08-11 18:00:00,89.438,2.491383265675868,0.5853331531175212
38,T1195,2021-08-12,2021-08-12 14:00:00,2021-08-12 18:00:00,87.85400000000001,2.458650871424065,0.5656721575265383
39,T1195,2021-08-25,2021-08-25 14:00:00,2021-08-25 18:00:00,89.078,2.5295856501031,0.5901197282311039
40,T1195,2021-09-01,2021-09-01 13:00:00,2021-09-01 14:00:00,70.55600000000001,1.9706680939440968,0.3941320840382492
42,T1195,2021-05-25,2021-05-25 14:00:00,2021-05-25 14:30:00,83.066,1.921723221190944,-0.2170370571606508
43,T1195,2021-05-26,2021-05-26 14:00:00,2021-05-26 14:30:00,80.96000000000001,1.869717081184134,0.0786652398557095
44,T1195,2021-07-16,2021-07-16 16:00:00,2021-07-16 18:00:00,76.74799999999999,2.0971833727656155,0.3965183263794808
45,T1195,2021-08-13,2021-08-13 16:00:00,2021-08-13 18:00:00,85.712,2.404356562465689,0.4654555548664669
46,T1195,2021-08-26,2021-08-26 16:00:00,2021-08-26 18:00:00,87.08000000000001,2.4537103521950585,0.6078854723211644
0,T1196,2018-06-18,2018-06-18 15:00:00,2018-06-18 18:00:00,91.202,2.508653925987821,-0.0286095776626784
1,T1196,2018-06-19,2018-06-19 15:00:00,2018-06-19 18:00:00,86.36,2.3974870611599064,0.329977645651273
2,T1196,2018-06-29,2018-06-29 16:00:00,2018-06-29 18:00:00,89.114,2.537139197299884,0.1878186324634775
3,T1196,2018-07-02,2018-07-02 16:00:00,2018-07-02 18:00:00,95.45,2.7349044589026,0.0019906857905065
4,T1196,2018-07-03,2018-07-03 16:00:00,2018-07-03 18:00:00,93.74,2.7148880903426726,0.1418268268604024
5,T1196,2018-07-05,2018-07-05 15:00:00,2018-07-05 17:00:00,90.896,2.6173693191269365,0.0939663719394508
6,T1196,2018-07-16,2018-07-16 16:00:00,2018-07-16 18:00:00,91.634,2.717811345034931,0.3328326266612547
7,T1196,2018-08-06,2018-08-06 14:00:00,2018-08-06 18:00:00,90.068,2.879286887778373,0.5099656122841959
8,T1196,2018-08-27,2018-08-27 16:00:00,2018-08-27 18:00:00,88.73599999999999,2.877091333473329,0.6347627610293983
9,T1196,2018-08-28,2018-08-28 15:00:00,2018-08-28 18:00:00,93.11,3.0617764436911967,0.7071439409844542
10,T1196,2018-08-29,2018-08-29 15:00:00,2018-08-29 17:00:00,92.876,3.059708301359529,0.6966576769193122
11,T1196,2019-06-26,2019-06-26 16:00:00,2019-06-26 18:00:00,88.61,2.476118452888091,0.6108068759818497
12,T1196,2019-06-27,2019-06-27 16:00:00,2019-06-27 18:00:00,89.924,2.520171317214191,0.5132462518005934
13,T1196,2019-06-28,2019-06-28 15:00:00,2019-06-28 17:00:00,90.968,2.553178090186881,0.5602920994487488
14,T1196,2019-07-02,2019-07-02 16:00:00,2019-07-02 18:00:00,89.42,2.557794006452552,0.5823959921941243
15,T1196,2019-07-03,2019-07-03 16:00:00,2019-07-03 18:00:00,86.27,2.448239465418506,0.6447413420316696
16,T1196,2019-07-10,2019-07-10 16:00:00,2019-07-10 18:00:00,88.07,2.609418178373149,0.7327477220509919
17,T1196,2019-07-15,2019-07-15 16:00:00,2019-07-15 18:00:00,85.69399999999999,2.582254307101316,0.8157014903324055
18,T1196,2019-07-16,2019-07-16 16:00:00,2019-07-16 18:00:00,91.202,2.814640026968521,0.7918521053989918
19,T1196,2019-07-17,2019-07-17 16:00:00,2019-07-17 18:00:00,93.974,2.9264952662374064,0.674135253661127
20,T1196,2019-07-18,2019-07-18 16:00:00,2019-07-18 18:00:00,84.578,2.5492797657364563,0.7225879678561835
21,T1196,2019-07-19,2019-07-19 16:00:00,2019-07-19 18:00:00,92.912,2.883119059590232,0.5062654156630356
22,T1196,2019-07-29,2019-07-29 16:00:00,2019-07-29 18:00:00,91.292,2.9059642942546824,0.7479190821978484
23,T1196,2019-08-19,2019-08-19 03:00:00,2019-08-19 05:00:00,90.554,2.9402427221774,-0.1053134306635369
24,T1196,2019-08-20,2019-08-20 16:00:00,2019-08-20 18:00:00,89.006,2.864774946317933,0.8784597631130323
25,T1196,2020-06-18,2020-06-18 16:30:00,2020-06-18 17:00:00,79.46600000000001,2.018833252718516,0.4491165825953261
26,T1196,2020-06-22,2020-06-22 16:00:00,2020-06-22 18:00:00,89.006,2.334276845319017,0.3479440143156615
27,T1196,2020-06-23,2020-06-23 16:00:00,2020-06-23 18:00:00,89.87,2.3506871607944,0.497405659015846
28,T1196,2020-06-26,2020-06-26 16:00:00,2020-06-26 18:00:00,85.46000000000001,2.248450288561945,0.6622178645295222
29,T1196,2020-06-29,2020-06-29 16:00:00,2020-06-29 18:00:00,88.7,2.346287355641575,0.6680583764570336
30,T1196,2020-07-01,2020-07-01 16:00:00,2020-07-01 18:00:00,83.336,2.23114299142976,0.6292558217767935
31,T1196,2020-07-02,2020-07-02 16:00:00,2020-07-02 18:00:00,90.626,2.40395288558358,0.6073738291476819
32,T1196,2020-07-03,2020-07-03 16:00:00,2020-07-03 18:00:00,92.966,2.467742956984916,0.5457154537082335
33,T1196,2020-07-06,2020-07-06 15:00:00,2020-07-06 17:00:00,91.526,2.479911138224897,0.6023534793158055
34,T1196,2020-07-07,2020-07-07 15:00:00,2020-07-07 17:00:00,87.476,2.368200294119604,0.6374184835983393
35,T1196,2020-07-08,2020-07-08 16:00:00,2020-07-08 18:00:00,88.03399999999999,2.3881709676613525,0.6405538586952592
36,T1196,2020-07-09,2020-07-09 15:00:00,2020-07-09 17:00:00,90.21200000000002,2.4394505035943586,0.5605888331264107
37,T1196,2020-07-15,2020-07-15 16:00:00,2020-07-15 18:00:00,85.334,2.3474820875088254,0.633731495956195
38,T1196,2020-07-20,2020-07-20 15:00:00,2020-07-20 17:00:00,93.344,2.6278516103127374,0.5920462039825396
39,T1196,2020-07-21,2020-07-21 16:00:00,2020-07-21 18:00:00,93.56,2.6423010822057043,0.5799375298087924
40,T1196,2020-07-22,2020-07-22 16:00:00,2020-07-22 18:00:00,92.21,2.604732455283993,0.6253010412844138
41,T1196,2020-07-27,2020-07-27 15:00:00,2020-07-27 17:00:00,93.38,2.6832269519246985,0.0486780127288137
42,T1196,2020-07-28,2020-07-28 16:00:00,2020-07-28 18:00:00,89.888,2.5691268583491564,-0.002860519357112
43,T1196,2020-07-29,2020-07-29 16:00:00,2020-07-29 18:00:00,91.94,2.629324555215364,0.1138831544567539
44,T1196,2020-08-10,2020-08-10 16:00:00,2020-08-10 18:00:00,91.544,2.7118571659756268,0.1564066111623775
45,T1196,2020-08-25,2020-08-25 14:00:00,2020-08-25 18:00:00,89.78,2.700877523828531,0.2862068509319128
46,T1196,2020-08-27,2020-08-27 15:00:00,2020-08-27 19:00:00,91.148,2.757382743238381,0.2669156753416638
47,T1196,2021-06-24,2021-06-24 14:00:00,2021-06-24 15:00:00,77.9,2.2404485639998475,0.4576305851928106
49,T1196,2021-05-25,2021-05-25 13:00:00,2021-05-25 13:30:00,75.452,2.001692770685268,0.1971887363624068
50,T1196,2021-05-26,2021-05-26 13:00:00,2021-05-26 13:30:00,88.61,2.199345144382001,-0.190432254498263
51,T1196,2021-06-28,2021-06-28 16:00:00,2021-06-28 18:00:00,91.31,2.639738769046581,0.2015386345539362
52,T1196,2021-06-29,2021-06-29 16:00:00,2021-06-29 18:00:00,93.47,2.707407616804973,0.2604384436189147
53,T1196,2021-06-30,2021-06-30 15:00:00,2021-06-30 17:00:00,95.036,2.756467531429808,0.2702294304469742
54,T1196,2021-07-06,2021-07-06 16:00:00,2021-07-06 18:00:00,92.174,2.689233559224092,0.4425664087989888
55,T1196,2021-07-26,2021-07-26 16:00:00,2021-07-26 18:00:00,89.672,2.79660776131134,0.44427061378969
56,T1196,2021-07-27,2021-07-27 16:00:00,2021-07-27 18:00:00,91.346,2.872062938751078,0.5628614919765348
57,T1196,2021-08-10,2021-08-10 16:00:00,2021-08-10 18:00:00,89.96000000000001,2.829201673053848,0.5732949482659295
58,T1196,2021-08-11,2021-08-11 16:00:00,2021-08-11 18:00:00,92.606,2.9574661786600265,0.5463814953235213
59,T1196,2021-08-12,2021-08-12 16:00:00,2021-08-12 18:00:00,94.802,3.0453483162965447,0.618853863803577
60,T1196,2021-08-13,2021-08-13 15:00:00,2021-08-13 17:00:00,94.856,3.0481771404693943,0.583479611869472
61,T1196,2021-08-24,2021-08-24 16:00:00,2021-08-24 18:00:00,89.87,2.8784444905596613,0.6304658303128859
62,T1196,2021-08-25,2021-08-25 16:00:00,2021-08-25 18:00:00,91.67,2.95492297713124,0.6007472748214473
63,T1196,2021-08-26,2021-08-26 16:00:00,2021-08-26 18:00:00,91.346,2.94306584743022,0.6079531730417875
64,T1196,2021-08-27,2021-08-27 15:00:00,2021-08-27 17:00:00,90.32,2.906020727294328,0.4603917095295539
0,T1204,2018-06-06,2018-06-06 16:00:00,2018-06-06 17:00:00,100.868,2.782256443606128,0.1887675068839713
1,T1204,2018-06-22,2018-06-22 16:00:00,2018-06-22 17:30:00,96.962,2.697363606143325,0.1705726768208136
2,T1204,2018-06-27,2018-06-27 15:30:00,2018-06-27 17:30:00,97.628,2.764475117070238,0.0421585912820477
3,T1204,2018-07-02,2018-07-02 15:30:00,2018-07-02 17:30:00,99.536,2.776101001375776,0.2413256828267754
4,T1204,2018-07-18,2018-07-18 15:30:00,2018-07-18 17:30:00,100.058,2.8624603022331883,0.2497556348554655
5,T1204,2018-07-19,2018-07-19 15:30:00,2018-07-19 17:30:00,101.102,2.8875097730984365,0.2687578407135473
6,T1204,2018-07-23,2018-07-23 15:30:00,2018-07-23 17:30:00,105.674,3.0766126097268813,0.53933991106784
7,T1204,2018-07-24,2018-07-24 16:00:00,2018-07-24 18:00:00,99.932,2.8832226661721214,0.0835491724087387
8,T1204,2018-08-06,2018-08-06 15:30:00,2018-08-06 17:30:00,95.972,2.7161625334445034,0.1481566248124159
9,T1204,2018-08-07,2018-08-07 15:30:00,2018-08-07 17:30:00,94.46,2.7243097843344386,0.1516525173210502
10,T1204,2018-08-15,2018-08-15 16:30:00,2018-08-15 17:30:00,97.79,2.772885401657966,0.1843209644525608
11,T1204,2018-08-16,2018-08-16 15:30:00,2018-08-16 17:30:00,98.438,2.790069252209603,0.1851375523828907
12,T1204,2018-08-17,2018-08-17 15:30:00,2018-08-17 17:30:00,101.102,2.880785345804453,0.2322683417921074
13,T1204,2018-08-23,2018-08-23 15:30:00,2018-08-23 17:30:00,100.67,2.8448201524541394,0.3962106346290945
14,T1204,2018-08-24,2018-08-24 16:30:00,2018-08-24 17:30:00,101.12,2.858847493318243,0.2301921499359436
15,T1204,2018-09-17,2018-09-17 15:30:00,2018-09-17 17:30:00,92.138,2.6701600630456004,0.5327715640106132
16,T1204,2018-09-18,2018-09-18 15:30:00,2018-09-18 17:30:00,89.87,2.632556307636728,0.4704566127200256
17,T1204,2018-09-19,2018-09-19 15:30:00,2018-09-19 17:30:00,92.138,2.660186830111387,0.4433510919298444
18,T1204,2019-05-23,2019-05-23 15:30:00,2019-05-23 17:30:00,91.508,2.4025206459164936,0.2578119581218597
19,T1204,2019-06-19,2019-06-19 15:30:00,2019-06-19 17:30:00,97.61,2.7707881819102,0.5042977588037533
20,T1204,2019-06-20,2019-06-20 15:30:00,2019-06-20 17:30:00,96.836,2.745537670553644,0.5491016175958886
21,T1204,2019-06-21,2019-06-21 16:00:00,2019-06-21 17:30:00,95.594,2.732939140634029,0.4761334197786185
22,T1204,2019-07-10,2019-07-10 15:30:00,2019-07-10 17:30:00,94.964,2.74623315288667,0.5225553203858064
23,T1204,2019-07-16,2019-07-16 15:30:00,2019-07-16 17:30:00,96.728,2.8001582650628407,0.6010470009125167
24,T1204,2019-07-30,2019-07-30 15:30:00,2019-07-30 17:30:00,96.908,2.7893171846584948,0.5893907402678034
25,T1204,2019-07-31,2019-07-31 15:00:00,2019-07-31 17:30:00,98.33,2.881790534545192,0.591042413652301
26,T1204,2019-08-06,2019-08-06 15:30:00,2019-08-06 17:30:00,98.384,2.886209351808464,0.6425592163591299
27,T1204,2019-08-07,2019-08-07 15:30:00,2019-08-07 17:30:00,99.842,2.8908201987095388,0.655111488733934
28,T1204,2019-08-09,2019-08-09 15:30:00,2019-08-09 17:30:00,100.796,2.981882712896359,0.5901952432544364
29,T1204,2019-08-12,2019-08-12 15:30:00,2019-08-12 18:00:00,101.822,2.9836346419167867,0.5582128571537507
30,T1204,2019-08-13,2019-08-13 15:30:00,2019-08-13 18:00:00,101.552,3.0225773181296822,0.6596078844134705
31,T1204,2019-08-15,2019-08-15 16:00:00,2019-08-15 18:00:00,98.348,2.92133376861555,0.5514807662006103
32,T1204,2019-08-26,2019-08-26 15:30:00,2019-08-26 17:30:00,100.364,2.946152965694344,0.5575531231684153
33,T1204,2019-09-05,2019-09-05 15:30:00,2019-09-05 17:30:00,93.632,2.7100169592115924,0.7851096174764147
34,T1204,2019-09-06,2019-09-06 15:30:00,2019-09-06 17:30:00,96.134,2.8091783269409505,0.680873909075913
35,T1204,2019-09-23,2019-09-23 15:00:00,2019-09-23 17:00:00,95.396,2.7195646474581783,0.6550544016363828
36,T1204,2020-06-08,2020-06-08 16:00:00,2020-06-08 18:00:00,97.808,2.508464030282595,0.1348708970282274
37,T1204,2020-06-09,2020-06-09 16:00:00,2020-06-09 18:00:00,96.512,2.4825392619505138,0.0939674780516583
38,T1204,2020-07-02,2020-07-02 15:30:00,2020-07-02 17:30:00,96.314,2.604524176405467,0.4873849464897734
39,T1204,2020-07-13,2020-07-13 16:00:00,2020-07-13 19:00:00,104.378,2.924018273583096,0.562068660746385
40,T1204,2020-07-14,2020-07-14 17:00:00,2020-07-14 19:00:00,103.622,2.893883821110284,0.6103886068952504
41,T1204,2020-07-16,2020-07-16 16:30:00,2020-07-16 19:00:00,98.258,2.697205893303745,0.4663954890877373
42,T1204,2020-08-03,2020-08-03 15:30:00,2020-08-03 17:30:00,97.034,2.767070615462581,0.6035334585434827
43,T1204,2020-08-06,2020-08-06 16:00:00,2020-08-06 18:00:00,97.34,2.69971153719262,0.541881567845626
44,T1204,2020-08-10,2020-08-10 15:30:00,2020-08-10 17:30:00,97.538,2.7770840581661016,0.6222941225751387
45,T1204,2020-08-11,2020-08-11 15:30:00,2020-08-11 17:30:00,98.096,2.756608733124961,0.5771435797985307
46,T1204,2020-08-12,2020-08-12 15:30:00,2020-08-12 18:00:00,98.744,2.805174608147071,0.5416182704555288
47,T1204,2020-08-13,2020-08-13 15:30:00,2020-08-13 18:30:00,100.598,2.8315389403019315,0.5685407872720885
48,T1204,2020-08-14,2020-08-14 15:30:00,2020-08-14 18:30:00,101.39,2.893851180886266,0.6479434077760057
49,T1204,2020-08-28,2020-08-28 16:00:00,2020-08-28 19:00:00,100.994,2.904202603614692,0.5376993007432509
50,T1204,2020-09-01,2020-09-01 15:00:00,2020-09-01 18:00:00,97.952,2.7704532768180337,0.7513761757780075
51,T1204,2020-09-16,2020-09-16 15:00:00,2020-09-16 18:00:00,89.97800000000001,2.515660613002581,0.6508583109591145
52,T1204,2021-06-14,2021-06-14 16:00:00,2021-06-14 19:00:00,94.19,2.617000161384357,0.3184089088514
53,T1204,2021-06-15,2021-06-15 15:30:00,2021-06-15 18:30:00,93.776,2.6011828759376296,0.3857177861771989
54,T1204,2021-06-17,2021-06-17 16:30:00,2021-06-17 19:00:00,93.002,2.58558752668933,0.4395161340082725
55,T1204,2021-06-23,2021-06-23 17:00:00,2021-06-23 18:30:00,92.75,2.641228401781519,0.4746705764375652
56,T1204,2021-06-24,2021-06-24 15:30:00,2021-06-24 18:30:00,93.02,2.64684906356438,0.4227236109386105
57,T1204,2021-06-25,2021-06-25 15:30:00,2021-06-25 18:30:00,93.038,2.647673167873488,0.4671205842321339
58,T1204,2021-07-16,2021-07-16 15:30:00,2021-07-16 18:30:00,90.176,2.586537696442029,0.4804063189120311
59,T1204,2021-07-26,2021-07-26 16:00:00,2021-07-26 19:00:00,94.676,2.90470407929889,0.7082913128283701
60,T1204,2021-07-27,2021-07-27 16:00:00,2021-07-27 19:00:00,93.758,2.884347517544348,0.7462203317300722
61,T1204,2021-07-29,2021-07-29 16:30:00,2021-07-29 18:00:00,93.272,2.8329797578001576,0.6072624940824342
62,T1204,2021-08-09,2021-08-09 15:30:00,2021-08-09 18:00:00,94.118,2.899160713012942,0.7978243197328453
63,T1204,2021-08-10,2021-08-10 15:30:00,2021-08-10 18:00:00,94.622,2.9237165887939023,0.8009267247829028
64,T1204,2021-08-12,2021-08-12 16:00:00,2021-08-12 18:30:00,94.856,2.933797631738165,0.7878628198309061
65,T1204,2021-08-20,2021-08-20 17:00:00,2021-08-20 18:00:00,96.278,3.0227756483303847,0.8753072877356307
66,T1204,2021-08-23,2021-08-23 16:30:00,2021-08-23 19:00:00,94.71200000000002,2.99886349011587,0.8587383611665059
67,T1204,2021-08-24,2021-08-24 16:30:00,2021-08-24 19:00:00,95.774,3.0268855239921875,0.8477094108544068
68,T1204,2021-08-25,2021-08-25 16:00:00,2021-08-25 18:30:00,95.036,2.9752805065788217,0.8227355923953547
69,T1204,2021-08-31,2021-08-31 16:00:00,2021-08-31 18:30:00,96.134,3.039299740288952,0.8720105473805324
70,T1204,2021-09-01,2021-09-01 16:00:00,2021-09-01 18:30:00,96.584,3.060062472561196,0.9077336532100932
71,T1204,2021-09-02,2021-09-02 16:00:00,2021-09-02 18:30:00,95.972,3.031431757533156,0.8389469539757793
72,T1204,2021-09-20,2021-09-20 16:00:00,2021-09-20 18:30:00,98.312,3.083815221237441,1.0061533137758656
73,T1204,2021-06-09,2021-06-09 16:00:00,2021-06-09 18:00:00,90.734,2.426612060861988,0.4619580540831028
74,T1204,2021-06-10,2021-06-10 16:00:00,2021-06-10 18:00:00,91.256,2.4695095964900697,0.3802729565865988
75,T1204,2021-07-30,2021-07-30 15:00:00,2021-07-30 17:00:00,94.568,2.897488648168732,0.6993760561060682
76,T1204,2021-08-11,2021-08-11 15:30:00,2021-08-11 17:00:00,94.874,2.93468643986616,0.7847401603524377
0,T1218,2018-06-18,2018-06-18 15:00:00,2018-06-18 18:00:00,90.122,1.5917174890849894,0.1857727277338065
1,T1218,2018-06-19,2018-06-19 15:00:00,2018-06-19 18:00:00,80.888,1.4697001724162744,0.2433865405560298
2,T1218,2018-06-29,2018-06-29 16:00:00,2018-06-29 18:00:00,87.638,1.6204959449880674,0.2538622889162316
3,T1218,2018-07-02,2018-07-02 16:00:00,2018-07-02 18:00:00,89.006,1.6752705561859964,0.1591151684574983
4,T1218,2018-07-03,2018-07-03 16:00:00,2018-07-03 18:00:00,89.888,1.6890203203307943,0.1809101856701876
5,T1218,2018-07-05,2018-07-05 15:00:00,2018-07-05 17:00:00,82.922,1.560287148425406,0.2708593750038296
6,T1218,2018-07-16,2018-07-16 16:00:00,2018-07-16 18:00:00,89.906,1.77907058407503,0.2890696768688303
7,T1218,2018-08-06,2018-08-06 14:00:00,2018-08-06 18:00:00,89.528,1.945898643351612,0.5032298660168565
8,T1218,2018-08-27,2018-08-27 16:00:00,2018-08-27 18:00:00,88.78999999999999,2.018776573909379,0.5442452482243466
9,T1218,2018-08-28,2018-08-28 15:00:00,2018-08-28 18:00:00,89.94200000000001,2.055201970627314,0.6031189527274236
10,T1218,2018-08-29,2018-08-29 15:00:00,2018-08-29 17:00:00,89.924,2.118769861542531,0.4863149981677458
11,T1218,2019-06-26,2019-06-26 16:00:00,2019-06-26 18:00:00,84.074,1.613776552255601,0.1702651909363721
12,T1218,2019-06-27,2019-06-27 16:00:00,2019-06-27 18:00:00,87.02600000000001,1.7057609722970049,0.010114606555859
13,T1218,2019-06-28,2019-06-28 15:00:00,2019-06-28 17:00:00,86.28800000000001,1.6874273078213986,0.2202250941092174
14,T1218,2019-07-02,2019-07-02 16:00:00,2019-07-02 18:00:00,89.27600000000001,1.787116640838255,0.1954581831312819
15,T1218,2019-07-03,2019-07-03 16:00:00,2019-07-03 18:00:00,82.706,1.628925655680156,0.0877759295078553
16,T1218,2019-07-10,2019-07-10 16:00:00,2019-07-10 18:00:00,88.55600000000001,1.931654508279232,0.3446842811146395
17,T1218,2019-07-15,2019-07-15 16:00:00,2019-07-15 18:00:00,85.892,1.8673372396824888,0.4956383961644317
18,T1218,2019-07-16,2019-07-16 16:00:00,2019-07-16 18:00:00,84.72200000000001,1.864965598443801,0.3628066942409574
19,T1218,2019-07-17,2019-07-17 16:00:00,2019-07-17 18:00:00,80.22200000000001,1.7093036916104023,0.2899546405336851
20,T1218,2019-07-18,2019-07-18 16:00:00,2019-07-18 18:00:00,86.108,1.902209363654772,0.3762529704580791
21,T1218,2019-07-19,2019-07-19 16:00:00,2019-07-19 18:00:00,87.674,1.928040281916625,0.4412338983843663
22,T1218,2019-07-29,2019-07-29 16:00:00,2019-07-29 18:00:00,86.28800000000001,1.984018306115024,0.4994661708081622
23,T1218,2019-08-19,2019-08-19 03:00:00,2019-08-19 05:00:00,87.99799999999999,2.085003597770732,-0.0298655922538379
24,T1218,2019-08-20,2019-08-20 16:00:00,2019-08-20 18:00:00,88.718,2.1031667148748348,0.7038055297874567
25,T1218,2020-06-18,2020-06-18 16:30:00,2020-06-18 17:00:00,76.73,1.3357382379336349,-0.2457578823610801
26,T1218,2020-06-22,2020-06-22 16:00:00,2020-06-22 18:00:00,81.86,1.4559706232009066,-0.2507180875125698
27,T1218,2020-06-23,2020-06-23 16:00:00,2020-06-23 18:00:00,77.09,1.374127693765999,-0.1986330133584474
28,T1218,2020-06-25,2020-06-25 14:00:00,2020-06-25 15:00:00,81.158,1.441601766610575,-0.1439711662171745
29,T1218,2020-06-26,2020-06-26 16:00:00,2020-06-26 18:00:00,83.53399999999999,1.4885212689752072,-0.1260667156029817
30,T1218,2020-06-29,2020-06-29 16:00:00,2020-06-29 18:00:00,84.974,1.529968023973186,-0.2420964180350727
31,T1218,2020-07-01,2020-07-01 16:00:00,2020-07-01 18:00:00,82.544,1.496088270755614,-0.242296556500175
32,T1218,2020-07-02,2020-07-02 16:00:00,2020-07-02 18:00:00,87.76400000000001,1.594357262109034,-0.3444667465525594
33,T1218,2020-07-03,2020-07-03 16:00:00,2020-07-03 18:00:00,90.482,1.644914732958664,-0.3836161513417195
34,T1218,2020-07-06,2020-07-06 15:00:00,2020-07-06 17:00:00,93.38,1.7428714145678403,-0.3265968686084394
35,T1218,2020-07-07,2020-07-07 15:00:00,2020-07-07 17:00:00,91.004,1.6857984867316629,-0.3696709639086729
36,T1218,2020-07-08,2020-07-08 16:00:00,2020-07-08 18:00:00,90.338,1.6787086820315162,-0.4647117016523414
37,T1218,2020-07-09,2020-07-09 15:00:00,2020-07-09 17:00:00,91.328,1.7014846796307366,-0.3751087851812673
38,T1218,2020-07-15,2020-07-15 16:00:00,2020-07-15 18:00:00,87.872,1.666516422067419,-0.3358640583679849
39,T1218,2020-07-20,2020-07-20 15:00:00,2020-07-20 17:00:00,89.168,1.7265381764367604,-0.2804982308705735
40,T1218,2020-07-21,2020-07-21 16:00:00,2020-07-21 18:00:00,84.884,1.6031344859393666,-0.118891036058761
41,T1218,2020-07-22,2020-07-22 16:00:00,2020-07-22 18:00:00,84.758,1.6297616424504675,-0.2536785518989292
42,T1218,2020-07-27,2020-07-27 15:00:00,2020-07-27 17:00:00,91.922,1.808928287947765,-0.3712781220381927
43,T1218,2020-07-28,2020-07-28 16:00:00,2020-07-28 18:00:00,84.884,1.6529003175186694,-0.191640157266594
44,T1218,2020-07-29,2020-07-29 16:00:00,2020-07-29 18:00:00,88.754,1.7408360297101484,-0.2746797638292778
45,T1218,2020-08-10,2020-08-10 16:00:00,2020-08-10 18:00:00,89.744,1.7900367019030314,-0.1324104718583276
46,T1218,2020-08-25,2020-08-25 16:00:00,2020-08-25 18:00:00,87.242,1.7586957335659772,-0.0781067488976259
47,T1218,2020-08-27,2020-08-27 16:00:00,2020-08-27 18:00:00,85.658,1.7080891067003725,-0.1042667993400421
48,T1218,2021-06-24,2021-06-24 14:00:00,2021-06-24 15:00:00,81.572,1.3914326869243518,0.0819453249935279
49,T1218,2021-05-25,2021-05-25 13:00:00,2021-05-25 13:30:00,85.766,1.2640276182914596,-0.2377570767679536
50,T1218,2021-05-26,2021-05-26 13:00:00,2021-05-26 13:30:00,82.418,1.2412475240884306,-0.214136958567989
51,T1218,2021-06-21,2021-06-21 02:00:00,2021-06-21 02:30:00,82.868,1.4186783302807746,-0.023729956675201
52,T1218,2021-06-28,2021-06-28 15:00:00,2021-06-28 17:00:00,90.302,1.5824150543802544,-0.1003491526129756
53,T1218,2021-06-29,2021-06-29 15:00:00,2021-06-29 17:00:00,91.76,1.6021010056434766,-0.1683917089689215
54,T1218,2021-06-30,2021-06-30 15:00:00,2021-06-30 17:00:00,85.73,1.453955487141791,0.0951152301770374
55,T1218,2021-07-06,2021-07-06 14:00:00,2021-07-06 16:00:00,89.384,1.5901313121332017,-0.0936480101675145
57,T1218,2021-07-26,2021-07-26 16:00:00,2021-07-26 18:00:00,87.206,1.6524350911872985,0.1372239109553297
58,T1218,2021-07-27,2021-07-27 16:00:00,2021-07-27 18:00:00,87.80000000000001,1.6656877276430395,0.1010331798327914
59,T1218,2021-08-10,2021-08-10 16:00:00,2021-08-10 18:00:00,83.804,1.63643119775001,0.3292898561682731
60,T1218,2021-08-11,2021-08-11 15:00:00,2021-08-11 17:00:00,84.434,1.5993713031368402,0.3085775877555552
61,T1218,2021-08-12,2021-08-12 15:00:00,2021-08-12 17:00:00,89.924,1.7682025558435583,0.1298525732092884
62,T1218,2021-08-13,2021-08-13 16:00:00,2021-08-13 17:00:00,88.016,1.7274441160981548,0.0686589200679617
63,T1218,2021-08-23,2021-08-23 15:00:00,2021-08-23 17:00:00,86.28800000000001,1.713699285333182,0.2141298240713711
64,T1218,2021-08-24,2021-08-24 16:00:00,2021-08-24 18:00:00,87.99799999999999,1.751398975264837,0.1389631463675176
65,T1218,2021-08-25,2021-08-25 15:00:00,2021-08-25 17:00:00,88.48400000000001,1.7660336591588497,0.2442490284669022
66,T1218,2021-08-26,2021-08-26 16:00:00,2021-08-26 18:00:00,86.43199999999999,1.710532538168425,0.1708235426841476
67,T1218,2021-08-27,2021-08-27 15:00:00,2021-08-27 17:00:00,86.162,1.7034866007380096,0.1781099183945005
0,T1225,2018-06-18,2018-06-18 15:00:00,2018-06-18 18:00:00,92.804,2.509919723902609,0.0551567235463295
1,T1225,2018-06-19,2018-06-19 15:00:00,2018-06-19 18:00:00,95.972,2.627297769597249,-0.0026620308942593
2,T1225,2018-06-26,2018-06-26 14:00:00,2018-06-26 15:00:00,77.072,2.144043409731091,0.1715613673197719
3,T1225,2018-06-29,2018-06-29 16:00:00,2018-06-29 18:00:00,89.294,2.527129313765017,0.195639013643442
4,T1225,2018-07-02,2018-07-02 16:00:00,2018-07-02 18:00:00,94.406,2.7284096156649515,0.2352951449852278
5,T1225,2018-07-03,2018-07-03 16:00:00,2018-07-03 18:00:00,93.434,2.704816941336452,0.1692963840107517
6,T1225,2018-07-05,2018-07-05 15:00:00,2018-07-05 17:00:00,91.4,2.6240634922925947,0.2623608188511912
7,T1225,2018-07-16,2018-07-16 16:00:00,2018-07-16 18:00:00,91.346,2.686000577249999,0.2267137162211713
8,T1225,2018-08-06,2018-08-06 14:00:00,2018-08-06 18:00:00,87.99799999999999,2.6461486781570485,0.2465061323290031
9,T1225,2018-08-27,2018-08-27 16:00:00,2018-08-27 18:00:00,91.346,2.815370911487142,0.2562275829184882
10,T1225,2018-08-28,2018-08-28 15:00:00,2018-08-28 18:00:00,91.922,2.8417092109399658,0.2313058471632911
11,T1225,2018-08-29,2018-08-29 15:00:00,2018-08-29 17:00:00,93.236,2.887894632337727,0.3795876595734738
12,T1225,2019-06-26,2019-06-26 16:00:00,2019-06-26 18:00:00,89.798,2.685741619120926,0.1254702019924415
13,T1225,2019-06-27,2019-06-27 16:00:00,2019-06-27 18:00:00,92.606,2.786063973351204,0.5395063041116248
14,T1225,2019-06-28,2019-06-28 15:00:00,2019-06-28 17:00:00,92.786,2.8011059071472024,0.3154843045571472
15,T1225,2019-07-02,2019-07-02 16:00:00,2019-07-02 18:00:00,91.886,2.7732373048653383,0.7076195174405718
16,T1225,2019-07-03,2019-07-03 16:00:00,2019-07-03 18:00:00,95.324,2.903775863121842,0.7062979812326565
17,T1225,2019-07-10,2019-07-10 16:00:00,2019-07-10 18:00:00,87.98,2.679816563700005,0.6099744290009161
18,T1225,2019-07-15,2019-07-15 16:00:00,2019-07-15 18:00:00,92.40800000000002,2.8434241400429583,0.7038130993792117
19,T1225,2019-07-16,2019-07-16 16:00:00,2019-07-16 18:00:00,93.992,2.925475055438433,0.7126498574894368
20,T1225,2019-07-17,2019-07-17 16:00:00,2019-07-17 18:00:00,96.728,3.084995363034711,0.7699972940489546
21,T1225,2019-07-18,2019-07-18 16:00:00,2019-07-18 18:00:00,94.064,2.9567127135839177,0.7001717690468497
22,T1225,2019-07-19,2019-07-19 16:00:00,2019-07-19 18:00:00,93.668,2.9147520185792217,0.685543306151319
23,T1225,2019-07-29,2019-07-29 16:00:00,2019-07-29 18:00:00,91.652,2.843477824746988,0.7316980214746227
24,T1225,2019-08-19,2019-08-19 03:00:00,2019-08-19 05:00:00,95.126,2.9367002800590143,0.0121403266202861
25,T1225,2019-08-20,2019-08-20 16:00:00,2019-08-20 18:00:00,93.254,2.895562800143991,0.6182727294898812
26,T1225,2020-06-18,2020-06-18 16:30:00,2020-06-18 17:00:00,78.206,2.085687705983396,0.3964436547611282
27,T1225,2020-06-22,2020-06-22 16:00:00,2020-06-22 18:00:00,88.77199999999999,2.430359684382809,0.2797457212898691
28,T1225,2020-06-23,2020-06-23 16:00:00,2020-06-23 18:00:00,88.628,2.4327979228220844,0.489164745747544
29,T1225,2020-06-25,2020-06-25 14:00:00,2020-06-25 15:00:00,82.418,2.232082116774564,0.3539524905907574
30,T1225,2020-06-26,2020-06-26 16:00:00,2020-06-26 18:00:00,87.17,2.3970969987049267,0.5629925506925673
31,T1225,2020-06-29,2020-06-29 16:00:00,2020-06-29 18:00:00,88.78999999999999,2.462053882377244,0.5774777614376246
32,T1225,2020-07-01,2020-07-01 16:00:00,2020-07-01 18:00:00,88.106,2.47636858513907,0.5450577487464826
33,T1225,2020-07-02,2020-07-02 16:00:00,2020-07-02 18:00:00,88.268,2.4689592383058043,0.5885820271342855
34,T1225,2020-07-03,2020-07-03 16:00:00,2020-07-03 18:00:00,93.416,2.655709486056767,0.5593388008380381
35,T1225,2020-07-06,2020-07-06 15:00:00,2020-07-06 17:00:00,90.968,2.585866616849265,0.5036136552683069
36,T1225,2020-07-07,2020-07-07 15:00:00,2020-07-07 17:00:00,90.32,2.5592322506838374,0.538233061783314
37,T1225,2020-07-08,2020-07-08 16:00:00,2020-07-08 18:00:00,88.178,2.485963901575381,0.3570726491979719
38,T1225,2020-07-09,2020-07-09 15:00:00,2020-07-09 17:00:00,88.16,2.4822815899547086,0.4398994626898728
39,T1225,2020-07-15,2020-07-15 16:00:00,2020-07-15 18:00:00,90.68,2.625516957805757,0.5872802061168649
40,T1225,2020-07-20,2020-07-20 15:00:00,2020-07-20 17:00:00,96.566,2.861318647754827,0.630605214843427
41,T1225,2020-07-21,2020-07-21 16:00:00,2020-07-21 18:00:00,96.908,2.8749655885408787,0.6708377301000464
42,T1225,2020-07-22,2020-07-22 16:00:00,2020-07-22 18:00:00,94.316,2.7754638430628296,0.60859446997925
43,T1225,2020-07-27,2020-07-27 15:00:00,2020-07-27 17:00:00,94.442,2.8197616637722955,0.6289682267883263
44,T1225,2020-07-28,2020-07-28 16:00:00,2020-07-28 18:00:00,95.936,2.8784565022574915,0.6502294131107609
45,T1225,2020-07-29,2020-07-29 16:00:00,2020-07-29 18:00:00,90.77,2.674792484381149,0.6089918842224107
46,T1225,2020-08-10,2020-08-10 16:00:00,2020-08-10 18:00:00,89.186,2.661005050498681,0.6937591174014978
47,T1225,2020-08-25,2020-08-25 16:00:00,2020-08-25 18:00:00,90.986,2.757465893284868,0.6843358933756115
48,T1225,2020-08-27,2020-08-27 16:00:00,2020-08-27 18:00:00,93.128,2.848460495313432,0.6022356242073379
49,T1225,2021-05-25,2021-05-25 13:00:00,2021-05-25 13:30:00,83.21000000000001,2.039792845921052,0.1324676400477048
50,T1225,2021-06-28,2021-06-28 16:00:00,2021-06-28 18:00:00,90.176,2.5613843829468026,0.5000683344428937
51,T1225,2021-06-29,2021-06-29 16:00:00,2021-06-29 18:00:00,90.716,2.576268678621333,0.5364921614157695
52,T1225,2021-06-30,2021-06-30 15:00:00,2021-06-30 17:00:00,93.938,2.7024880059288416,0.6743061077748609
53,T1225,2021-07-06,2021-07-06 16:00:00,2021-07-06 18:00:00,92.516,2.657636159139451,0.6452197967884257
54,T1225,2021-07-07,2021-07-07 16:00:00,2021-07-07 18:00:00,92.876,2.675701483674573,0.459650245491315
55,T1225,2021-07-13,2021-07-13 16:00:00,2021-07-13 18:00:00,91.13,2.6649685984353964,0.5587786117640009
56,T1225,2021-07-16,2021-07-16 15:00:00,2021-07-16 17:00:00,93.83,2.7859502621509225,0.5613048329084258
57,T1225,2021-07-26,2021-07-26 16:00:00,2021-07-26 18:00:00,90.15800000000002,2.5891752086827093,0.5250339842690149
58,T1225,2021-07-27,2021-07-27 16:00:00,2021-07-27 18:00:00,90.734,2.6583105885541407,0.4846122532911172
59,T1225,2021-08-10,2021-08-10 16:00:00,2021-08-10 18:00:00,91.778,2.744502013552669,0.6130409730566715
60,T1225,2021-08-11,2021-08-11 16:00:00,2021-08-11 18:00:00,93.956,2.8403139373500563,0.6479862043522708
61,T1225,2021-08-12,2021-08-12 16:00:00,2021-08-12 18:00:00,94.856,2.895145132259757,0.6471771949299842
62,T1225,2021-08-13,2021-08-13 15:00:00,2021-08-13 17:00:00,94.838,2.891228618337636,0.7122436375850143
63,T1225,2021-08-23,2021-08-23 16:30:00,2021-08-23 17:00:00,90.356,2.741047980167595,0.4416000516408586
64,T1225,2021-08-24,2021-08-24 16:00:00,2021-08-24 18:00:00,93.128,2.884037959749308,0.7836288974807922
65,T1225,2021-08-25,2021-08-25 15:00:00,2021-08-25 17:00:00,92.93,2.8748932517528027,0.7230491439101385
66,T1225,2021-08-26,2021-08-26 16:00:00,2021-08-26 18:00:00,92.246,2.83582040849501,0.670526976615986
67,T1225,2021-08-27,2021-08-27 15:00:00,2021-08-27 17:00:00,93.038,2.8732305775716203,0.7015493425742075
68,T1225,2021-09-14,2021-09-14 16:00:00,2021-09-14 18:00:00,90.284,2.758295100198988,0.7089446556315241
0,T1234,2018-06-18,2018-06-18 15:00:00,2018-06-18 18:00:00,91.508,2.417353042790721,-0.0567565845509183
1,T1234,2018-06-19,2018-06-19 15:00:00,2018-06-19 18:00:00,87.782,2.3356739316692705,0.0229121720997855
2,T1234,2018-06-29,2018-06-29 16:00:00,2018-06-29 18:00:00,86.09,2.3806904503685504,0.1882523290886638
3,T1234,2018-07-02,2018-07-02 16:00:00,2018-07-02 18:00:00,91.526,2.521354863454787,0.0897378291575593
4,T1234,2018-07-03,2018-07-03 16:00:00,2018-07-03 18:00:00,91.508,2.5122807915371568,0.1001307571229557
5,T1234,2018-07-05,2018-07-05 15:00:00,2018-07-05 17:00:00,87.908,2.4487992892411405,0.2004699067228993
6,T1234,2018-07-16,2018-07-16 16:00:00,2018-07-16 18:00:00,87.908,2.493908001119633,0.2147411433310338
7,T1234,2018-08-06,2018-08-06 14:00:00,2018-08-06 18:00:00,86.036,2.502841164378909,0.3435676568268799
8,T1234,2018-08-16,2018-08-16 14:00:00,2018-08-16 16:00:00,86.126,2.580097183025653,0.548497716863971
9,T1234,2018-08-27,2018-08-27 16:00:00,2018-08-27 18:00:00,87.94399999999999,2.6084428608062145,0.6063675090979352
10,T1234,2018-08-28,2018-08-28 15:00:00,2018-08-28 18:00:00,89.744,2.657956378187895,0.6590391412220613
11,T1234,2018-08-29,2018-08-29 15:00:00,2018-08-29 17:00:00,89.726,2.6574612430140783,0.2615413901187463
12,T1234,2019-06-26,2019-06-26 16:00:00,2019-06-26 18:00:00,87.908,2.0003263437287053,0.0612994947841059
13,T1234,2019-06-27,2019-06-27 16:00:00,2019-06-27 18:00:00,89.69,2.032137786650717,-0.0281813547363045
14,T1234,2019-06-28,2019-06-28 15:00:00,2019-06-28 17:00:00,89.564,1.9993437847054016,0.0601954250198095
15,T1234,2019-07-02,2019-07-02 16:00:00,2019-07-02 18:00:00,94.964,2.1463628856943098,0.0611860146969545
16,T1234,2019-07-03,2019-07-03 16:00:00,2019-07-03 18:00:00,89.69,2.0584421530787846,0.0246845314072505
17,T1234,2019-07-10,2019-07-10 16:00:00,2019-07-10 18:00:00,86.09,2.046662461310374,0.101627447291907
18,T1234,2019-07-15,2019-07-15 16:00:00,2019-07-15 18:00:00,89.672,2.1381145182825825,0.0460615552404476
19,T1234,2019-07-16,2019-07-16 16:00:00,2019-07-16 18:00:00,89.63600000000001,2.158084076779438,0.1111112456614326
20,T1234,2019-07-17,2019-07-17 16:00:00,2019-07-17 18:00:00,93.2,2.2346976138908,-0.0113206948157177
21,T1234,2019-07-18,2019-07-18 16:00:00,2019-07-18 18:00:00,89.672,2.147858381735643,0.0182538557109921
22,T1234,2019-07-19,2019-07-19 16:00:00,2019-07-19 18:00:00,96.818,2.3145123057654016,0.0482368754621901
23,T1234,2019-07-29,2019-07-29 16:00:00,2019-07-29 18:00:00,89.672,2.219152490820603,0.133221768126156
24,T1234,2019-08-13,2019-08-13 14:00:00,2019-08-13 16:00:00,82.652,2.0442693356241604,0.1048005789676434
25,T1234,2019-08-19,2019-08-19 03:00:00,2019-08-19 05:00:00,91.508,2.302670087075087,0.0748697130614101
26,T1234,2019-08-20,2019-08-20 16:00:00,2019-08-20 18:00:00,89.888,2.244362226256752,0.0635715057063958
27,T1234,2020-06-18,2020-06-18 16:30:00,2020-06-18 17:00:00,79.124,1.7002198520217828,-0.0390264734364387
28,T1234,2020-06-22,2020-06-22 16:00:00,2020-06-22 18:00:00,86.936,1.798997386204276,0.0395536933805782
29,T1234,2020-06-23,2020-06-23 16:00:00,2020-06-23 18:00:00,85.334,1.7654096825142158,0.0573991075696251
30,T1234,2020-06-26,2020-06-26 16:00:00,2020-06-26 18:00:00,87.908,1.815314042122956,0.157028224256392
31,T1234,2020-06-29,2020-06-29 16:00:00,2020-06-29 18:00:00,87.116,1.8178062167813869,0.1869124648393277
32,T1234,2020-07-01,2020-07-01 16:00:00,2020-07-01 18:00:00,84.938,1.7957021772071589,0.0808382166362656
33,T1234,2020-07-02,2020-07-02 16:00:00,2020-07-02 18:00:00,88.16,1.835851550834645,0.1126667139146726
34,T1234,2020-07-03,2020-07-03 16:00:00,2020-07-03 18:00:00,93.002,1.9243444330674064,0.0250258760644643
35,T1234,2020-07-06,2020-07-06 15:00:00,2020-07-06 17:00:00,93.794,1.9688497433899528,0.1458608836435688
36,T1234,2020-07-07,2020-07-07 15:00:00,2020-07-07 17:00:00,88.142,1.8597888650814416,0.076860012364287
37,T1234,2020-07-08,2020-07-08 16:00:00,2020-07-08 18:00:00,92.282,1.933989802028791,0.0914628951597913
38,T1234,2020-07-09,2020-07-09 15:00:00,2020-07-09 17:00:00,90.86,1.9077318033893085,0.1251259132544458
39,T1234,2020-07-15,2020-07-15 16:00:00,2020-07-15 18:00:00,91.004,1.9268580509379567,0.0436966216737927
40,T1234,2020-07-20,2020-07-20 15:00:00,2020-07-20 17:00:00,97.916,2.098218738607567,0.074988532770266
41,T1234,2020-07-21,2020-07-21 16:00:00,2020-07-21 18:00:00,94.316,2.035209994576616,0.1096141989886697
42,T1234,2020-07-22,2020-07-22 16:00:00,2020-07-22 18:00:00,90.608,1.966413013136044,0.1118092454875603
43,T1234,2020-07-27,2020-07-27 15:00:00,2020-07-27 17:00:00,94.892,2.0537925837585105,0.1769814577104118
44,T1234,2020-07-28,2020-07-28 16:00:00,2020-07-28 18:00:00,87.584,1.9192046537214609,0.1784174748126223
45,T1234,2020-07-29,2020-07-29 16:00:00,2020-07-29 18:00:00,91.526,1.9849775246917305,0.2743943682470088
46,T1234,2020-08-10,2020-08-10 16:00:00,2020-08-10 18:00:00,90.968,2.000131294253125,0.2348180137153666
47,T1234,2020-08-25,2020-08-25 16:00:00,2020-08-25 18:00:00,91.742,2.0349972624980563,0.2826798279728284
48,T1234,2020-08-26,2020-08-26 14:30:00,2020-08-26 16:00:00,85.69399999999999,1.911594164764229,0.2825311740177278
49,T1234,2020-08-27,2020-08-27 16:00:00,2020-08-27 18:00:00,90.23,2.0031415218950714,0.2158095794568059
0,T1236,2018-06-18,2018-06-18 15:00:00,2018-06-18 18:00:00,92.912,2.2230882307732944,-0.1603149923430655
1,T1236,2018-06-19,2018-06-19 15:00:00,2018-06-19 18:00:00,84.72200000000001,2.0293117315145057,-0.0806880637522457
2,T1236,2018-06-26,2018-06-26 14:00:00,2018-06-26 15:00:00,82.742,2.032814926309004,0.1430323513308951
3,T1236,2018-06-29,2018-06-29 16:00:00,2018-06-29 18:00:00,90.15800000000002,2.192682784355122,0.0626389340545527
4,T1236,2018-07-02,2018-07-02 16:00:00,2018-07-02 18:00:00,89.042,2.2040011140970823,-0.1211686207912115
5,T1236,2018-07-03,2018-07-03 16:00:00,2018-07-03 18:00:00,90.03200000000001,2.2522576987329983,0.0055231682613342
6,T1236,2018-07-05,2018-07-05 15:00:00,2018-07-05 17:00:00,92.138,2.3004806187202287,0.110688403117012
7,T1236,2018-07-16,2018-07-16 16:00:00,2018-07-16 18:00:00,86.936,2.1824665417629663,0.0410168140061037
8,T1236,2018-08-06,2018-08-06 14:00:00,2018-08-06 18:00:00,89.744,2.400246150377685,0.2352665471008304
9,T1236,2018-08-27,2018-08-27 16:00:00,2018-08-27 18:00:00,90.248,2.4690046868327657,0.1357547564767697
10,T1236,2018-08-28,2018-08-28 15:00:00,2018-08-28 18:00:00,91.022,2.4978369644407947,0.3917158644774438
11,T1236,2018-08-29,2018-08-29 15:00:00,2018-08-29 17:00:00,88.952,2.427427166682559,0.2336000812221643
12,T1236,2019-06-26,2019-06-26 16:00:00,2019-06-26 18:00:00,89.078,1.990220586378192,-0.0988905901851098
13,T1236,2019-06-27,2019-06-27 16:00:00,2019-06-27 18:00:00,87.584,1.9107922509573785,0.0452706525273922
14,T1236,2019-06-28,2019-06-28 15:00:00,2019-06-28 17:00:00,92.066,2.0213633509856326,-0.2400350770142883
15,T1236,2019-07-02,2019-07-02 16:00:00,2019-07-02 18:00:00,92.75,2.0255565735967904,-0.1572790345291343
16,T1236,2019-07-03,2019-07-03 16:00:00,2019-07-03 18:00:00,85.46000000000001,1.892793514218802,-0.1499470012885773
17,T1236,2019-07-10,2019-07-10 16:00:00,2019-07-10 18:00:00,91.508,2.2242998659666164,0.0941855179322983
18,T1236,2019-07-15,2019-07-15 16:00:00,2019-07-15 18:00:00,93.128,2.1946044810007552,0.0792490975114546
19,T1236,2019-07-16,2019-07-16 16:00:00,2019-07-16 18:00:00,90.446,2.111836446996856,0.0090646297370853
20,T1236,2019-07-17,2019-07-17 16:00:00,2019-07-17 18:00:00,85.298,2.1089991522880425,0.074254453731115
21,T1236,2019-07-18,2019-07-18 16:00:00,2019-07-18 18:00:00,90.14,2.1142799986911127,-0.0448929235030826
22,T1236,2019-07-19,2019-07-19 16:00:00,2019-07-19 18:00:00,92.03,2.254441468448341,-0.0825073609557654
23,T1236,2019-07-29,2019-07-29 16:00:00,2019-07-29 18:00:00,88.52,2.173879455712628,0.1711965137257927
24,T1236,2019-08-19,2019-08-19 03:00:00,2019-08-19 05:00:00,88.48400000000001,2.1935648158827736,-0.0124404421647593
25,T1236,2019-08-20,2019-08-20 16:00:00,2019-08-20 18:00:00,91.256,2.375723759280141,0.1588137158877015
26,T1236,2020-06-18,2020-06-18 16:30:00,2020-06-18 17:00:00,79.03399999999999,1.773048668423956,0.0407376977500906
27,T1236,2020-06-22,2020-06-22 16:00:00,2020-06-22 18:00:00,84.83000000000001,1.8783340010624028,0.1748389287945216
28,T1236,2020-06-23,2020-06-23 16:00:00,2020-06-23 18:00:00,77.684,1.7668072790610798,0.0901458631203496
29,T1236,2020-06-25,2020-06-25 14:00:00,2020-06-25 15:00:00,82.03999999999999,1.850166906130544,0.3011238605538818
30,T1236,2020-06-26,2020-06-26 16:00:00,2020-06-26 18:00:00,85.766,1.9550357076147635,0.0921115852682258
31,T1236,2020-06-29,2020-06-29 16:00:00,2020-06-29 18:00:00,88.03399999999999,2.021885448200872,0.1502248344318364
32,T1236,2020-07-01,2020-07-01 16:00:00,2020-07-01 18:00:00,87.638,2.021684103389388,0.0285820718002229
33,T1236,2020-07-02,2020-07-02 16:00:00,2020-07-02 18:00:00,88.898,2.0401625638716925,0.1965076701953367
34,T1236,2020-07-03,2020-07-03 16:00:00,2020-07-03 18:00:00,91.112,2.087252834133052,0.1700768198656337
35,T1236,2020-07-06,2020-07-06 15:00:00,2020-07-06 17:00:00,92.804,2.171540397731478,0.2567830569975871
36,T1236,2020-07-07,2020-07-07 15:00:00,2020-07-07 17:00:00,91.22,2.136258546325055,0.1933526874907995
37,T1236,2020-07-08,2020-07-08 16:00:00,2020-07-08 18:00:00,90.68,2.1000616036717794,0.1411516643680991
38,T1236,2020-07-09,2020-07-09 15:00:00,2020-07-09 17:00:00,92.642,2.137885375208348,0.103530054568771
39,T1236,2020-07-15,2020-07-15 16:00:00,2020-07-15 18:00:00,89.186,2.108928341796992,0.2135503453859259
40,T1236,2020-07-20,2020-07-20 15:00:00,2020-07-20 17:00:00,87.72800000000001,2.120089827437213,0.2668379841768936
41,T1236,2020-07-21,2020-07-21 16:00:00,2020-07-21 18:00:00,88.754,2.1009794353864906,0.1161822888311329
42,T1236,2020-07-22,2020-07-22 16:00:00,2020-07-22 18:00:00,84.02,2.033471127372993,0.2728157580992958
43,T1236,2020-07-27,2020-07-27 15:00:00,2020-07-27 17:00:00,90.23,2.230956300561129,0.0761018013567357
44,T1236,2020-07-28,2020-07-28 16:00:00,2020-07-28 18:00:00,85.208,2.080169485936068,0.263495237727513
45,T1236,2020-07-29,2020-07-29 16:00:00,2020-07-29 18:00:00,89.22200000000001,2.1757026256099907,0.1671343783448642
46,T1236,2020-08-10,2020-08-10 16:00:00,2020-08-10 18:00:00,89.27600000000001,2.1983582868488454,0.1025156427972468
47,T1236,2020-08-25,2020-08-25 16:00:00,2020-08-25 18:00:00,89.186,2.3066920687801744,0.2714330851814016
48,T1236,2020-08-27,2020-08-27 16:00:00,2020-08-27 18:00:00,87.548,2.248633752184904,0.2210627315693164
49,T1236,2021-06-24,2021-06-24 14:00:00,2021-06-24 15:00:00,85.47800000000001,1.7921921280859554,-0.0902711480117635
50,T1236,2021-05-25,2021-05-25 13:00:00,2021-05-25 13:30:00,88.178,1.4633265049232949,-0.1325599068496077
51,T1236,2021-05-26,2021-05-26 13:00:00,2021-05-26 13:30:00,81.212,1.438712503639206,-0.0408155224259555
52,T1236,2021-06-28,2021-06-28 16:00:00,2021-06-28 18:00:00,89.15,1.9208951246680688,-0.0427606281624974
53,T1236,2021-06-29,2021-06-29 16:00:00,2021-06-29 18:00:00,91.868,1.9849985045905805,-0.329475464996261
54,T1236,2021-06-30,2021-06-30 15:00:00,2021-06-30 17:00:00,82.976,1.7546970260228154,-0.3688405729090511
55,T1236,2021-07-06,2021-07-06 16:00:00,2021-07-06 18:00:00,90.446,1.965022807411807,-0.474141884069554
56,T1236,2021-07-07,2021-07-07 15:00:00,2021-07-07 17:00:00,88.59200000000001,1.929373618189492,-0.4775154903460167
57,T1236,2021-07-26,2021-07-26 16:00:00,2021-07-26 18:00:00,87.62,2.0968457461295094,-0.0833231690727857
58,T1236,2021-07-27,2021-07-27 16:00:00,2021-07-27 18:00:00,88.412,2.1158158461615915,0.102696785835145
59,T1236,2021-08-10,2021-08-10 16:00:00,2021-08-10 18:00:00,85.982,2.1566648881160253,-0.2519971832885847
60,T1236,2021-08-11,2021-08-11 16:00:00,2021-08-11 18:00:00,89.492,2.302185477453284,-0.2137457403502161
61,T1236,2021-08-12,2021-08-12 16:00:00,2021-08-12 18:00:00,90.878,2.3625143649926,-0.1764735273678468
63,T1236,2021-08-24,2021-08-24 16:00:00,2021-08-24 18:00:00,91.364,2.422566901341076,-0.0942104021197613
64,T1236,2021-08-25,2021-08-25 16:00:00,2021-08-25 18:00:00,86.43199999999999,2.219270838153659,0.006575576650381
65,T1236,2021-08-26,2021-08-26 16:00:00,2021-08-26 18:00:00,87.242,2.278322608589228,-0.0976935264401274
66,T1236,2021-08-27,2021-08-27 15:00:00,2021-08-27 17:00:00,90.104,2.3465894642201546,-0.1230763199387414
0,T1252,2018-06-18,2018-06-18 15:00:00,2018-06-18 18:00:00,92.318,2.753805379911527,-0.0859375059788887
1,T1252,2018-06-19,2018-06-19 15:00:00,2018-06-19 18:00:00,88.394,2.648090340431911,0.1297979915351701
2,T1252,2018-06-29,2018-06-29 16:00:00,2018-06-29 18:00:00,89.20400000000001,2.720220337661937,0.0816131384398062
3,T1252,2018-07-02,2018-07-02 16:00:00,2018-07-02 18:00:00,88.646,2.745792957990396,0.2825699863217362
4,T1252,2018-07-03,2018-07-03 16:00:00,2018-07-03 18:00:00,88.844,2.741309971862449,0.1869608542621792
5,T1252,2018-07-05,2018-07-05 15:00:00,2018-07-05 17:00:00,92.426,2.842349582284616,0.186544215440971
6,T1252,2018-07-16,2018-07-16 16:00:00,2018-07-16 18:00:00,86.684,2.710049728895083,0.1713016500017828
7,T1252,2018-08-06,2018-08-06 14:00:00,2018-08-06 18:00:00,88.376,2.8510827325235297,0.3502106147052792
8,T1252,2018-08-27,2018-08-27 16:00:00,2018-08-27 18:00:00,89.834,2.9027413799873583,0.4181098172211837
9,T1252,2018-08-28,2018-08-28 15:00:00,2018-08-28 18:00:00,90.194,2.928639622852245,0.4149529082003482
10,T1252,2018-08-29,2018-08-29 15:00:00,2018-08-29 17:00:00,87.404,2.819135164231507,0.341033857730871
11,T1252,2019-06-26,2019-06-26 16:00:00,2019-06-26 18:00:00,88.80799999999999,2.2841369761070154,0.2207896798345281
12,T1252,2019-06-27,2019-06-27 16:00:00,2019-06-27 18:00:00,89.132,2.263429723462241,0.1552470499242371
13,T1252,2019-06-28,2019-06-28 15:00:00,2019-06-28 17:00:00,90.5,2.298023947707708,0.1913360948923038
14,T1252,2019-07-02,2019-07-02 16:00:00,2019-07-02 18:00:00,91.526,2.360250809948527,0.2889872218822433
15,T1252,2019-07-03,2019-07-03 16:00:00,2019-07-03 18:00:00,87.94399999999999,2.280066681174397,0.1274638166734106
16,T1252,2019-07-10,2019-07-10 16:00:00,2019-07-10 18:00:00,90.68,2.4469096769724112,0.304999745793561
17,T1252,2019-07-15,2019-07-15 16:00:00,2019-07-15 18:00:00,88.754,2.402784137428271,0.2394550197369158
18,T1252,2019-07-16,2019-07-16 16:00:00,2019-07-16 18:00:00,88.286,2.3684597458138983,0.2998387154539317
19,T1252,2019-07-17,2019-07-17 16:00:00,2019-07-17 18:00:00,87.44,2.332493994662504,0.259797952599655
20,T1252,2019-07-18,2019-07-18 16:00:00,2019-07-18 18:00:00,90.626,2.433551783871012,0.3479920856920414
21,T1252,2019-07-19,2019-07-19 16:00:00,2019-07-19 18:00:00,91.436,2.4951172917723667,0.1481309513189925
22,T1252,2019-07-29,2019-07-29 16:00:00,2019-07-29 18:00:00,87.72800000000001,2.379055313641025,0.3506626267974718
23,T1252,2019-08-19,2019-08-19 03:00:00,2019-08-19 05:00:00,89.42,2.4864421184984984,-0.0246021735769026
24,T1252,2019-08-20,2019-08-20 16:00:00,2019-08-20 18:00:00,88.55600000000001,2.4500983159888703,0.2900134179340166
25,T1252,2020-06-18,2020-06-18 16:30:00,2020-06-18 17:00:00,81.626,2.1234459412973554,0.2930606628175335
26,T1252,2020-06-22,2020-06-22 16:00:00,2020-06-22 18:00:00,83.624,2.190498942170849,0.1602664846392979
27,T1252,2020-06-23,2020-06-23 16:00:00,2020-06-23 18:00:00,77.99000000000001,2.046554839177296,0.1361662782861345
28,T1252,2020-06-25,2020-06-25 14:00:00,2020-06-25 15:00:00,82.166,2.155890364398072,0.4110511165341309
29,T1252,2020-06-26,2020-06-26 16:00:00,2020-06-26 18:00:00,83.26400000000001,2.1722392432699382,0.0906028864616931
30,T1252,2020-06-29,2020-06-29 16:00:00,2020-06-29 18:00:00,86.95400000000001,2.302153338335836,0.1164537737049294
31,T1252,2020-07-01,2020-07-01 16:00:00,2020-07-01 18:00:00,86.756,2.303970169999412,0.1838619337503759
32,T1252,2020-07-02,2020-07-02 16:00:00,2020-07-02 18:00:00,87.674,2.333180012326285,0.2300026034277965
33,T1252,2020-07-03,2020-07-03 16:00:00,2020-07-03 18:00:00,90.194,2.396964770060478,0.1781568916733441
34,T1252,2020-07-06,2020-07-06 15:00:00,2020-07-06 17:00:00,90.788,2.444098393304551,0.2223293758702157
35,T1252,2020-07-07,2020-07-07 15:00:00,2020-07-07 17:00:00,90.21200000000002,2.425431534401603,0.214543273810061
36,T1252,2020-07-08,2020-07-08 16:00:00,2020-07-08 18:00:00,90.608,2.4369468045040708,0.2024984335601025
37,T1252,2020-07-09,2020-07-09 15:00:00,2020-07-09 17:00:00,89.528,2.4129465573431377,0.1983065155165359
38,T1252,2020-07-15,2020-07-15 16:00:00,2020-07-15 18:00:00,89.456,2.4346918740898174,0.2326602631479486
39,T1252,2020-07-20,2020-07-20 15:00:00,2020-07-20 17:00:00,88.016,2.4232945911206807,0.2929960458001763
40,T1252,2020-07-21,2020-07-21 16:00:00,2020-07-21 18:00:00,88.988,2.441875265631022,0.1903755616673675
41,T1252,2020-07-22,2020-07-22 16:00:00,2020-07-22 18:00:00,82.67,2.2558028335179445,0.2275187768978398
42,T1252,2020-07-27,2020-07-27 15:00:00,2020-07-27 17:00:00,89.924,2.5106559430559523,0.1872593393818142
43,T1252,2020-07-28,2020-07-28 16:00:00,2020-07-28 18:00:00,85.44200000000001,2.371463946888767,0.2873301608212931
44,T1252,2020-07-29,2020-07-29 16:00:00,2020-07-29 18:00:00,88.44800000000001,2.459509301355903,0.2721330120476967
45,T1252,2020-08-10,2020-08-10 16:00:00,2020-08-10 18:00:00,85.622,2.402074442904272,0.2673929219461535
46,T1252,2020-08-25,2020-08-25 16:00:00,2020-08-25 18:00:00,90.302,2.5930920214384896,0.3749589726054946
47,T1252,2020-08-27,2020-08-27 16:00:00,2020-08-27 18:00:00,83.588,2.38372143001418,0.2595000651304608
48,T1252,2021-06-24,2021-06-24 14:00:00,2021-06-24 15:00:00,83.642,2.3475616021459453,0.2956838227496638
49,T1252,2021-05-25,2021-05-25 13:00:00,2021-05-25 13:30:00,86.504,2.1656499073697244,-0.0092702974920762
50,T1252,2021-05-26,2021-05-26 13:00:00,2021-05-26 13:30:00,76.838,1.9769225089808289,-0.1338428358738676
51,T1252,2021-06-28,2021-06-28 16:00:00,2021-06-28 18:00:00,88.53800000000001,2.5081258849545263,0.0837143378492432
52,T1252,2021-06-29,2021-06-29 16:00:00,2021-06-29 18:00:00,90.986,2.5784840913442424,0.1157733768097404
53,T1252,2021-06-30,2021-06-30 15:00:00,2021-06-30 17:00:00,82.724,2.355476177907259,0.0496667335338315
54,T1252,2021-07-06,2021-07-06 16:00:00,2021-07-06 18:00:00,89.528,2.5610119223979595,0.1827797557748999
55,T1252,2021-07-26,2021-07-26 16:00:00,2021-07-26 18:00:00,87.674,2.658502934492757,0.3748386334163425
56,T1252,2021-07-27,2021-07-27 16:00:00,2021-07-27 18:00:00,88.16,2.6665735705267486,0.4189970232021639
57,T1252,2021-08-10,2021-08-10 16:00:00,2021-08-10 18:00:00,87.76400000000001,2.6924004907522185,0.2874991796566159
58,T1252,2021-08-11,2021-08-11 16:00:00,2021-08-11 18:00:00,90.446,2.816914359387978,0.3271748637062726
59,T1252,2021-08-12,2021-08-12 16:00:00,2021-08-12 18:00:00,92.46200000000002,2.89779516294625,0.3112191981585097
60,T1252,2021-08-13,2021-08-13 16:00:00,2021-08-13 17:00:00,87.35,2.7097066519134585,0.2206391976102926
61,T1252,2021-08-24,2021-08-24 16:00:00,2021-08-24 18:00:00,91.562,2.8965076301966155,0.4825308945942796
62,T1252,2021-08-25,2021-08-25 16:00:00,2021-08-25 18:00:00,86.72,2.6940579274581897,0.3288784149732274
63,T1252,2021-08-26,2021-08-26 16:00:00,2021-08-26 18:00:00,88.754,2.7944096312799904,0.3964457586341788
64,T1252,2021-08-27,2021-08-27 15:00:00,2021-08-27 17:00:00,90.086,2.8350396146019405,0.460324240559399
0,T1253,2018-06-18,2018-06-18 15:00:00,2018-06-18 18:00:00,91.22,2.2974065238287853,-0.2289502236137737
1,T1253,2018-06-19,2018-06-19 15:00:00,2018-06-19 18:00:00,82.166,2.1618041926596767,-0.1468917144582541
2,T1253,2018-06-26,2018-06-26 14:00:00,2018-06-26 15:00:00,77.126,2.120704321910165,0.0061194082969998
3,T1253,2018-06-29,2018-06-29 16:00:00,2018-06-29 18:00:00,89.20400000000001,2.307801028271523,-0.0443877764654721
4,T1253,2018-07-02,2018-07-02 14:00:00,2018-07-02 18:00:00,89.618,2.373522426434196,-0.1809563072952179
5,T1253,2018-07-03,2018-07-03 14:00:00,2018-07-03 18:00:00,91.166,2.3942854526309185,-0.1148389139923258
6,T1253,2018-07-05,2018-07-05 15:00:00,2018-07-05 17:00:00,85.388,2.2992640739188586,-0.2572229289675682
7,T1253,2018-07-16,2018-07-16 16:00:00,2018-07-16 18:00:00,91.094,2.473757237560635,-0.0952810008214429
8,T1253,2018-08-06,2018-08-06 14:00:00,2018-08-06 18:00:00,91.04,2.581875199048297,0.4774820639140573
9,T1253,2018-08-27,2018-08-27 16:00:00,2018-08-27 18:00:00,89.6,2.6292225537556857,0.399492185193775
10,T1253,2018-08-28,2018-08-28 14:00:00,2018-08-28 18:00:00,91.238,2.673030244814765,0.5093714023235364
11,T1253,2018-08-29,2018-08-29 15:00:00,2018-08-29 17:00:00,91.148,2.6770893743389887,0.3566038107588268
12,T1253,2018-09-04,2018-09-04 14:00:00,2018-09-04 18:00:00,93.002,2.7273513981208057,0.5597744683920949
13,T1253,2018-09-05,2018-09-05 14:00:00,2018-09-05 18:00:00,93.002,2.723178523758796,0.538144952845235
14,T1253,2019-06-26,2019-06-26 16:00:00,2019-06-26 18:00:00,85.622,2.1974097673044297,0.1420970105626939
15,T1253,2019-06-27,2019-06-27 16:00:00,2019-06-27 18:00:00,87.71000000000001,2.1642534020221733,0.1052498032676735
16,T1253,2019-06-28,2019-06-28 15:00:00,2019-06-28 17:00:00,87.62,2.2001602118039774,0.1307523491949664
17,T1253,2019-07-02,2019-07-02 16:00:00,2019-07-02 18:00:00,91.058,2.254772345437897,-0.0486927209278883
18,T1253,2019-07-03,2019-07-03 16:00:00,2019-07-03 18:00:00,83.98400000000001,2.183132293903664,-0.0811352202591403
19,T1253,2019-07-10,2019-07-10 16:00:00,2019-07-10 18:00:00,89.50999999999999,2.325326782640826,0.0275732781793873
20,T1253,2019-07-15,2019-07-15 16:00:00,2019-07-15 18:00:00,87.422,2.3468700885110527,0.2274064536547272
21,T1253,2019-07-16,2019-07-16 16:00:00,2019-07-16 18:00:00,85.82,2.3152924321131936,0.0548127483518335
22,T1253,2019-07-17,2019-07-17 14:00:00,2019-07-17 18:00:00,81.95,2.235016703198152,0.0877805170038188
23,T1253,2019-07-18,2019-07-18 15:00:00,2019-07-18 19:00:00,87.53,2.349152810660296,0.122757639698607
24,T1253,2019-07-19,2019-07-19 14:00:00,2019-07-19 18:00:00,89.258,2.389861355655128,0.0840741799265454
25,T1253,2019-07-29,2019-07-29 16:00:00,2019-07-29 18:00:00,87.53,2.341879764360754,0.1408533276037945
26,T1253,2019-08-19,2019-08-19 14:00:00,2019-08-19 18:00:00,89.366,2.4613691293563216,0.2579894013620987
27,T1253,2019-08-20,2019-08-20 16:00:00,2019-08-20 18:00:00,89.94200000000001,2.4710508515946734,0.1625371023958766
28,T1253,2020-06-18,2020-06-18 16:30:00,2020-06-18 17:00:00,77.504,1.8702537845312053,0.138906353442267
29,T1253,2020-06-22,2020-06-22 16:00:00,2020-06-22 18:00:00,82.67,1.9972275523082832,0.2365211249677598
30,T1253,2020-06-23,2020-06-23 16:00:00,2020-06-23 18:00:00,77.828,1.8958281559715788,0.2305659472276796
31,T1253,2020-06-25,2020-06-25 14:00:00,2020-06-25 15:00:00,82.13,1.9754053976827244,0.3024016386087765
32,T1253,2020-06-26,2020-06-26 16:00:00,2020-06-26 18:00:00,84.30799999999999,2.03547384147861,0.4862890611344573
33,T1253,2020-06-29,2020-06-29 16:00:00,2020-06-29 18:00:00,85.982,2.0868770674525683,0.4779376280283194
34,T1253,2020-07-01,2020-07-01 16:00:00,2020-07-01 18:00:00,83.624,2.036066469684023,0.501440285395638
35,T1253,2020-07-02,2020-07-02 16:00:00,2020-07-02 18:00:00,89.63600000000001,2.173028324280403,0.535351807646467
36,T1253,2020-07-03,2020-07-03 16:00:00,2020-07-03 18:00:00,91.796,2.2239398008431963,0.4996450793897187
37,T1253,2020-07-06,2020-07-06 15:00:00,2020-07-06 17:00:00,95.306,2.341540300894091,0.6123595026867529
38,T1253,2020-07-07,2020-07-07 15:00:00,2020-07-07 17:00:00,93.722,2.296754674927124,0.5615118330474685
39,T1253,2020-07-08,2020-07-08 16:00:00,2020-07-08 18:00:00,91.706,2.2548989497243506,0.5618203677783089
40,T1253,2020-07-09,2020-07-09 15:00:00,2020-07-09 17:00:00,93.326,2.2954990031710403,0.5174757156688826
41,T1253,2020-07-15,2020-07-15 16:00:00,2020-07-15 18:00:00,89.312,2.241359749813784,0.601456503976962
42,T1253,2020-07-20,2020-07-20 15:00:00,2020-07-20 17:00:00,91.31,2.344901801323925,0.600125172169972
43,T1253,2020-07-21,2020-07-21 16:00:00,2020-07-21 18:00:00,85.44200000000001,2.162292874303737,0.4690560017513639
44,T1253,2020-07-22,2020-07-22 16:00:00,2020-07-22 18:00:00,86.55799999999999,2.218895840125167,0.5152830053744873
45,T1253,2020-07-27,2020-07-27 15:00:00,2020-07-27 17:00:00,93.056,2.4351463393386514,0.5384225117075516
46,T1253,2020-07-28,2020-07-28 16:00:00,2020-07-28 18:00:00,85.928,2.241436652314426,0.5879165503821672
47,T1253,2020-07-29,2020-07-29 16:00:00,2020-07-29 18:00:00,90.338,2.359133677341803,0.6029708972307687
48,T1253,2020-08-10,2020-08-10 16:00:00,2020-08-10 18:00:00,90.914,2.4143894297765964,0.6936554360581764
49,T1253,2020-08-25,2020-08-25 16:00:00,2020-08-25 18:00:00,89.312,2.409661791667732,0.3552393237513285
50,T1253,2020-08-27,2020-08-27 15:00:00,2020-08-27 19:00:00,87.062,2.3257744030910783,0.8859682461373426
51,T1253,2021-06-24,2021-06-24 14:00:00,2021-06-24 15:00:00,83.858,2.0802493200464545,0.2663544298833429
52,T1253,2019-06-20,2019-06-20 14:00:00,2019-06-20 17:00:00,76.64,2.0223845303278454,-0.1655909401115483
54,T1253,2021-05-25,2021-05-25 13:00:00,2021-05-25 13:30:00,87.404,1.952468399495389,0.0428200674005261
55,T1253,2021-05-26,2021-05-26 13:00:00,2021-05-26 13:30:00,84.218,1.9117499747249875,0.1047738304970357
56,T1253,2021-06-21,2021-06-21 02:00:00,2021-06-21 02:30:00,85.424,2.1226769518499027,-0.0423272573163962
57,T1253,2021-06-28,2021-06-28 16:00:00,2021-06-28 18:00:00,92.93,2.311701598191596,0.1948540338230182
58,T1253,2021-06-29,2021-06-29 16:00:00,2021-06-29 18:00:00,93.902,2.3349136873632093,0.19619118252252
59,T1253,2021-06-30,2021-06-30 15:00:00,2021-06-30 17:00:00,88.358,2.171876651054647,0.2357499002867763
60,T1253,2021-07-06,2021-07-06 16:00:00,2021-07-06 18:00:00,90.734,2.2758377047681053,0.4504309350316726
61,T1253,2021-07-07,2021-07-07 15:00:00,2021-07-07 17:00:00,89.54599999999999,2.2496945923439062,0.2845784225407057
63,T1253,2021-08-10,2021-08-10 16:00:00,2021-08-10 18:00:00,82.562,2.19706143545758,0.3228610558181602
64,T1253,2021-08-11,2021-08-11 16:00:00,2021-08-11 18:00:00,85.136,2.2374030419260897,0.4928602638501571
65,T1253,2021-08-12,2021-08-12 16:00:00,2021-08-12 18:00:00,92.534,2.4499693488919942,0.5229975980366552
66,T1253,2021-08-13,2021-08-13 16:00:00,2021-08-13 17:00:00,88.916,2.358358829629383,0.414669900553257
67,T1253,2021-08-23,2021-08-23 16:30:00,2021-08-23 17:00:00,88.43,2.385349350089096,0.3334919084838127
68,T1253,2021-08-24,2021-08-24 16:00:00,2021-08-24 18:00:00,90.716,2.444759350677875,0.6287587082041558
69,T1253,2021-08-25,2021-08-25 16:00:00,2021-08-25 18:00:00,91.04,2.4539291836310584,0.4943878702825656
70,T1253,2021-08-26,2021-08-26 16:00:00,2021-08-26 18:00:00,87.25999999999999,2.3496203239649844,0.5367357117598665
71,T1253,2021-08-27,2021-08-27 15:00:00,2021-08-27 17:00:00,88.03399999999999,2.366335635131186,0.5337779650280753
0,T1260,2020-07-20,2020-07-20 16:00:00,2020-07-20 18:00:00,90.086,2.1523236868779083,0.6900228890614507
1,T1260,2020-08-25,2020-08-25 14:00:00,2020-08-25 18:00:00,85.82,2.194878929444226,0.6041194539455065
2,T1260,2020-08-27,2020-08-27 15:00:00,2020-08-27 19:00:00,89.582,2.27564337217127,0.6845477778085429
3,T1260,2021-06-24,2021-06-24 14:00:00,2021-06-24 15:00:00,76.55000000000001,1.9101771947288744,0.3404099357541599
4,T1260,2021-05-25,2021-05-25 13:00:00,2021-05-25 13:30:00,74.53399999999999,1.7361036628574111,0.1218317756464765
5,T1260,2021-05-26,2021-05-26 13:00:00,2021-05-26 13:30:00,85.56800000000001,1.840292761510128,0.1379545382464608
6,T1260,2021-06-28,2021-06-28 16:00:00,2021-06-28 18:00:00,89.744,2.1759525695007285,0.2443393325298892
7,T1260,2021-06-29,2021-06-29 15:00:00,2021-06-29 17:00:00,91.868,2.2156612809323413,0.2497171415454214
8,T1260,2021-06-30,2021-06-30 15:00:00,2021-06-30 17:00:00,91.526,2.2121750771449835,0.2264246149004488
10,T1260,2021-07-26,2021-07-26 16:00:00,2021-07-26 18:00:00,87.386,2.249049216404916,0.391899341541613
11,T1260,2021-07-27,2021-07-27 16:00:00,2021-07-27 18:00:00,89.366,2.2946856918820484,0.5449469729433346
12,T1260,2021-08-10,2021-08-10 16:00:00,2021-08-10 18:00:00,85.47800000000001,2.211630522558202,0.476786090325374
13,T1260,2021-08-11,2021-08-11 16:00:00,2021-08-11 18:00:00,90.104,2.3507358469855264,0.5477338310745065
14,T1260,2021-08-12,2021-08-12 15:00:00,2021-08-12 17:00:00,93.002,2.43452004210188,0.5719804307253595
15,T1260,2021-08-13,2021-08-13 14:00:00,2021-08-13 16:00:00,91.886,2.4021219043302584,0.3848646273096621
16,T1260,2021-08-23,2021-08-23 16:30:00,2021-08-23 17:00:00,83.894,2.2007044101554305,0.2841049680461437
17,T1260,2021-08-24,2021-08-24 16:00:00,2021-08-24 18:00:00,87.72800000000001,2.292772656121728,0.5775892119947004
18,T1260,2021-08-25,2021-08-25 16:00:00,2021-08-25 18:00:00,89.15,2.3398011629558475,0.5218448564122908
19,T1260,2021-08-26,2021-08-26 15:00:00,2021-08-26 17:00:00,88.232,2.2945274511528515,0.4158842408039325
1,T1271,2018-06-18,2018-06-18 15:00:00,2018-06-18 18:00:00,92.588,2.583691873723346,0.2847004057065938
2,T1271,2018-07-02,2018-07-02 15:00:00,2018-07-02 19:00:00,97.322,2.6990024567730164,0.0797387540560589
3,T1271,2018-07-03,2018-07-03 15:00:00,2018-07-03 18:00:00,93.974,2.6416106879719403,0.296745101626936
4,T1271,2018-07-05,2018-07-05 15:00:00,2018-07-05 19:00:00,91.796,2.5629774313527305,0.2944720212069433
5,T1271,2018-07-16,2018-07-16 15:00:00,2018-07-16 18:00:00,95.666,2.698678514350399,0.5107712599761628
6,T1271,2018-08-06,2018-08-06 15:00:00,2018-08-06 19:00:00,93.29,2.7412890866883144,0.4295158576894349
7,T1271,2018-08-28,2018-08-28 15:00:00,2018-08-28 18:00:00,93.524,2.763393087203985,0.3108583521355555
8,T1271,2018-08-29,2018-08-29 14:00:00,2018-08-29 18:00:00,94.514,2.808323967175051,0.4087960708584558
9,T1271,2018-08-30,2018-08-30 16:00:00,2018-08-30 17:00:00,80.528,2.466671335315858,0.2806325126527013
10,T1271,2018-09-05,2018-09-05 14:00:00,2018-09-05 18:00:00,91.814,2.7524909226719965,0.4770855140479499
12,T1271,2019-06-27,2019-06-27 16:00:00,2019-06-27 18:00:00,85.44200000000001,2.168104437583756,0.2232984104967083
13,T1271,2019-06-28,2019-06-28 16:00:00,2019-06-28 18:00:00,89.114,2.2151328932614307,0.0144073235449093
14,T1271,2019-07-10,2019-07-10 16:00:00,2019-07-10 18:00:00,88.7,2.286135008180245,0.1985826352375765
15,T1271,2019-07-17,2019-07-17 16:00:00,2019-07-17 18:00:00,78.80000000000001,2.121191257100904,0.1078625308493466
16,T1271,2019-07-19,2019-07-19 16:00:00,2019-07-19 18:00:00,91.148,2.364086471725928,0.1167246920677102
17,T1271,2019-07-29,2019-07-29 16:00:00,2019-07-29 18:00:00,89.474,2.390364593393431,0.2585582346914826
18,T1271,2019-08-22,2019-08-22 16:00:00,2019-08-22 17:00:00,82.31,2.313553890587521,0.3149292470462701
20,T1271,2020-06-22,2020-06-22 16:00:00,2020-06-22 18:00:00,93.416,2.243295592574173,0.5458787284402454
21,T1271,2020-07-06,2020-07-06 16:00:00,2020-07-06 18:00:00,86.612,2.235026290728287,0.6935578410164706
22,T1271,2020-07-09,2020-07-09 16:00:00,2020-07-09 20:00:00,92.282,2.4002574521603144,0.4905209170617108
23,T1271,2020-07-20,2020-07-20 16:00:00,2020-07-20 20:00:00,88.77199999999999,2.4120877121313287,0.5823186808796328
24,T1271,2020-07-27,2020-07-27 16:00:00,2020-07-27 20:00:00,93.326,2.5858901378756207,0.3224011660402243
25,T1271,2020-08-27,2020-08-27 16:00:00,2020-08-27 17:00:00,65.858,1.7458619730713092,0.2836467369222182
27,T1271,2021-06-28,2021-06-28 15:00:00,2021-06-28 19:00:00,91.904,2.3534866161369736,0.2335984205931136
28,T1271,2021-06-29,2021-06-29 15:00:00,2021-06-29 19:00:00,91.256,2.331314295849954,0.2027831985747976
29,T1271,2021-08-09,2021-08-09 16:00:00,2021-08-09 20:00:00,86.21600000000001,2.440216447916672,0.543041577294702
30,T1271,2021-08-10,2021-08-10 15:00:00,2021-08-10 19:00:00,87.008,2.467596451910492,0.4974033198635132
31,T1271,2021-08-11,2021-08-11 15:00:00,2021-08-11 19:00:00,89.94200000000001,2.5470433487450204,0.5406145633952537
32,T1271,2021-08-12,2021-08-12 15:00:00,2021-08-12 19:00:00,91.616,2.625293305514245,0.6238359688108154
33,T1271,2021-08-26,2021-08-26 15:00:00,2021-08-26 19:00:00,91.076,2.5866462527233685,0.5841118682855019
34,T1271,2021-09-01,2021-09-01 16:00:00,2021-09-01 17:00:00,70.358,1.9421629328474728,0.3075494406700487
36,T1271,2021-05-25,2021-05-25 14:00:00,2021-05-25 14:30:00,80.20400000000001,1.7639800993619,0.0281933558950254
37,T1271,2021-05-26,2021-05-26 14:00:00,2021-05-26 14:30:00,86.25200000000001,1.8280786515736416,-0.0648007180881545
38,T1271,2021-07-16,2021-07-16 16:00:00,2021-07-16 18:00:00,86.23400000000001,2.351214351071487,0.5573279397597397
39,T1271,2021-08-13,2021-08-13 16:00:00,2021-08-13 18:00:00,91.436,2.611823587091844,0.6974173095743689
40,T1271,2021-08-25,2021-08-25 16:00:00,2021-08-25 18:00:00,89.06,2.518504119226656,0.6767082437321592
0,T1275,2018-06-18,2018-06-18 15:00:00,2018-06-18 18:00:00,93.56,2.484580238474245,-0.2632119497712182
1,T1275,2018-06-19,2018-06-19 15:00:00,2018-06-19 18:00:00,95.378,2.5182822119778434,-0.0995476978098567
2,T1275,2018-06-26,2018-06-26 14:00:00,2018-06-26 15:00:00,73.724,2.1537990021462994,0.0532299153555605
3,T1275,2018-06-29,2018-06-29 16:00:00,2018-06-29 18:00:00,86.414,2.4362202617554782,0.0726375604963505
8,T1275,2018-08-06,2018-08-06 14:00:00,2018-08-06 18:00:00,90.014,2.7153218974312705,0.0688960357660521
9,T1275,2018-08-27,2018-08-27 16:00:00,2018-08-27 18:00:00,91.724,2.898207729643006,0.0461153933982455
10,T1275,2018-08-28,2018-08-28 15:00:00,2018-08-28 18:00:00,91.832,2.8848988060558893,0.1573359953776235
11,T1275,2018-08-29,2018-08-29 15:00:00,2018-08-29 17:00:00,90.068,2.835075656216938,0.1789967541385433
12,T1275,2019-06-26,2019-06-26 16:00:00,2019-06-26 18:00:00,88.178,2.365409897706169,0.6971046161344422
13,T1275,2019-06-27,2019-06-27 16:00:00,2019-06-27 18:00:00,91.778,2.4750807256559555,0.514679851205272
14,T1275,2019-06-28,2019-06-28 15:00:00,2019-06-28 17:00:00,91.76,2.471874182942523,0.6243838443211714
15,T1275,2019-07-02,2019-07-02 16:00:00,2019-07-02 18:00:00,93.542,2.548039765001016,0.6132201449619181
16,T1275,2019-07-03,2019-07-03 16:00:00,2019-07-03 18:00:00,93.56,2.535109249585207,0.7122954405673898
17,T1275,2019-07-10,2019-07-10 16:00:00,2019-07-10 18:00:00,88.196,2.525139407160898,0.7462499238526062
18,T1275,2019-07-15,2019-07-15 16:00:00,2019-07-15 18:00:00,91.796,2.666056311358325,0.793155003827438
19,T1275,2019-07-16,2019-07-16 16:00:00,2019-07-16 18:00:00,91.76,2.665317670813154,0.7462967347197438
20,T1275,2019-07-17,2019-07-17 16:00:00,2019-07-17 18:00:00,93.578,2.739920365875519,0.6212902048471879
21,T1275,2019-07-18,2019-07-18 16:00:00,2019-07-18 18:00:00,93.416,2.714730828531422,0.5338216146520124
22,T1275,2019-07-19,2019-07-19 16:00:00,2019-07-19 18:00:00,97.178,2.8837728070432083,0.7916943944496971
23,T1275,2019-07-29,2019-07-29 16:00:00,2019-07-29 18:00:00,90.03200000000001,2.628905338726893,0.7955635289906315
24,T1275,2019-08-19,2019-08-19 03:00:00,2019-08-19 05:00:00,97.196,2.963023746221056,-0.1353549435911029
25,T1275,2019-08-20,2019-08-20 16:00:00,2019-08-20 18:00:00,93.542,2.8465484238692347,0.7535760379882573
26,T1275,2020-06-18,2020-06-18 16:30:00,2020-06-18 17:00:00,74.426,1.915682408839646,0.2749327002554554
27,T1275,2020-06-22,2020-06-22 16:00:00,2020-06-22 18:00:00,89.294,2.319388857851792,0.6878451710152957
28,T1275,2020-06-23,2020-06-23 16:00:00,2020-06-23 18:00:00,85.028,2.1846700556509617,0.5638575203743018
29,T1275,2020-06-25,2020-06-25 14:00:00,2020-06-25 15:00:00,85.586,2.2273558360617183,0.6180298991740092
30,T1275,2020-06-26,2020-06-26 16:00:00,2020-06-26 18:00:00,85.74799999999999,2.234072813805665,0.658964725420374
31,T1275,2020-06-29,2020-06-29 16:00:00,2020-06-29 18:00:00,90.752,2.428970296384825,0.745994212918726
32,T1275,2020-07-01,2020-07-01 16:00:00,2020-07-01 18:00:00,88.268,2.3465663344717567,0.6920965168399308
33,T1275,2020-07-02,2020-07-02 16:00:00,2020-07-02 18:00:00,86.97200000000001,2.3318669992887524,0.6842014957622946
34,T1275,2020-07-03,2020-07-03 16:00:00,2020-07-03 18:00:00,91.67,2.484630725391485,0.6934051176801643
35,T1275,2020-07-06,2020-07-06 15:00:00,2020-07-06 17:00:00,90.806,2.4818257568431483,0.6691552234328387
36,T1275,2020-07-07,2020-07-07 15:00:00,2020-07-07 17:00:00,89.06,2.419037172230847,0.7254196936997371
37,T1275,2020-07-08,2020-07-08 16:00:00,2020-07-08 18:00:00,87.422,2.330961903965684,0.7097751117285338
38,T1275,2020-07-09,2020-07-09 15:00:00,2020-07-09 17:00:00,89.564,2.4269666584318843,0.7352216659827302
39,T1275,2020-07-15,2020-07-15 16:00:00,2020-07-15 18:00:00,90.392,2.523745175727294,0.8484400174018047
40,T1275,2020-07-20,2020-07-20 15:00:00,2020-07-20 17:00:00,96.008,2.7760319131499025,0.8513547999489444
41,T1275,2020-07-21,2020-07-21 16:00:00,2020-07-21 18:00:00,96.62,2.7867611221476367,0.7455138041288816
42,T1275,2020-07-22,2020-07-22 16:00:00,2020-07-22 18:00:00,94.604,2.724247244237859,0.6360391989879228
43,T1275,2020-07-27,2020-07-27 15:00:00,2020-07-27 17:00:00,93.344,2.68092287080838,0.9247688370995724
44,T1275,2020-07-28,2020-07-28 16:00:00,2020-07-28 18:00:00,91.544,2.619053600598935,0.6214242342256334
45,T1275,2020-07-29,2020-07-29 16:00:00,2020-07-29 18:00:00,89.798,2.537518370565686,0.868159373710555
46,T1275,2020-08-10,2020-08-10 16:00:00,2020-08-10 18:00:00,89.492,2.569858300122253,0.8683362991610128
47,T1275,2020-08-25,2020-08-25 16:00:00,2020-08-25 18:00:00,90.104,2.6333110846776213,-0.0809223331579279
48,T1275,2020-08-27,2020-08-27 16:00:00,2020-08-27 18:00:00,90.788,2.6694556758481043,-0.0812510021667093
49,T1275,2021-06-24,2021-06-24 14:00:00,2021-06-24 15:00:00,77.126,2.034241367697287,-0.0106672680357225
50,T1275,2021-05-25,2021-05-25 13:00:00,2021-05-25 13:30:00,80.50999999999999,1.901040882016884,-0.287855560119189
51,T1275,2021-06-21,2021-06-21 02:00:00,2021-06-21 02:30:00,92.642,2.4759756103152326,-0.1151765579125253
52,T1275,2021-08-23,2021-08-23 16:30:00,2021-08-23 17:00:00,90.608,2.764307988348704,-0.0513055019700628
53,T1275,2021-08-24,2021-08-24 10:30:00,2021-08-24 11:00:00,92.912,2.872298354679141,0.0064369703810257
1,T1296,2018-06-18,2018-06-18 15:00:00,2018-06-18 18:00:00,91.868,1.986220409532496,-0.2161953582144266
2,T1296,2018-07-02,2018-07-02 15:00:00,2018-07-02 18:00:00,93.866,2.115577050618481,-0.0967081705566969
3,T1296,2018-07-03,2018-07-03 15:00:00,2018-07-03 18:00:00,91.67,2.094322983886609,-0.0656875576963669
4,T1296,2018-07-16,2018-07-16 15:00:00,2018-07-16 18:00:00,89.672,2.186748953175833,-0.1354098979180329
5,T1296,2018-08-06,2018-08-06 15:00:00,2018-08-06 18:00:00,89.78,2.354326104770045,0.0580727866799978
6,T1296,2018-08-16,2018-08-16 16:00:00,2018-08-16 18:00:00,87.25999999999999,2.336564538836453,0.1260611974162445
7,T1296,2018-08-28,2018-08-28 15:00:00,2018-08-28 18:00:00,91.238,2.507579029100828,0.128545883575855
8,T1296,2018-08-29,2018-08-29 14:00:00,2018-08-29 18:00:00,91.022,2.4954139850421178,0.1160565658283632
9,T1296,2018-08-30,2018-08-30 16:00:00,2018-08-30 17:00:00,86.0,2.329064080239292,0.1651622047046991
10,T1296,2018-09-05,2018-09-05 14:00:00,2018-09-05 18:00:00,90.374,2.502733555099196,0.2388490790513701
12,T1296,2019-06-27,2019-06-27 17:00:00,2019-06-27 18:00:00,86.594,2.0737739819734022,-0.1163639327686723
13,T1296,2019-06-28,2019-06-28 16:00:00,2019-06-28 18:00:00,88.088,2.0968919070575804,-0.1793350048390758
14,T1296,2019-07-10,2019-07-10 16:00:00,2019-07-10 18:00:00,87.368,2.228205239202972,0.1034936181436188
15,T1296,2019-07-17,2019-07-17 16:00:00,2019-07-17 18:00:00,89.474,2.293763717104272,0.0805205796582223
16,T1296,2019-07-19,2019-07-19 16:00:00,2019-07-19 18:00:00,90.824,2.333387262482012,-0.0685417868233901
17,T1296,2019-07-29,2019-07-29 16:00:00,2019-07-29 18:00:00,88.07,2.31412814523989,-0.012529790860729
18,T1296,2019-07-31,2019-07-31 14:00:00,2019-07-31 16:00:00,78.85400000000001,2.083518923006944,0.0839401589205995
19,T1296,2019-08-22,2019-08-22 16:00:00,2019-08-22 17:00:00,84.632,2.330024816344676,-0.0352138464045603
21,T1296,2020-06-22,2020-06-22 16:00:00,2020-06-22 18:00:00,89.888,2.171652825754396,0.2804737663243079
22,T1296,2020-07-06,2020-07-06 16:00:00,2020-07-06 18:00:00,88.934,2.212752456326614,0.2778590361128892
23,T1296,2020-07-09,2020-07-09 16:00:00,2020-07-09 18:00:00,88.77199999999999,2.2280427742857656,0.2842055024875322
24,T1296,2020-07-20,2020-07-20 16:00:00,2020-07-20 18:00:00,90.68,2.297732212219106,0.3664507157715491
25,T1296,2020-07-27,2020-07-27 15:00:00,2020-07-27 19:00:00,93.182,2.362281063929622,0.3692679061900604
26,T1296,2020-08-27,2020-08-27 16:00:00,2020-08-27 17:00:00,89.97800000000001,2.3782302705472658,0.3899278930422228
27,T1296,2020-09-10,2020-09-10 16:00:00,2020-09-10 17:00:00,78.332,2.0844944393082936,0.2664284603038733
29,T1296,2021-06-28,2021-06-28 15:00:00,2021-06-28 19:00:00,91.292,2.005363880838816,0.1002563017367518
30,T1296,2021-06-29,2021-06-29 15:00:00,2021-06-29 19:00:00,91.886,2.0111761037776485,0.128885810397324
31,T1296,2021-06-30,2021-06-30 15:00:00,2021-06-30 19:00:00,92.678,2.0323732356464697,0.1394801257608603
32,T1296,2021-08-12,2021-08-12 15:00:00,2021-08-12 19:00:00,94.334,2.283825107803079,0.4248363144439105
33,T1296,2021-08-13,2021-08-13 15:00:00,2021-08-13 19:00:00,92.984,2.271315034073949,0.3073598402326908
34,T1296,2021-05-25,2021-05-25 14:00:00,2021-05-25 14:30:00,76.982,1.7158964226864457,0.0935042712302411
35,T1296,2021-05-26,2021-05-26 14:00:00,2021-05-26 14:30:00,86.99000000000001,1.7658706341852677,0.0961421551068409
36,T1296,2021-07-16,2021-07-16 16:00:00,2021-07-16 18:00:00,89.33000000000001,2.045439671816294,0.4187317712880216
37,T1296,2021-08-11,2021-08-11 16:00:00,2021-08-11 18:00:00,91.868,2.224354340340654,0.5611237283861185
38,T1296,2021-08-25,2021-08-25 16:00:00,2021-08-25 18:00:00,89.744,2.260449935274188,0.2004635599957651
39,T1296,2021-08-26,2021-08-26 16:00:00,2021-08-26 18:00:00,91.13,2.2923136238658226,0.3331053253716147
0,T1324,2018-05-30,2018-05-30 16:00:00,2018-05-30 17:00:00,85.838,2.065184664218918,-0.2356342009000142
1,T1324,2018-06-18,2018-06-18 15:00:00,2018-06-18 18:00:00,91.742,2.2945838971578314,-0.0841048064568756
2,T1324,2018-06-19,2018-06-19 15:00:00,2018-06-19 18:00:00,78.368,2.045546541450252,0.1116201512488171
3,T1324,2018-06-29,2018-06-29 16:00:00,2018-06-29 18:00:00,90.23,2.3028275392560222,0.0678901307200371
4,T1324,2018-07-02,2018-07-02 16:00:00,2018-07-02 18:00:00,87.314,2.312316290475349,0.1479533771714813
5,T1324,2018-07-03,2018-07-03 16:00:00,2018-07-03 18:00:00,90.392,2.3727591337180898,0.1450002036160615
6,T1324,2018-07-05,2018-07-05 15:00:00,2018-07-05 17:00:00,87.422,2.296852112745116,0.3126579086070175
7,T1324,2018-07-16,2018-07-16 16:00:00,2018-07-16 18:00:00,90.266,2.424197143452953,0.1890211490753773
8,T1324,2018-08-06,2018-08-06 14:00:00,2018-08-06 18:00:00,88.03399999999999,2.443308317247008,0.1033906888559659
9,T1324,2018-08-15,2018-08-15 14:00:00,2018-08-15 16:00:00,85.352,2.49383671801615,0.5081706501333725
10,T1324,2018-08-27,2018-08-27 16:00:00,2018-08-27 18:00:00,91.04,2.682737162879961,0.4172189631320741
11,T1324,2018-08-28,2018-08-28 15:00:00,2018-08-28 18:00:00,92.048,2.709340992991333,0.4321600065599785
12,T1324,2018-08-29,2018-08-29 15:00:00,2018-08-29 17:00:00,90.464,2.694483414346163,0.2780914489371409
13,T1324,2019-06-26,2019-06-26 16:00:00,2019-06-26 18:00:00,83.94800000000001,2.130418584855481,-0.2369734892918992
14,T1324,2019-06-27,2019-06-27 16:00:00,2019-06-27 18:00:00,87.242,2.1711395740324164,-0.2109064783323608
15,T1324,2019-06-28,2019-06-28 15:00:00,2019-06-28 17:00:00,89.294,2.193072982365915,-0.2828879167175437
16,T1324,2019-07-02,2019-07-02 16:00:00,2019-07-02 18:00:00,87.098,2.206806299493588,-0.2052940644121352
17,T1324,2019-07-03,2019-07-03 16:00:00,2019-07-03 18:00:00,82.832,2.117670682782136,-0.2371937700070954
18,T1324,2019-07-10,2019-07-10 16:00:00,2019-07-10 18:00:00,90.77,2.3517135345945825,-0.0731033831865382
19,T1324,2019-07-15,2019-07-15 16:00:00,2019-07-15 18:00:00,89.312,2.375169837012188,-0.0021553385147703
20,T1324,2019-07-16,2019-07-16 16:00:00,2019-07-16 18:00:00,86.99000000000001,2.282438802309989,-0.1016824799598852
21,T1324,2019-07-17,2019-07-17 16:00:00,2019-07-17 18:00:00,80.97800000000001,2.142156487691058,-0.1371436000290901
22,T1324,2019-07-18,2019-07-18 16:00:00,2019-07-18 18:00:00,88.862,2.340593040494839,-0.1426307003009579
23,T1324,2019-07-19,2019-07-19 16:00:00,2019-07-19 18:00:00,92.786,2.464097741780664,-0.2107050270187359
24,T1324,2019-07-29,2019-07-29 16:00:00,2019-07-29 18:00:00,88.46600000000001,2.435951221229524,-0.0759838010026944
25,T1324,2019-08-08,2019-08-08 14:00:00,2019-08-08 16:00:00,79.898,2.202034994976642,0.0975760087926115
26,T1324,2019-08-19,2019-08-19 03:00:00,2019-08-19 05:00:00,80.96000000000001,2.270444948052292,0.2764525988238828
27,T1324,2019-08-20,2019-08-20 16:00:00,2019-08-20 18:00:00,89.366,2.5444165424116427,0.3364965817465764
28,T1324,2020-06-18,2020-06-18 16:30:00,2020-06-18 17:00:00,81.05000000000001,1.755232236557822,-0.0748031667674194
29,T1324,2020-06-22,2020-06-22 16:00:00,2020-06-22 18:00:00,77.72,1.7007959171938718,0.1144798654631878
30,T1324,2020-06-23,2020-06-23 16:00:00,2020-06-23 18:00:00,77.34200000000001,1.724417963985373,-0.0242362505559794
31,T1324,2020-06-26,2020-06-26 16:00:00,2020-06-26 18:00:00,82.688,1.8111208277753004,0.1434514596859551
32,T1324,2020-06-29,2020-06-29 16:00:00,2020-06-29 18:00:00,80.816,1.7961990661702485,0.0648340112726199
33,T1324,2020-07-01,2020-07-01 16:00:00,2020-07-01 18:00:00,82.076,1.8228794581821512,-0.0135369189646237
34,T1324,2020-07-02,2020-07-02 16:00:00,2020-07-02 18:00:00,85.226,1.8717601712613847,0.0932496901989194
35,T1324,2020-07-03,2020-07-03 16:00:00,2020-07-03 18:00:00,87.674,1.9025626689770336,-0.0194975550488078
36,T1324,2020-07-06,2020-07-06 15:00:00,2020-07-06 17:00:00,90.392,1.9578058213628773,0.0987714362187748
37,T1324,2020-07-07,2020-07-07 15:00:00,2020-07-07 17:00:00,89.024,1.934993249437275,0.0670867387302339
38,T1324,2020-07-08,2020-07-08 16:00:00,2020-07-08 18:00:00,90.23,1.955705059167963,-0.0178456512658325
39,T1324,2020-07-09,2020-07-09 15:00:00,2020-07-09 17:00:00,93.776,2.008776466024,-0.0110671417202494
40,T1324,2020-07-15,2020-07-15 16:00:00,2020-07-15 18:00:00,88.196,1.9407105801374631,0.1537614137099144
41,T1324,2020-07-20,2020-07-20 15:00:00,2020-07-20 17:00:00,83.282,1.876028697184253,0.1839348881267925
42,T1324,2020-07-21,2020-07-21 16:00:00,2020-07-21 18:00:00,84.488,1.9030446498315945,0.0067278504471821
43,T1324,2020-07-22,2020-07-22 16:00:00,2020-07-22 18:00:00,85.37,1.9172995865915483,0.019502356139911
44,T1324,2020-07-27,2020-07-27 15:00:00,2020-07-27 17:00:00,86.846,1.9344425387111883,0.0050275201614256
45,T1324,2020-07-28,2020-07-28 16:00:00,2020-07-28 18:00:00,83.12,1.878811282657333,0.1783664963318694
46,T1324,2020-07-29,2020-07-29 16:00:00,2020-07-29 18:00:00,87.476,1.959739400893994,0.2002154688343971
47,T1324,2020-08-10,2020-08-10 16:00:00,2020-08-10 18:00:00,91.31,2.05574934723017,0.1114203697457651
48,T1324,2020-08-25,2020-08-25 16:00:00,2020-08-25 18:00:00,80.54599999999999,1.8936166536085428,0.1850390218819086
49,T1324,2020-08-27,2020-08-27 16:00:00,2020-08-27 18:00:00,89.294,2.077592803559741,0.1621479485298694
50,T1324,2020-05-13,2020-05-13 16:00:00,2020-05-13 17:00:00,56.516,1.3948123959774137,0.1722339652804409
51,T1324,2020-08-12,2020-08-12 14:00:00,2020-08-12 16:00:00,82.562,1.9120658182706485,0.2572845899543926
52,T1324,2021-05-25,2021-05-25 13:00:00,2021-05-25 13:30:00,88.088,1.822774488828188,-0.3878107847949022
53,T1324,2021-05-26,2021-05-26 13:00:00,2021-05-26 13:30:00,78.098,1.692261233865701,-0.1525944685318964
54,T1324,2021-06-28,2021-06-28 16:00:00,2021-06-28 18:00:00,88.48400000000001,2.114139390563661,-0.038590691981083
55,T1324,2021-06-29,2021-06-29 16:00:00,2021-06-29 18:00:00,91.346,2.165911289225072,0.0038252481738119
56,T1324,2021-06-30,2021-06-30 15:00:00,2021-06-30 17:00:00,81.356,1.9463270293852943,0.0783478291959459
57,T1324,2021-07-06,2021-07-06 16:00:00,2021-07-06 18:00:00,89.672,2.1282464241666865,-0.1095293903591944
58,T1324,2021-07-07,2021-07-07 15:00:00,2021-07-07 17:00:00,86.53999999999999,2.100589725869756,0.0699096279242144
59,T1324,2021-07-26,2021-07-26 16:00:00,2021-07-26 18:00:00,84.884,2.1426219626898884,0.1541896357432292
60,T1324,2021-07-27,2021-07-27 16:00:00,2021-07-27 18:00:00,86.72,2.207141207669116,0.1519438710982395
61,T1324,2021-08-10,2021-08-10 16:00:00,2021-08-10 18:00:00,85.244,2.1370859470322525,0.2099684628520127
62,T1324,2021-08-11,2021-08-11 16:00:00,2021-08-11 18:00:00,85.56800000000001,2.174370279324039,0.3517960455692815
63,T1324,2021-08-12,2021-08-12 16:00:00,2021-08-12 18:00:00,89.582,2.279117176836058,0.1370513640594412
64,T1324,2021-08-13,2021-08-13 16:00:00,2021-08-13 17:00:00,86.144,2.225967155311339,0.1365525752213225
65,T1324,2021-08-24,2021-08-24 16:00:00,2021-08-24 18:00:00,91.472,2.375330329434041,0.2784489307220156
66,T1324,2021-08-25,2021-08-25 14:00:00,2021-08-25 16:00:00,84.164,2.1561507335666743,0.3347112260589681
67,T1324,2021-08-26,2021-08-26 16:00:00,2021-08-26 18:00:00,88.53800000000001,2.295082133168405,0.2494810533768729
68,T1324,2021-08-27,2021-08-27 15:00:00,2021-08-27 17:00:00,89.708,2.358731589542026,0.3145961865557221
0,T1325,2018-06-18,2018-06-18 15:00:00,2018-06-18 18:00:00,93.146,2.322407355724222,-0.0514169306683578
1,T1325,2018-06-19,2018-06-19 15:00:00,2018-06-19 18:00:00,76.352,2.1144087238093543,0.2581992093424529
2,T1325,2018-06-29,2018-06-29 16:00:00,2018-06-29 18:00:00,90.338,2.3234995518076,0.1218167930881774
3,T1325,2018-07-02,2018-07-02 16:00:00,2018-07-02 18:00:00,88.52,2.334946548644891,0.1413199808528267
4,T1325,2018-07-03,2018-07-03 16:00:00,2018-07-03 18:00:00,87.98,2.293875596934895,0.1688199597378166
5,T1325,2018-07-05,2018-07-05 15:00:00,2018-07-05 17:00:00,88.03399999999999,2.3222385151240994,0.228055187758845
6,T1325,2018-07-16,2018-07-16 16:00:00,2018-07-16 18:00:00,88.34,2.325794432347603,-0.3018495726507832
7,T1325,2018-08-06,2018-08-06 14:00:00,2018-08-06 18:00:00,90.302,2.463068129035231,0.3307673755650989
8,T1325,2018-08-15,2018-08-15 14:00:00,2018-08-15 16:00:00,85.928,2.3969446413545343,0.4813552546614491
9,T1325,2018-08-27,2018-08-27 16:00:00,2018-08-27 18:00:00,90.15800000000002,2.549056010880738,0.277379589967907
10,T1325,2018-08-28,2018-08-28 15:00:00,2018-08-28 18:00:00,90.41,2.5337119427881247,0.3665724908031735
11,T1325,2018-08-29,2018-08-29 15:00:00,2018-08-29 17:00:00,89.97800000000001,2.5252114830907595,0.3585082718765141
12,T1325,2019-06-26,2019-06-26 16:00:00,2019-06-26 18:00:00,86.738,1.907711228610429,0.1669807199613773
13,T1325,2019-06-27,2019-06-27 16:00:00,2019-06-27 18:00:00,86.036,1.9105763979701489,0.2149763002074164
14,T1325,2019-06-28,2019-06-28 15:00:00,2019-06-28 17:00:00,88.48400000000001,1.945973007185676,0.0726787948051611
15,T1325,2019-07-02,2019-07-02 16:00:00,2019-07-02 18:00:00,90.21200000000002,2.027188383494994,0.2452169314098602
16,T1325,2019-07-03,2019-07-03 16:00:00,2019-07-03 18:00:00,84.956,1.934920303132924,0.1092028653040624
17,T1325,2019-07-10,2019-07-10 16:00:00,2019-07-10 18:00:00,91.112,2.149961447660276,0.4378556989070134
18,T1325,2019-07-15,2019-07-15 16:00:00,2019-07-15 18:00:00,90.698,2.1678192159567544,0.4603147847906148
19,T1325,2019-07-16,2019-07-16 16:00:00,2019-07-16 18:00:00,87.35,2.0975081857327083,0.3868599248675116
20,T1325,2019-07-17,2019-07-17 16:00:00,2019-07-17 18:00:00,83.156,2.010235330158118,0.2582140388216261
21,T1325,2019-07-18,2019-07-18 16:00:00,2019-07-18 18:00:00,88.988,2.143480117422067,0.3565911093887261
22,T1325,2019-07-19,2019-07-19 16:00:00,2019-07-19 18:00:00,92.948,2.219313449412067,0.3152370303250434
23,T1325,2019-07-29,2019-07-29 16:00:00,2019-07-29 18:00:00,88.268,2.196227353222304,0.4236111340525732
24,T1325,2019-08-08,2019-08-08 14:00:00,2019-08-08 16:00:00,81.93199999999999,2.0747701988605924,0.4397393502177921
25,T1325,2019-08-19,2019-08-19 03:00:00,2019-08-19 05:00:00,82.94,2.137891847090485,-0.0817233507800872
26,T1325,2019-08-20,2019-08-20 16:00:00,2019-08-20 18:00:00,89.456,2.329297554796119,0.4045414878866074
27,T1325,2020-06-18,2020-06-18 16:30:00,2020-06-18 17:00:00,80.906,1.818478677425716,-0.1977676406557592
28,T1325,2020-06-22,2020-06-22 16:00:00,2020-06-22 18:00:00,79.754,1.7917301926359364,-0.1633325961982993
29,T1325,2020-06-23,2020-06-23 16:00:00,2020-06-23 18:00:00,78.458,1.8138867906757048,-0.08888725005614
30,T1325,2020-06-26,2020-06-26 16:00:00,2020-06-26 18:00:00,84.146,1.9200982873248955,-0.147579015552941
31,T1325,2020-06-29,2020-06-29 16:00:00,2020-06-29 18:00:00,82.4,1.910755780232113,-0.1919232834635056
32,T1325,2020-07-01,2020-07-01 16:00:00,2020-07-01 18:00:00,80.87,1.893830247885376,-0.1969845748392353
33,T1325,2020-07-02,2020-07-02 16:00:00,2020-07-02 18:00:00,84.074,1.951528873698564,-0.1870824771773756
34,T1325,2020-07-03,2020-07-03 16:00:00,2020-07-03 18:00:00,87.152,2.007135848522056,-0.4108895583245335
35,T1325,2020-07-06,2020-07-06 15:00:00,2020-07-06 17:00:00,87.224,2.023779034302436,-0.2593036990318519
36,T1325,2020-07-07,2020-07-07 15:00:00,2020-07-07 17:00:00,88.304,2.040318799763731,-0.2829283310354407
37,T1325,2020-07-08,2020-07-08 16:00:00,2020-07-08 18:00:00,90.014,2.075794158751432,-0.3998725189347594
38,T1325,2020-07-09,2020-07-09 15:00:00,2020-07-09 17:00:00,90.5,2.084739434930558,-0.3490293816126997
39,T1325,2020-07-15,2020-07-15 16:00:00,2020-07-15 18:00:00,85.80199999999999,2.0272156049598062,-0.0256493807584948
40,T1325,2020-07-20,2020-07-20 15:00:00,2020-07-20 17:00:00,84.56,2.012909541190792,0.0522996986929395
41,T1325,2020-07-21,2020-07-21 16:00:00,2020-07-21 18:00:00,81.93199999999999,1.9630201098417568,-0.0949021574569011
42,T1325,2020-07-22,2020-07-22 16:00:00,2020-07-22 18:00:00,85.766,2.038923316108502,-0.1250828095629516
43,T1325,2020-07-27,2020-07-27 15:00:00,2020-07-27 17:00:00,88.43,2.092165255725139,-0.0616917182332951
44,T1325,2020-07-28,2020-07-28 16:00:00,2020-07-28 18:00:00,83.894,2.008497916284428,-0.2125085065602379
45,T1325,2020-07-29,2020-07-29 16:00:00,2020-07-29 18:00:00,87.152,2.0815007453370225,-0.4536442418051367
46,T1325,2020-08-10,2020-08-10 16:00:00,2020-08-10 18:00:00,88.48400000000001,2.179582812869076,-0.3467910651828138
47,T1325,2020-08-25,2020-08-25 16:00:00,2020-08-25 18:00:00,81.41,2.045303458200064,0.2788676300004299
48,T1325,2020-08-27,2020-08-27 16:00:00,2020-08-27 18:00:00,88.358,2.248707282472908,0.2551858939236411
49,T1325,2019-05-17,2019-05-17 11:30:00,2019-05-17 12:30:00,67.352,1.59556375741109,0.064279469560425
50,T1325,2020-08-12,2020-08-12 14:00:00,2020-08-12 16:00:00,80.816,2.003711881503661,0.2252036519492505
51,T1325,2021-05-25,2021-05-25 13:00:00,2021-05-25 13:30:00,84.56,1.9097556400817552,-0.0167697141326381
52,T1325,2021-05-26,2021-05-26 13:00:00,2021-05-26 13:30:00,75.578,1.8423271234395129,0.1448618461686141
53,T1325,2021-06-28,2021-06-28 16:00:00,2021-06-28 18:00:00,83.768,2.1786393827756365,0.2435381661929181
54,T1325,2021-06-29,2021-06-29 16:00:00,2021-06-29 18:00:00,87.494,2.216817660248574,0.0183372786749124
55,T1325,2021-06-30,2021-06-30 15:00:00,2021-06-30 17:00:00,80.27600000000001,2.069190670563731,0.0626417432774053
56,T1325,2021-07-06,2021-07-06 16:00:00,2021-07-06 18:00:00,88.44800000000001,2.2762641976147586,0.3638166034839796
57,T1325,2021-07-26,2021-07-26 16:00:00,2021-07-26 18:00:00,85.316,2.317792492085576,0.4593439023853702
58,T1325,2021-07-27,2021-07-27 16:00:00,2021-07-27 18:00:00,87.332,2.367247874639364,0.3625730679953068
59,T1325,2021-08-10,2021-08-10 16:00:00,2021-08-10 18:00:00,86.81,2.3758129460114663,0.4305827833666774
60,T1325,2021-08-11,2021-08-11 16:00:00,2021-08-11 18:00:00,89.042,2.441359519010024,0.5907838729235095
61,T1325,2021-08-12,2021-08-12 16:00:00,2021-08-12 18:00:00,88.178,2.437856166946415,0.365433505277832
62,T1325,2021-08-13,2021-08-13 16:00:00,2021-08-13 17:00:00,84.938,2.351750556143158,0.3359321628981262
63,T1325,2021-08-24,2021-08-24 16:00:00,2021-08-24 18:00:00,88.50200000000001,2.487434813119943,0.5066445163072597
64,T1325,2021-08-25,2021-08-25 14:00:00,2021-08-25 16:00:00,83.19200000000001,2.3172657192851323,0.6607009335269185
65,T1325,2021-08-26,2021-08-26 16:00:00,2021-08-26 18:00:00,86.53999999999999,2.4235492973836537,0.4862371940169888
66,T1325,2021-08-27,2021-08-27 15:00:00,2021-08-27 17:00:00,85.1,2.3837981879169354,0.4734933271283436
0,T1354,2018-06-06,2018-06-06 16:00:00,2018-06-06 17:00:00,99.32,3.405639970980269,0.3624596193769463
1,T1354,2018-06-22,2018-06-22 16:00:00,2018-06-22 17:30:00,94.982,3.3317410413467305,0.2485987871465928
2,T1354,2018-06-27,2018-06-27 15:30:00,2018-06-27 17:30:00,95.918,3.397468987061126,0.0711827510003734
3,T1354,2018-07-02,2018-07-02 15:30:00,2018-07-02 17:30:00,96.818,3.4137564264360334,0.2556261314815888
4,T1354,2018-07-18,2018-07-18 15:30:00,2018-07-18 17:30:00,98.564,3.546849220217788,0.3709062732504622
5,T1354,2018-07-19,2018-07-19 15:30:00,2018-07-19 17:30:00,99.032,3.5376496433847806,0.4066005817381156
6,T1354,2018-07-23,2018-07-23 15:30:00,2018-07-23 17:30:00,104.63,3.7291612748652354,0.7192226849361689
7,T1354,2018-07-24,2018-07-24 16:00:00,2018-07-24 18:00:00,99.806,3.6332533993502696,0.3116007519988548
8,T1354,2018-08-06,2018-08-06 15:30:00,2018-08-06 17:30:00,93.758,3.280375701612783,0.4151825024802376
9,T1354,2018-08-07,2018-08-07 15:30:00,2018-08-07 17:30:00,93.182,3.3187740381072093,0.4680027824619484
10,T1354,2018-08-15,2018-08-15 16:30:00,2018-08-15 17:30:00,95.27,3.337525635742012,0.3346999676080844
11,T1354,2018-08-16,2018-08-16 15:30:00,2018-08-16 17:30:00,96.404,3.358296525136571,0.3713371612802573
12,T1354,2018-08-17,2018-08-17 15:30:00,2018-08-17 17:30:00,98.366,3.407083963016813,0.3895208486501066
13,T1354,2018-08-23,2018-08-23 15:30:00,2018-08-23 17:30:00,98.114,3.4113007710483347,0.2709061937009365
14,T1354,2018-08-24,2018-08-24 16:30:00,2018-08-24 17:30:00,98.744,3.4346525874524274,0.256665146150756
15,T1354,2018-09-17,2018-09-17 15:30:00,2018-09-17 17:30:00,88.412,3.251003737146276,0.2026627291452775
16,T1354,2018-09-18,2018-09-18 15:30:00,2018-09-18 17:30:00,89.024,3.2708285798525907,0.1413576343886918
17,T1354,2018-09-19,2018-09-19 15:30:00,2018-09-19 17:30:00,88.55600000000001,3.265897527605844,0.378848460851239
19,T1354,2019-05-23,2019-05-23 15:30:00,2019-05-23 17:30:00,90.662,3.0842809998009244,0.6934541255251406
20,T1354,2019-06-19,2019-06-19 15:30:00,2019-06-19 17:30:00,96.53,3.5314439295433853,0.0759793468543246
21,T1354,2019-06-20,2019-06-20 15:30:00,2019-06-20 17:30:00,94.604,3.4532382348575106,-0.0167703521211198
22,T1354,2019-06-21,2019-06-21 16:00:00,2019-06-21 17:30:00,93.038,3.4571023756939088,-0.0270359152075699
23,T1354,2019-07-01,2019-07-01 16:00:00,2019-07-01 17:00:00,89.27600000000001,3.1736803826886257,0.7473817387441074
24,T1354,2019-07-10,2019-07-10 15:30:00,2019-07-10 17:30:00,94.64,3.3932419267822675,0.7839903425387769
25,T1354,2019-07-16,2019-07-16 15:30:00,2019-07-16 17:30:00,94.586,3.3396243500658858,0.690131251224116
26,T1354,2019-07-30,2019-07-30 15:30:00,2019-07-30 17:30:00,95.918,3.2725834584822584,0.7649059768750922
27,T1354,2019-07-31,2019-07-31 15:00:00,2019-07-31 17:30:00,97.358,3.3738053213113264,0.8708866431522704
28,T1354,2019-08-06,2019-08-06 15:30:00,2019-08-06 17:30:00,96.944,3.36008436784006,0.9212276016445192
29,T1354,2019-08-07,2019-08-07 15:30:00,2019-08-07 17:30:00,97.52,3.413186677392368,1.067328459353862
30,T1354,2019-08-09,2019-08-09 15:30:00,2019-08-09 17:30:00,99.662,3.475453261516892,1.1176338821886205
31,T1354,2019-08-12,2019-08-12 15:30:00,2019-08-12 18:00:00,100.238,3.4470614352395743,1.0146741760440443
32,T1354,2019-08-13,2019-08-13 15:30:00,2019-08-13 18:00:00,100.256,3.472202956928853,0.7941133515950667
33,T1354,2019-08-15,2019-08-15 16:00:00,2019-08-15 18:00:00,97.088,3.4119897939219017,0.9790657466928788
34,T1354,2019-08-26,2019-08-26 15:30:00,2019-08-26 17:30:00,99.302,3.4625377771973995,1.0159829950823742
35,T1354,2019-09-05,2019-09-05 15:30:00,2019-09-05 17:30:00,92.174,3.244624447604543,0.9713764830326572
36,T1354,2019-09-06,2019-09-06 15:30:00,2019-09-06 17:30:00,95.45,3.31015543951704,1.0352958901701326
37,T1354,2019-09-23,2019-09-23 15:00:00,2019-09-23 17:00:00,93.398,3.194224347596516,0.8990019385356577
38,T1354,2020-06-08,2020-06-08 16:00:00,2020-06-08 18:00:00,96.224,3.023080475915424,0.5024764653825813
39,T1354,2020-06-09,2020-06-09 16:00:00,2020-06-09 18:00:00,96.728,3.016585018344059,0.5608308251024545
40,T1354,2020-07-02,2020-07-02 15:30:00,2020-07-02 17:30:00,95.198,3.085262777945184,0.8072506675714107
41,T1354,2020-07-13,2020-07-13 16:00:00,2020-07-13 19:00:00,103.46,3.4894894338515723,1.094389029359664
42,T1354,2020-07-14,2020-07-14 17:00:00,2020-07-14 19:00:00,101.93,3.421118214803482,1.0258134867402813
43,T1354,2020-07-16,2020-07-16 16:30:00,2020-07-16 19:00:00,97.124,3.2030366916403423,0.8740227844454382
44,T1354,2020-08-03,2020-08-03 15:30:00,2020-08-03 17:30:00,96.548,3.3121886867429207,0.7166992392989414
45,T1354,2020-08-06,2020-08-06 16:00:00,2020-08-06 18:00:00,95.36,3.1885984869589588,0.9344870034783628
46,T1354,2020-08-10,2020-08-10 15:30:00,2020-08-10 17:30:00,95.63,3.195820461451817,0.7803845691398859
47,T1354,2020-08-11,2020-08-11 15:30:00,2020-08-11 17:30:00,96.98,3.250639061865195,0.8122073812865174
48,T1354,2020-08-12,2020-08-12 15:30:00,2020-08-12 18:00:00,97.79,3.292057559955303,0.9939189720805064
49,T1354,2020-08-13,2020-08-13 15:30:00,2020-08-13 18:30:00,98.096,3.3034273437447443,0.8510081571193998
50,T1354,2020-08-14,2020-08-14 15:30:00,2020-08-14 18:30:00,100.958,3.436210175857147,1.2292996100357017
51,T1354,2020-08-28,2020-08-28 16:00:00,2020-08-28 19:00:00,99.626,3.2874465298572546,0.7424635553657752
52,T1354,2020-09-01,2020-09-01 15:00:00,2020-09-01 18:00:00,96.224,3.158122732711917,1.016999716324902
53,T1354,2020-09-16,2020-09-16 15:00:00,2020-09-16 18:00:00,88.59200000000001,2.9348444553561803,0.7247887190343255
54,T1354,2021-06-14,2021-06-14 16:00:00,2021-06-14 19:00:00,94.208,3.030301354566126,0.5593263769916476
55,T1354,2021-06-15,2021-06-15 15:30:00,2021-06-15 18:30:00,93.902,3.046433286955568,0.5949135963065909
56,T1354,2021-06-17,2021-06-17 16:30:00,2021-06-17 19:00:00,92.606,2.963372294717768,0.5642233334135156
57,T1354,2021-06-23,2021-06-23 17:00:00,2021-06-23 18:30:00,92.624,2.99298397746643,0.5434586126404372
58,T1354,2021-06-24,2021-06-24 15:30:00,2021-06-24 18:30:00,92.948,3.0285122814066785,0.5868835618207855
59,T1354,2021-06-25,2021-06-25 15:30:00,2021-06-25 18:30:00,92.984,3.0148930982295834,0.570967630170613
60,T1354,2021-07-16,2021-07-16 15:30:00,2021-07-16 18:30:00,90.41,2.9587574438535817,0.4367190442497969
61,T1354,2021-07-26,2021-07-26 16:00:00,2021-07-26 19:00:00,93.866,3.1799141618237923,0.6520496327188563
62,T1354,2021-07-27,2021-07-27 16:00:00,2021-07-27 19:00:00,93.344,3.147447859607787,0.791224025354924
63,T1354,2021-07-29,2021-07-29 16:30:00,2021-07-29 18:00:00,92.012,3.12856031834928,0.4920077619409814
64,T1354,2021-08-09,2021-08-09 15:30:00,2021-08-09 18:00:00,92.336,3.185534579984565,0.576951858397436
65,T1354,2021-08-10,2021-08-10 15:30:00,2021-08-10 18:00:00,93.254,3.2117630669558044,0.616545219118587
66,T1354,2021-08-12,2021-08-12 16:00:00,2021-08-12 18:30:00,92.57,3.174306182413043,0.6983871301667871
67,T1354,2021-08-20,2021-08-20 17:00:00,2021-08-20 18:00:00,93.992,3.269122249690697,0.8387290136388803
68,T1354,2021-08-23,2021-08-23 16:30:00,2021-08-23 19:00:00,93.002,3.21848851184688,0.93281560244049
69,T1354,2021-08-24,2021-08-24 16:30:00,2021-08-24 19:00:00,93.308,3.265075638097927,0.803161279023632
70,T1354,2021-08-25,2021-08-25 16:00:00,2021-08-25 18:30:00,93.398,3.242629807976333,0.8067137806562787
71,T1354,2021-08-31,2021-08-31 16:00:00,2021-08-31 18:30:00,93.884,3.276258386368112,0.8913214109023785
72,T1354,2021-09-01,2021-09-01 16:00:00,2021-09-01 18:30:00,94.496,3.2874867374373213,0.8698643393307405
73,T1354,2021-09-02,2021-09-02 16:00:00,2021-09-02 18:30:00,93.326,3.246144014072622,0.8824430265405865
74,T1354,2021-09-20,2021-09-20 16:00:00,2021-09-20 18:30:00,95.558,3.287299297417002,0.8431825253559302
0,T1385,2018-06-18,2018-06-18 14:00:00,2018-06-18 17:00:00,93.434,1.9991365577294304,-0.25424289633577
1,T1385,2018-06-19,2018-06-19 14:00:00,2018-06-19 17:00:00,76.766,1.7192751393021577,-0.1047458390309616
2,T1385,2018-06-29,2018-06-29 16:00:00,2018-06-29 18:00:00,93.146,2.058894176499342,-0.4301586927594358
3,T1385,2018-07-02,2018-07-02 15:00:00,2018-07-02 17:00:00,77.34200000000001,1.8151678229715285,0.0141833520200424
4,T1385,2018-07-03,2018-07-03 15:00:00,2018-07-03 17:00:00,86.48599999999999,1.9934233746672467,-0.1768796017237517
5,T1385,2018-07-05,2018-07-05 14:00:00,2018-07-05 16:00:00,88.718,2.036392889908217,-0.2772198625652134
6,T1385,2018-07-16,2018-07-16 15:00:00,2018-07-16 17:00:00,86.09,2.042126139003005,-0.0987978158817601
7,T1385,2018-08-06,2018-08-06 13:00:00,2018-08-06 17:00:00,81.84200000000001,2.001418992201966,0.1006415267120614
8,T1385,2018-08-22,2018-08-22 14:00:00,2018-08-22 16:00:00,77.36,1.9172066849401976,0.4035492249129023
9,T1385,2018-08-27,2018-08-27 15:00:00,2018-08-27 17:00:00,92.984,2.446469638871813,0.3545159512842213
10,T1385,2018-08-28,2018-08-28 14:00:00,2018-08-28 17:00:00,90.176,2.351327140414163,0.3192616410017957
11,T1385,2018-08-29,2018-08-29 14:00:00,2018-08-29 16:00:00,73.52600000000001,1.768478741789968,0.0568726901534092
12,T1385,2019-06-26,2019-06-26 15:00:00,2019-06-26 17:00:00,87.35,1.80901962430964,-0.0254616307312875
13,T1385,2019-06-27,2019-06-27 15:00:00,2019-06-27 17:00:00,88.61,1.812161681970601,-0.4269963739733736
14,T1385,2019-06-28,2019-06-28 14:00:00,2019-06-28 16:00:00,89.24000000000001,1.821176772274248,-0.1307687173503309
15,T1385,2019-07-02,2019-07-02 15:00:00,2019-07-02 17:00:00,91.274,1.935845346740764,-0.428970457858826
16,T1385,2019-07-03,2019-07-03 15:00:00,2019-07-03 17:00:00,82.202,1.802643888891459,-0.3038074211584549
17,T1385,2019-07-10,2019-07-10 15:00:00,2019-07-10 17:00:00,94.82,2.1032068754938,-0.1497010387437282
18,T1385,2019-07-15,2019-07-15 15:00:00,2019-07-15 17:00:00,90.302,2.082045431877896,-0.1507847909869218
19,T1385,2019-07-16,2019-07-16 15:00:00,2019-07-16 17:00:00,80.006,1.8537513095525104,-0.0655739746919799
20,T1385,2019-07-17,2019-07-17 15:00:00,2019-07-17 17:00:00,86.594,1.991473233143089,-0.0218340339931452
21,T1385,2019-07-18,2019-07-18 15:00:00,2019-07-18 17:00:00,87.72800000000001,1.9703532436305,-0.0970343994904443
22,T1385,2019-07-19,2019-07-19 15:00:00,2019-07-19 17:00:00,93.182,2.138513284175522,-0.1024151414554107
23,T1385,2019-07-29,2019-07-29 15:00:00,2019-07-29 17:00:00,79.50200000000001,1.8972464230504849,-0.0463722391099103
24,T1385,2019-08-13,2019-08-13 14:00:00,2019-08-13 16:00:00,80.528,1.9956174525519967,0.0263414670583261
25,T1385,2019-08-19,2019-08-19 02:00:00,2019-08-19 04:00:00,82.85,2.0640791224551984,-0.0774655595365425
26,T1385,2019-08-20,2019-08-20 15:00:00,2019-08-20 17:00:00,78.332,1.881252714845927,-0.0156319577024674
27,T1385,2020-06-18,2020-06-18 16:30:00,2020-06-18 17:00:00,84.92,1.919140203296571,0.101005127063516
28,T1385,2020-06-22,2020-06-22 15:00:00,2020-06-22 17:00:00,82.904,1.9061563308467628,0.0009575181788679
29,T1385,2020-06-23,2020-06-23 15:00:00,2020-06-23 17:00:00,75.488,1.7953388772092025,0.264240997275967
30,T1385,2020-06-26,2020-06-26 15:00:00,2020-06-26 17:00:00,83.21000000000001,1.938057351438496,0.191854285491011
31,T1385,2020-06-29,2020-06-29 15:00:00,2020-06-29 17:00:00,87.656,2.100490950688085,0.075267589444224
32,T1385,2020-07-01,2020-07-01 15:00:00,2020-07-01 17:00:00,85.532,2.0672969037421813,0.1484228766189068
33,T1385,2020-07-02,2020-07-02 15:00:00,2020-07-02 17:00:00,86.918,2.09873414814108,-0.0148096833228568
34,T1385,2020-07-03,2020-07-03 15:00:00,2020-07-03 17:00:00,86.792,2.091684584245569,0.0827034793704233
36,T1385,2020-07-07,2020-07-07 14:00:00,2020-07-07 16:00:00,90.86,2.212986580204697,0.0941019434488997
37,T1385,2020-07-08,2020-07-08 15:00:00,2020-07-08 17:00:00,89.366,2.180370341369586,0.0806498346976311
38,T1385,2020-07-09,2020-07-09 14:00:00,2020-07-09 16:00:00,90.698,2.209804508123223,0.0752488299826781
39,T1385,2020-07-15,2020-07-15 15:00:00,2020-07-15 17:00:00,86.30600000000001,2.118572171409261,0.2489892484937194
40,T1385,2020-07-20,2020-07-20 14:00:00,2020-07-20 16:00:00,83.48,2.106688066112046,0.2039653573063391
41,T1385,2020-07-21,2020-07-21 15:00:00,2020-07-21 17:00:00,80.15,2.0113227637921365,0.1628285900764323
42,T1385,2020-07-22,2020-07-22 15:00:00,2020-07-22 17:00:00,84.578,2.118607838938387,0.0280698594477585
43,T1385,2020-07-27,2020-07-27 14:00:00,2020-07-27 16:00:00,85.00999999999999,2.1844620271198543,0.2577788900680121
44,T1385,2020-07-28,2020-07-28 15:00:00,2020-07-28 17:00:00,86.52199999999999,2.2269688325380628,0.1747210482628444
45,T1385,2020-07-29,2020-07-29 15:00:00,2020-07-29 17:00:00,87.278,2.248558144053553,0.1422155237324169
46,T1385,2020-08-10,2020-08-10 15:00:00,2020-08-10 17:00:00,89.114,2.350976102650543,0.356718929499149
47,T1385,2020-08-25,2020-08-25 15:00:00,2020-08-25 17:00:00,84.848,2.2535203802570583,0.1343223570129207
48,T1385,2020-08-27,2020-08-27 15:00:00,2020-08-27 17:00:00,91.382,2.4716932335044346,0.1871859573385376
49,T1385,2021-08-18,2021-08-18 14:00:00,2021-08-18 16:00:00,84.77600000000001,2.1849013924148046,-0.0697916258559321
50,T1385,2020-05-13,2020-05-13 15:00:00,2020-05-13 16:00:00,66.09200000000001,1.3480429619197911,0.0654296047698346
51,T1385,2020-09-16,2020-09-16 14:00:00,2020-09-16 16:00:00,81.75200000000001,2.1682399772171914,0.3604023608321112
52,T1385,2021-05-25,2021-05-25 12:00:00,2021-05-25 12:30:00,84.416,1.886022775927073,0.049530577828326
53,T1385,2021-05-26,2021-05-26 12:00:00,2021-05-26 12:30:00,79.628,1.8089397452337297,0.2406698859960818
54,T1385,2021-06-28,2021-06-28 15:00:00,2021-06-28 17:00:00,79.358,2.0171079821057925,0.4952256139247811
55,T1385,2021-06-29,2021-06-29 15:00:00,2021-06-29 17:00:00,83.39,2.116693463848224,0.5097902331123279
56,T1385,2021-06-30,2021-06-30 14:00:00,2021-06-30 16:00:00,79.05199999999999,1.985601853050886,0.4255065409517917
57,T1385,2021-07-06,2021-07-06 15:00:00,2021-07-06 17:00:00,89.6,2.2926581646794744,0.6265965967275273
2,T1395,2018-06-06,2018-06-06 15:00:00,2018-06-06 18:00:00,95.324,3.11295195850673,-0.2838500064663357
3,T1395,2018-06-07,2018-06-07 15:00:00,2018-06-07 18:00:00,93.308,2.9535306180097285,-0.0697642182473803
4,T1395,2018-06-22,2018-06-22 15:00:00,2018-06-22 18:00:00,100.022,3.3855258696611075,0.324229149485977
5,T1395,2018-06-27,2018-06-27 15:00:00,2018-06-27 18:00:00,99.896,3.409251946257922,0.201100411493602
6,T1395,2018-06-28,2018-06-28 15:30:00,2018-06-28 17:30:00,99.41,3.3914607540544983,0.4124716070132694
7,T1395,2018-07-02,2018-07-02 16:00:00,2018-07-02 18:00:00,101.174,3.4855483604163826,0.5242857543711527
8,T1395,2018-07-03,2018-07-03 16:00:00,2018-07-03 18:00:00,102.164,3.544903970693575,0.5667067298060999
9,T1395,2018-07-19,2018-07-19 16:00:00,2018-07-19 18:00:00,107.528,3.9940489122862015,0.7316169314038403
11,T1395,2018-07-23,2018-07-23 15:30:00,2018-07-23 17:30:00,101.498,3.666203998005273,0.6499376729855787
12,T1395,2018-08-06,2018-08-06 15:30:00,2018-08-06 17:30:00,97.232,3.31954332802414,0.4512465730269281
13,T1395,2018-08-07,2018-08-07 15:30:00,2018-08-07 17:30:00,98.852,3.4317331564411604,0.4963787437571014
14,T1395,2018-08-08,2018-08-08 15:30:00,2018-08-08 17:30:00,92.228,3.1376234495560738,0.4056586765092799
15,T1395,2018-08-16,2018-08-16 15:30:00,2018-08-16 17:30:00,97.142,3.37317264761854,0.4149545274877352
16,T1395,2018-08-17,2018-08-17 15:30:00,2018-08-17 17:30:00,98.42,3.398796810074609,0.526097029737174
17,T1395,2018-08-22,2018-08-22 15:30:00,2018-08-22 17:30:00,93.218,3.194322761720036,0.5209048623722765
18,T1395,2018-08-23,2018-08-23 15:30:00,2018-08-23 17:30:00,98.258,3.431961672722677,0.4916971833312814
19,T1395,2018-08-24,2018-08-24 15:30:00,2018-08-24 17:30:00,98.402,3.416894679167935,0.3707103286737938
20,T1395,2018-09-18,2018-09-18 15:30:00,2018-09-18 17:30:00,93.974,3.2775083289816003,0.572883663531151
21,T1395,2018-09-19,2018-09-19 15:30:00,2018-09-19 17:30:00,93.848,3.289360590115874,0.4606774444339672
22,T1395,2019-06-19,2019-06-19 16:00:00,2019-06-19 17:30:00,95.684,3.154694073290703,-0.0495220737467377
23,T1395,2019-06-20,2019-06-20 16:00:00,2019-06-20 18:00:00,96.062,3.178482436867037,-0.2149861352396262
24,T1395,2019-07-09,2019-07-09 16:00:00,2019-07-09 17:30:00,95.936,3.348880843909206,0.0468183709171277
25,T1395,2019-07-10,2019-07-10 15:00:00,2019-07-10 17:00:00,97.286,3.4194603854038803,0.0969138661033092
26,T1395,2019-07-30,2019-07-30 15:30:00,2019-07-30 17:30:00,99.176,3.5117391642154967,0.4748214118280884
27,T1395,2019-07-31,2019-07-31 16:00:00,2019-07-31 18:00:00,97.16,3.4199961787273665,0.3461190175233817
28,T1395,2019-08-01,2019-08-01 15:00:00,2019-08-01 17:00:00,94.874,3.309153440322172,0.3856133332261628
30,T1395,2019-08-08,2019-08-08 15:00:00,2019-08-08 17:00:00,96.314,3.364228428573247,0.186687536801548
31,T1395,2019-08-12,2019-08-12 15:00:00,2019-08-12 17:00:00,100.922,3.592684487448543,0.3275380711410942
32,T1395,2019-09-05,2019-09-05 15:00:00,2019-09-05 17:00:00,96.728,3.367400863133309,0.5228890313113882
33,T1395,2019-09-06,2019-09-06 15:00:00,2019-09-06 17:00:00,99.068,3.459911657263234,0.5293161530700498
34,T1395,2020-05-04,2020-05-04 17:00:00,2020-05-04 17:30:00,91.508,2.2664943444116616,-0.4540725992692442
35,T1395,2020-07-01,2020-07-01 16:00:00,2020-07-01 18:00:00,96.656,3.014742008662839,0.454632403534002
36,T1395,2020-07-02,2020-07-02 16:00:00,2020-07-02 18:00:00,95.72,2.971961287286976,0.5644241249563725
37,T1395,2020-07-08,2020-07-08 16:00:00,2020-07-08 18:00:00,94.172,2.9340046381344087,0.3809636622598486
38,T1395,2020-07-09,2020-07-09 16:00:00,2020-07-09 18:00:00,96.962,3.041917662236836,0.3772349161161538
39,T1395,2020-07-10,2020-07-10 16:00:00,2020-07-10 17:00:00,96.476,3.009161555540886,0.5678068333871398
40,T1395,2020-07-13,2020-07-13 16:00:00,2020-07-13 18:00:00,103.19,3.40082033059477,0.5441224493165598
41,T1395,2020-08-06,2020-08-06 16:00:00,2020-08-06 18:00:00,96.818,3.262293870394234,0.3780934698641662
42,T1395,2020-08-11,2020-08-11 16:00:00,2020-08-11 18:00:00,98.546,3.365839550487101,0.3926982264555082
43,T1395,2020-08-12,2020-08-12 15:00:00,2020-08-12 17:00:00,100.634,3.4778167364047814,0.3757483568481495
44,T1395,2020-08-14,2020-08-14 15:00:00,2020-08-14 17:00:00,103.892,3.652741089288259,0.6593959738160851
45,T1395,2020-09-01,2020-09-01 15:00:00,2020-09-01 17:00:00,90.266,2.896650633072318,0.4470172889945732
46,T1395,2021-05-24,2021-05-24 13:00:00,2021-05-24 13:30:00,79.16,2.20403379102452,0.0559980616870088
47,T1395,2021-06-09,2021-06-09 16:00:00,2021-06-09 18:00:00,91.328,2.655925845683357,0.1537060452615334
48,T1395,2021-06-10,2021-06-10 16:00:00,2021-06-10 18:00:00,92.444,2.6879801549557603,0.2400155924705097
49,T1395,2021-06-14,2021-06-14 16:00:00,2021-06-14 18:00:00,94.73,2.8207822792230326,-0.0282817660417848
50,T1395,2021-06-15,2021-06-15 15:00:00,2021-06-15 17:00:00,94.01,2.786582267071989,0.141446169608276
51,T1395,2021-06-24,2021-06-24 14:30:00,2021-06-24 16:30:00,95.576,2.9110851939735376,0.1962623050626225
52,T1395,2021-06-25,2021-06-25 15:30:00,2021-06-25 17:30:00,95.576,2.9122274031055526,0.1735731069334921
54,T1395,2021-07-26,2021-07-26 16:00:00,2021-07-26 18:00:00,99.752,3.4625491615908808,0.4983817205615539
55,T1395,2021-07-27,2021-07-27 16:00:00,2021-07-27 18:00:00,98.744,3.4369058976012323,0.4247762279189791
56,T1395,2021-07-29,2021-07-29 15:30:00,2021-07-29 17:30:00,96.98,3.3277702517036007,0.3930994899464269
57,T1395,2021-07-30,2021-07-30 15:00:00,2021-07-30 17:00:00,97.808,3.351958709662249,0.4730556237553578
58,T1395,2021-08-09,2021-08-09 15:30:00,2021-08-09 17:30:00,97.25,3.367050807875305,0.3612047671712345
59,T1395,2021-08-10,2021-08-10 15:30:00,2021-08-10 17:30:00,96.998,3.347191904617079,0.4092784945776909
60,T1395,2021-08-11,2021-08-11 15:30:00,2021-08-11 17:00:00,97.034,3.350615853454704,0.5385839425782514
61,T1395,2021-08-23,2021-08-23 15:30:00,2021-08-23 17:30:00,96.944,3.3575429314172816,0.52568334699522
62,T1395,2021-08-24,2021-08-24 15:30:00,2021-08-24 17:30:00,97.628,3.3945634758260232,0.5562410459914663
63,T1395,2021-08-25,2021-08-25 15:30:00,2021-08-25 17:30:00,97.358,3.363412042116229,0.5647528546491078
64,T1395,2021-08-31,2021-08-31 15:30:00,2021-08-31 17:30:00,97.016,3.3847045904826176,0.7569752479130478
65,T1395,2021-09-01,2021-09-01 15:00:00,2021-09-01 17:00:00,97.808,3.435861673789546,0.6669307738277248
66,T1395,2021-09-02,2021-09-02 15:30:00,2021-09-02 17:00:00,96.116,3.3497402502153086,0.5189206995116734
67,T1395,2021-09-20,2021-09-20 15:30:00,2021-09-20 17:30:00,98.834,3.443639687779629,0.7776636264856057
1,T1401,2018-06-18,2018-06-18 16:00:00,2018-06-18 20:00:00,86.25200000000001,2.456005930016001,0.1009009952216429
2,T1401,2018-07-01,2018-07-01 16:00:00,2018-07-01 20:00:00,93.74,2.7905559289869424,-0.1350672180942227
3,T1401,2018-08-06,2018-08-06 16:00:00,2018-08-06 20:00:00,90.302,3.2118196389154017,0.2738009614471663
4,T1401,2018-08-07,2018-08-07 16:00:00,2018-08-07 20:00:00,87.476,3.080435334947187,0.1407102085049495
5,T1401,2018-08-08,2018-08-08 16:00:00,2018-08-08 20:00:00,88.088,3.0913160294113,0.2079410433474459
6,T1401,2018-08-28,2018-08-28 16:00:00,2018-08-28 20:00:00,92.40800000000002,3.4654941339394103,0.3207716516556201
7,T1401,2018-08-29,2018-08-29 12:00:00,2018-08-29 18:00:00,92.606,3.4744844515168003,0.3749212728252047
8,T1401,2018-08-30,2018-08-30 15:00:00,2018-08-30 16:00:00,89.54599999999999,3.309620245611097,0.5712460740826796
9,T1401,2018-09-06,2018-09-06 16:00:00,2018-09-06 20:00:00,91.094,3.4257840176115057,0.3126044902619447
11,T1401,2019-07-17,2019-07-17 18:00:00,2019-07-18 00:00:00,90.14,2.887261780664402,0.1211713638366957
12,T1401,2019-07-19,2019-07-19 18:00:00,2019-07-20 00:00:00,89.15,2.8459796859441244,0.1032493451155821
13,T1401,2019-07-20,2019-07-20 18:00:00,2019-07-21 00:00:00,95.918,3.09005503294316,0.071644386636873
14,T1401,2019-07-21,2019-07-21 18:00:00,2019-07-22 00:00:00,96.89,3.1185599299584377,0.0430719876716733
15,T1401,2019-07-22,2019-07-22 18:00:00,2019-07-23 00:00:00,86.846,2.786894075358336,-0.3145536570750761
16,T1401,2019-08-19,2019-08-19 19:00:00,2019-08-19 23:00:00,87.94399999999999,2.975266039249123,0.1984885675829295
17,T1401,2019-08-20,2019-08-20 16:00:00,2019-08-20 18:00:00,85.964,2.8945691520543897,0.3857965698393905
18,T1401,2019-08-22,2019-08-22 15:00:00,2019-08-22 16:00:00,88.214,3.0223088111741885,0.2416209301908975
20,T1401,2020-06-25,2020-06-25 16:00:00,2020-06-25 22:00:00,83.624,2.354030626466328,0.1289017442757662
21,T1401,2020-06-26,2020-06-26 16:00:00,2020-06-26 22:00:00,84.38,2.3704166724055016,0.1784500769329606
22,T1401,2020-06-27,2020-06-27 18:00:00,2020-06-27 22:00:00,79.73599999999999,2.242553904486437,0.1149539445382373
23,T1401,2020-06-28,2020-06-28 17:00:00,2020-06-28 23:00:00,86.666,2.4349286642920123,0.058137770437781
24,T1401,2020-06-29,2020-06-29 16:00:00,2020-06-29 22:00:00,86.63,2.4194513859260045,0.1454387701893318
25,T1401,2020-06-30,2020-06-30 16:00:00,2020-06-30 22:00:00,76.69399999999999,2.1444483800445053,0.0644134911103741
26,T1401,2020-07-01,2020-07-01 16:00:00,2020-07-01 22:00:00,79.16,2.214112448872939,0.0796670841954068
27,T1401,2020-07-02,2020-07-02 16:00:00,2020-07-02 22:00:00,87.94399999999999,2.461507604949255,0.5375801125764429
28,T1401,2020-07-06,2020-07-06 16:00:00,2020-07-06 22:00:00,88.934,2.5345193024350627,0.1620384390668511
29,T1401,2020-07-07,2020-07-07 16:00:00,2020-07-07 22:00:00,81.482,2.313178024533184,-0.0661815327829413
30,T1401,2020-07-20,2020-07-20 16:00:00,2020-07-20 22:00:00,92.606,2.8492677696777933,0.0855957250507493
31,T1401,2020-07-27,2020-07-27 16:00:00,2020-07-27 22:00:00,92.966,2.960575059564993,0.3015148438727155
32,T1401,2020-07-28,2020-07-28 16:00:00,2020-07-28 22:00:00,91.292,2.8955508543240454,0.1232304432353671
33,T1401,2020-08-24,2020-08-24 14:00:00,2020-08-24 16:00:00,88.178,3.0857829936219296,0.6955111409102821
34,T1401,2020-08-27,2020-08-27 14:00:00,2020-08-27 15:00:00,89.42,3.1715862460615294,0.7632874494405255
35,T1401,2020-08-28,2020-08-28 19:00:00,2020-08-28 20:00:00,85.622,2.9338341695943058,0.3763088064312989
37,T1401,2021-06-29,2021-06-29 19:00:00,2021-06-29 23:00:00,89.22200000000001,2.6898785459452124,-0.0472326668861076
38,T1401,2021-06-30,2021-06-30 19:00:00,2021-06-30 23:00:00,90.5,2.735761803686801,-0.1598127995682925
39,T1401,2021-07-27,2021-07-27 16:00:00,2021-07-27 18:00:00,86.97200000000001,2.7122892702752304,0.0875085958004191
40,T1401,2021-08-12,2021-08-12 19:00:00,2021-08-12 23:00:00,91.04,2.911207121806441,0.1150044383853171
41,T1401,2021-08-13,2021-08-13 19:00:00,2021-08-13 23:00:00,91.886,2.944408899015311,0.0635014674819468
42,T1401,2021-09-01,2021-09-01 14:00:00,2021-09-01 15:00:00,76.208,2.2931366144783096,0.7501752305525756
44,T1401,2021-05-25,2021-05-25 14:00:00,2021-05-25 14:30:00,69.81800000000001,1.897229799526828,-0.1099685561907834
46,T1401,2021-07-16,2021-07-16 16:00:00,2021-07-16 18:00:00,90.03200000000001,2.824385959592126,-0.2244188284105723
47,T1401,2021-08-11,2021-08-11 16:00:00,2021-08-11 18:00:00,87.44,2.767237905770197,-0.079758572397105
48,T1401,2021-08-25,2021-08-25 16:00:00,2021-08-25 18:00:00,89.20400000000001,2.860804785921932,0.7425595989844406
49,T1401,2021-08-26,2021-08-26 16:00:00,2021-08-26 18:00:00,88.862,2.847307508389575,0.6690483286488577
0,T1443,2018-06-18,2018-06-18 15:00:00,2018-06-18 18:00:00,93.164,2.574804478441709,-0.0253392361687734
1,T1443,2018-06-19,2018-06-19 15:00:00,2018-06-19 18:00:00,88.25,2.5326440889993163,0.2395299298013438
2,T1443,2018-06-29,2018-06-29 16:00:00,2018-06-29 18:00:00,91.094,2.6423927316060567,0.3619497213701713
3,T1443,2018-07-02,2018-07-02 16:00:00,2018-07-02 18:00:00,98.258,2.7591012670777704,0.0639648412040393
4,T1443,2018-07-03,2018-07-03 16:00:00,2018-07-03 18:00:00,95.99,2.68287152628292,0.111289857881719
5,T1443,2018-07-05,2018-07-05 15:00:00,2018-07-05 17:00:00,93.146,2.6171987212978824,0.1345816645791651
6,T1443,2018-07-16,2018-07-16 16:00:00,2018-07-16 18:00:00,94.946,2.7112555626077377,0.2084206140565913
7,T1443,2018-08-06,2018-08-06 14:00:00,2018-08-06 18:00:00,90.464,2.692025318560733,0.310768361143203
8,T1443,2018-08-27,2018-08-27 16:00:00,2018-08-27 18:00:00,91.832,2.8446809544042497,0.3627480965279881
9,T1443,2018-08-28,2018-08-28 15:00:00,2018-08-28 18:00:00,95.126,2.9670720321822297,0.3081829139014799
10,T1443,2018-08-29,2018-08-29 15:00:00,2018-08-29 17:00:00,94.964,2.9448069455854604,0.3311812471504682
11,T1443,2019-06-26,2019-06-26 16:00:00,2019-06-26 18:00:00,90.986,2.4493202189728267,0.0302970369669216
12,T1443,2019-06-27,2019-06-27 16:00:00,2019-06-27 18:00:00,91.256,2.4872068112745813,-0.0052491205516488
13,T1443,2019-06-28,2019-06-28 15:00:00,2019-06-28 17:00:00,93.182,2.483875429679357,-0.0728536329673709
14,T1443,2019-07-02,2019-07-02 16:00:00,2019-07-02 18:00:00,91.094,2.472418447089719,-0.0891638286483261
15,T1443,2019-07-03,2019-07-03 16:00:00,2019-07-03 18:00:00,87.836,2.374226396649576,-0.1826852505293487
16,T1443,2019-07-10,2019-07-10 16:00:00,2019-07-10 18:00:00,89.078,2.461482607748981,-0.0564675598472624
17,T1443,2019-07-15,2019-07-15 16:00:00,2019-07-15 18:00:00,87.71000000000001,2.558030186761334,0.1635712758968393
18,T1443,2019-07-16,2019-07-16 16:00:00,2019-07-16 18:00:00,92.912,2.66786275343849,0.09112035574104
19,T1443,2019-07-17,2019-07-17 16:00:00,2019-07-17 18:00:00,96.332,2.8016299434476304,0.0652252291379334
20,T1443,2019-07-18,2019-07-18 16:00:00,2019-07-18 18:00:00,86.468,2.438338986751289,-0.0922907823630595
21,T1443,2019-07-19,2019-07-19 16:00:00,2019-07-19 18:00:00,94.982,2.74217258566815,-0.2442318300023048
22,T1443,2019-07-29,2019-07-29 16:00:00,2019-07-29 18:00:00,93.92,2.761672314264813,0.1193300329735295
23,T1443,2019-08-19,2019-08-19 03:00:00,2019-08-19 05:00:00,93.758,2.8072318623131887,-0.0454605187151757
24,T1443,2019-08-20,2019-08-20 16:00:00,2019-08-20 18:00:00,90.266,2.6662345430753773,0.0434311412907525
25,T1443,2020-06-18,2020-06-18 16:30:00,2020-06-18 17:00:00,81.06800000000001,2.0088911509710905,0.2638982238455306
26,T1443,2020-06-22,2020-06-22 16:00:00,2020-06-22 18:00:00,91.4,2.209704091298641,0.6903814466901134
27,T1443,2020-06-23,2020-06-23 16:00:00,2020-06-23 18:00:00,92.372,2.2320288527638708,0.6332715608979191
28,T1443,2020-06-26,2020-06-26 16:00:00,2020-06-26 18:00:00,87.99799999999999,2.143262490393797,0.7654939183931087
29,T1443,2020-06-29,2020-06-29 16:00:00,2020-06-29 18:00:00,90.698,2.2246048677008194,0.8005273217404563
30,T1443,2020-07-01,2020-07-01 16:00:00,2020-07-01 18:00:00,85.982,2.063633115016785,0.5477767865842841
31,T1443,2020-07-02,2020-07-02 16:00:00,2020-07-02 18:00:00,93.128,2.273975761425656,0.8623321275413772
32,T1443,2020-07-03,2020-07-03 16:00:00,2020-07-03 18:00:00,95.504,2.288668911287287,0.8636908627435598
33,T1443,2020-07-06,2020-07-06 15:00:00,2020-07-06 17:00:00,92.534,2.2012047704645084,0.4903245628312449
34,T1443,2020-07-07,2020-07-07 15:00:00,2020-07-07 17:00:00,90.734,2.173938465741909,0.6663408901337432
35,T1443,2020-07-08,2020-07-08 16:00:00,2020-07-08 18:00:00,91.202,2.216204365101681,0.7165132090690914
36,T1443,2020-07-09,2020-07-09 15:00:00,2020-07-09 17:00:00,92.102,2.23824423850812,0.6714906130977589
37,T1443,2020-07-15,2020-07-15 16:00:00,2020-07-15 18:00:00,84.902,2.078021921307706,0.5795087239800671
38,T1443,2020-07-20,2020-07-20 15:00:00,2020-07-20 17:00:00,97.394,2.379922802409124,0.8943339963384845
39,T1443,2020-07-21,2020-07-21 16:00:00,2020-07-21 18:00:00,97.484,2.4009091458900844,0.808538875582981
40,T1443,2020-07-22,2020-07-22 16:00:00,2020-07-22 18:00:00,95.486,2.351540194657487,0.5815465395163031
41,T1443,2020-07-27,2020-07-27 15:00:00,2020-07-27 17:00:00,96.404,2.3949672441466183,0.759662478127974
42,T1443,2020-07-28,2020-07-28 16:00:00,2020-07-28 18:00:00,93.794,2.3372540168902134,0.7511719155254045
43,T1443,2020-07-29,2020-07-29 16:00:00,2020-07-29 18:00:00,94.604,2.356567053799892,0.7645036032726229
44,T1443,2020-08-10,2020-08-10 16:00:00,2020-08-10 18:00:00,94.064,2.402218666339136,0.7368520655020562
45,T1443,2020-08-25,2020-08-25 14:00:00,2020-08-25 18:00:00,90.068,2.2979760836535776,0.7220289889849095
46,T1443,2020-08-27,2020-08-27 15:00:00,2020-08-27 19:00:00,92.642,2.375702066638385,0.6532495722909845
47,T1443,2021-06-24,2021-06-24 14:00:00,2021-06-24 15:00:00,78.29599999999999,1.825315952974148,0.3126515017558125
49,T1443,2021-05-25,2021-05-25 13:00:00,2021-05-25 13:30:00,76.226,1.693579693792172,0.0796245777789847
50,T1443,2021-05-26,2021-05-26 13:00:00,2021-05-26 13:30:00,91.598,1.7115114909771632,-0.0909311518041626
51,T1443,2021-06-28,2021-06-28 16:00:00,2021-06-28 18:00:00,94.298,2.2080354965288547,0.2240552632037559
52,T1443,2021-06-29,2021-06-29 16:00:00,2021-06-29 18:00:00,94.766,2.257590944012731,0.2399476971720486
53,T1443,2021-06-30,2021-06-30 15:00:00,2021-06-30 17:00:00,98.06,2.308039282442263,0.2862850361489071
54,T1443,2021-07-06,2021-07-06 16:00:00,2021-07-06 18:00:00,93.542,2.253106375477976,0.2373377760648985
55,T1443,2021-07-26,2021-07-26 16:00:00,2021-07-26 18:00:00,91.616,2.4066939359158366,0.4439509001508127
56,T1443,2021-07-27,2021-07-27 16:00:00,2021-07-27 18:00:00,94.19,2.4317250912341395,0.4179217110807692
57,T1443,2021-08-10,2021-08-10 16:00:00,2021-08-10 18:00:00,91.4,2.4252532927003885,0.3805978461437486
58,T1443,2021-08-11,2021-08-11 16:00:00,2021-08-11 18:00:00,91.562,2.374399686330616,0.3461532753496574
59,T1443,2021-08-12,2021-08-12 16:00:00,2021-08-12 18:00:00,95.882,2.5626959891501024,0.4382496888674014
60,T1443,2021-08-13,2021-08-13 15:00:00,2021-08-13 17:00:00,97.052,2.592533759527435,0.5355042821769032
61,T1443,2021-08-24,2021-08-24 16:00:00,2021-08-24 18:00:00,91.958,2.544834873645133,0.6869333139657383
62,T1443,2021-08-25,2021-08-25 16:00:00,2021-08-25 18:00:00,94.01,2.51281462180988,0.5234602760484564
63,T1443,2021-08-26,2021-08-26 16:00:00,2021-08-26 18:00:00,93.686,2.5011885398177367,0.511995103098294
64,T1443,2021-08-27,2021-08-27 15:00:00,2021-08-27 17:00:00,92.3,2.3851223378111914,0.4827747837275501
0,T1447,2018-06-18,2018-06-18 15:00:00,2018-06-18 18:00:00,95.324,2.618208615640988,-0.0103535573417237
1,T1447,2018-06-19,2018-06-19 15:00:00,2018-06-19 18:00:00,92.93,2.603396643460297,-0.0614935345309196
2,T1447,2018-06-26,2018-06-26 14:00:00,2018-06-26 15:00:00,78.386,2.3051122996500024,0.1388682071065857
3,T1447,2018-06-29,2018-06-29 16:00:00,2018-06-29 18:00:00,90.842,2.6049141190841585,-0.0335067939429436
4,T1447,2018-07-02,2018-07-02 16:00:00,2018-07-02 18:00:00,89.096,2.510829879165481,-0.017608521762407
5,T1447,2018-07-03,2018-07-03 16:00:00,2018-07-03 18:00:00,89.096,2.5630865185563154,-0.025912698542124
6,T1447,2018-07-05,2018-07-05 15:00:00,2018-07-05 17:00:00,94.388,2.697432660504396,0.0437015378034631
7,T1447,2018-07-16,2018-07-16 16:00:00,2018-07-16 18:00:00,86.9,2.5245710697919512,-0.0003919032081836
8,T1447,2018-08-06,2018-08-06 14:00:00,2018-08-06 18:00:00,89.63600000000001,2.6776507814135995,0.1658248096847364
9,T1447,2018-08-27,2018-08-27 16:00:00,2018-08-27 18:00:00,90.752,2.732586911410214,0.1335695195932111
10,T1447,2018-08-28,2018-08-28 15:00:00,2018-08-28 18:00:00,91.85,2.762700766973728,0.1773293559904975
11,T1447,2018-08-29,2018-08-29 15:00:00,2018-08-29 17:00:00,88.142,2.645068518678752,0.1377733414894942
12,T1447,2019-06-26,2019-06-26 16:00:00,2019-06-26 18:00:00,89.168,2.449204569001409,0.4331398407160466
13,T1447,2019-06-27,2019-06-27 16:00:00,2019-06-27 18:00:00,88.754,2.441263661524098,0.3537618024319251
14,T1447,2019-06-28,2019-06-28 15:00:00,2019-06-28 17:00:00,91.508,2.5023186104307733,0.4004734871174893
15,T1447,2019-07-02,2019-07-02 16:00:00,2019-07-02 18:00:00,91.148,2.546321322983659,0.3631678459362835
16,T1447,2019-07-03,2019-07-03 16:00:00,2019-07-03 18:00:00,86.63,2.432004439333976,0.4395181323401173
17,T1447,2019-07-10,2019-07-10 16:00:00,2019-07-10 18:00:00,92.246,2.6001636749138464,0.5586284630901904
18,T1447,2019-07-15,2019-07-15 16:00:00,2019-07-15 18:00:00,89.22200000000001,2.577645042429046,0.4230930831332958
19,T1447,2019-07-16,2019-07-16 16:00:00,2019-07-16 18:00:00,89.078,2.5903033320724496,0.5956425085843992
20,T1447,2019-07-17,2019-07-17 16:00:00,2019-07-17 18:00:00,85.73,2.484548083541753,-0.1473903682773
21,T1447,2019-07-18,2019-07-18 16:00:00,2019-07-18 18:00:00,88.46600000000001,2.5604983656712283,-0.1837596166253972
22,T1447,2019-07-19,2019-07-19 16:00:00,2019-07-19 18:00:00,91.94,2.659940455886197,-0.4254429843439388
23,T1447,2019-07-29,2019-07-29 16:00:00,2019-07-29 18:00:00,89.69,2.6635759137352784,0.2041409048776521
24,T1447,2019-08-19,2019-08-19 03:00:00,2019-08-19 05:00:00,92.696,2.78913953787873,-0.0090319125115037
25,T1447,2019-08-20,2019-08-20 16:00:00,2019-08-20 18:00:00,88.988,2.68667219196208,0.7186365715359523
26,T1447,2020-06-18,2020-06-18 16:30:00,2020-06-18 17:00:00,81.212,2.2987707108454978,0.4474122539245574
27,T1447,2020-06-22,2020-06-22 16:00:00,2020-06-22 18:00:00,84.794,2.431328507771421,0.581243432652389
28,T1447,2020-06-23,2020-06-23 16:00:00,2020-06-23 18:00:00,79.78999999999999,2.2821631708851964,0.5928776751389682
29,T1447,2020-06-26,2020-06-26 16:00:00,2020-06-26 18:00:00,86.63,2.3829749728691527,0.5438279736213699
30,T1447,2020-06-29,2020-06-29 16:00:00,2020-06-29 18:00:00,88.232,2.5314156454453407,0.6513754378820332
31,T1447,2020-07-01,2020-07-01 16:00:00,2020-07-01 18:00:00,89.438,2.5883641803652693,-0.3079237540231705
32,T1447,2020-07-02,2020-07-02 16:00:00,2020-07-02 18:00:00,88.59200000000001,2.562594218945427,-0.2189744113283114
33,T1447,2020-07-03,2020-07-03 16:00:00,2020-07-03 18:00:00,91.634,2.652206346093823,-0.2534431442108362
34,T1447,2020-07-06,2020-07-06 15:00:00,2020-07-06 17:00:00,92.426,2.700066558947503,-0.2976380360011409
35,T1447,2020-07-07,2020-07-07 15:00:00,2020-07-07 17:00:00,91.616,2.683052397155648,-0.2738095163871186
36,T1447,2020-07-08,2020-07-08 16:00:00,2020-07-08 18:00:00,92.354,2.7011299440594936,-0.3432023871467312
37,T1447,2020-07-09,2020-07-09 15:00:00,2020-07-09 17:00:00,92.318,2.678267164151688,-0.1902850640200664
38,T1447,2020-07-15,2020-07-15 16:00:00,2020-07-15 18:00:00,91.346,2.7028550876595467,0.7570077164910418
39,T1447,2020-07-20,2020-07-20 15:00:00,2020-07-20 17:00:00,92.174,2.7410862329213512,0.802911390714069
40,T1447,2020-07-21,2020-07-21 16:00:00,2020-07-21 18:00:00,92.46200000000002,2.7470779740387106,0.6930874408792279
41,T1447,2020-07-22,2020-07-22 16:00:00,2020-07-22 18:00:00,82.904,2.4183881756007257,0.55435697429506
42,T1447,2020-07-27,2020-07-27 15:00:00,2020-07-27 17:00:00,91.184,2.7084426190909783,0.6874130810365056
43,T1447,2020-07-28,2020-07-28 16:00:00,2020-07-28 18:00:00,88.43,2.670552312391257,0.786335318664193
44,T1447,2020-07-29,2020-07-29 16:00:00,2020-07-29 18:00:00,91.652,2.7713493706227483,0.8036988704278798
45,T1447,2020-08-04,2020-08-04 14:00:00,2020-08-04 15:00:00,78.908,2.3859567383252647,0.6234509554289709
46,T1447,2020-08-10,2020-08-10 16:00:00,2020-08-10 18:00:00,86.21600000000001,2.5855053392549925,0.7436110665178215
47,T1447,2020-08-25,2020-08-25 16:00:00,2020-08-25 18:00:00,92.354,2.8736388605865915,0.8189667128563269
48,T1447,2020-08-27,2020-08-27 16:00:00,2020-08-27 18:00:00,85.60400000000001,2.62512065142012,0.7001098589943989
49,T1447,2021-06-24,2021-06-24 14:00:00,2021-06-24 15:00:00,85.19,2.483707215772468,0.7251795505148257
50,T1447,2021-05-25,2021-05-25 13:00:00,2021-05-25 13:30:00,88.77199999999999,2.2903598213191225,0.201701451055741
51,T1447,2021-05-26,2021-05-26 13:00:00,2021-05-26 13:30:00,80.852,2.092087290669825,0.0854710091486991
52,T1447,2021-06-28,2021-06-28 16:00:00,2021-06-28 18:00:00,91.472,2.674995988858472,0.6503017392132553
53,T1447,2021-06-29,2021-06-29 16:00:00,2021-06-29 18:00:00,94.838,2.7876649273083505,0.6272353662792051
54,T1447,2021-06-30,2021-06-30 15:00:00,2021-06-30 17:00:00,85.74799999999999,2.532107044593648,0.5847969877143249
55,T1447,2021-07-06,2021-07-06 16:00:00,2021-07-06 18:00:00,91.796,2.7515937323266417,0.6831016295587953
56,T1447,2021-07-26,2021-07-26 16:00:00,2021-07-26 18:00:00,90.59,2.85197295261581,0.8795415266329744
57,T1447,2021-07-27,2021-07-27 16:00:00,2021-07-27 18:00:00,91.328,2.873980487564523,0.963141086082922
58,T1447,2021-08-10,2021-08-10 16:00:00,2021-08-10 18:00:00,88.232,2.8084557539901884,0.7925586621388399
59,T1447,2021-08-11,2021-08-11 16:00:00,2021-08-11 18:00:00,93.092,2.984483593266135,0.8114847079984376
60,T1447,2021-08-12,2021-08-12 16:00:00,2021-08-12 18:00:00,95.09,3.090287560490506,0.7376404717189936
61,T1447,2021-08-13,2021-08-13 16:00:00,2021-08-13 17:00:00,90.752,2.870515869611941,0.6365758229889161
62,T1447,2021-08-24,2021-08-24 16:00:00,2021-08-24 18:00:00,94.964,3.0892256948991057,0.9529455522930372
63,T1447,2021-08-25,2021-08-25 16:00:00,2021-08-25 18:00:00,88.232,2.812313184161212,0.7854436287320359
64,T1447,2021-08-26,2021-08-26 16:00:00,2021-08-26 18:00:00,92.966,3.0176453789988367,0.8844582067555988
65,T1447,2021-08-27,2021-08-27 15:00:00,2021-08-27 17:00:00,93.47,3.0357249433241624,0.9163748092712122
1,T1492,2018-06-18,2018-06-18 15:00:00,2018-06-18 18:00:00,91.022,1.8496811219536144,-0.1323268181576953
2,T1492,2018-07-02,2018-07-02 15:00:00,2018-07-02 19:00:00,95.828,2.005202013221992,-0.2096609822758916
3,T1492,2018-07-03,2018-07-03 15:00:00,2018-07-03 18:00:00,87.62,1.947514307652848,-0.01287408402438
4,T1492,2018-07-05,2018-07-05 15:00:00,2018-07-05 19:00:00,89.618,1.964858323706316,-0.3911167747587517
5,T1492,2018-07-16,2018-07-16 15:00:00,2018-07-16 18:00:00,93.38,2.0991174462698265,0.0896054581093612
6,T1492,2018-08-06,2018-08-06 15:00:00,2018-08-06 19:00:00,91.454,2.413310242907252,0.3108051645870659
7,T1492,2018-08-28,2018-08-28 15:00:00,2018-08-28 18:00:00,90.68,2.515027024041033,0.1953750562793987
8,T1492,2018-08-29,2018-08-29 14:00:00,2018-08-29 18:00:00,91.13,2.536939395950812,0.2067534490108682
9,T1492,2018-08-30,2018-08-30 14:00:00,2018-08-30 15:00:00,76.226,2.0130619291697776,0.1285867452160154
10,T1492,2018-09-05,2018-09-05 14:00:00,2018-09-05 18:00:00,90.752,2.523891595153348,0.425002325911205
12,T1492,2019-06-27,2019-06-27 16:00:00,2019-06-27 18:00:00,82.47200000000001,1.7168770838907277,0.1306683207247034
13,T1492,2019-06-28,2019-06-28 16:00:00,2019-06-28 18:00:00,87.206,1.7707289886755893,-0.1084912011864234
14,T1492,2019-07-10,2019-07-10 16:00:00,2019-07-10 18:00:00,89.06,1.9436683820968488,0.2215026427055271
15,T1492,2019-07-17,2019-07-17 16:00:00,2019-07-17 18:00:00,75.70400000000001,1.810161825837156,0.0127474927018498
16,T1492,2019-07-19,2019-07-19 16:00:00,2019-07-19 18:00:00,89.528,2.0289730340325294,-0.0430385189323157
17,T1492,2019-07-29,2019-07-29 16:00:00,2019-07-29 18:00:00,87.85400000000001,2.0546493175977787,0.0018630187119152
18,T1492,2019-08-22,2019-08-22 14:00:00,2019-08-22 15:00:00,75.344,1.8622876934655423,0.2366050438703993
20,T1492,2020-06-22,2020-06-22 16:00:00,2020-06-22 18:00:00,90.32,1.745692479523963,0.1351256550461137
21,T1492,2020-07-06,2020-07-06 16:00:00,2020-07-06 18:00:00,89.006,1.815767716807904,0.3098144234506231
22,T1492,2020-07-09,2020-07-09 16:00:00,2020-07-09 20:00:00,93.794,1.905548977990115,0.3146623018941932
23,T1492,2020-07-20,2020-07-20 16:00:00,2020-07-20 20:00:00,86.072,1.846624038147532,0.3031605439203981
24,T1492,2020-07-27,2020-07-27 16:00:00,2020-07-27 20:00:00,91.994,1.989306051695134,-0.0522490503796711
25,T1492,2020-08-27,2020-08-27 15:00:00,2020-08-27 16:00:00,74.31800000000001,1.7315297189761016,0.3289597738020124
27,T1492,2021-06-28,2021-06-28 15:00:00,2021-06-28 19:00:00,89.042,1.8917961482696928,0.2974806196447079
28,T1492,2021-06-29,2021-06-29 15:00:00,2021-06-29 19:00:00,89.348,1.902689637137552,0.2946068061488854
29,T1492,2021-08-09,2021-08-09 16:00:00,2021-08-09 20:00:00,87.29599999999999,2.055149821337737,0.3885927835288639
30,T1492,2021-08-10,2021-08-10 15:00:00,2021-08-10 19:00:00,85.91,2.0467932155606685,0.3327209310257112
31,T1492,2021-08-11,2021-08-11 15:00:00,2021-08-11 19:00:00,88.77199999999999,2.1167530049507444,0.3532107736984772
32,T1492,2021-08-12,2021-08-12 15:00:00,2021-08-12 19:00:00,87.71000000000001,2.08988394594925,0.3293617079312904
33,T1492,2021-08-26,2021-08-26 15:00:00,2021-08-26 19:00:00,88.124,2.10177869596759,0.3792927988147427
34,T1492,2021-09-01,2021-09-01 15:00:00,2021-09-01 16:00:00,71.042,1.729799565167946,0.2456006654924888
36,T1492,2021-05-25,2021-05-25 14:00:00,2021-05-25 14:30:00,81.59,1.597699906169309,-0.0961968221821069
37,T1492,2021-05-26,2021-05-26 14:00:00,2021-05-26 14:30:00,84.30799999999999,1.577645420573382,-0.045784125766808
38,T1492,2021-08-13,2021-08-13 16:00:00,2021-08-13 18:00:00,87.81800000000001,2.091254643733534,0.3575268792174871
39,T1492,2021-08-25,2021-08-25 16:00:00,2021-08-25 18:00:00,88.952,2.1149992821765764,0.4191565174574531
1,T1508,2018-06-18,2018-06-18 15:00:00,2018-06-18 18:00:00,91.886,2.492733909490371,-0.498793451975664
2,T1508,2018-07-02,2018-07-02 15:00:00,2018-07-02 18:00:00,93.668,2.681399131344972,-0.4284587692060693
3,T1508,2018-07-03,2018-07-03 15:00:00,2018-07-03 18:00:00,85.226,2.4856194145433084,-0.2476030293759767
4,T1508,2018-07-16,2018-07-16 15:00:00,2018-07-16 18:00:00,93.812,2.789400120204189,-0.1815492383138612
5,T1508,2018-08-06,2018-08-06 15:00:00,2018-08-06 18:00:00,90.392,2.9153769376701386,0.1816560922797856
6,T1508,2018-08-28,2018-08-28 15:00:00,2018-08-28 18:00:00,88.68199999999999,2.9199746205406063,0.0939850784742884
7,T1508,2018-08-29,2018-08-29 14:00:00,2018-08-29 17:00:00,90.23,2.958326755701797,0.0156665486562789
8,T1508,2018-08-30,2018-08-30 14:00:00,2018-08-30 15:00:00,73.85,2.41827587442121,0.0089022207271504
9,T1508,2018-09-05,2018-09-05 14:00:00,2018-09-05 18:00:00,90.338,3.001497906681985,0.1478286455593452
11,T1508,2019-06-27,2019-06-27 16:00:00,2019-06-27 18:00:00,83.102,1.971112757485269,0.0297521062526221
12,T1508,2019-06-28,2019-06-28 16:00:00,2019-06-28 18:00:00,86.72,2.0225903224998096,-0.0150453481075964
13,T1508,2019-07-10,2019-07-10 16:00:00,2019-07-10 18:00:00,90.014,2.246410662506513,-0.0037616253922505
14,T1508,2019-07-17,2019-07-17 16:00:00,2019-07-17 18:00:00,82.688,2.139378745311172,-0.0743371329259501
15,T1508,2019-07-19,2019-07-19 16:00:00,2019-07-19 18:00:00,91.814,2.385768328861033,-0.1648898951423583
16,T1508,2019-07-29,2019-07-29 16:00:00,2019-07-29 18:00:00,88.53800000000001,2.379300258316179,0.1367977748102093
17,T1508,2019-08-22,2019-08-22 14:00:00,2019-08-22 15:00:00,73.85,2.0029344486600897,0.0531349193786535
19,T1508,2020-06-22,2020-06-22 16:00:00,2020-06-22 18:00:00,90.284,2.145308128083042,0.269307097512745
20,T1508,2020-07-06,2020-07-06 16:00:00,2020-07-06 18:00:00,90.59,2.238831841800938,0.3950289691334961
21,T1508,2020-07-09,2020-07-09 14:00:00,2020-07-09 18:00:00,92.264,2.296782299514728,0.3224781776716453
22,T1508,2020-07-20,2020-07-20 16:00:00,2020-07-20 18:00:00,85.46000000000001,2.2288530368677137,0.397068551794796
23,T1508,2020-07-27,2020-07-27 14:00:00,2020-07-27 18:00:00,91.742,2.417666592019037,0.3134458453773169
24,T1508,2020-08-27,2020-08-27 15:00:00,2020-08-27 16:00:00,85.154,2.358035642673268,0.4582440712100796
26,T1508,2021-06-29,2021-06-29 14:00:00,2021-06-29 18:00:00,91.994,2.1468786334061134,0.2884681923913739
27,T1508,2021-08-11,2021-08-11 14:00:00,2021-08-11 18:00:00,89.114,2.315378457841922,0.471341737614264
28,T1508,2021-08-12,2021-08-12 14:00:00,2021-08-12 18:00:00,89.438,2.323844020477838,0.4889882350934407
29,T1508,2021-08-26,2021-08-26 14:00:00,2021-08-26 18:00:00,86.666,2.3021292852342503,0.5524724297615646
30,T1508,2021-09-01,2021-09-01 15:00:00,2021-09-01 16:00:00,68.756,1.833412415945545,0.1625250751502399
32,T1508,2021-05-25,2021-05-25 14:00:00,2021-05-25 14:30:00,81.554,1.6540564176701682,-0.1406148815421725
33,T1508,2021-05-26,2021-05-26 14:00:00,2021-05-26 14:30:00,82.47200000000001,1.6591300138416425,-0.0113888867059915
34,T1508,2021-07-16,2021-07-16 16:00:00,2021-07-16 18:00:00,77.52199999999999,1.984391898533159,0.3318646039578742
35,T1508,2021-08-13,2021-08-13 16:00:00,2021-08-13 18:00:00,87.80000000000001,2.281045898262932,0.3896056977745676
36,T1508,2021-08-25,2021-08-25 16:00:00,2021-08-25 18:00:00,89.618,2.3833789143100934,0.5067092596520879
0,T1510,2018-06-18,2018-06-18 15:00:00,2018-06-18 18:00:00,91.724,2.235472082535669,-0.2072400827528566
1,T1510,2018-06-19,2018-06-19 15:00:00,2018-06-19 18:00:00,85.892,2.1558393335548782,0.0415033054604437
2,T1510,2018-06-29,2018-06-29 16:00:00,2018-06-29 18:00:00,88.25,2.2576981154237057,-0.0428713278584983
3,T1510,2018-07-02,2018-07-02 16:00:00,2018-07-02 18:00:00,95.522,2.414843263694181,-0.3216435077895527
4,T1510,2018-07-03,2018-07-03 16:00:00,2018-07-03 18:00:00,94.91,2.399915882538312,-0.3162122832419815
5,T1510,2018-07-05,2018-07-05 15:00:00,2018-07-05 17:00:00,90.284,2.323950361682268,-0.1593033020658555
6,T1510,2018-07-16,2018-07-16 16:00:00,2018-07-16 18:00:00,90.446,2.3818775223961963,-0.0752463469530273
7,T1510,2018-08-06,2018-08-06 14:00:00,2018-08-06 18:00:00,90.194,2.494712085931272,0.0925975778662663
8,T1510,2018-08-27,2018-08-27 16:00:00,2018-08-27 18:00:00,88.232,2.503271931093688,0.0483635523759569
9,T1510,2018-08-28,2018-08-28 15:00:00,2018-08-28 18:00:00,91.94,2.6340450278122547,0.1053345113021304
10,T1510,2018-08-29,2018-08-29 15:00:00,2018-08-29 17:00:00,91.904,2.631627316204054,0.1067600878759435
11,T1510,2019-06-26,2019-06-26 16:00:00,2019-06-26 18:00:00,87.278,2.272406265549701,0.1460788376000839
12,T1510,2019-06-27,2019-06-27 16:00:00,2019-06-27 18:00:00,88.97,2.30411585633602,0.2265044855236875
13,T1510,2019-06-28,2019-06-28 15:00:00,2019-06-28 17:00:00,89.22200000000001,2.313218726480518,0.0690353559456629
14,T1510,2019-07-02,2019-07-02 16:00:00,2019-07-02 18:00:00,88.16,2.3151784369727286,-0.0048114673372866
15,T1510,2019-07-03,2019-07-03 16:00:00,2019-07-03 18:00:00,85.298,2.262837651589978,-0.0447589215931943
16,T1510,2019-07-10,2019-07-10 16:00:00,2019-07-10 18:00:00,88.05199999999999,2.39369082895649,0.0998894100294846
17,T1510,2019-07-15,2019-07-15 16:00:00,2019-07-15 18:00:00,85.46000000000001,2.3309363742165874,0.2942704865445338
18,T1510,2019-07-16,2019-07-16 16:00:00,2019-07-16 18:00:00,89.852,2.4815771144292014,0.0816503323209837
19,T1510,2019-07-17,2019-07-17 16:00:00,2019-07-17 18:00:00,92.552,2.527780907326677,0.1239383679433322
20,T1510,2019-07-18,2019-07-18 16:00:00,2019-07-18 18:00:00,84.128,2.3024952602061366,0.0800975196026574
21,T1510,2019-07-19,2019-07-19 16:00:00,2019-07-19 18:00:00,92.75,2.527331235376337,0.0384114026212566
22,T1510,2019-07-29,2019-07-29 16:00:00,2019-07-29 18:00:00,89.94200000000001,2.552017086132542,0.1377549535652725
23,T1510,2019-08-19,2019-08-19 03:00:00,2019-08-19 05:00:00,89.348,2.568454128658684,0.0026017327897746
24,T1510,2019-08-20,2019-08-20 16:00:00,2019-08-20 18:00:00,89.294,2.560783654432412,0.2669990560000322
25,T1510,2020-06-18,2020-06-18 16:30:00,2020-06-18 17:00:00,79.268,1.8006608179178862,-0.1851501775887075
26,T1510,2020-06-22,2020-06-22 16:00:00,2020-06-22 18:00:00,88.574,1.974157289536932,-0.0650560002637735
27,T1510,2020-06-23,2020-06-23 16:00:00,2020-06-23 18:00:00,88.44800000000001,1.9700405832403105,-0.0485390830722443
28,T1510,2020-06-26,2020-06-26 16:00:00,2020-06-26 18:00:00,83.426,1.9080596741004308,-0.091438623816626
29,T1510,2020-06-29,2020-06-29 16:00:00,2020-06-29 18:00:00,87.584,2.0043039358742885,-0.2946076966698251
30,T1510,2020-07-01,2020-07-01 16:00:00,2020-07-01 18:00:00,82.22,1.917112106105453,0.0514787690257288
31,T1510,2020-07-02,2020-07-02 16:00:00,2020-07-02 18:00:00,89.384,2.0477571517861883,-0.0007195808629402
32,T1510,2020-07-03,2020-07-03 16:00:00,2020-07-03 18:00:00,90.806,2.0721722531448408,-0.0382026511852451
33,T1510,2020-07-06,2020-07-06 15:00:00,2020-07-06 17:00:00,90.14,2.0848279979887008,-0.0147116239620856
34,T1510,2020-07-07,2020-07-07 15:00:00,2020-07-07 17:00:00,85.19,1.984026303196177,0.0727543399794894
35,T1510,2020-07-08,2020-07-08 16:00:00,2020-07-08 18:00:00,86.504,2.0173663760740577,0.095926211865234
36,T1510,2020-07-09,2020-07-09 15:00:00,2020-07-09 17:00:00,88.7,2.0590015310788523,0.0596634073385892
37,T1510,2020-07-15,2020-07-15 16:00:00,2020-07-15 18:00:00,85.49600000000001,2.0428601505736013,0.061235916419272
38,T1510,2020-07-20,2020-07-20 15:00:00,2020-07-20 17:00:00,91.112,2.2044536437020947,0.0710215145222428
39,T1510,2020-07-21,2020-07-21 16:00:00,2020-07-21 18:00:00,90.23,2.1852556308839484,-0.0697358167499507
40,T1510,2020-07-22,2020-07-22 16:00:00,2020-07-22 18:00:00,90.662,2.1988129904514024,0.0357397017566471
41,T1510,2020-07-27,2020-07-27 15:00:00,2020-07-27 17:00:00,91.346,2.2784062614096,-0.4895372221667509
42,T1510,2020-07-28,2020-07-28 16:00:00,2020-07-28 18:00:00,88.52,2.214990079248782,-0.2635960752931269
43,T1510,2020-07-29,2020-07-29 16:00:00,2020-07-29 18:00:00,89.762,2.240923157177089,-0.02249932704362
44,T1510,2020-08-10,2020-08-10 16:00:00,2020-08-10 18:00:00,89.672,2.3674671382594714,-0.2190159721722827
45,T1510,2020-08-25,2020-08-25 14:00:00,2020-08-25 18:00:00,88.124,2.432836723252481,-0.1004979013258652
46,T1510,2020-08-27,2020-08-27 15:00:00,2020-08-27 19:00:00,91.058,2.541174291025402,-0.1432061159695575
47,T1510,2021-06-24,2021-06-24 14:00:00,2021-06-24 15:00:00,76.244,2.1341919092284503,0.2814100830566489
48,T1510,2021-05-25,2021-05-25 13:00:00,2021-05-25 13:30:00,74.53399999999999,1.930553408862524,-0.0189489532022182
49,T1510,2021-05-26,2021-05-26 13:00:00,2021-05-26 13:30:00,87.134,2.094826413567959,-0.5680671894637959
50,T1510,2021-06-28,2021-06-28 16:00:00,2021-06-28 18:00:00,90.518,2.5032271436695788,-0.0912652998171296
51,T1510,2021-06-29,2021-06-29 15:00:00,2021-06-29 17:00:00,92.40800000000002,2.5552330658663363,-0.0330865836482363
52,T1510,2021-06-30,2021-06-30 15:00:00,2021-06-30 17:00:00,93.524,2.576303835035473,0.0135916483100936
53,T1510,2021-07-06,2021-07-06 16:00:00,2021-07-06 18:00:00,90.68,2.514534219937679,3.609312525610776e-05
54,T1510,2021-07-07,2021-07-07 15:00:00,2021-07-07 17:00:00,91.202,2.529631577289751,0.0626704260137295
55,T1510,2021-07-27,2021-07-27 16:00:00,2021-07-27 18:00:00,89.69,2.571486595411135,0.2871285539473829
56,T1510,2021-08-10,2021-08-10 16:00:00,2021-08-10 18:00:00,86.55799999999999,2.499598079988117,0.1965847352172421
57,T1510,2021-08-11,2021-08-11 16:00:00,2021-08-11 18:00:00,90.806,2.6289413918372464,0.1486616248513868
58,T1510,2021-08-12,2021-08-12 15:00:00,2021-08-12 17:00:00,93.362,2.692689166962888,0.2649126693972586
60,T1510,2021-08-24,2021-08-24 16:00:00,2021-08-24 18:00:00,88.55600000000001,2.5772846288702853,0.2003854244362614
61,T1510,2021-08-25,2021-08-25 16:00:00,2021-08-25 18:00:00,90.23,2.632988951278839,0.1471710056250927
62,T1510,2021-08-26,2021-08-26 15:00:00,2021-08-26 17:00:00,90.338,2.6473952415569126,0.053469044062017
63,T1510,2021-08-27,2021-08-27 14:00:00,2021-08-27 16:00:00,88.43,2.600994983218219,0.0813294542489962
0,T1533,2018-06-18,2018-06-18 15:00:00,2018-06-18 18:00:00,90.464,2.579085288249582,0.0393148741904263
1,T1533,2018-06-19,2018-06-19 15:00:00,2018-06-19 18:00:00,93.056,2.4776116873053087,0.2454523737869766
2,T1533,2018-06-29,2018-06-29 16:00:00,2018-06-29 18:00:00,90.842,2.6684213596295523,0.2730143515044537
3,T1533,2018-07-02,2018-07-02 16:00:00,2018-07-02 18:00:00,94.784,2.784502713569236,0.3357941100705853
4,T1533,2018-07-03,2018-07-03 16:00:00,2018-07-03 18:00:00,95.396,2.7399435225671462,0.3903725000061816
5,T1533,2018-07-05,2018-07-05 15:00:00,2018-07-05 17:00:00,90.68,2.6657746669439715,0.1721399338989395
6,T1533,2018-07-16,2018-07-16 16:00:00,2018-07-16 18:00:00,94.478,2.765042413304869,0.2945812542324221
7,T1533,2018-08-06,2018-08-06 14:00:00,2018-08-06 18:00:00,89.834,2.7277318022900854,0.3409190066546673
8,T1533,2018-08-27,2018-08-27 16:00:00,2018-08-27 18:00:00,90.122,2.8440878620497005,0.4043500129300401
9,T1533,2018-08-28,2018-08-28 15:00:00,2018-08-28 18:00:00,92.894,2.922707788241987,0.4498531076870692
10,T1533,2018-08-29,2018-08-29 15:00:00,2018-08-29 17:00:00,93.038,2.9791476184956647,0.371076513967532
11,T1533,2019-06-26,2019-06-26 16:00:00,2019-06-26 18:00:00,90.914,2.6797569505583705,0.6540879530846792
12,T1533,2019-06-27,2019-06-27 16:00:00,2019-06-27 18:00:00,91.184,2.686884539691987,0.6439790177823029
13,T1533,2019-06-28,2019-06-28 15:00:00,2019-06-28 17:00:00,91.364,2.704353719287182,0.6263881426102202
14,T1533,2019-07-02,2019-07-02 16:00:00,2019-07-02 18:00:00,92.804,2.786204851632962,0.5857820241161661
15,T1533,2019-07-03,2019-07-03 16:00:00,2019-07-03 18:00:00,91.706,2.743032582282518,0.6616963260980965
16,T1533,2019-07-10,2019-07-10 16:00:00,2019-07-10 18:00:00,87.314,2.6133195919639025,0.629590951073217
17,T1533,2019-07-15,2019-07-15 16:00:00,2019-07-15 18:00:00,89.852,2.7465183652023275,0.8339508197037488
18,T1533,2019-07-16,2019-07-16 16:00:00,2019-07-16 18:00:00,91.742,2.831349155165749,0.7888716805341991
19,T1533,2019-07-17,2019-07-17 16:00:00,2019-07-17 18:00:00,93.524,2.916030041096404,0.842557306057166
20,T1533,2019-07-18,2019-07-18 16:00:00,2019-07-18 18:00:00,91.328,2.8662684110808216,0.8629255900881351
21,T1533,2019-07-19,2019-07-19 16:00:00,2019-07-19 18:00:00,95.036,2.980601736509838,0.924869319146638
22,T1533,2019-07-29,2019-07-29 16:00:00,2019-07-29 18:00:00,92.804,2.881153259879486,0.8631198869053479
23,T1533,2019-08-19,2019-08-19 03:00:00,2019-08-19 05:00:00,96.188,2.954029815747106,0.066459601218781
24,T1533,2019-08-20,2019-08-20 16:00:00,2019-08-20 18:00:00,93.056,2.823370472040443,0.6545090031113219
25,T1533,2020-06-18,2020-06-18 16:30:00,2020-06-18 17:00:00,80.636,2.208016733451905,0.0431961558973101
26,T1533,2020-06-22,2020-06-22 16:00:00,2020-06-22 18:00:00,89.22200000000001,2.509766620682786,-0.0946166053537452
27,T1533,2020-06-23,2020-06-23 16:00:00,2020-06-23 18:00:00,87.89,2.461982031557252,-0.1995319524764859
28,T1533,2020-06-25,2020-06-25 14:00:00,2020-06-25 15:00:00,84.398,2.35753669402662,0.0264936020416405
29,T1533,2020-06-26,2020-06-26 16:00:00,2020-06-26 18:00:00,88.7,2.492322306315104,0.1138503182170583
30,T1533,2020-06-29,2020-06-29 16:00:00,2020-06-29 18:00:00,90.968,2.5991934500978475,0.1005420037349786
31,T1533,2020-07-01,2020-07-01 16:00:00,2020-07-01 18:00:00,87.638,2.491053957516214,0.0106245483729625
32,T1533,2020-07-02,2020-07-02 16:00:00,2020-07-02 18:00:00,91.274,2.6200446811870166,0.1208588781826788
33,T1533,2020-07-03,2020-07-03 16:00:00,2020-07-03 18:00:00,96.224,2.784065819071373,0.0761269422515119
34,T1533,2020-07-06,2020-07-06 15:00:00,2020-07-06 17:00:00,94.82,2.756756583903895,-0.0053715171739349
35,T1533,2020-07-07,2020-07-07 15:00:00,2020-07-07 17:00:00,89.528,2.570058660484637,0.0299938259179608
36,T1533,2020-07-08,2020-07-08 16:00:00,2020-07-08 18:00:00,90.842,2.611289819695815,0.0628957970325722
37,T1533,2020-07-09,2020-07-09 15:00:00,2020-07-09 17:00:00,89.672,2.5719663891984803,0.0371859605563342
38,T1533,2020-07-15,2020-07-15 16:00:00,2020-07-15 18:00:00,89.94200000000001,2.564578934046152,-0.1527741324741879
39,T1533,2020-07-20,2020-07-20 15:00:00,2020-07-20 17:00:00,98.42,2.8710985017935644,-0.1293015384962624
40,T1533,2020-07-21,2020-07-21 16:00:00,2020-07-21 18:00:00,96.71,2.8218387601708845,0.0032261367343866
41,T1533,2020-07-22,2020-07-22 16:00:00,2020-07-22 18:00:00,93.308,2.7077127336446063,0.0312212925121508
42,T1533,2020-07-27,2020-07-27 15:00:00,2020-07-27 17:00:00,95.306,2.7718646278740664,0.2692849431449391
43,T1533,2020-07-28,2020-07-28 16:00:00,2020-07-28 18:00:00,93.146,2.694596955556028,0.2204889419456403
44,T1533,2020-07-29,2020-07-29 16:00:00,2020-07-29 18:00:00,92.93,2.689239243337892,0.3340396207876844
45,T1533,2020-08-10,2020-08-10 16:00:00,2020-08-10 18:00:00,92.57,2.666545715702741,0.2000652546277322
46,T1533,2020-08-25,2020-08-25 16:00:00,2020-08-25 18:00:00,94.856,2.693940345675503,0.3994353122981182
47,T1533,2020-08-27,2020-08-27 16:00:00,2020-08-27 18:00:00,92.714,2.63525189505589,0.2958754657091308
48,T1533,2021-05-25,2021-05-25 13:00:00,2021-05-25 13:30:00,78.584,1.824740626566041,-0.1408441381997984
49,T1533,2021-06-28,2021-06-28 16:00:00,2021-06-28 18:00:00,92.066,2.350506106689334,-0.0114373599976003
50,T1533,2021-06-29,2021-06-29 16:00:00,2021-06-29 18:00:00,92.93,2.3776807354506366,-0.08881770197438
51,T1533,2021-06-30,2021-06-30 15:00:00,2021-06-30 17:00:00,94.604,2.4381593137628816,-0.0740664994894304
52,T1533,2021-07-06,2021-07-06 16:00:00,2021-07-06 18:00:00,93.794,2.431384007514258,0.522838776491022
53,T1533,2021-07-07,2021-07-07 16:00:00,2021-07-07 18:00:00,93.56,2.425054968622706,0.4101231965959501
54,T1533,2021-07-13,2021-07-13 16:00:00,2021-07-13 18:00:00,93.344,2.5163752170494846,0.571935449268093
55,T1533,2021-07-16,2021-07-16 15:00:00,2021-07-16 17:00:00,93.758,2.549414595990956,0.6595029487814562
56,T1533,2021-07-26,2021-07-26 16:00:00,2021-07-26 18:00:00,94.766,2.629000961577553,0.6941222928977874
57,T1533,2021-07-27,2021-07-27 16:00:00,2021-07-27 18:00:00,94.874,2.654366238014768,0.7706221395101492
58,T1533,2021-08-10,2021-08-10 16:00:00,2021-08-10 18:00:00,93.2,2.6224783672361904,0.5961211513864492
59,T1533,2021-08-11,2021-08-11 16:00:00,2021-08-11 18:00:00,96.098,2.729637882197684,0.6432522811587648
60,T1533,2021-08-12,2021-08-12 16:00:00,2021-08-12 18:00:00,95.702,2.7170514465088944,0.7546341246250617
61,T1533,2021-08-13,2021-08-13 15:00:00,2021-08-13 17:00:00,96.53,2.761453594633233,0.786104329617789
62,T1533,2021-08-23,2021-08-23 16:30:00,2021-08-23 17:00:00,93.362,2.771485536107828,0.7179116138175334
63,T1533,2021-08-24,2021-08-24 16:00:00,2021-08-24 18:00:00,92.984,2.6735714933691432,0.8025057025054729
64,T1533,2021-08-25,2021-08-25 15:00:00,2021-08-25 17:00:00,93.434,2.691724121910494,0.8401302787843856
65,T1533,2021-08-26,2021-08-26 16:00:00,2021-08-26 18:00:00,92.75,2.672935486246958,0.4707831085329893
66,T1533,2021-08-27,2021-08-27 15:00:00,2021-08-27 17:00:00,92.48,2.6649723667270626,0.5833287003933246
67,T1533,2021-09-14,2021-09-14 16:00:00,2021-09-14 18:00:00,88.55600000000001,2.5638552357240445,0.7901159657186807
0,T1534,2018-06-18,2018-06-18 15:00:00,2018-06-18 18:00:00,92.912,2.2682368377455258,-0.0003568153718927
1,T1534,2018-06-19,2018-06-19 15:00:00,2018-06-19 18:00:00,91.076,2.229887279680889,0.0536162695736367
2,T1534,2018-06-26,2018-06-26 14:00:00,2018-06-26 15:00:00,78.548,1.9877686096135347,0.1794588433010433
3,T1534,2018-06-29,2018-06-29 16:00:00,2018-06-29 18:00:00,90.878,2.244789391100658,-0.0087441827981474
4,T1534,2018-07-02,2018-07-02 16:00:00,2018-07-02 18:00:00,87.872,2.183387858013911,0.1549219754022156
5,T1534,2018-07-03,2018-07-03 16:00:00,2018-07-03 18:00:00,88.55600000000001,2.232590866621642,0.0983291294135544
6,T1534,2018-07-05,2018-07-05 15:00:00,2018-07-05 17:00:00,92.336,2.314198051911037,0.1587099746450401
7,T1534,2018-07-16,2018-07-16 16:00:00,2018-07-16 18:00:00,87.72800000000001,2.233143766274345,-0.0080396648291014
8,T1534,2018-08-06,2018-08-06 14:00:00,2018-08-06 18:00:00,88.55600000000001,2.386537147729438,0.26205113926612
9,T1534,2018-08-27,2018-08-27 16:00:00,2018-08-27 18:00:00,90.23,2.455484936404952,0.2770001457503226
10,T1534,2018-08-28,2018-08-28 15:00:00,2018-08-28 18:00:00,91.058,2.4950110194169275,0.3151743752533466
11,T1534,2018-08-29,2018-08-29 15:00:00,2018-08-29 17:00:00,87.404,2.3549443839816315,0.168892264591006
12,T1534,2019-06-26,2019-06-26 16:00:00,2019-06-26 18:00:00,89.096,2.149162265170667,0.2305987583349772
13,T1534,2019-06-27,2019-06-27 16:00:00,2019-06-27 18:00:00,88.862,2.156738261074302,0.2237782822651771
14,T1534,2019-06-28,2019-06-28 15:00:00,2019-06-28 17:00:00,90.32,2.186436165016551,0.2102625182397706
15,T1534,2019-07-02,2019-07-02 16:00:00,2019-07-02 18:00:00,90.878,2.2457806819710795,0.2022458869584533
16,T1534,2019-07-03,2019-07-03 16:00:00,2019-07-03 18:00:00,88.412,2.187131190024459,0.2286990540152002
17,T1534,2019-07-10,2019-07-10 16:00:00,2019-07-10 18:00:00,90.554,2.293409003291064,0.3404765623279146
18,T1534,2019-07-15,2019-07-15 16:00:00,2019-07-15 18:00:00,89.762,2.325688552492508,0.2381444601440426
19,T1534,2019-07-16,2019-07-16 16:00:00,2019-07-16 18:00:00,89.006,2.306877881585334,0.3540300179585812
20,T1534,2019-07-17,2019-07-17 16:00:00,2019-07-17 18:00:00,87.098,2.194453021711851,0.3753296973656888
21,T1534,2019-07-18,2019-07-18 16:00:00,2019-07-18 18:00:00,88.988,2.300486274392305,0.3014722016892281
22,T1534,2019-07-19,2019-07-19 16:00:00,2019-07-19 18:00:00,91.256,2.342570435195584,0.3465178441242955
23,T1534,2019-07-29,2019-07-29 16:00:00,2019-07-29 18:00:00,88.46600000000001,2.3222645454094706,0.3840253003548717
24,T1534,2019-08-19,2019-08-19 03:00:00,2019-08-19 05:00:00,91.814,2.440455337381088,0.0874800001192725
25,T1534,2019-08-20,2019-08-20 16:00:00,2019-08-20 18:00:00,89.54599999999999,2.3982825596031487,0.4890075576271462
26,T1534,2020-06-18,2020-06-18 16:30:00,2020-06-18 17:00:00,81.446,1.9253623441397232,0.1839973697432665
27,T1534,2020-06-22,2020-06-22 16:00:00,2020-06-22 18:00:00,84.344,2.0146070224645967,0.2131765503977031
28,T1534,2020-06-23,2020-06-23 16:00:00,2020-06-23 18:00:00,78.62,1.875825881125464,0.1790138732253893
29,T1534,2020-06-26,2020-06-26 16:00:00,2020-06-26 18:00:00,83.30000000000001,1.9953241247328284,0.1043282789824623
30,T1534,2020-06-29,2020-06-29 16:00:00,2020-06-29 18:00:00,87.458,2.110614466587945,0.2614730647628711
31,T1534,2020-07-01,2020-07-01 16:00:00,2020-07-01 18:00:00,87.098,2.1117937274666936,0.2093114948656398
32,T1534,2020-07-02,2020-07-02 16:00:00,2020-07-02 18:00:00,87.782,2.128624435990262,0.2168386573180316
33,T1534,2020-07-03,2020-07-03 16:00:00,2020-07-03 18:00:00,89.762,2.175353173319672,0.304774852560211
34,T1534,2020-07-06,2020-07-06 15:00:00,2020-07-06 17:00:00,90.428,2.215616482925937,0.30278043847475
35,T1534,2020-07-07,2020-07-07 15:00:00,2020-07-07 17:00:00,89.78,2.20011690949004,0.2520013166928995
36,T1534,2020-07-08,2020-07-08 16:00:00,2020-07-08 18:00:00,90.608,2.219921919991464,0.2555774428344844
37,T1534,2020-07-09,2020-07-09 15:00:00,2020-07-09 17:00:00,89.528,2.194089297598303,0.3094703715801944
38,T1534,2020-07-15,2020-07-15 16:00:00,2020-07-15 18:00:00,89.312,2.219877150181982,0.28011799852244
39,T1534,2020-07-20,2020-07-20 15:00:00,2020-07-20 17:00:00,88.97,2.24439801322826,0.3047460360327699
40,T1534,2020-07-21,2020-07-21 16:00:00,2020-07-21 18:00:00,89.94200000000001,2.247891043985513,0.3023772105421284
41,T1534,2020-07-22,2020-07-22 16:00:00,2020-07-22 18:00:00,83.462,2.048424790370242,0.371575794852199
42,T1534,2020-07-27,2020-07-27 15:00:00,2020-07-27 17:00:00,89.132,2.2772223241849683,0.3498127426224168
43,T1534,2020-07-28,2020-07-28 16:00:00,2020-07-28 18:00:00,85.874,2.18417450290761,0.4156399044714697
44,T1534,2020-07-29,2020-07-29 16:00:00,2020-07-29 18:00:00,88.77199999999999,2.260346587801896,0.467542347365687
45,T1534,2020-08-04,2020-08-04 14:00:00,2020-08-04 15:00:00,77.864,1.983017147406104,0.2933882938600498
46,T1534,2020-08-10,2020-08-10 16:00:00,2020-08-10 18:00:00,85.658,2.188007573046653,0.4250309631895619
47,T1534,2020-08-25,2020-08-25 16:00:00,2020-08-25 18:00:00,90.284,2.3565748317842803,0.5056248814624736
48,T1534,2020-08-27,2020-08-27 16:00:00,2020-08-27 18:00:00,84.074,2.1924633274009304,0.3408842076988641
49,T1534,2021-06-24,2021-06-24 14:00:00,2021-06-24 15:00:00,84.416,2.0857744182423,0.3362866724199199
50,T1534,2021-05-25,2021-05-25 13:00:00,2021-05-25 13:30:00,86.594,1.905461891208288,-0.1761672022213968
51,T1534,2021-05-26,2021-05-26 13:00:00,2021-05-26 13:30:00,77.21600000000001,1.784795861206543,-0.0597014726054999
52,T1534,2021-06-28,2021-06-28 16:00:00,2021-06-28 18:00:00,88.898,2.171908156109,0.3167985947064412
53,T1534,2021-06-29,2021-06-29 16:00:00,2021-06-29 18:00:00,91.148,2.2490356484540883,0.3492051089457192
54,T1534,2021-06-30,2021-06-30 15:00:00,2021-06-30 17:00:00,84.11,2.097303072318593,0.2930582965105598
55,T1534,2021-07-06,2021-07-06 16:00:00,2021-07-06 18:00:00,89.78,2.23219515763091,0.2843474566603862
56,T1534,2021-07-26,2021-07-26 16:00:00,2021-07-26 18:00:00,88.43,2.313370333388488,0.2660793807948342
57,T1534,2021-07-27,2021-07-27 16:00:00,2021-07-27 18:00:00,88.196,2.304996508792076,0.2672589047296437
58,T1534,2021-08-10,2021-08-10 16:00:00,2021-08-10 18:00:00,87.80000000000001,2.324712569844088,0.3543668495767022
59,T1534,2021-08-11,2021-08-11 16:00:00,2021-08-11 18:00:00,90.95,2.416184705905468,0.3621203673129226
60,T1534,2021-08-12,2021-08-12 16:00:00,2021-08-12 18:00:00,92.75,2.489931496986628,0.3150008657973749
61,T1534,2021-08-13,2021-08-13 16:00:00,2021-08-13 17:00:00,88.44800000000001,2.3662519693383373,0.2055046562829962
62,T1534,2021-08-24,2021-08-24 16:00:00,2021-08-24 18:00:00,92.354,2.470163682103286,0.5223849240443734
63,T1534,2021-08-25,2021-08-25 16:00:00,2021-08-25 18:00:00,87.278,2.312536555373024,0.4436779479303386
64,T1534,2021-08-26,2021-08-26 16:00:00,2021-08-26 18:00:00,90.014,2.411816155704532,0.4792502131093
65,T1534,2021-08-27,2021-08-27 15:00:00,2021-08-27 17:00:00,90.608,2.4202077994256603,0.4583486509089889
2,T1535,2018-06-06,2018-06-06 15:00:00,2018-06-06 18:00:00,87.602,3.1179950707246378,0.0651545602030899
3,T1535,2018-06-07,2018-06-07 15:00:00,2018-06-07 18:00:00,89.006,3.175932233130041,0.1130340192702587
4,T1535,2018-06-22,2018-06-22 15:00:00,2018-06-22 18:00:00,86.55799999999999,3.103471152724856,0.0901130569322643
5,T1535,2018-06-27,2018-06-27 15:00:00,2018-06-27 18:00:00,89.096,3.1969230635328985,0.1074508568405223
6,T1535,2018-06-28,2018-06-28 15:30:00,2018-06-28 17:30:00,88.44800000000001,3.173969750516166,0.1374434518874068
7,T1535,2018-07-02,2018-07-02 16:00:00,2018-07-02 18:00:00,88.016,3.1698280647932053,0.2400300146505331
8,T1535,2018-07-03,2018-07-03 16:00:00,2018-07-03 18:00:00,89.384,3.2060876034418886,0.2979929882442332
9,T1535,2018-07-19,2018-07-19 16:00:00,2018-07-19 18:00:00,89.708,3.24753811299309,0.1756917904479563
11,T1535,2018-07-23,2018-07-23 15:30:00,2018-07-23 17:30:00,91.4,3.345284729501788,0.1454607477123993
12,T1535,2018-08-06,2018-08-06 15:30:00,2018-08-06 17:30:00,89.132,3.169240552908608,-0.023079314215635
14,T1535,2018-08-08,2018-08-08 15:30:00,2018-08-08 17:30:00,89.42,3.190447432551102,0.3026809530279862
15,T1535,2018-08-16,2018-08-16 15:30:00,2018-08-16 17:30:00,89.348,3.154289353347492,0.0438288889811216
16,T1535,2018-08-17,2018-08-17 15:30:00,2018-08-17 17:30:00,89.42,3.1454642316980888,0.115827497589129
17,T1535,2018-08-22,2018-08-22 15:30:00,2018-08-22 17:30:00,91.778,3.242185109989725,0.1141859428489508
18,T1535,2018-08-23,2018-08-23 15:30:00,2018-08-23 17:30:00,89.366,3.152509426424845,0.1410884732892888
19,T1535,2018-08-24,2018-08-24 15:30:00,2018-08-24 17:30:00,89.348,3.157917005333279,0.0617440498290593
20,T1535,2018-09-18,2018-09-18 15:30:00,2018-09-18 17:30:00,90.752,3.208565902329996,0.2747613866988667
21,T1535,2018-09-19,2018-09-19 15:30:00,2018-09-19 17:30:00,87.74600000000001,3.082507025615076,0.2600638495665526
23,T1535,2019-06-19,2019-06-19 16:00:00,2019-06-19 17:30:00,90.698,3.154681167075746,0.2312829344878633
24,T1535,2019-06-20,2019-06-20 16:00:00,2019-06-20 18:00:00,90.914,3.165977925628724,0.2404166908523394
25,T1535,2019-07-09,2019-07-09 16:00:00,2019-07-09 17:30:00,90.824,3.154932629212905,0.1194152884832426
26,T1535,2019-07-10,2019-07-10 15:00:00,2019-07-10 17:00:00,90.968,3.203646256207956,0.1007879164092694
27,T1535,2019-07-30,2019-07-30 15:30:00,2019-07-30 17:30:00,89.582,3.027789271140355,0.1396576836462376
28,T1535,2019-07-31,2019-07-31 16:00:00,2019-07-31 18:00:00,87.71000000000001,3.047348107974222,0.1778851921428044
29,T1535,2019-08-01,2019-08-01 15:00:00,2019-08-01 17:00:00,88.25,3.08759882178962,0.1929110378617509
31,T1535,2019-08-08,2019-08-08 15:00:00,2019-08-08 17:00:00,92.534,3.1748262251162163,0.2247452687457993
32,T1535,2019-08-12,2019-08-12 15:00:00,2019-08-12 17:00:00,91.958,3.192957388440637,0.1712135458929481
33,T1535,2019-08-15,2019-08-15 15:30:00,2019-08-15 17:30:00,90.86,3.2006731327107194,0.3406629315862708
34,T1535,2019-09-05,2019-09-05 15:00:00,2019-09-05 17:00:00,91.508,3.12627167705831,-0.1281447888732631
35,T1535,2019-09-06,2019-09-06 15:00:00,2019-09-06 17:00:00,92.40800000000002,3.129893811543138,-0.0168231812570807
37,T1535,2020-07-01,2020-07-01 16:00:00,2020-07-01 18:00:00,87.926,2.706462410771339,0.5703126392441823
38,T1535,2020-07-02,2020-07-02 16:00:00,2020-07-02 18:00:00,87.602,2.730302417572936,0.5366747907620225
39,T1535,2020-07-08,2020-07-08 16:00:00,2020-07-08 18:00:00,88.78999999999999,2.7344219399908627,0.738025982804994
40,T1535,2020-07-09,2020-07-09 16:00:00,2020-07-09 18:00:00,88.88,2.731735516312942,0.5784835298311904
41,T1535,2020-07-10,2020-07-10 16:00:00,2020-07-10 17:00:00,88.574,2.7612861767700667,0.8210026524723336
42,T1535,2020-07-13,2020-07-13 16:00:00,2020-07-13 18:00:00,88.88,2.706639584254288,0.8189742065233316
43,T1535,2020-07-16,2020-07-16 14:00:00,2020-07-16 17:00:00,88.664,2.728065624507748,0.764746701559722
44,T1535,2020-08-06,2020-08-06 16:00:00,2020-08-06 18:00:00,88.53800000000001,2.638151267677567,0.7382212954452778
45,T1535,2020-08-11,2020-08-11 16:00:00,2020-08-11 18:00:00,89.654,2.675793458994213,0.7217893126257064
46,T1535,2020-08-12,2020-08-12 15:00:00,2020-08-12 17:00:00,90.21200000000002,2.672787038691449,0.726320146624654
47,T1535,2020-08-14,2020-08-14 15:00:00,2020-08-14 17:00:00,90.374,2.694763012116552,0.6623884328339948
48,T1535,2020-08-20,2020-08-20 14:00:00,2020-08-20 17:00:00,88.124,2.614969046034488,0.6700873733668996
49,T1535,2020-09-01,2020-09-01 15:00:00,2020-09-01 17:00:00,90.464,2.7679163377304654,0.7860314278588202
50,T1535,2021-06-16,2021-06-16 14:00:00,2021-06-16 17:00:00,89.15,3.0267367842567627,1.1894702218458642
51,T1535,2021-07-29,2021-07-29 14:00:00,2021-07-29 17:00:00,89.006,3.0279736638640906,1.445475123508421
52,T1535,2021-06-09,2021-06-09 16:00:00,2021-06-09 18:00:00,85.892,2.8576257886945484,1.268422579976036
53,T1535,2021-06-10,2021-06-10 16:00:00,2021-06-10 18:00:00,86.18,2.896312762582585,1.3484216658924215
54,T1535,2021-06-14,2021-06-14 16:00:00,2021-06-14 18:00:00,90.806,3.106438587841423,1.246636446254216
55,T1535,2021-06-15,2021-06-15 15:00:00,2021-06-15 17:00:00,89.024,3.025263069242848,1.2734041289478089
56,T1535,2021-06-24,2021-06-24 14:30:00,2021-06-24 16:30:00,88.016,2.9979330378436315,1.1574101106845265
57,T1535,2021-06-25,2021-06-25 15:30:00,2021-06-25 17:30:00,87.76400000000001,2.9815069607288254,1.106759320940868
59,T1535,2021-07-26,2021-07-26 16:00:00,2021-07-26 18:00:00,90.03200000000001,3.094094455599208,1.4649202556913938
60,T1535,2021-07-27,2021-07-27 16:00:00,2021-07-27 18:00:00,89.006,3.0367761802220654,1.559380889633243
61,T1535,2021-07-30,2021-07-30 15:00:00,2021-07-30 17:00:00,89.726,3.064506166870824,1.5474851543059858
62,T1535,2021-08-09,2021-08-09 15:30:00,2021-08-09 17:30:00,89.366,2.9246441236163894,1.2585781459111816
63,T1535,2021-08-10,2021-08-10 15:30:00,2021-08-10 17:30:00,89.042,2.912315744595497,1.298873036966499
64,T1535,2021-08-11,2021-08-11 15:30:00,2021-08-11 17:00:00,89.20400000000001,2.920117159733839,1.1306226631732168
0,T1545,2018-06-18,2018-06-18 15:00:00,2018-06-18 18:00:00,93.272,2.229734400697793,-0.0535464855774317
1,T1545,2018-06-19,2018-06-19 15:00:00,2018-06-19 18:00:00,91.562,2.2108992964533205,-0.0810251288554671
2,T1545,2018-06-26,2018-06-26 14:00:00,2018-06-26 15:00:00,77.054,1.9768561122810624,0.0380328795629915
3,T1545,2018-06-29,2018-06-29 16:00:00,2018-06-29 18:00:00,89.798,2.2259667940173653,0.0206365202307187
4,T1545,2018-07-02,2018-07-02 16:00:00,2018-07-02 18:00:00,88.07,2.196238244129291,0.1014703003027071
5,T1545,2018-07-03,2018-07-03 16:00:00,2018-07-03 18:00:00,87.81800000000001,2.192588381025479,0.0443363731803726
6,T1545,2018-07-05,2018-07-05 15:00:00,2018-07-05 17:00:00,91.472,2.267062968643745,0.1044132318100823
7,T1545,2018-07-16,2018-07-16 16:00:00,2018-07-16 18:00:00,86.144,2.165712100910983,0.0970912974550175
8,T1545,2018-08-06,2018-08-06 14:00:00,2018-08-06 18:00:00,87.782,2.2552970770030627,0.2583222836218153
9,T1545,2018-08-27,2018-08-27 16:00:00,2018-08-27 18:00:00,89.564,2.331069469403233,0.1349339025825112
10,T1545,2018-08-28,2018-08-28 15:00:00,2018-08-28 18:00:00,90.644,2.353958868127345,0.1910552911625739
11,T1545,2018-08-29,2018-08-29 15:00:00,2018-08-29 17:00:00,87.512,2.268909043456377,0.1819268077483439
12,T1545,2019-06-26,2019-06-26 16:00:00,2019-06-26 18:00:00,88.68199999999999,2.17594631725468,0.2243068346282913
13,T1545,2019-06-27,2019-06-27 16:00:00,2019-06-27 18:00:00,88.48400000000001,2.171937206832378,0.255590945737738
14,T1545,2019-06-28,2019-06-28 15:00:00,2019-06-28 17:00:00,89.906,2.1947829673725314,0.2235158134900377
15,T1545,2019-07-02,2019-07-02 16:00:00,2019-07-02 18:00:00,89.834,2.229296831585082,0.1966455815399389
16,T1545,2019-07-03,2019-07-03 16:00:00,2019-07-03 18:00:00,86.144,2.147774709212658,0.1756165066098541
17,T1545,2019-07-10,2019-07-10 16:00:00,2019-07-10 18:00:00,90.554,2.325106961124067,0.2941984512584684
18,T1545,2019-07-15,2019-07-15 16:00:00,2019-07-15 18:00:00,89.132,2.31301704575942,0.165147744177453
19,T1545,2019-07-16,2019-07-16 16:00:00,2019-07-16 18:00:00,88.178,2.286907941888184,0.3107738372547966
20,T1545,2019-07-17,2019-07-17 16:00:00,2019-07-17 18:00:00,86.324,2.22119046569007,0.2783098497472767
21,T1545,2019-07-18,2019-07-18 16:00:00,2019-07-18 18:00:00,87.81800000000001,2.277055449861302,0.2832737121269171
22,T1545,2019-07-19,2019-07-19 16:00:00,2019-07-19 18:00:00,91.202,2.359202587555848,0.2971546330274189
23,T1545,2019-07-29,2019-07-29 16:00:00,2019-07-29 18:00:00,88.268,2.324356038719209,0.3055313364247175
24,T1545,2019-08-19,2019-08-19 03:00:00,2019-08-19 05:00:00,92.156,2.5010451634902364,0.0430492690092325
25,T1545,2019-08-20,2019-08-20 16:00:00,2019-08-20 18:00:00,88.78999999999999,2.383530612466033,0.2907490738720144
26,T1545,2020-06-18,2020-06-18 16:30:00,2020-06-18 17:00:00,80.87,1.8391505138247148,0.0648567888136431
27,T1545,2020-06-22,2020-06-22 16:00:00,2020-06-22 18:00:00,83.48,1.923956299945152,0.1994909100018382
28,T1545,2020-06-23,2020-06-23 16:00:00,2020-06-23 18:00:00,78.926,1.8276500564514948,0.3419852090842807
29,T1545,2020-06-26,2020-06-26 16:00:00,2020-06-26 18:00:00,84.28999999999999,1.9288735861917108,0.3521538376471606
30,T1545,2020-06-29,2020-06-29 16:00:00,2020-06-29 18:00:00,87.25999999999999,1.9965538372831368,0.4054448288691052
31,T1545,2020-07-01,2020-07-01 16:00:00,2020-07-01 18:00:00,87.548,2.012468689368761,0.2929676413549765
32,T1545,2020-07-02,2020-07-02 16:00:00,2020-07-02 18:00:00,88.55600000000001,2.034109294201424,0.3837300317624074
33,T1545,2020-07-03,2020-07-03 16:00:00,2020-07-03 18:00:00,90.608,2.078761401910448,0.3868831509583244
34,T1545,2020-07-06,2020-07-06 15:00:00,2020-07-06 17:00:00,90.95,2.090137577006016,0.3921603824612892
35,T1545,2020-07-07,2020-07-07 15:00:00,2020-07-07 17:00:00,90.5,2.080342540047409,0.4379539315722789
36,T1545,2020-07-08,2020-07-08 16:00:00,2020-07-08 18:00:00,91.22,2.09405559178946,0.4183109887791198
37,T1545,2020-07-09,2020-07-09 15:00:00,2020-07-09 17:00:00,90.194,2.0736819149155554,0.3985174148032958
38,T1545,2020-07-15,2020-07-15 16:00:00,2020-07-15 18:00:00,90.14,2.080634263449308,0.3732196911803476
39,T1545,2020-07-20,2020-07-20 15:00:00,2020-07-20 17:00:00,89.96000000000001,2.0986882048290547,0.4159986885899544
40,T1545,2020-07-21,2020-07-21 16:00:00,2020-07-21 18:00:00,90.824,2.117821739553325,0.3614896268186878
41,T1545,2020-07-22,2020-07-22 16:00:00,2020-07-22 18:00:00,85.622,1.9913048805213824,0.4457857003649155
42,T1545,2020-07-27,2020-07-27 15:00:00,2020-07-27 17:00:00,89.906,2.108722028985695,0.3631760306085907
43,T1545,2020-07-28,2020-07-28 16:00:00,2020-07-28 18:00:00,87.224,2.04689289507268,0.3546527752158293
44,T1545,2020-07-29,2020-07-29 16:00:00,2020-07-29 18:00:00,90.122,2.114042941700811,0.3977676556789246
45,T1545,2020-08-04,2020-08-04 14:00:00,2020-08-04 15:00:00,78.638,1.857936489620748,0.3712436702899571
46,T1545,2020-08-10,2020-08-10 16:00:00,2020-08-10 18:00:00,86.21600000000001,2.043728250152446,0.4076654679572839
47,T1545,2020-08-25,2020-08-25 16:00:00,2020-08-25 18:00:00,91.004,2.158595773137743,0.4264976140998694
48,T1545,2020-08-27,2020-08-27 16:00:00,2020-08-27 18:00:00,85.532,2.0407688569908022,0.4116539160417443
49,T1545,2021-06-24,2021-06-24 14:00:00,2021-06-24 15:00:00,85.262,1.9877406398504367,0.3388993901498629
50,T1545,2021-05-25,2021-05-25 13:00:00,2021-05-25 13:30:00,87.494,1.802970963300596,-0.227620723654135
51,T1545,2021-05-26,2021-05-26 13:00:00,2021-05-26 13:30:00,77.702,1.696356099036156,-0.1343180877490782
52,T1545,2021-06-28,2021-06-28 16:00:00,2021-06-28 18:00:00,89.6,2.089551641273823,0.32866254452386
53,T1545,2021-06-29,2021-06-29 16:00:00,2021-06-29 18:00:00,91.706,2.141058119564875,0.3240249046014284
54,T1545,2021-06-30,2021-06-30 15:00:00,2021-06-30 17:00:00,85.55000000000001,2.006097758701196,0.2505387791031628
55,T1545,2021-07-06,2021-07-06 16:00:00,2021-07-06 18:00:00,90.482,2.1348418466880235,0.2003462961462348
56,T1545,2021-07-26,2021-07-26 16:00:00,2021-07-26 18:00:00,89.474,2.242567118360711,0.3653445647028887
57,T1545,2021-07-27,2021-07-27 16:00:00,2021-07-27 18:00:00,89.348,2.236594668649073,0.3694385315253857
58,T1545,2021-08-10,2021-08-10 16:00:00,2021-08-10 18:00:00,88.916,2.2619314656116747,0.4111814962819583
59,T1545,2021-08-11,2021-08-11 16:00:00,2021-08-11 18:00:00,91.742,2.3475573200573336,0.4052940451622979
60,T1545,2021-08-12,2021-08-12 16:00:00,2021-08-12 18:00:00,93.704,2.4079229832941724,0.3651789997135583
61,T1545,2021-08-13,2021-08-13 16:00:00,2021-08-13 17:00:00,89.456,2.3334353781079025,0.2392636399128868
62,T1545,2021-08-24,2021-08-24 16:00:00,2021-08-24 18:00:00,93.038,2.38779872254018,0.4286017975799422
63,T1545,2021-08-25,2021-08-25 16:00:00,2021-08-25 18:00:00,88.78999999999999,2.262981470714723,0.3915463321765376
64,T1545,2021-08-26,2021-08-26 16:00:00,2021-08-26 18:00:00,90.734,2.3401287433153097,0.4674004012383117
65,T1545,2021-08-27,2021-08-27 15:00:00,2021-08-27 17:00:00,91.202,2.352080408577613,0.4320245029001667
0,T1799,2018-06-18,2018-06-18 14:00:00,2018-06-18 17:00:00,90.068,2.401395574284597,-0.585174707885811
1,T1799,2018-06-19,2018-06-19 14:00:00,2018-06-19 17:00:00,74.49799999999999,2.0875893627136057,-0.3883121859497938
2,T1799,2018-06-29,2018-06-29 16:00:00,2018-06-29 18:00:00,91.238,2.4803365084910585,-0.6610119564549253
3,T1799,2018-07-02,2018-07-02 15:00:00,2018-07-02 17:00:00,83.35400000000001,2.349227130295372,-0.1652473072376269
4,T1799,2018-07-03,2018-07-03 15:00:00,2018-07-03 17:00:00,88.934,2.4688500479236604,-0.3305431484605147
5,T1799,2018-07-05,2018-07-05 14:00:00,2018-07-05 16:00:00,88.088,2.459615998141828,-0.4400466645515696
6,T1799,2018-07-16,2018-07-16 15:00:00,2018-07-16 17:00:00,85.298,2.51083529240904,-0.233391671367361
7,T1799,2018-08-06,2018-08-06 13:00:00,2018-08-06 17:00:00,78.458,2.2906948652955057,0.0453821907194817
8,T1799,2018-08-22,2018-08-22 14:00:00,2018-08-22 16:00:00,77.53999999999999,2.361638979318011,0.4755522710403037
9,T1799,2018-08-27,2018-08-27 15:00:00,2018-08-27 17:00:00,87.152,2.7428237209595814,-0.0232101945809438
10,T1799,2018-08-28,2018-08-28 14:00:00,2018-08-28 17:00:00,84.542,2.681717006191154,-0.0534027400912281
11,T1799,2018-08-29,2018-08-29 14:00:00,2018-08-29 16:00:00,73.004,2.193268384015046,0.2162311261486155
12,T1799,2019-06-26,2019-06-26 15:00:00,2019-06-26 17:00:00,89.258,2.172657188522857,-0.1631199620945652
13,T1799,2019-06-27,2019-06-27 15:00:00,2019-06-27 17:00:00,89.852,2.248895495939893,-0.2657785558052052
14,T1799,2019-06-28,2019-06-28 14:00:00,2019-06-28 16:00:00,86.45,2.1425333657828625,-0.4477549209180519
15,T1799,2019-07-02,2019-07-02 15:00:00,2019-07-02 17:00:00,90.878,2.3460388103134613,-0.4536526723953786
16,T1799,2019-07-03,2019-07-03 15:00:00,2019-07-03 17:00:00,86.504,2.254310211621803,-0.4947835471966617
17,T1799,2019-07-10,2019-07-10 15:00:00,2019-07-10 17:00:00,90.392,2.395062552797393,-0.2803791044447206
18,T1799,2019-07-15,2019-07-15 15:00:00,2019-07-15 17:00:00,89.672,2.45747739657761,-0.1662082932194591
19,T1799,2019-07-16,2019-07-16 15:00:00,2019-07-16 17:00:00,86.52199999999999,2.3402994745915806,-0.3730336672689944
20,T1799,2019-07-17,2019-07-17 15:00:00,2019-07-17 17:00:00,91.598,2.5072640506582404,-0.3594155175137744
21,T1799,2019-07-18,2019-07-18 15:00:00,2019-07-18 17:00:00,86.21600000000001,2.32356463281163,-0.3260528446426823
22,T1799,2019-07-19,2019-07-19 15:00:00,2019-07-19 17:00:00,92.534,2.530379282909962,-0.5844567284743015
23,T1799,2019-07-29,2019-07-29 15:00:00,2019-07-29 17:00:00,85.172,2.3825807619355133,-0.0747787258519407
24,T1799,2019-08-13,2019-08-13 14:00:00,2019-08-13 16:00:00,84.11,2.47188060455634,0.0964602649169061
25,T1799,2019-08-19,2019-08-19 02:00:00,2019-08-19 04:00:00,82.688,2.416038899173352,-0.0287145385533518
26,T1799,2019-08-20,2019-08-20 15:00:00,2019-08-20 17:00:00,78.476,2.2370837848326306,0.0791007246651159
27,T1799,2020-06-18,2020-06-18 16:30:00,2020-06-18 17:00:00,87.332,2.180198289242801,-0.2140828058643644
28,T1799,2020-06-22,2020-06-22 15:00:00,2020-06-22 17:00:00,77.018,1.9994468121172424,0.2462625227794467
29,T1799,2020-06-23,2020-06-23 15:00:00,2020-06-23 17:00:00,73.75999999999999,1.931816923111724,0.3271293460887604
30,T1799,2020-06-26,2020-06-26 15:00:00,2020-06-26 17:00:00,77.468,2.004330834891896,0.1881285871477137
31,T1799,2020-06-29,2020-06-29 15:00:00,2020-06-29 17:00:00,87.782,2.177525575765389,0.1622431773235295
32,T1799,2020-07-01,2020-07-01 15:00:00,2020-07-01 17:00:00,87.134,2.218435908628642,0.09079459813864
33,T1799,2020-07-02,2020-07-02 15:00:00,2020-07-02 17:00:00,87.872,2.2345397949810124,0.0610441154244358
34,T1799,2020-07-03,2020-07-03 15:00:00,2020-07-03 17:00:00,88.286,2.2435736824469767,-0.0837167036460163
36,T1799,2020-07-07,2020-07-07 14:00:00,2020-07-07 16:00:00,90.374,2.2976600210327045,-0.0834534794435342
37,T1799,2020-07-08,2020-07-08 15:00:00,2020-07-08 17:00:00,90.248,2.2948655050762548,0.259849429844886
38,T1799,2020-07-09,2020-07-09 14:00:00,2020-07-09 16:00:00,89.348,2.2749046768158974,-0.0894813396306038
39,T1799,2020-07-15,2020-07-15 15:00:00,2020-07-15 17:00:00,81.75200000000001,2.051660305098383,0.0617242611988685
40,T1799,2020-07-20,2020-07-20 14:00:00,2020-07-20 16:00:00,82.112,2.1225413057456484,0.1854024141198639
41,T1799,2020-07-21,2020-07-21 15:00:00,2020-07-21 17:00:00,80.042,2.0524478042298027,0.1490183565200124
42,T1799,2020-07-22,2020-07-22 15:00:00,2020-07-22 17:00:00,82.922,2.1452186150595987,0.0887298458840238
43,T1799,2020-07-27,2020-07-27 14:00:00,2020-07-27 16:00:00,83.372,2.169828091764185,0.1465996380411625
44,T1799,2020-07-28,2020-07-28 15:00:00,2020-07-28 17:00:00,84.83000000000001,2.201118139365855,0.1851510939285634
45,T1799,2020-07-29,2020-07-29 15:00:00,2020-07-29 17:00:00,85.658,2.22141438645883,-0.1167590907741279
46,T1799,2020-08-10,2020-08-10 15:00:00,2020-08-10 17:00:00,85.406,2.209468978981472,0.1677594546054054
47,T1799,2020-08-25,2020-08-25 15:00:00,2020-08-25 17:00:00,89.97800000000001,2.368622885572288,0.0619626156453449
48,T1799,2020-08-27,2020-08-27 15:00:00,2020-08-27 17:00:00,90.77,2.3847489191451974,-0.0042418782824226
49,T1799,2021-08-18,2021-08-18 14:00:00,2021-08-18 16:00:00,86.036,2.341679952089711,0.521228189910952
50,T1799,2020-05-13,2020-05-13 15:00:00,2020-05-13 16:00:00,65.912,1.5007659048855806,0.1089518723223105
51,T1799,2020-09-16,2020-09-16 14:00:00,2020-09-16 16:00:00,80.042,2.077933247982903,0.241700834090395
52,T1799,2021-05-25,2021-05-25 12:00:00,2021-05-25 12:30:00,81.28399999999999,1.8695810232126424,0.0965041453152614
53,T1799,2021-05-26,2021-05-26 12:00:00,2021-05-26 12:30:00,78.74600000000001,1.834306640779204,0.2304531215974199
54,T1799,2021-06-28,2021-06-28 15:00:00,2021-06-28 17:00:00,80.024,2.0010397893034675,0.2475789966825145
55,T1799,2021-06-29,2021-06-29 15:00:00,2021-06-29 17:00:00,79.988,2.0207145200436027,0.2999261943888887
56,T1799,2021-06-30,2021-06-30 14:00:00,2021-06-30 16:00:00,84.28999999999999,2.0835853087991514,0.3361681555668583
57,T1799,2021-07-06,2021-07-06 15:00:00,2021-07-06 17:00:00,89.294,2.2207223617327343,0.3222540411728308
58,T1799,2021-07-07,2021-07-07 14:00:00,2021-07-07 16:00:00,81.968,2.075628851626094,0.3345506674581467
59,T1799,2021-07-26,2021-07-26 15:00:00,2021-07-26 17:00:00,90.428,2.358035964217564,0.5758201108574518
60,T1799,2021-07-28,2021-07-28 15:00:00,2021-07-28 17:00:00,88.44800000000001,2.31996528612198,0.4163830442353066
61,T1799,2021-08-10,2021-08-10 15:00:00,2021-08-10 17:00:00,91.328,2.468628769964741,0.3814445325346368
62,T1799,2021-08-11,2021-08-11 15:00:00,2021-08-11 17:00:00,88.80799999999999,2.373636695701218,0.5353584769192006
63,T1799,2021-08-12,2021-08-12 15:00:00,2021-08-12 17:00:00,88.286,2.387034561321613,0.4828012975957971
64,T1799,2021-08-13,2021-08-13 15:00:00,2021-08-13 16:00:00,82.02199999999999,2.205378815747786,0.3775542850661604
65,T1799,2021-08-24,2021-08-24 15:00:00,2021-08-24 17:00:00,92.46200000000002,2.5267600872799494,0.6398294794939405
66,T1799,2021-08-25,2021-08-25 15:00:00,2021-08-25 17:00:00,90.41,2.4780023924194894,0.6144831843164499
67,T1799,2021-08-26,2021-08-26 14:00:00,2021-08-26 16:00:00,88.43,2.4267145671862607,0.6365358589311937
68,T1799,2021-08-27,2021-08-27 14:00:00,2021-08-27 16:00:00,89.99600000000001,2.459548956541528,0.5231975237150359
0,T1804,2018-06-18,2018-06-18 15:00:00,2018-06-18 18:00:00,91.112,2.361082319999924,-0.5430368535803264
1,T1804,2018-06-19,2018-06-19 15:00:00,2018-06-19 18:00:00,75.992,2.116120795477616,-0.0849909049242991
2,T1804,2018-06-29,2018-06-29 16:00:00,2018-06-29 18:00:00,89.24000000000001,2.385051241600552,-0.207737345109295
3,T1804,2018-07-02,2018-07-02 16:00:00,2018-07-02 18:00:00,84.72200000000001,2.375977457695445,-0.2802373052797638
4,T1804,2018-07-03,2018-07-03 16:00:00,2018-07-03 18:00:00,86.576,2.3990327564757794,-0.097529871597575
5,T1804,2018-07-05,2018-07-05 15:00:00,2018-07-05 17:00:00,86.846,2.429175092624388,-0.2229019501092423
6,T1804,2018-07-16,2018-07-16 16:00:00,2018-07-16 18:00:00,88.088,2.5600894996563266,-0.1140501908795279
7,T1804,2018-08-06,2018-08-06 14:00:00,2018-08-06 18:00:00,86.054,2.700522470587301,0.0242068568766534
8,T1804,2018-08-15,2018-08-15 14:00:00,2018-08-15 16:00:00,84.452,2.7209402350747016,0.4997526268309864
9,T1804,2018-08-27,2018-08-27 16:00:00,2018-08-27 18:00:00,89.744,3.005060846506161,0.5567395584975529
10,T1804,2018-08-28,2018-08-28 15:00:00,2018-08-28 18:00:00,91.13,3.050880890735641,0.7166549095414555
11,T1804,2018-08-29,2018-08-29 15:00:00,2018-08-29 17:00:00,90.338,3.036954343830839,0.5152804864800072
12,T1804,2019-06-26,2019-06-26 16:00:00,2019-06-26 18:00:00,83.30000000000001,2.490662627708464,-0.0086387107300581
13,T1804,2019-06-27,2019-06-27 16:00:00,2019-06-27 18:00:00,84.398,2.459413762054761,0.0008247513957072
14,T1804,2019-06-28,2019-06-28 15:00:00,2019-06-28 17:00:00,86.36,2.546950016630432,-0.0528071670733685
15,T1804,2019-07-02,2019-07-02 16:00:00,2019-07-02 18:00:00,86.108,2.60861100801082,-0.0434420551246095
16,T1804,2019-07-03,2019-07-03 16:00:00,2019-07-03 18:00:00,80.258,2.46593682284985,-0.0423262067649642
17,T1804,2019-07-10,2019-07-10 16:00:00,2019-07-10 18:00:00,88.59200000000001,2.8219711296235643,0.3169084535068224
18,T1804,2019-07-15,2019-07-15 16:00:00,2019-07-15 18:00:00,87.656,2.805512101587812,0.3263094795435904
19,T1804,2019-07-16,2019-07-16 16:00:00,2019-07-16 18:00:00,86.414,2.754215590703217,0.29046182101984
20,T1804,2019-07-17,2019-07-17 16:00:00,2019-07-17 18:00:00,80.06,2.547722742392378,0.1104074134355991
21,T1804,2019-07-18,2019-07-18 16:00:00,2019-07-18 18:00:00,87.74600000000001,2.801999059733824,0.1834930485307014
22,T1804,2019-07-19,2019-07-19 16:00:00,2019-07-19 18:00:00,91.922,2.9625549954744854,0.0413558911672822
23,T1804,2019-07-29,2019-07-29 16:00:00,2019-07-29 18:00:00,87.242,2.905912919254031,0.3567168622265322
24,T1804,2019-08-08,2019-08-08 14:00:00,2019-08-08 16:00:00,79.214,2.636993233357363,0.3459088936582681
25,T1804,2019-08-19,2019-08-19 03:00:00,2019-08-19 05:00:00,79.73599999999999,2.700387542490185,-0.0723336440425521
26,T1804,2019-08-20,2019-08-20 16:00:00,2019-08-20 18:00:00,88.03399999999999,3.0711302299882304,0.7185199461974856
27,T1804,2020-06-18,2020-06-18 16:30:00,2020-06-18 17:00:00,78.368,2.2324536099509493,0.0449735397343379
28,T1804,2020-06-22,2020-06-22 16:00:00,2020-06-22 18:00:00,75.992,2.1816965409677342,0.2121476652186323
29,T1804,2020-06-23,2020-06-23 16:00:00,2020-06-23 18:00:00,75.70400000000001,2.2240425504357284,0.2352695308458185
30,T1804,2020-06-26,2020-06-26 16:00:00,2020-06-26 18:00:00,81.464,2.369766666440364,0.3424503698119838
31,T1804,2020-06-29,2020-06-29 16:00:00,2020-06-29 18:00:00,78.89,2.3299350935666063,0.3698370597968906
32,T1804,2020-07-01,2020-07-01 16:00:00,2020-07-01 18:00:00,80.94200000000001,2.401291829507612,0.1690238127251137
33,T1804,2020-07-02,2020-07-02 16:00:00,2020-07-02 18:00:00,84.146,2.475629641407872,0.1905839668037987
34,T1804,2020-07-03,2020-07-03 16:00:00,2020-07-03 18:00:00,86.126,2.518846895057816,-0.0079232136020955
35,T1804,2020-07-06,2020-07-06 15:00:00,2020-07-06 17:00:00,88.664,2.622621215636915,0.2304378909463128
36,T1804,2020-07-07,2020-07-07 15:00:00,2020-07-07 17:00:00,86.97200000000001,2.5694863148170874,0.3686167328309427
37,T1804,2020-07-08,2020-07-08 16:00:00,2020-07-08 18:00:00,88.55600000000001,2.620670837082788,0.2176334562334434
38,T1804,2020-07-09,2020-07-09 15:00:00,2020-07-09 17:00:00,90.644,2.6709472620336205,0.3147916161977759
39,T1804,2020-07-15,2020-07-15 16:00:00,2020-07-15 18:00:00,86.936,2.6349663725611547,0.4094270096103213
40,T1804,2020-07-20,2020-07-20 15:00:00,2020-07-20 17:00:00,83.084,2.586742677463492,0.3393738067396243
41,T1804,2020-07-21,2020-07-21 16:00:00,2020-07-21 18:00:00,82.436,2.578830657167708,0.3373988146233313
42,T1804,2020-07-22,2020-07-22 16:00:00,2020-07-22 18:00:00,84.614,2.6396932767303265,0.3989969319640604
43,T1804,2020-07-27,2020-07-27 15:00:00,2020-07-27 17:00:00,86.23400000000001,2.718148971122001,0.3873904481453014
44,T1804,2020-07-28,2020-07-28 16:00:00,2020-07-28 18:00:00,82.52600000000001,2.6082505086352232,0.2811967321495179
45,T1804,2020-07-29,2020-07-29 16:00:00,2020-07-29 18:00:00,86.81,2.731443139971208,0.3536330600807874
46,T1804,2020-08-10,2020-08-10 16:00:00,2020-08-10 18:00:00,89.87,2.861678382464318,0.3598120017861044
47,T1804,2020-08-25,2020-08-25 16:00:00,2020-08-25 18:00:00,81.536,2.6802587559475874,0.461359056234209
48,T1804,2020-08-27,2020-08-27 16:00:00,2020-08-27 18:00:00,88.07,2.9148560692000096,0.72284605109031
49,T1804,2020-05-13,2020-05-13 16:00:00,2020-05-13 17:00:00,54.104,1.6927129495561586,0.1918732520264944
50,T1804,2020-08-12,2020-08-12 14:00:00,2020-08-12 16:00:00,82.346,2.6555416198110504,0.3716240672778588
51,T1804,2021-05-25,2021-05-25 13:00:00,2021-05-25 13:30:00,86.072,2.105360138494474,-0.4054861876113009
52,T1804,2021-05-26,2021-05-26 13:00:00,2021-05-26 13:30:00,76.964,1.9398286487316816,-0.1331126662413938
53,T1804,2021-06-28,2021-06-28 16:00:00,2021-06-28 18:00:00,87.116,2.4607652622786405,0.155046350841362
54,T1804,2021-06-29,2021-06-29 16:00:00,2021-06-29 18:00:00,88.664,2.484077909260978,0.2044931885407171
55,T1804,2021-06-30,2021-06-30 15:00:00,2021-06-30 17:00:00,79.55600000000001,2.2614633625113685,0.2677850534040014
56,T1804,2021-07-06,2021-07-06 16:00:00,2021-07-06 18:00:00,87.368,2.4536668060386906,0.039660035371787
57,T1804,2021-07-07,2021-07-07 15:00:00,2021-07-07 17:00:00,84.83000000000001,2.4031273440396634,0.2260968177099396
58,T1804,2021-07-27,2021-07-27 16:00:00,2021-07-27 18:00:00,85.226,2.4821922087904924,0.3719272059810731
59,T1804,2021-08-10,2021-08-10 16:00:00,2021-08-10 18:00:00,85.28,2.467990854449796,0.1252736363838673
60,T1804,2021-08-11,2021-08-11 16:00:00,2021-08-11 18:00:00,87.188,2.539594090123778,0.3909649293568545
61,T1804,2021-08-12,2021-08-12 16:00:00,2021-08-12 18:00:00,87.242,2.583412793588326,-0.0181911885162606
62,T1804,2021-08-13,2021-08-13 16:00:00,2021-08-13 17:00:00,83.94800000000001,2.488079005490252,-0.2610047380185002
63,T1804,2021-08-24,2021-08-24 16:00:00,2021-08-24 18:00:00,88.898,2.741974060863784,0.0650853481951081
64,T1804,2021-08-25,2021-08-25 14:00:00,2021-08-25 16:00:00,82.328,2.528573297047003,0.2279322406567792
65,T1804,2021-08-26,2021-08-26 16:00:00,2021-08-26 18:00:00,84.974,2.6355175135151714,0.0879695594193961
66,T1804,2021-08-27,2021-08-27 15:00:00,2021-08-27 17:00:00,84.83000000000001,2.634733087185148,0.3089446108264673
1,T1808,2018-06-18,2018-06-18 15:00:00,2018-06-18 18:00:00,91.814,2.0057361482034093,-0.48035925237502
2,T1808,2018-07-02,2018-07-02 14:00:00,2018-07-02 18:00:00,93.992,2.256064242600748,-0.3200069491001601
3,T1808,2018-07-03,2018-07-03 15:00:00,2018-07-03 18:00:00,91.886,2.207320577682805,-0.2576275156239348
4,T1808,2018-07-16,2018-07-16 15:00:00,2018-07-16 18:00:00,91.22,2.297934814384882,-0.1704259534838356
5,T1808,2018-08-06,2018-08-06 15:00:00,2018-08-06 18:00:00,92.156,2.443250264436815,0.1681737990920157
6,T1808,2018-08-16,2018-08-16 16:00:00,2018-08-16 18:00:00,87.872,2.4195414009012395,0.1333487830535576
7,T1808,2018-08-28,2018-08-28 17:00:00,2018-08-28 18:00:00,92.93,2.613405927548276,-0.0632853831531566
8,T1808,2018-08-29,2018-08-29 14:00:00,2018-08-29 18:00:00,92.768,2.6009650691360404,0.1942264668386252
9,T1808,2018-08-30,2018-08-30 16:00:00,2018-08-30 17:00:00,86.19800000000001,2.398351144894712,0.126966232641267
10,T1808,2018-09-05,2018-09-05 14:00:00,2018-09-05 18:00:00,89.852,2.539785316775174,0.2041986550800178
12,T1808,2019-06-27,2019-06-27 17:00:00,2019-06-27 18:00:00,87.71000000000001,2.1629386573681684,0.003980636206235
13,T1808,2019-06-28,2019-06-28 16:00:00,2019-06-28 18:00:00,88.46600000000001,2.204360388153074,0.0762076091064812
14,T1808,2019-07-10,2019-07-10 16:00:00,2019-07-10 18:00:00,88.232,2.321956183322317,0.2548700303949325
15,T1808,2019-07-17,2019-07-17 16:00:00,2019-07-17 18:00:00,92.156,2.4577722734532865,0.1565908101343455
16,T1808,2019-07-19,2019-07-19 16:00:00,2019-07-19 18:00:00,90.15800000000002,2.503032536611371,-0.0385140556528576
17,T1808,2019-07-29,2019-07-29 16:00:00,2019-07-29 18:00:00,90.374,2.48288722258077,0.2474995489666482
18,T1808,2019-07-31,2019-07-31 14:00:00,2019-07-31 16:00:00,84.2,2.2901595392382226,0.1990579191067463
19,T1808,2019-08-22,2019-08-22 16:00:00,2019-08-22 17:00:00,89.096,2.5471663869884806,0.170547801022116
21,T1808,2020-06-22,2020-06-22 16:00:00,2020-06-22 18:00:00,89.096,2.096321073639781,0.3274059704333429
22,T1808,2020-07-06,2020-07-06 16:00:00,2020-07-06 18:00:00,91.616,2.2453106782225243,0.4453122102719341
23,T1808,2020-07-09,2020-07-09 16:00:00,2020-07-09 18:00:00,89.78,2.212953768853956,0.4186670186389923
24,T1808,2020-07-20,2020-07-20 16:00:00,2020-07-20 18:00:00,92.858,2.33877964946936,0.4394133548911354
25,T1808,2020-07-27,2020-07-27 15:00:00,2020-07-27 19:00:00,94.424,2.4411016992666545,0.4289306948139472
26,T1808,2020-08-27,2020-08-27 16:00:00,2020-08-27 17:00:00,91.4,2.489232287027005,0.6978370532086354
27,T1808,2020-09-10,2020-09-10 16:00:00,2020-09-10 17:00:00,81.572,2.169954728299432,0.5373156981713585
29,T1808,2021-06-28,2021-06-28 15:00:00,2021-06-28 19:00:00,92.336,2.298958011425789,0.3408155296733725
30,T1808,2021-06-29,2021-06-29 15:00:00,2021-06-29 19:00:00,93.182,2.3347519960362506,0.2188393974955899
31,T1808,2021-06-30,2021-06-30 15:00:00,2021-06-30 19:00:00,96.26,2.345165439167922,0.3013504485469058
32,T1808,2021-08-12,2021-08-12 15:00:00,2021-08-12 19:00:00,94.73,2.4915534043605034,0.5941766234358825
33,T1808,2021-08-13,2021-08-13 15:00:00,2021-08-13 19:00:00,94.73,2.508203475897097,0.601726337541955
34,T1808,2021-05-25,2021-05-25 14:00:00,2021-05-25 14:30:00,78.656,1.901453603911596,0.1120878330612172
35,T1808,2021-05-26,2021-05-26 14:00:00,2021-05-26 14:30:00,88.664,1.9607197601159936,0.0530314823318563
36,T1808,2021-07-16,2021-07-16 16:00:00,2021-07-16 18:00:00,91.454,2.3373009910474574,0.5788064410857962
37,T1808,2021-08-11,2021-08-11 16:00:00,2021-08-11 18:00:00,92.282,2.4273316998622136,0.6011797958415103
38,T1808,2021-08-25,2021-08-25 16:00:00,2021-08-25 18:00:00,91.202,2.426255619056455,0.6338792465210483
39,T1808,2021-08-26,2021-08-26 16:00:00,2021-08-26 18:00:00,92.624,2.4747202443826226,0.6435277597039667
0,T1818,2018-06-18,2018-06-18 15:00:00,2018-06-18 18:00:00,81.06800000000001,2.0485077701259726,-0.28957939155548
1,T1818,2018-06-19,2018-06-19 16:00:00,2018-06-19 17:00:00,85.44200000000001,2.08413496096924,-0.1719472026072001
2,T1818,2018-07-02,2018-07-02 15:00:00,2018-07-02 18:00:00,89.816,2.313189738895844,0.1557418049594124
3,T1818,2018-07-03,2018-07-03 15:00:00,2018-07-03 18:00:00,87.81800000000001,2.2780541091915905,0.0828799889096816
4,T1818,2018-07-16,2018-07-16 15:00:00,2018-07-16 18:00:00,87.72800000000001,2.333715150350625,0.2178736391373572
5,T1818,2018-08-06,2018-08-06 15:00:00,2018-08-06 18:00:00,90.248,2.516847339828975,0.0916566039698841
6,T1818,2018-08-09,2018-08-09 14:00:00,2018-08-09 18:00:00,87.584,2.4472612924183115,0.1957552397271958
7,T1818,2018-08-16,2018-08-16 14:00:00,2018-08-16 18:00:00,87.72800000000001,2.471536711321685,0.3110284095729242
8,T1818,2018-08-28,2018-08-28 15:00:00,2018-08-28 18:00:00,89.888,2.5443223131170867,0.1044084374034089
9,T1818,2018-08-29,2018-08-29 14:00:00,2018-08-29 17:00:00,92.40800000000002,2.6204818332748188,0.2663329644849161
10,T1818,2018-08-30,2018-08-30 16:00:00,2018-08-30 17:00:00,88.142,2.4900586550047024,0.1035286572885029
11,T1818,2018-09-04,2018-09-04 14:00:00,2018-09-04 18:00:00,87.80000000000001,2.475586731697441,0.1649343013968828
12,T1818,2018-09-05,2018-09-05 14:00:00,2018-09-05 18:00:00,83.912,2.3719145174530887,0.2083341621035087
14,T1818,2019-06-27,2019-06-27 16:00:00,2019-06-27 18:00:00,85.04599999999999,2.0745755202601,0.0303259696256828
15,T1818,2019-06-28,2019-06-28 16:00:00,2019-06-28 18:00:00,87.422,2.1167314413377727,0.0803474440056925
16,T1818,2019-07-10,2019-07-10 16:00:00,2019-07-10 18:00:00,86.594,2.2462357637764905,0.0776099758316904
17,T1818,2019-07-17,2019-07-17 16:00:00,2019-07-17 18:00:00,89.618,2.359240642595391,-0.0948540900249633
18,T1818,2019-07-19,2019-07-19 16:00:00,2019-07-19 18:00:00,81.122,2.1753738977283965,0.0379040651288386
19,T1818,2019-07-29,2019-07-29 15:00:00,2019-07-29 19:00:00,86.576,2.352161963312393,0.0729049659508728
20,T1818,2019-07-30,2019-07-30 15:00:00,2019-07-30 19:00:00,88.16,2.362735751821284,0.0684637913405329
21,T1818,2019-08-22,2019-08-22 16:00:00,2019-08-22 17:00:00,90.932,2.509777487782684,0.1895989054267453
23,T1818,2020-06-22,2020-06-22 16:00:00,2020-06-22 18:00:00,87.602,2.214310402762682,0.5185827898776445
24,T1818,2020-07-06,2020-07-06 16:00:00,2020-07-06 18:00:00,80.834,2.205713989555897,0.4053947337039729
25,T1818,2020-07-09,2020-07-09 16:00:00,2020-07-09 18:00:00,81.662,2.282916366179666,0.4356985623589023
26,T1818,2020-07-20,2020-07-20 14:00:00,2020-07-20 18:00:00,87.152,2.535891738905943,0.5736502129823167
27,T1818,2020-07-21,2020-07-21 14:00:00,2020-07-21 18:00:00,85.388,2.4722809946423543,0.5361362857773999
28,T1818,2020-07-22,2020-07-22 14:00:00,2020-07-22 18:00:00,83.39,2.425948330281411,0.448636864677169
29,T1818,2020-07-23,2020-07-23 14:00:00,2020-07-23 18:00:00,83.53399999999999,2.394920659575948,0.5752110440448932
30,T1818,2020-07-27,2020-07-27 16:00:00,2020-07-27 18:00:00,88.574,2.6550412675951462,0.5030526219629337
31,T1818,2020-07-28,2020-07-28 14:00:00,2020-07-28 18:00:00,87.80000000000001,2.617248833838012,0.6476484752938666
32,T1818,2020-07-29,2020-07-29 14:00:00,2020-07-29 18:00:00,84.65,2.51344341535226,0.6009394016933681
33,T1818,2020-07-30,2020-07-30 14:00:00,2020-07-30 18:00:00,86.792,2.5906786074847425,0.6516366523638918
34,T1818,2020-08-25,2020-08-25 14:00:00,2020-08-25 18:00:00,85.964,2.7466087437618456,0.8208742499958406
35,T1818,2020-08-27,2020-08-27 16:00:00,2020-08-27 17:00:00,84.434,2.629856878187748,0.6468781842181227
37,T1818,2021-06-29,2021-06-29 15:00:00,2021-06-29 19:00:00,82.958,2.686494920386204,0.5576954401821225
38,T1818,2021-06-30,2021-06-30 15:00:00,2021-06-30 19:00:00,83.048,2.6863277472822604,0.5970067133573298
39,T1818,2021-07-16,2021-07-16 16:00:00,2021-07-16 19:00:00,83.84,2.833850686745812,0.7466317696667408
40,T1818,2021-08-11,2021-08-11 13:00:00,2021-08-11 19:00:00,81.464,2.731558210970109,0.6681795677783408
41,T1818,2021-08-12,2021-08-12 13:00:00,2021-08-12 20:00:00,85.172,2.8988454707118576,0.7498474962661491
42,T1818,2021-08-13,2021-08-13 13:00:00,2021-08-13 20:00:00,85.892,2.90894583356419,0.8793275994530466
43,T1818,2021-08-25,2021-08-25 13:00:00,2021-08-25 20:00:00,83.84,2.8247722044970214,1.2548826889397036
44,T1818,2021-08-26,2021-08-26 13:00:00,2021-08-26 20:00:00,85.082,2.8774835601873647,1.1804531830583327
45,T1818,2021-08-27,2021-08-27 13:00:00,2021-08-27 20:00:00,83.912,2.8322446955335843,0.7979680831894369
46,T1818,2021-09-01,2021-09-01 16:00:00,2021-09-01 17:00:00,73.03999999999999,2.3337192260729505,0.6592644024858952
48,T1818,2021-05-25,2021-05-25 14:00:00,2021-05-25 14:30:00,64.328,1.762490077186783,0.1045049612497705
49,T1818,2021-05-26,2021-05-26 14:00:00,2021-05-26 14:30:00,69.224,1.817108985531996,-0.0522692172639429
0,T1846,2018-08-06,2018-08-06 17:00:00,2018-08-06 21:00:00,90.968,2.7941832541909,0.298154353971553
1,T1846,2018-08-07,2018-08-07 17:00:00,2018-08-07 21:00:00,91.976,2.8291360037451523,0.3348081442105939
2,T1846,2018-08-09,2018-08-09 17:00:00,2018-08-09 21:00:00,92.444,2.8807271606396614,0.2965323535024173
3,T1846,2019-06-10,2019-06-10 18:00:00,2019-06-10 20:00:00,93.884,2.683685780682925,0.1079338703932055
4,T1846,2019-06-11,2019-06-11 18:00:00,2019-06-11 20:00:00,80.06,2.267095468194778,0.2619399721645556
5,T1846,2019-07-23,2019-07-23 18:00:00,2019-07-23 20:00:00,87.836,2.850542277232248,0.1989662400793797
6,T1846,2019-07-24,2019-07-24 18:00:00,2019-07-24 20:00:00,88.844,2.868684943534034,0.1968888502392964
7,T1846,2019-07-25,2019-07-25 18:00:00,2019-07-25 20:00:00,88.34,2.827863944355016,0.19982098608786
8,T1846,2019-08-15,2019-08-15 18:00:00,2019-08-15 20:00:00,85.406,2.800199179608678,0.184212880702898
9,T1846,2019-09-04,2019-09-04 18:00:00,2019-09-04 20:00:00,89.63600000000001,2.997165639084037,0.3837482393203142
10,T1846,2019-09-05,2019-09-05 17:00:00,2019-09-05 20:00:00,88.358,2.922564872447732,0.3000538014745735
11,T1846,2019-09-24,2019-09-24 18:00:00,2019-09-24 20:00:00,85.19,2.7631560518969978,0.3273423797468661
12,T1846,2019-09-25,2019-09-25 17:00:00,2019-09-25 20:00:00,75.506,2.349216031354392,0.2484723182676425
13,T1846,2019-10-21,2019-10-21 18:00:00,2019-10-21 20:00:00,88.844,2.9032975700907766,0.6757898370042993
14,T1846,2019-10-22,2019-10-22 17:00:00,2019-10-22 20:00:00,93.398,3.115393594284032,0.6762643309341818
15,T1846,2019-10-23,2019-10-23 18:00:00,2019-10-23 20:00:00,86.936,2.8027011046877672,0.2993310077603089
16,T1846,2020-06-03,2020-06-03 18:00:00,2020-06-03 20:00:00,82.688,2.5322523158834738,0.469089039797342
17,T1846,2020-06-08,2020-06-08 16:30:00,2020-06-08 17:00:00,82.52600000000001,2.518940410739674,0.9043346984368336
18,T1846,2020-07-10,2020-07-10 18:00:00,2020-07-10 20:00:00,85.69399999999999,2.6536948493332213,0.4755705308118835
19,T1846,2020-07-13,2020-07-13 18:00:00,2020-07-13 20:00:00,79.934,2.444920742477417,0.3673893335960778
20,T1846,2020-07-29,2020-07-29 18:00:00,2020-07-29 20:00:00,78.098,2.339958731334067,0.5094477743441836
21,T1846,2020-07-30,2020-07-30 18:00:00,2020-07-30 20:00:00,82.652,2.4815194699726324,0.6413964107456516
22,T1846,2020-07-31,2020-07-31 18:00:00,2020-07-31 20:00:00,87.94399999999999,2.669913318780023,0.6689940395186582
23,T1846,2020-08-14,2020-08-14 17:00:00,2020-08-14 21:00:00,94.046,2.568952695615144,0.608807413883915
24,T1846,2020-08-17,2020-08-17 16:00:00,2020-08-17 20:00:00,89.366,2.370606645872156,0.4950435365322388
25,T1846,2020-08-18,2020-08-18 16:00:00,2020-08-18 20:00:00,92.516,2.511335620101017,0.5089602458642835
26,T1846,2020-08-19,2020-08-19 17:00:00,2020-08-19 21:00:00,84.524,2.323132339030089,0.4356740427655254
27,T1846,2020-08-21,2020-08-21 18:00:00,2020-08-21 20:00:00,87.584,2.3629774163506827,0.3285824386193496
28,T1846,2020-08-27,2020-08-27 17:00:00,2020-08-27 20:00:00,88.48400000000001,2.398945584060128,0.3881076455388826
29,T1846,2020-09-04,2020-09-04 17:00:00,2020-09-04 20:00:00,86.882,2.306170182184084,0.4218157693194853
30,T1846,2020-09-05,2020-09-05 17:00:00,2020-09-05 19:00:00,103.28,2.681772790682784,0.4250271235524482
31,T1846,2020-09-06,2020-09-06 16:30:00,2020-09-06 18:30:00,103.298,2.6785506648943938,0.4148842886805634
32,T1846,2020-09-07,2020-09-07 16:30:00,2020-09-07 18:30:00,80.492,2.2263273522204705,0.3526649184439802
33,T1846,2020-09-08,2020-09-08 17:00:00,2020-09-08 21:00:00,75.758,2.139933338408934,0.3610667444604251
34,T1846,2020-09-29,2020-09-29 17:00:00,2020-09-29 20:00:00,93.398,2.3431813251757294,0.3835905021633646
35,T1846,2020-09-30,2020-09-30 16:00:00,2020-09-30 20:00:00,100.022,2.491002922066432,0.0252029072884496
36,T1846,2020-10-01,2020-10-01 16:00:00,2020-10-01 20:00:00,97.124,2.450556621939985,0.0554291087055239
37,T1846,2020-10-06,2020-10-06 17:00:00,2020-10-06 19:00:00,87.566,2.2653887642007207,0.3717677033280484
38,T1846,2020-10-13,2020-10-13 16:00:00,2020-10-13 19:00:00,96.764,2.4361517655500613,0.3199020706840354
39,T1846,2020-10-14,2020-10-14 15:00:00,2020-10-14 19:00:00,89.168,2.2797846381471034,0.3168876513366402
40,T1846,2020-10-15,2020-10-15 15:00:00,2020-10-15 19:00:00,88.178,2.262414720983458,0.2876354934831736
41,T1846,2020-10-20,2020-10-20 17:00:00,2020-10-20 19:00:00,75.074,2.028173100761339,0.3252536099711957
42,T1846,2021-06-15,2021-06-15 18:00:00,2021-06-15 20:00:00,93.614,2.1918084742626185,0.2930709346070822
43,T1846,2021-06-16,2021-06-16 18:00:00,2021-06-16 20:00:00,74.696,1.8127699204047256,0.2866991223511551
44,T1846,2021-06-17,2021-06-17 18:00:00,2021-06-17 21:00:00,76.082,1.857178608263596,0.2517031158781472
45,T1846,2021-06-28,2021-06-28 18:00:00,2021-06-28 21:00:00,70.394,1.7584457103471545,0.2264535214657846
46,T1846,2021-06-29,2021-06-29 18:00:00,2021-06-29 21:00:00,69.674,1.7528844831257615,0.2475672882054893
47,T1846,2021-07-09,2021-07-09 18:00:00,2021-07-09 20:00:00,82.22,2.147500287795681,0.5182333091085466
48,T1846,2021-07-12,2021-07-12 18:00:00,2021-07-12 21:00:00,76.622,2.017274600615297,0.3699501803153391
49,T1846,2021-07-19,2021-07-19 18:00:00,2021-07-19 20:00:00,85.154,2.3463285534687417,0.5649154582421829
50,T1846,2021-07-28,2021-07-28 18:00:00,2021-07-28 20:00:00,84.902,2.418606072933158,0.6481207982388555
51,T1846,2021-07-29,2021-07-29 18:00:00,2021-07-29 20:00:00,83.44399999999999,2.348082649190651,0.6437487887137447
52,T1846,2021-07-30,2021-07-30 17:00:00,2021-07-30 21:00:00,79.826,2.1988465363220406,0.5122244570694641
53,T1846,2021-08-26,2021-08-26 18:00:00,2021-08-26 20:00:00,90.464,2.767972981158749,0.7305831274301846
54,T1846,2021-08-27,2021-08-27 17:00:00,2021-08-27 20:00:00,88.59200000000001,2.6843457872155576,0.6038072944730071
55,T1846,2021-09-08,2021-09-08 18:00:00,2021-09-08 20:00:00,87.25999999999999,2.617521188078796,0.4999446867269813
56,T1846,2021-09-09,2021-09-09 17:00:00,2021-09-09 21:00:00,86.702,2.593832080287216,0.5276074822128882
57,T1846,2021-09-10,2021-09-10 17:00:00,2021-09-10 20:00:00,87.85400000000001,2.6314569973262847,0.5295080689301566
58,T1846,2021-09-21,2021-09-21 17:00:00,2021-09-21 20:00:00,93.416,2.858651447587282,0.7394626566929784
59,T1846,2021-09-22,2021-09-22 17:00:00,2021-09-22 19:00:00,93.02,2.842023241604657,0.7000820976293648
60,T1846,2021-10-19,2021-10-19 18:00:00,2021-10-19 20:00:00,67.208,1.8114725559469984,0.2424664744891806
61,T1846,2021-10-28,2021-10-28 18:00:00,2021-10-28 20:00:00,88.016,2.494930380621202,0.6255130229756466
62,T1846,2021-10-29,2021-10-29 17:00:00,2021-10-29 19:00:00,78.71000000000001,2.176443601497599,0.4118815346457779
0,T1856,2018-06-18,6/18/2018 15:00,6/18/2018 18:00,91.796,1.9203368809970152,-0.4396651104000293
1,T1856,2018-07-02,7/2/2018 15:00,7/2/2018 18:00,93.488,2.0991847741689305,-0.4222085424475398
2,T1856,2018-07-03,7/3/2018 15:00,7/3/2018 18:00,93.326,2.0963325184857764,-0.3905088838454374
3,T1856,2018-07-16,7/16/2018 15:00,7/16/2018 18:00,91.796,2.1815415292761333,-0.2698795712645301
4,T1856,2018-08-06,8/6/2018 15:00,8/6/2018 18:00,89.97800000000001,2.2810004034798688,-0.0959536964185321
5,T1856,2018-08-28,8/28/2018 15:00,8/28/2018 18:00,93.146,2.475143122835368,0.0923648672780645
6,T1856,2018-08-29,8/29/2018 14:00,8/29/2018 17:00,91.688,2.4780289738045904,-0.0091705184701137
7,T1856,2018-08-30,8/30/2018 16:00,8/30/2018 17:00,86.28800000000001,2.278039544146196,0.1185793516923365
8,T1856,2018-09-05,9/5/2018 14:00,9/5/2018 18:00,91.472,2.44679961878544,0.2288032194547243
10,T1856,2019-06-27,6/27/2019 16:00,6/27/2019 18:00,88.07,2.0155287768169803,0.1498968645496193
11,T1856,2019-06-28,6/28/2019 16:00,6/28/2019 18:00,89.618,2.040198082455931,0.2801736623838013
12,T1856,2019-07-10,7/10/2019 16:00,7/10/2019 18:00,88.16,2.1629317344948347,0.3629307686171976
13,T1856,2019-07-17,7/17/2019 16:00,7/17/2019 18:00,92.606,2.317169377963255,0.3319578943751509
14,T1856,2019-07-19,7/19/2019 16:00,7/19/2019 18:00,93.11,2.322600486676944,0.474244951730823
15,T1856,2019-07-29,7/29/2019 16:00,7/29/2019 18:00,89.63600000000001,2.2752984568138293,0.4080205144934292
16,T1856,2019-07-30,7/30/2019 15:00,7/30/2019 19:00,93.128,2.3612540901647865,0.5487525614452885
17,T1856,2019-08-22,8/22/2019 16:00,8/22/2019 17:00,87.926,2.34264121070842,0.5882941042504302
19,T1856,2020-06-22,6/22/2020 16:00,6/22/2020 18:00,91.364,2.123019359898189,0.1467989093204681
20,T1856,2020-07-06,7/6/2020 16:00,7/6/2020 18:00,92.282,2.2062440037818667,0.4163414475105459
21,T1856,2020-07-09,7/9/2020 16:00,7/9/2020 18:00,90.698,2.1767037427608646,0.3501451729245857
22,T1856,2020-07-20,7/20/2020 16:00,7/20/2020 18:00,91.922,2.265338145690017,0.3710241195037063
23,T1856,2020-07-27,7/27/2020 16:00,7/27/2020 18:00,95.072,2.382024678145711,0.4144592437909077
24,T1856,2020-08-11,8/11/2020 16:00,8/11/2020 19:00,91.166,2.393804722426288,0.3228134895337874
25,T1856,2020-08-27,8/27/2020 16:00,8/27/2020 17:00,88.916,2.38528245552322,0.2284028762009934
27,T1856,2021-06-30,6/30/2021 17:00,6/30/2021 19:00,94.784,2.187884048870026,0.2861770431507394
28,T1856,2021-08-12,8/12/2021 16:00,8/12/2021 19:00,95.666,2.3355709223274737,0.220987010344607
29,T1856,2021-09-01,9/1/2021 16:00,9/1/2021 17:00,67.406,1.707652412608522,0.0905436876768278
31,T1856,2021-05-25,5/25/2021 14:00,5/25/2021 14:30,79.05199999999999,1.6967559121768858,-0.0268662942236547
32,T1856,2021-05-26,5/26/2021 14:00,5/26/2021 14:30,89.456,1.8014638739580675,-0.2426311986879403
33,T1856,2021-07-16,7/16/2021 16:00,7/16/2021 18:00,90.356,2.1477999667800245,0.1999287030103136
34,T1856,2021-08-11,8/11/2021 16:00,8/11/2021 18:00,92.48,2.257023286957044,0.3723932330213219
35,T1856,2021-08-13,8/13/2021 16:00,8/13/2021 18:00,94.424,2.293276041743396,0.272061165566442
36,T1856,2021-08-25,8/25/2021 16:00,8/25/2021 18:00,90.77,2.221088705668696,0.3345944719722982
37,T1856,2021-08-26,8/26/2021 16:00,8/26/2021 18:00,92.696,2.279977045415233,0.2266656274787208
0,T1857,2018-06-18,2018-06-18 15:00:00,2018-06-18 18:00:00,93.326,2.215200540107819,-0.0421685967583319
1,T1857,2018-06-19,2018-06-19 15:00:00,2018-06-19 18:00:00,95.684,2.2609254682254383,-0.0718511859011329
2,T1857,2018-06-29,2018-06-29 16:00:00,2018-06-29 18:00:00,89.816,2.225053941679709,-0.0345816588780707
3,T1857,2018-07-02,2018-07-02 16:00:00,2018-07-02 18:00:00,96.17,2.4006178640335465,0.0125553936432242
4,T1857,2018-07-03,2018-07-03 16:00:00,2018-07-03 18:00:00,95.45,2.38467356155714,-0.1073568894752257
5,T1857,2018-07-05,2018-07-05 15:00:00,2018-07-05 17:00:00,91.778,2.293535141229035,-0.0043790548723876
6,T1857,2018-07-16,2018-07-16 16:00:00,2018-07-16 18:00:00,93.884,2.3893684046706043,0.0950392964025421
7,T1857,2018-08-06,2018-08-06 14:00:00,2018-08-06 18:00:00,92.048,2.410589687718674,0.0821129170172074
8,T1857,2018-08-27,2018-08-27 16:00:00,2018-08-27 18:00:00,91.49,2.4285138775178825,0.110662974833988
9,T1857,2018-08-28,2018-08-28 15:00:00,2018-08-28 18:00:00,94.1,2.4944759739220013,0.0286752202123534
10,T1857,2018-08-29,2018-08-29 15:00:00,2018-08-29 17:00:00,94.55,2.513554540413757,0.0502791731631909
11,T1857,2019-06-26,2019-06-26 16:00:00,2019-06-26 18:00:00,91.634,2.310698863103572,0.4610053805074648
12,T1857,2019-06-27,2019-06-27 16:00:00,2019-06-27 18:00:00,92.48,2.341061224374901,0.3710997339724418
13,T1857,2019-06-28,2019-06-28 15:00:00,2019-06-28 17:00:00,93.434,2.3696885935735845,0.4820148446595294
14,T1857,2019-07-02,2019-07-02 16:00:00,2019-07-02 18:00:00,94.1,2.401666239892706,0.452298739460364
15,T1857,2019-07-03,2019-07-03 16:00:00,2019-07-03 18:00:00,94.964,2.428702190351909,0.4699605613105658
16,T1857,2019-07-10,2019-07-10 16:00:00,2019-07-10 18:00:00,89.492,2.3339505201331203,0.4603628029438987
17,T1857,2019-07-15,2019-07-15 16:00:00,2019-07-15 18:00:00,92.336,2.463304005221216,0.5579740898687044
18,T1857,2019-07-16,2019-07-16 16:00:00,2019-07-16 18:00:00,95.45,2.543723828803744,0.498589600001281
19,T1857,2019-07-17,2019-07-17 16:00:00,2019-07-17 18:00:00,96.476,2.6046930923699056,0.525224032397185
20,T1857,2019-07-18,2019-07-18 16:00:00,2019-07-18 18:00:00,94.334,2.504650592964176,0.4334267183519834
21,T1857,2019-07-19,2019-07-19 16:00:00,2019-07-19 18:00:00,96.638,2.602830978291962,0.4479663702078746
22,T1857,2019-07-29,2019-07-29 16:00:00,2019-07-29 18:00:00,93.002,2.5539280676998333,0.4923232013787318
23,T1857,2019-08-19,2019-08-19 03:00:00,2019-08-19 05:00:00,95.576,2.704479681088322,0.0232645804903833
24,T1857,2019-08-20,2019-08-20 16:00:00,2019-08-20 18:00:00,94.91,2.6794623370224,0.5520596975648734
25,T1857,2020-06-18,2020-06-18 16:30:00,2020-06-18 17:00:00,79.25,1.9643204606572653,0.2317434312478022
26,T1857,2020-06-22,2020-06-22 16:00:00,2020-06-22 18:00:00,88.48400000000001,2.235201531570884,0.3267478396947734
27,T1857,2020-06-23,2020-06-23 16:00:00,2020-06-23 18:00:00,88.574,2.210991217291893,0.4186787762301209
28,T1857,2020-06-25,2020-06-25 14:00:00,2020-06-25 15:00:00,84.128,2.1271463925349345,0.3929736285588384
29,T1857,2020-06-26,2020-06-26 16:00:00,2020-06-26 18:00:00,88.196,2.24101157442918,0.5157160097125764
30,T1857,2020-06-29,2020-06-29 16:00:00,2020-06-29 18:00:00,90.176,2.341661108215036,0.5786913862078745
31,T1857,2020-07-01,2020-07-01 16:00:00,2020-07-01 18:00:00,87.206,2.274403570587173,0.4411236491756079
32,T1857,2020-07-02,2020-07-02 16:00:00,2020-07-02 18:00:00,88.48400000000001,2.3085139977318194,0.4499008139941579
33,T1857,2020-07-03,2020-07-03 16:00:00,2020-07-03 18:00:00,93.938,2.483045683288596,0.5249776554279681
34,T1857,2020-07-06,2020-07-06 15:00:00,2020-07-06 17:00:00,93.524,2.530852140910476,0.5238146861866336
35,T1857,2020-07-07,2020-07-07 15:00:00,2020-07-07 17:00:00,90.176,2.417792666962617,0.6279756142731351
36,T1857,2020-07-08,2020-07-08 16:00:00,2020-07-08 18:00:00,90.482,2.428811814623758,0.5277480563832603
37,T1857,2020-07-09,2020-07-09 15:00:00,2020-07-09 17:00:00,89.618,2.398169527292095,0.5756165032623088
38,T1857,2020-07-15,2020-07-15 16:00:00,2020-07-15 18:00:00,90.626,2.4862837042294776,0.5889159707806378
39,T1857,2020-07-20,2020-07-20 15:00:00,2020-07-20 17:00:00,97.43,2.802087287026468,0.6630281958280767
40,T1857,2020-07-21,2020-07-21 16:00:00,2020-07-21 18:00:00,97.448,2.796759696495825,0.6619954976293935
41,T1857,2020-07-22,2020-07-22 16:00:00,2020-07-22 18:00:00,93.254,2.6489620237102613,0.571322293011399
42,T1857,2020-07-27,2020-07-27 15:00:00,2020-07-27 17:00:00,94.838,2.7483846602008164,0.7493530729061828
43,T1857,2020-07-28,2020-07-28 16:00:00,2020-07-28 18:00:00,92.66,2.6709320500599216,0.7508408286679633
44,T1857,2020-07-29,2020-07-29 16:00:00,2020-07-29 18:00:00,91.85,2.6283354725425494,0.6783472906355454
45,T1857,2020-08-10,2020-08-10 16:00:00,2020-08-10 18:00:00,90.194,2.635040439794324,0.7633862525139498
46,T1857,2020-08-25,2020-08-25 16:00:00,2020-08-25 18:00:00,91.688,2.7387623407382216,0.8142976433007566
47,T1857,2020-08-27,2020-08-27 16:00:00,2020-08-27 18:00:00,91.148,2.7507689594277376,0.7415920991678113
48,T1857,2021-05-25,2021-05-25 13:00:00,2021-05-25 13:30:00,83.048,2.266400791212102,0.2543767616588714
49,T1857,2021-06-28,2021-06-28 16:00:00,2021-06-28 18:00:00,91.598,2.5623876055608443,0.6357316947290549
50,T1857,2021-06-29,2021-06-29 16:00:00,2021-06-29 18:00:00,92.786,2.5792142011141443,0.5258635115027448
51,T1857,2021-06-30,2021-06-30 15:00:00,2021-06-30 17:00:00,94.496,2.637491678396308,0.4924071117365996
52,T1857,2021-07-06,2021-07-06 16:00:00,2021-07-06 18:00:00,94.244,2.608309798864364,0.6282423746220723
53,T1857,2021-07-07,2021-07-07 16:00:00,2021-07-07 18:00:00,93.938,2.5988708819700217,0.616972236194291
54,T1857,2021-07-13,2021-07-13 16:00:00,2021-07-13 18:00:00,94.082,2.702259779110005,0.6456895100076989
55,T1857,2021-07-16,2021-07-16 15:00:00,2021-07-16 17:00:00,94.154,2.725946741970409,0.6345637559728682
56,T1857,2021-07-26,2021-07-26 16:00:00,2021-07-26 18:00:00,91.238,2.6640994808031406,0.6935343767880926
57,T1857,2021-07-27,2021-07-27 16:00:00,2021-07-27 18:00:00,92.426,2.6893324084604733,0.6872562905475754
58,T1857,2021-08-10,2021-08-10 16:00:00,2021-08-10 18:00:00,93.902,2.8102184622667936,0.6881473698992723
59,T1857,2021-08-11,2021-08-11 16:00:00,2021-08-11 18:00:00,95.27,2.856995600444729,0.8123271671237965
60,T1857,2021-08-12,2021-08-12 16:00:00,2021-08-12 18:00:00,95.36,2.8661108177036003,0.6829090261563117
61,T1857,2021-08-13,2021-08-13 15:00:00,2021-08-13 17:00:00,95.72,2.8816260811229566,0.7350708366186407
62,T1857,2021-08-24,2021-08-24 16:00:00,2021-08-24 18:00:00,93.272,2.788550749331052,0.8031178766146713
63,T1857,2021-08-25,2021-08-25 15:00:00,2021-08-25 17:00:00,92.678,2.777770983736997,0.7420308116024293
64,T1857,2021-08-26,2021-08-26 16:00:00,2021-08-26 18:00:00,91.778,2.728603320833731,0.8907888704406471
65,T1857,2021-08-27,2021-08-27 15:00:00,2021-08-27 17:00:00,91.382,2.729128242501737,0.6111422055737504
66,T1857,2021-09-14,2021-09-14 16:00:00,2021-09-14 18:00:00,89.906,2.6512050588296283,0.814879052258339
1,T1887,2018-06-18,2018-06-18 15:00:00,2018-06-18 18:00:00,89.006,2.245646230100508,-0.3116748094624155
2,T1887,2018-07-02,2018-07-02 15:00:00,2018-07-02 18:00:00,92.39,2.4380483556536205,-0.2003018644359603
3,T1887,2018-07-03,2018-07-03 15:00:00,2018-07-03 18:00:00,90.15800000000002,2.346095757364852,-0.3166045284524594
4,T1887,2018-07-16,2018-07-16 14:00:00,2018-07-16 16:00:00,89.654,2.459330356602888,0.0884746654914336
5,T1887,2018-08-06,2018-08-06 15:00:00,2018-08-06 18:00:00,91.724,2.622070182837956,0.2830277988523741
6,T1887,2018-08-28,2018-08-28 15:00:00,2018-08-28 18:00:00,93.506,2.76046198407186,0.1794365787016945
7,T1887,2018-08-29,2018-08-29 14:00:00,2018-08-29 17:00:00,92.786,2.7319909330724634,0.116685932220752
8,T1887,2018-08-30,2018-08-30 16:00:00,2018-08-30 17:00:00,88.088,2.5940466859767968,0.0352298706881673
9,T1887,2018-09-05,2018-09-05 14:00:00,2018-09-05 18:00:00,88.394,2.627200089410459,0.1296841895260006
10,T1887,2018-09-06,2018-09-06 19:00:00,2018-09-06 23:00:00,92.084,2.7416754887972363,0.1446449241932793
12,T1887,2019-06-27,2019-06-27 16:00:00,2019-06-27 18:00:00,88.376,2.527542042022983,-0.1170134587011061
13,T1887,2019-06-28,2019-06-28 16:00:00,2019-06-28 18:00:00,88.826,2.5433929093980114,-0.1284553924935292
14,T1887,2019-07-10,2019-07-10 16:00:00,2019-07-10 18:00:00,88.178,2.6613754557727,0.0047064007806948
15,T1887,2019-07-17,2019-07-17 16:00:00,2019-07-17 18:00:00,91.778,2.844278612123862,0.0989741418893811
16,T1887,2019-07-19,2019-07-19 16:00:00,2019-07-19 18:00:00,90.14,2.7416324689660536,0.3082733722385128
17,T1887,2019-07-20,2019-07-20 19:00:00,2019-07-20 23:00:00,95.432,2.949844329551353,0.2138030204874519
18,T1887,2019-07-21,2019-07-21 19:00:00,2019-07-21 23:00:00,96.548,2.9864449351915554,0.3333057869462794
19,T1887,2019-07-29,2019-07-29 16:00:00,2019-07-29 18:00:00,90.518,2.8153679590230904,0.1163799099031336
20,T1887,2019-08-19,2019-08-19 19:00:00,2019-08-19 23:00:00,89.294,2.841791055898161,0.1261422045104503
21,T1887,2019-08-20,2019-08-20 16:00:00,2019-08-20 18:00:00,86.702,2.7500364574279894,0.0276230820711859
22,T1887,2019-08-22,2019-08-22 16:00:00,2019-08-22 17:00:00,89.024,2.830806356721748,0.1238073862651306
24,T1887,2020-06-22,2020-06-22 16:00:00,2020-06-22 18:00:00,88.844,2.339349178597762,0.3118066101822407
25,T1887,2020-07-06,2020-07-06 16:00:00,2020-07-06 18:00:00,91.454,2.4916078497264618,0.5298670088356101
26,T1887,2020-07-09,2020-07-09 16:00:00,2020-07-09 18:00:00,89.474,2.477589560329389,0.3469566117728577
27,T1887,2020-07-20,2020-07-20 16:00:00,2020-07-20 22:00:00,94.298,2.651239557668582,0.3267746244399666
28,T1887,2020-07-27,2020-07-27 16:00:00,2020-07-27 22:00:00,95.0,2.712650507472048,0.3146054970089903
29,T1887,2020-07-28,2020-07-28 16:00:00,2020-07-28 22:00:00,91.94,2.6091533051028333,0.2647555490496532
30,T1887,2020-08-24,2020-08-24 14:00:00,2020-08-24 16:00:00,90.986,2.715609054019298,0.5386041666069041
31,T1887,2020-08-27,2020-08-27 16:00:00,2020-08-27 17:00:00,92.264,2.740833150040067,0.5100648751052663
32,T1887,2020-08-28,2020-08-28 19:00:00,2020-08-28 20:00:00,87.85400000000001,2.580866671655681,0.2838560630525
34,T1887,2021-06-29,2021-06-29 19:00:00,2021-06-29 23:00:00,93.65,2.461638538997197,0.1917102606307244
35,T1887,2021-06-30,2021-06-30 19:00:00,2021-06-30 23:00:00,95.414,2.4988651100295627,0.2145626003927543
36,T1887,2021-07-27,2021-07-27 16:00:00,2021-07-27 18:00:00,89.906,2.419654599337492,0.5466811805125783
37,T1887,2021-08-12,2021-08-12 19:00:00,2021-08-12 23:00:00,95.198,2.585387098227151,0.4027723371098021
38,T1887,2021-08-13,2021-08-13 19:00:00,2021-08-13 23:00:00,95.414,2.588404344121751,0.3408218971391592
39,T1887,2021-09-01,2021-09-01 16:00:00,2021-09-01 17:00:00,74.732,2.0735838433840543,0.0854437397808751
0,T1946,2018-06-18,2018-06-18 15:00:00,2018-06-18 18:00:00,92.876,2.2894390727699427,-0.102333852391906
1,T1946,2018-06-19,2018-06-19 15:00:00,2018-06-19 18:00:00,92.40800000000002,2.2807078676907167,-0.0028424498782376
2,T1946,2018-06-26,2018-06-26 14:00:00,2018-06-26 15:00:00,78.458,2.050072487919669,0.1676155143703752
3,T1946,2018-06-29,2018-06-29 16:00:00,2018-06-29 18:00:00,91.004,2.287458119489752,0.1474393424589502
4,T1946,2018-07-02,2018-07-02 16:00:00,2018-07-02 18:00:00,89.114,2.28724012141529,0.127221996161475
5,T1946,2018-07-03,2018-07-03 16:00:00,2018-07-03 18:00:00,88.988,2.2844091065325696,0.1110296406501193
6,T1946,2018-07-05,2018-07-05 15:00:00,2018-07-05 17:00:00,92.642,2.3665085381314497,0.0132341742745059
7,T1946,2018-07-16,2018-07-16 16:00:00,2018-07-16 18:00:00,88.826,2.252531635716048,0.0837197859424503
8,T1946,2018-08-06,2018-08-06 14:00:00,2018-08-06 18:00:00,89.87,2.381463317333504,0.1550470104567408
9,T1946,2018-08-27,2018-08-27 16:00:00,2018-08-27 18:00:00,90.77,2.4283862142459367,0.217175367300991
10,T1946,2018-08-28,2018-08-28 15:00:00,2018-08-28 18:00:00,91.076,2.460983468521153,0.2384020922299528
11,T1946,2018-08-29,2018-08-29 15:00:00,2018-08-29 17:00:00,88.68199999999999,2.354746336661643,0.1434717232739529
12,T1946,2019-06-26,2019-06-26 16:00:00,2019-06-26 18:00:00,89.20400000000001,2.086683091089073,0.1479155643058965
13,T1946,2019-06-27,2019-06-27 16:00:00,2019-06-27 18:00:00,87.98,2.0710761621832674,0.1350166555577981
14,T1946,2019-06-28,2019-06-28 15:00:00,2019-06-28 17:00:00,90.86,2.118502293756306,0.1457020801769833
15,T1946,2019-07-02,2019-07-02 16:00:00,2019-07-02 18:00:00,91.004,2.1852024658618427,0.1706545404733334
16,T1946,2019-07-03,2019-07-03 16:00:00,2019-07-03 18:00:00,88.97,2.1418568711858392,0.1749669669198276
17,T1946,2019-07-10,2019-07-10 16:00:00,2019-07-10 18:00:00,89.708,2.236022618689874,0.3503899451504937
18,T1946,2019-07-15,2019-07-15 16:00:00,2019-07-15 18:00:00,90.608,2.2988271407500984,0.2064786303571878
19,T1946,2019-07-16,2019-07-16 16:00:00,2019-07-16 18:00:00,87.89,2.2236262963536686,0.3324444272479736
20,T1946,2019-07-17,2019-07-17 16:00:00,2019-07-17 18:00:00,87.332,2.17320764353949,0.2889360814043333
21,T1946,2019-07-18,2019-07-18 16:00:00,2019-07-18 18:00:00,87.926,2.223655312056002,0.3266484804217343
22,T1946,2019-07-19,2019-07-19 16:00:00,2019-07-19 18:00:00,91.148,2.290177842353065,0.3236397366568776
23,T1946,2019-07-29,2019-07-29 16:00:00,2019-07-29 18:00:00,88.898,2.251430705728028,0.3660338274793677
24,T1946,2019-08-19,2019-08-19 03:00:00,2019-08-19 05:00:00,91.31,2.3786252408745745,0.0546794247738249
25,T1946,2019-08-20,2019-08-20 16:00:00,2019-08-20 18:00:00,88.088,2.271915599156053,0.1081140374522808
26,T1946,2020-06-18,2020-06-18 16:30:00,2020-06-18 17:00:00,81.75200000000001,1.8572395799320105,0.1407455405307598
27,T1946,2020-06-22,2020-06-22 16:00:00,2020-06-22 18:00:00,83.858,1.9450403177434168,0.1594972783577113
28,T1946,2020-06-23,2020-06-23 16:00:00,2020-06-23 18:00:00,78.584,1.839092567925491,0.1978481640707882
29,T1946,2020-06-26,2020-06-26 16:00:00,2020-06-26 18:00:00,83.858,1.9657645194034143,0.1468849247841013
30,T1946,2020-06-29,2020-06-29 16:00:00,2020-06-29 18:00:00,87.584,2.03715227657036,0.2272026578049055
31,T1946,2020-07-01,2020-07-01 16:00:00,2020-07-01 18:00:00,88.124,2.0561806170748484,0.1662084665394939
32,T1946,2020-07-02,2020-07-02 16:00:00,2020-07-02 18:00:00,88.664,2.067568400892171,0.2509093505759824
33,T1946,2020-07-03,2020-07-03 16:00:00,2020-07-03 18:00:00,90.338,2.1037685917261,0.2325370742353326
34,T1946,2020-07-06,2020-07-06 15:00:00,2020-07-06 17:00:00,91.076,2.131000212690708,0.3012740478562707
35,T1946,2020-07-07,2020-07-07 15:00:00,2020-07-07 17:00:00,89.924,2.112860534114761,0.3180540148224763
36,T1946,2020-07-08,2020-07-08 16:00:00,2020-07-08 18:00:00,91.616,2.154322656574068,0.2592140598785717
37,T1946,2020-07-09,2020-07-09 15:00:00,2020-07-09 17:00:00,90.752,2.135895046592154,0.3130593403304969
38,T1946,2020-07-15,2020-07-15 16:00:00,2020-07-15 18:00:00,89.708,2.135479748941308,0.2740707454432259
39,T1946,2020-07-20,2020-07-20 15:00:00,2020-07-20 17:00:00,89.654,2.161778778080845,0.3314647535235246
40,T1946,2020-07-21,2020-07-21 16:00:00,2020-07-21 18:00:00,90.698,2.1849084910877394,0.3260517129408508
41,T1946,2020-07-22,2020-07-22 16:00:00,2020-07-22 18:00:00,83.732,2.0102702946203115,0.2939889997580568
42,T1946,2020-07-27,2020-07-27 15:00:00,2020-07-27 17:00:00,90.392,2.1900603172010182,0.2733274581751909
43,T1946,2020-07-28,2020-07-28 16:00:00,2020-07-28 18:00:00,86.53999999999999,2.1085582943915,0.3317653848320128
44,T1946,2020-07-29,2020-07-29 16:00:00,2020-07-29 18:00:00,88.988,2.1726557008995697,0.5305835484853029
45,T1946,2020-08-04,2020-08-04 14:00:00,2020-08-04 15:00:00,77.756,1.9238916020891648,0.2580603447580967
46,T1946,2020-08-10,2020-08-10 16:00:00,2020-08-10 18:00:00,86.504,2.131200414813253,0.4159574077422277
47,T1946,2020-08-25,2020-08-25 16:00:00,2020-08-25 18:00:00,91.13,2.282817338463489,0.3696456700633184
48,T1946,2020-08-27,2020-08-27 16:00:00,2020-08-27 18:00:00,85.262,2.1403514089195963,0.2600998750546582
49,T1946,2021-06-24,2021-06-24 14:00:00,2021-06-24 15:00:00,83.98400000000001,2.0993193976193294,0.2622136094681209
50,T1946,2021-05-25,2021-05-25 13:00:00,2021-05-25 13:30:00,86.936,1.9303696996365047,-0.1915054741342186
51,T1946,2021-05-26,2021-05-26 13:00:00,2021-05-26 13:30:00,77.378,1.808098800312824,-0.1353218603184302
52,T1946,2021-06-28,2021-06-28 16:00:00,2021-06-28 18:00:00,89.54599999999999,2.2180350931428987,0.2645187865937354
53,T1946,2021-06-29,2021-06-29 16:00:00,2021-06-29 18:00:00,91.58,2.2827202492767764,0.2491077590667413
54,T1946,2021-06-30,2021-06-30 15:00:00,2021-06-30 17:00:00,84.902,2.135073813529926,0.2047631513781909
55,T1946,2021-07-06,2021-07-06 16:00:00,2021-07-06 18:00:00,90.05000000000001,2.2582974886812,0.2487452580373838
56,T1946,2021-07-26,2021-07-26 16:00:00,2021-07-26 18:00:00,88.77199999999999,2.300586930242092,0.4274426249239863
57,T1946,2021-07-27,2021-07-27 16:00:00,2021-07-27 18:00:00,88.97,2.29585092578276,0.4321050589354843
58,T1946,2021-08-10,2021-08-10 16:00:00,2021-08-10 18:00:00,88.016,2.281396905087126,0.3672238332939865
59,T1946,2021-08-11,2021-08-11 16:00:00,2021-08-11 18:00:00,91.598,2.400686332003344,0.4197948051074724
60,T1946,2021-08-12,2021-08-12 16:00:00,2021-08-12 18:00:00,93.452,2.44949553500116,0.4196278546226321
61,T1946,2021-08-13,2021-08-13 16:00:00,2021-08-13 17:00:00,88.46600000000001,2.322362639989086,0.3289139630703903
62,T1946,2021-08-24,2021-08-24 16:00:00,2021-08-24 18:00:00,92.876,2.447274769165897,0.4738225597236422
63,T1946,2021-08-25,2021-08-25 16:00:00,2021-08-25 18:00:00,88.412,2.3139218467427147,0.432768438612951
64,T1946,2021-08-26,2021-08-26 16:00:00,2021-08-26 18:00:00,90.986,2.399340426419591,0.4076467542202475
65,T1946,2021-08-27,2021-08-27 15:00:00,2021-08-27 17:00:00,91.454,2.4089240296193712,0.3924087645731863
0,T1969,2018-06-18,2018-06-18 15:00:00,2018-06-18 18:00:00,92.3,2.459783180107175,-0.0175444420296283
1,T1969,2018-06-19,2018-06-19 15:00:00,2018-06-19 18:00:00,85.44200000000001,2.3722953916884864,0.1434418498529406
2,T1969,2018-06-26,2018-06-26 14:00:00,2018-06-26 15:00:00,81.86,2.333088407123957,0.1636016333655184
3,T1969,2018-06-29,2018-06-29 16:00:00,2018-06-29 18:00:00,88.268,2.3981447431764136,0.1404490863339797
4,T1969,2018-07-02,2018-07-02 16:00:00,2018-07-02 18:00:00,88.97,2.443150701854127,0.2420827795364061
5,T1969,2018-07-03,2018-07-03 16:00:00,2018-07-03 18:00:00,90.482,2.4441881543842774,0.108900828159838
6,T1969,2018-07-05,2018-07-05 15:00:00,2018-07-05 17:00:00,91.148,2.4696057413729573,0.0615149731442927
7,T1969,2018-07-16,2018-07-16 16:00:00,2018-07-16 18:00:00,86.936,2.407947986633716,-0.0579523073432667
8,T1969,2018-08-06,2018-08-06 14:00:00,2018-08-06 18:00:00,88.952,2.504830469433367,0.111319854706371
9,T1969,2018-08-27,2018-08-27 16:00:00,2018-08-27 18:00:00,89.96000000000001,2.5839294408009827,0.0938145041254384
10,T1969,2018-08-28,2018-08-28 15:00:00,2018-08-28 18:00:00,90.266,2.607923564300427,0.1931811982540636
11,T1969,2018-08-29,2018-08-29 15:00:00,2018-08-29 17:00:00,89.492,2.594876759647604,0.1185721468593647
12,T1969,2019-06-26,2019-06-26 16:00:00,2019-06-26 18:00:00,88.61,2.4321295142557124,0.4501524842762352
13,T1969,2019-06-27,2019-06-27 16:00:00,2019-06-27 18:00:00,87.926,2.3696655053093814,0.4121873134682745
14,T1969,2019-06-28,2019-06-28 15:00:00,2019-06-28 17:00:00,90.194,2.437254766271822,0.4293123085282924
15,T1969,2019-07-02,2019-07-02 16:00:00,2019-07-02 18:00:00,91.382,2.491827619133788,0.5145196015406148
16,T1969,2019-07-03,2019-07-03 16:00:00,2019-07-03 18:00:00,85.532,2.359670633972783,0.350124021116154
17,T1969,2019-07-10,2019-07-10 16:00:00,2019-07-10 18:00:00,90.428,2.61694373009544,0.6071628785174464
18,T1969,2019-07-15,2019-07-15 16:00:00,2019-07-15 18:00:00,91.418,2.626346449196652,0.6361357277615808
19,T1969,2019-07-16,2019-07-16 16:00:00,2019-07-16 18:00:00,89.22200000000001,2.537582503565482,0.6075708104927601
20,T1969,2019-07-17,2019-07-17 16:00:00,2019-07-17 18:00:00,85.838,2.499056573132278,0.5792090072369229
21,T1969,2019-07-18,2019-07-18 16:00:00,2019-07-18 18:00:00,89.6,2.562536480629076,0.6139958417422103
22,T1969,2019-07-19,2019-07-19 16:00:00,2019-07-19 18:00:00,91.166,2.655787989151329,0.5597147039212035
23,T1969,2019-07-29,2019-07-29 16:00:00,2019-07-29 18:00:00,88.754,2.603706027495713,0.6555545327167103
24,T1969,2019-08-19,2019-08-19 03:00:00,2019-08-19 05:00:00,88.628,2.650616059355777,0.0053596343102405
25,T1969,2019-08-20,2019-08-20 16:00:00,2019-08-20 18:00:00,90.932,2.761741454928677,0.4129765731296357
26,T1969,2020-06-18,2020-06-18 16:30:00,2020-06-18 17:00:00,78.44,2.063036231628168,0.2629622837277375
27,T1969,2020-06-22,2020-06-22 16:00:00,2020-06-22 18:00:00,84.902,2.2078570688698207,0.416890359694211
28,T1969,2020-06-23,2020-06-23 16:00:00,2020-06-23 18:00:00,77.414,2.070402503646392,0.3585558693018277
29,T1969,2020-06-25,2020-06-25 14:00:00,2020-06-25 15:00:00,81.80600000000001,2.177150960090622,0.4510005445934562
30,T1969,2020-06-26,2020-06-26 16:00:00,2020-06-26 18:00:00,85.56800000000001,2.268513383616511,0.3928044497297817
31,T1969,2020-06-29,2020-06-29 16:00:00,2020-06-29 18:00:00,89.258,2.3622594718105567,0.4718617680402873
32,T1969,2020-07-01,2020-07-01 16:00:00,2020-07-01 18:00:00,88.59200000000001,2.353536959934954,0.4531368369056833
33,T1969,2020-07-02,2020-07-02 16:00:00,2020-07-02 18:00:00,88.718,2.356407115401037,0.4344546654296516
34,T1969,2020-07-03,2020-07-03 16:00:00,2020-07-03 18:00:00,91.13,2.413066110342613,0.4140682463963242
35,T1969,2020-07-06,2020-07-06 15:00:00,2020-07-06 17:00:00,93.74,2.5066353473502727,0.509551998970341
36,T1969,2020-07-07,2020-07-07 15:00:00,2020-07-07 17:00:00,91.454,2.456292262430116,0.4454317309990646
37,T1969,2020-07-08,2020-07-08 16:00:00,2020-07-08 18:00:00,91.58,2.450355804640356,0.4857234786271461
38,T1969,2020-07-09,2020-07-09 15:00:00,2020-07-09 17:00:00,93.524,2.496103503100464,0.5392782975685462
39,T1969,2020-07-15,2020-07-15 16:00:00,2020-07-15 18:00:00,89.63600000000001,2.4486399891471926,0.4907588035456556
40,T1969,2020-07-20,2020-07-20 15:00:00,2020-07-20 17:00:00,87.422,2.435086574617101,0.5053857668092472
41,T1969,2020-07-21,2020-07-21 16:00:00,2020-07-21 18:00:00,89.096,2.4644186119295224,0.517166174807467
42,T1969,2020-07-22,2020-07-22 16:00:00,2020-07-22 18:00:00,83.44399999999999,2.34090674133893,0.4505080206748094
43,T1969,2020-07-27,2020-07-27 15:00:00,2020-07-27 17:00:00,90.896,2.5662431285813443,0.5038400877796828
44,T1969,2020-07-28,2020-07-28 16:00:00,2020-07-28 18:00:00,85.226,2.398366799707222,0.57103869435444
45,T1969,2020-07-29,2020-07-29 16:00:00,2020-07-29 18:00:00,89.474,2.5075131919752907,0.5641311910160773
46,T1969,2020-08-10,2020-08-10 16:00:00,2020-08-10 18:00:00,88.322,2.5074061109154293,0.6517570256735666
47,T1969,2020-08-25,2020-08-25 16:00:00,2020-08-25 18:00:00,89.906,2.6092791391236605,0.6719052107663873
48,T1969,2020-08-27,2020-08-27 16:00:00,2020-08-27 18:00:00,87.152,2.523955762112183,0.616631559345253
49,T1969,2021-06-24,2021-06-24 14:00:00,2021-06-24 15:00:00,84.506,2.315271232241788,0.4980843354012549
51,T1969,2021-05-26,2021-05-26 13:00:00,2021-05-26 13:30:00,80.852,2.0086135528871143,0.0549528550528455
52,T1969,2021-06-28,2021-06-28 16:00:00,2021-06-28 18:00:00,90.302,2.457117473604691,0.4774529393977177
53,T1969,2021-06-29,2021-06-29 16:00:00,2021-06-29 18:00:00,91.904,2.498239981351022,0.4607562970665373
54,T1969,2021-06-30,2021-06-30 15:00:00,2021-06-30 17:00:00,84.632,2.3226550163450272,0.4136057596679083
55,T1969,2021-07-06,2021-07-06 16:00:00,2021-07-06 18:00:00,90.68,2.483158986419635,0.5407604960898804
56,T1969,2021-07-26,2021-07-26 16:00:00,2021-07-26 18:00:00,88.48400000000001,2.539570900473845,0.6545134291985666
57,T1969,2021-07-27,2021-07-27 16:00:00,2021-07-27 18:00:00,88.376,2.539929711848764,0.681651736558714
58,T1969,2021-08-10,2021-08-10 16:00:00,2021-08-10 18:00:00,86.594,2.5280889830226143,0.6041780544279097
59,T1969,2021-08-11,2021-08-11 16:00:00,2021-08-11 18:00:00,89.672,2.6139384493990234,0.5428078676721355
60,T1969,2021-08-12,2021-08-12 16:00:00,2021-08-12 18:00:00,91.166,2.659108871169571,0.5912575219761848
61,T1969,2021-08-13,2021-08-13 16:00:00,2021-08-13 17:00:00,88.214,2.579162357638176,0.546720486021305
62,T1969,2021-08-24,2021-08-24 16:00:00,2021-08-24 18:00:00,91.472,2.686059317625962,0.7771956248368675
63,T1969,2021-08-25,2021-08-25 16:00:00,2021-08-25 18:00:00,85.964,2.490426831499069,0.5906550218234744
64,T1969,2021-08-26,2021-08-26 16:00:00,2021-08-26 18:00:00,88.286,2.5982421457236264,0.6926512572777065
65,T1969,2021-08-27,2021-08-27 15:00:00,2021-08-27 17:00:00,90.896,2.664404215622457,0.7990224347526875
0,T1972,2018-06-18,2018-06-18 15:00:00,2018-06-18 18:00:00,92.174,2.392474896664864,0.0488359839595099
1,T1972,2018-06-19,2018-06-19 15:00:00,2018-06-19 18:00:00,86.30600000000001,2.313224057221966,0.1088570659062813
2,T1972,2018-06-26,2018-06-26 14:00:00,2018-06-26 15:00:00,82.202,2.2552809805593586,-0.0100222593683273
3,T1972,2018-06-29,2018-06-29 16:00:00,2018-06-29 18:00:00,89.114,2.342637074041841,0.0113060780473599
4,T1972,2018-07-02,2018-07-02 16:00:00,2018-07-02 18:00:00,89.87,2.4103200037226067,0.2190181368469338
5,T1972,2018-07-03,2018-07-03 16:00:00,2018-07-03 18:00:00,90.68,2.4056192126768727,0.0106388529777602
6,T1972,2018-07-05,2018-07-05 15:00:00,2018-07-05 17:00:00,91.382,2.436091513667843,-0.0182723985109449
7,T1972,2018-07-16,2018-07-16 16:00:00,2018-07-16 18:00:00,87.386,2.319105981974065,0.0472999660847422
8,T1972,2018-08-06,2018-08-06 14:00:00,2018-08-06 18:00:00,89.384,2.459452625444308,0.2014039160956216
9,T1972,2018-08-27,2018-08-27 16:00:00,2018-08-27 18:00:00,89.97800000000001,2.5564496507744288,0.2500295834758028
10,T1972,2018-08-28,2018-08-28 15:00:00,2018-08-28 18:00:00,90.698,2.5666135818079145,0.8582662352935957
11,T1972,2018-08-29,2018-08-29 15:00:00,2018-08-29 17:00:00,89.384,2.5481208739553223,0.3354708970507991
12,T1972,2019-06-26,2019-06-26 16:00:00,2019-06-26 18:00:00,89.294,2.175722398988327,0.1863127200221648
13,T1972,2019-06-27,2019-06-27 16:00:00,2019-06-27 18:00:00,87.25999999999999,2.150693391205748,0.1623210178745143
14,T1972,2019-06-28,2019-06-28 15:00:00,2019-06-28 17:00:00,90.788,2.2420632263079536,0.1798013856075351
15,T1972,2019-07-02,2019-07-02 16:00:00,2019-07-02 18:00:00,92.03,2.3017973297260035,0.227031313141252
16,T1972,2019-07-03,2019-07-03 16:00:00,2019-07-03 18:00:00,86.30600000000001,2.190890678313516,0.2209063233009771
17,T1972,2019-07-10,2019-07-10 16:00:00,2019-07-10 18:00:00,90.644,2.358263614466701,0.3771495093314125
18,T1972,2019-07-15,2019-07-15 16:00:00,2019-07-15 18:00:00,91.652,2.362556321235605,0.3492612593642705
19,T1972,2019-07-16,2019-07-16 16:00:00,2019-07-16 18:00:00,89.798,2.336155747213048,0.3763209487871941
20,T1972,2019-07-17,2019-07-17 16:00:00,2019-07-17 18:00:00,84.686,2.167212350857276,0.3394300474443667
21,T1972,2019-07-18,2019-07-18 16:00:00,2019-07-18 18:00:00,90.734,2.337752060991156,0.3151227600965932
22,T1972,2019-07-19,2019-07-19 16:00:00,2019-07-19 18:00:00,91.346,2.384290747291385,0.210623395661251
23,T1972,2019-07-29,2019-07-29 16:00:00,2019-07-29 18:00:00,89.024,2.322081211054683,0.5728458935896825
24,T1972,2019-08-19,2019-08-19 03:00:00,2019-08-19 05:00:00,88.304,2.20877887743688,-0.0695254603921531
25,T1972,2019-08-20,2019-08-20 16:00:00,2019-08-20 18:00:00,91.454,2.321009106902667,0.2413214025778939
26,T1972,2020-06-18,2020-06-18 16:30:00,2020-06-18 17:00:00,77.612,1.696209037278666,0.0257670784963437
27,T1972,2020-06-22,2020-06-22 16:00:00,2020-06-22 18:00:00,83.57,1.8128187349030445,0.1773548320867351
28,T1972,2020-06-23,2020-06-23 16:00:00,2020-06-23 18:00:00,79.664,1.7435611294752695,0.1004327468873854
29,T1972,2020-06-25,2020-06-25 14:00:00,2020-06-25 15:00:00,81.75200000000001,1.7866427500851982,0.1685333108672079
30,T1972,2020-06-26,2020-06-26 16:00:00,2020-06-26 18:00:00,85.91,1.857585244718607,0.1632844217629899
31,T1972,2020-06-29,2020-06-29 16:00:00,2020-06-29 18:00:00,89.708,1.9404792431787696,0.2415869371017756
32,T1972,2020-07-01,2020-07-01 16:00:00,2020-07-01 18:00:00,89.312,1.941645615724719,0.2778543269691305
33,T1972,2020-07-02,2020-07-02 16:00:00,2020-07-02 18:00:00,90.176,1.9620270098495385,0.2600984304047439
34,T1972,2020-07-03,2020-07-03 16:00:00,2020-07-03 18:00:00,92.606,2.0074976372314493,0.3174988359302814
35,T1972,2020-07-06,2020-07-06 15:00:00,2020-07-06 17:00:00,94.604,2.076170132814549,0.3434577857732315
36,T1972,2020-07-07,2020-07-07 15:00:00,2020-07-07 17:00:00,92.3,2.032928705371194,0.3263772728235246
37,T1972,2020-07-08,2020-07-08 16:00:00,2020-07-08 18:00:00,91.4,2.0106573408836668,0.3114816818723881
38,T1972,2020-07-09,2020-07-09 15:00:00,2020-07-09 17:00:00,93.47,2.050516559844186,0.3423457834426006
39,T1972,2020-07-15,2020-07-15 16:00:00,2020-07-15 18:00:00,89.582,1.9995110649862944,0.3578884614610921
40,T1972,2020-07-20,2020-07-20 15:00:00,2020-07-20 17:00:00,89.94200000000001,2.041007591777703,0.2795076967459399
41,T1972,2020-07-21,2020-07-21 16:00:00,2020-07-21 18:00:00,89.744,2.0326122122459283,0.3121046706465739
42,T1972,2020-07-22,2020-07-22 16:00:00,2020-07-22 18:00:00,83.66,1.9174758914139896,0.2097449306086447
43,T1972,2020-07-27,2020-07-27 15:00:00,2020-07-27 17:00:00,92.246,2.115231565384492,0.3786537733462723
44,T1972,2020-07-28,2020-07-28 16:00:00,2020-07-28 18:00:00,86.72,2.00795177465887,0.4158880822218308
45,T1972,2020-07-29,2020-07-29 16:00:00,2020-07-29 18:00:00,89.654,2.074550064131906,0.4524555017241758
46,T1972,2020-08-10,2020-08-10 16:00:00,2020-08-10 18:00:00,88.55600000000001,2.105491995841313,0.4594406179140069
47,T1972,2020-08-25,2020-08-25 16:00:00,2020-08-25 18:00:00,91.148,2.2016245420727407,0.2427147429016943
48,T1972,2020-08-27,2020-08-27 16:00:00,2020-08-27 18:00:00,86.81,2.095422828872703,0.3413281235860807
49,T1972,2021-06-24,2021-06-24 14:00:00,2021-06-24 15:00:00,86.162,2.032877340667804,0.197397034195072
50,T1972,2021-05-25,2021-05-25 13:00:00,2021-05-25 13:30:00,89.096,1.8928797326846447,-0.1312272832989627
51,T1972,2021-05-26,2021-05-26 13:00:00,2021-05-26 13:30:00,82.904,1.8181306638631625,-0.0268516965261476
52,T1972,2021-06-28,2021-06-28 16:00:00,2021-06-28 18:00:00,89.798,2.0739421605801214,0.1490921180373501
53,T1972,2021-06-29,2021-06-29 16:00:00,2021-06-29 18:00:00,94.496,2.180558626717762,0.1116332495917023
54,T1972,2021-06-30,2021-06-30 15:00:00,2021-06-30 17:00:00,84.632,2.029424448865406,0.0806682640454842
55,T1972,2021-07-06,2021-07-06 16:00:00,2021-07-06 18:00:00,90.788,2.151116790578106,0.0850210931444091
56,T1972,2021-07-26,2021-07-26 16:00:00,2021-07-26 18:00:00,89.474,2.277701889388781,0.333206386550086
57,T1972,2021-07-27,2021-07-27 16:00:00,2021-07-27 18:00:00,89.582,2.2874239677482016,0.3822137732053095
58,T1972,2021-08-10,2021-08-10 16:00:00,2021-08-10 18:00:00,86.612,2.2737151903173984,0.2476233940261928
59,T1972,2021-08-11,2021-08-11 16:00:00,2021-08-11 18:00:00,89.834,2.346484583717056,0.3598019595357297
60,T1972,2021-08-12,2021-08-12 16:00:00,2021-08-12 18:00:00,91.652,2.3880960917977525,0.3024848782987661
61,T1972,2021-08-13,2021-08-13 16:00:00,2021-08-13 17:00:00,89.006,2.328926557136664,0.2893585567961967
62,T1972,2021-08-24,2021-08-24 16:00:00,2021-08-24 18:00:00,91.976,2.410141568247695,0.5713959762601237
63,T1972,2021-08-25,2021-08-25 16:00:00,2021-08-25 18:00:00,86.612,2.252936273794742,0.3697670298571664
64,T1972,2021-08-26,2021-08-26 16:00:00,2021-08-26 18:00:00,87.494,2.318609496827581,0.4394483364611726
65,T1972,2021-08-27,2021-08-27 15:00:00,2021-08-27 17:00:00,90.446,2.3765871430275816,0.4786736678109861
0,T2095,2018-06-28,2018-06-28 14:00:00,2018-06-28 18:00:00,96.134,3.1366722762867667,0.4177007598225682
1,T2095,2018-07-19,2018-07-19 14:00:00,2018-07-19 18:00:00,100.184,3.448074716530201,0.7671864933532355
3,T2095,2019-08-07,2019-08-07 14:00:00,2019-08-07 18:00:00,93.362,3.276944523048198,0.3886409577568985
4,T2095,2019-08-12,2019-08-12 14:00:00,2019-08-12 18:00:00,97.592,3.5128298697222258,0.6466575254159342
5,T2095,2019-08-20,2019-08-20 15:00:00,2019-08-20 18:00:00,98.654,3.566119138971044,0.7417541732613346
6,T2095,2020-06-16,2020-06-16 14:00:00,2020-06-16 15:00:00,91.076,2.4501392531854527,0.5564690939505686
7,T2095,2021-06-14,2021-06-14 14:00:00,2021-06-14 15:00:00,91.742,2.610790635314812,0.5265705112727574
8,T2095,2021-06-17,2021-06-17 15:00:00,2021-06-17 18:00:00,97.16,2.81752932985515,0.5854223325543692
9,T2095,2021-07-29,2021-07-29 14:00:00,2021-07-29 17:00:00,95.774,2.9071947940480203,0.5836841780612232
10,T2095,2021-07-30,2021-07-30 15:00:00,2021-07-30 17:00:00,96.404,2.9333930010517504,0.5151711288908197
11,T2095,2021-08-12,2021-08-12 14:00:00,2021-08-12 17:00:00,97.088,2.9342658808073363,0.6727030321669012
12,T2095,2021-08-24,2021-08-24 15:00:00,2021-08-24 17:00:00,97.106,2.914710049912756,0.6678076009025934
13,T2095,2021-08-25,2021-08-25 15:00:00,2021-08-25 18:00:00,96.728,2.9086372230295314,0.656034264381181
0,T2161,2018-05-30,2018-05-30 16:00:00,2018-05-30 17:00:00,85.946,2.060113846271618,-0.1029771395235646
1,T2161,2018-06-18,2018-06-18 15:00:00,2018-06-18 18:00:00,91.886,2.2535138575232248,-0.1110894847292802
2,T2161,2018-06-19,2018-06-19 15:00:00,2018-06-19 18:00:00,79.394,2.066582493504786,0.6685121974127178
3,T2161,2018-06-29,2018-06-29 16:00:00,2018-06-29 18:00:00,89.27600000000001,2.1683244326594227,-0.2390783133578685
4,T2161,2018-07-02,2018-07-02 16:00:00,2018-07-02 18:00:00,87.512,2.1666850623736567,0.1298376309161835
5,T2161,2018-07-03,2018-07-03 16:00:00,2018-07-03 18:00:00,87.53,2.1591547960384534,0.1224681002735168
6,T2161,2018-07-05,2018-07-05 15:00:00,2018-07-05 17:00:00,86.0,2.1483488460727527,-0.0139203672611225
7,T2161,2018-07-16,2018-07-16 16:00:00,2018-07-16 18:00:00,88.628,2.270414429316922,-0.1783634958361952
8,T2161,2018-08-06,2018-08-06 14:00:00,2018-08-06 18:00:00,88.53800000000001,2.486191383162283,0.0465877388111515
9,T2161,2018-08-15,2018-08-15 14:00:00,2018-08-15 16:00:00,85.766,2.48103581575954,0.3263317089978828
10,T2161,2018-08-27,2018-08-27 16:00:00,2018-08-27 18:00:00,89.924,2.6885203344022504,0.4746221279827184
11,T2161,2018-08-28,2018-08-28 15:00:00,2018-08-28 18:00:00,90.806,2.720789743551317,0.4901361613637833
12,T2161,2018-08-29,2018-08-29 15:00:00,2018-08-29 17:00:00,89.6,2.676696064421193,0.3449950320938876
13,T2161,2019-06-26,2019-06-26 16:00:00,2019-06-26 18:00:00,85.874,2.190725960442961,-0.1127545303817889
14,T2161,2019-06-27,2019-06-27 16:00:00,2019-06-27 18:00:00,86.792,2.229752567555878,-0.1665341280321796
15,T2161,2019-06-28,2019-06-28 15:00:00,2019-06-28 17:00:00,89.54599999999999,2.274044810579704,-0.111356481848282
16,T2161,2019-07-02,2019-07-02 16:00:00,2019-07-02 18:00:00,89.762,2.349191818001012,-0.1696842390281127
17,T2161,2019-07-03,2019-07-03 16:00:00,2019-07-03 18:00:00,83.606,2.2172044315782964,-0.2135981718820443
18,T2161,2019-07-10,2019-07-10 16:00:00,2019-07-10 18:00:00,90.86,2.4944402337432594,0.0286862222780721
19,T2161,2019-07-15,2019-07-15 16:00:00,2019-07-15 18:00:00,89.50999999999999,2.515301087971318,0.0959450865271826
20,T2161,2019-07-16,2019-07-16 16:00:00,2019-07-16 18:00:00,85.676,2.412141726416627,0.059497808588734
21,T2161,2019-07-17,2019-07-17 16:00:00,2019-07-17 18:00:00,82.05799999999999,2.299872709134114,-0.0384677008866295
22,T2161,2019-07-18,2019-07-18 16:00:00,2019-07-18 18:00:00,89.024,2.5054941209883808,0.0089691269834832
23,T2161,2019-07-19,2019-07-19 16:00:00,2019-07-19 18:00:00,91.922,2.5818394968682066,-0.060076820390375
24,T2161,2019-07-29,2019-07-29 16:00:00,2019-07-29 18:00:00,86.846,2.5257757128641813,0.1610142571895788
25,T2161,2019-08-08,2019-08-08 14:00:00,2019-08-08 16:00:00,80.528,2.370030636689429,0.2029207293155715
26,T2161,2019-08-19,2019-08-19 03:00:00,2019-08-19 05:00:00,83.12,2.494932791577072,-0.053317789695135
27,T2161,2019-08-20,2019-08-20 16:00:00,2019-08-20 18:00:00,88.53800000000001,2.690478487974432,0.2715403289852972
28,T2161,2020-06-18,2020-06-18 16:30:00,2020-06-18 17:00:00,82.184,1.9427995569934595,-0.0974004360865468
29,T2161,2020-06-22,2020-06-22 16:00:00,2020-06-22 18:00:00,76.69399999999999,1.857646026570844,0.1138205477559616
30,T2161,2020-06-23,2020-06-23 16:00:00,2020-06-23 18:00:00,77.036,1.8821888546912573,0.0938378024663468
31,T2161,2020-06-26,2020-06-26 16:00:00,2020-06-26 18:00:00,81.95,1.9732172828327488,0.2167977765784986
32,T2161,2020-06-29,2020-06-29 16:00:00,2020-06-29 18:00:00,83.138,2.015527079483445,0.0012018359004813
33,T2161,2020-07-01,2020-07-01 16:00:00,2020-07-01 18:00:00,82.652,2.004272597579218,0.0248510787382538
34,T2161,2020-07-02,2020-07-02 16:00:00,2020-07-02 18:00:00,86.018,2.0672627027784225,0.025251816086272
35,T2161,2020-07-03,2020-07-03 16:00:00,2020-07-03 18:00:00,88.07,2.1043157058367776,-0.0660114655806791
36,T2161,2020-07-06,2020-07-06 15:00:00,2020-07-06 17:00:00,90.644,2.1658056503155163,0.0904792328771786
37,T2161,2020-07-07,2020-07-07 15:00:00,2020-07-07 17:00:00,87.656,2.090201300395089,0.3158029092280931
38,T2161,2020-07-08,2020-07-08 16:00:00,2020-07-08 18:00:00,90.21200000000002,2.1569110209131126,-0.0423178529177733
39,T2161,2020-07-09,2020-07-09 15:00:00,2020-07-09 17:00:00,91.958,2.186409504130153,-0.1294846054067401
40,T2161,2020-07-15,2020-07-15 16:00:00,2020-07-15 18:00:00,87.44,2.1484763007710725,0.1087509831224977
41,T2161,2020-07-20,2020-07-20 15:00:00,2020-07-20 17:00:00,84.452,2.129361272328118,0.0263178363874799
42,T2161,2020-07-21,2020-07-21 16:00:00,2020-07-21 18:00:00,84.758,2.135766727659961,-0.0424406367068677
43,T2161,2020-07-22,2020-07-22 16:00:00,2020-07-22 18:00:00,83.732,2.112993924884828,0.0093591524353908
44,T2161,2020-07-27,2020-07-27 15:00:00,2020-07-27 17:00:00,88.05199999999999,2.2400860455835723,0.1114850660885703
45,T2161,2020-07-28,2020-07-28 16:00:00,2020-07-28 18:00:00,83.174,2.137341038325225,0.0135547602521196
46,T2161,2020-07-29,2020-07-29 16:00:00,2020-07-29 18:00:00,87.152,2.226739112710189,0.0223324863351154
47,T2161,2020-08-10,2020-08-10 16:00:00,2020-08-10 18:00:00,89.672,2.342512845587391,0.3410697634311541
48,T2161,2020-08-12,2020-08-12 14:30:00,2020-08-12 16:00:00,84.05600000000001,2.2036505603050385,0.2987673086616449
49,T2161,2020-08-25,2020-08-25 16:00:00,2020-08-25 18:00:00,83.138,2.152440260299973,0.2975878733371579
50,T2161,2020-08-27,2020-08-27 16:00:00,2020-08-27 18:00:00,88.77199999999999,2.323841543004002,0.2670457049276275
51,T2161,2019-05-17,2019-05-17 11:30:00,2019-05-17 12:30:00,66.74000000000001,1.7179065031931335,-0.0756315238244409
53,T2161,2021-06-16,2021-06-16 16:00:00,2021-06-16 16:30:00,70.48400000000001,1.898474944638184,0.2019070370634823
54,T2161,2021-06-28,2021-06-28 16:00:00,2021-06-28 18:00:00,88.826,2.297218439604665,0.2338045224791359
55,T2161,2021-06-29,2021-06-29 16:00:00,2021-06-29 18:00:00,89.384,2.307901443590909,0.0127523963466311
56,T2161,2021-06-30,2021-06-30 15:00:00,2021-06-30 17:00:00,80.96000000000001,2.132069705850113,0.0160574940813456
57,T2161,2021-07-06,2021-07-06 16:00:00,2021-07-06 18:00:00,89.33000000000001,2.3349838115233883,0.1037335637971068
58,T2161,2021-07-07,2021-07-07 15:00:00,2021-07-07 17:00:00,85.82,2.2597317988281254,0.1113227810144902
59,T2161,2021-07-26,2021-07-26 16:00:00,2021-07-26 18:00:00,84.974,2.365298717552571,0.4669034663079037
60,T2161,2021-07-27,2021-07-27 16:00:00,2021-07-27 18:00:00,85.838,2.3870242881823294,0.3855061436624998
61,T2161,2021-08-10,2021-08-10 16:00:00,2021-08-10 18:00:00,84.02,2.382510177212496,0.3686542840326493
62,T2161,2021-08-11,2021-08-11 16:00:00,2021-08-11 18:00:00,87.476,2.4962073145880272,0.6113039801086197
63,T2161,2021-08-12,2021-08-12 16:00:00,2021-08-12 18:00:00,87.85400000000001,2.5038934912594755,0.3700373763923492
64,T2161,2021-08-13,2021-08-13 16:00:00,2021-08-13 17:00:00,85.622,2.4426731836252,0.1439312235699252
65,T2161,2021-08-24,2021-08-24 16:00:00,2021-08-24 18:00:00,89.528,2.6441213482312715,0.395859546304113
66,T2161,2021-08-25,2021-08-25 14:00:00,2021-08-25 16:00:00,84.434,2.436046096480309,0.5574624326736872
67,T2161,2021-08-26,2021-08-26 16:00:00,2021-08-26 18:00:00,87.008,2.546852180432993,0.4165147629602901
68,T2161,2021-08-27,2021-08-27 15:00:00,2021-08-27 17:00:00,86.756,2.538463072564512,0.4930197004789655
0,T2176,2020-05-13,2020-05-13 13:00:00,2020-05-13 14:00:00,90.14,2.2130269037282777,-0.1290996674458523
1,T2176,2020-07-10,2020-07-10 16:00:00,2020-07-10 18:00:00,110.408,3.043999007021626,0.6645939965409817
2,T2176,2020-07-13,2020-07-13 16:00:00,2020-07-13 18:00:00,110.75,3.144013892855991,0.6666437603847507
3,T2176,2020-07-28,2020-07-28 18:00:00,2020-07-28 20:00:00,112.226,3.218209571189385,0.7262862657335661
4,T2176,2020-08-01,2020-08-01 14:00:00,2020-08-01 17:00:00,109.616,3.084110474245832,0.4093858063524461
5,T2176,2020-08-14,2020-08-14 18:00:00,2020-08-14 20:00:00,115.268,3.445705644749602,0.650183448011253
6,T2176,2020-08-17,2020-08-17 18:00:00,2020-08-17 20:00:00,112.982,3.3571547769865533,0.5307430177100412
7,T2176,2020-08-18,2020-08-18 17:00:00,2020-08-18 19:00:00,112.784,3.361941178143607,0.7442696979894527
8,T2176,2020-08-24,2020-08-24 17:00:00,2020-08-24 19:00:00,114.332,3.448387689266537,0.8681386720661002
9,T2176,2020-09-04,2020-09-04 16:00:00,2020-09-04 18:00:00,113.99,3.436925370154495,1.0139318599239515
10,T2176,2021-06-17,2021-06-17 18:00:00,2021-06-17 21:00:00,116.528,3.337745754608048,0.6187594535527483
11,T2176,2021-06-18,2021-06-18 16:00:00,2021-06-18 19:00:00,116.24,3.3302294730540805,0.529006533494968
12,T2176,2021-07-20,2021-07-20 15:00:00,2021-07-20 17:00:00,107.186,3.2670738757828373,0.7091666221188369
13,T2176,2021-08-02,2021-08-02 17:00:00,2021-08-02 20:00:00,108.716,3.3319314001041054,0.6352913980199204
14,T2176,2021-08-04,2021-08-04 16:00:00,2021-08-04 19:00:00,113.864,3.552657181393959,0.7877068357845318
15,T2176,2021-08-05,2021-08-05 16:00:00,2021-08-05 19:00:00,107.744,3.2878977828805915,0.7208590034596577
16,T2176,2021-08-26,2021-08-26 16:00:00,2021-08-26 19:00:00,109.256,3.420203631765076,0.8987440942072319
1,T2211,2018-06-18,2018-06-18 15:00:00,2018-06-18 18:00:00,87.386,2.416524411199389,0.0718973939234593
2,T2211,2018-07-02,2018-07-02 15:00:00,2018-07-02 18:00:00,92.3,2.6628859472433724,0.2231979508222166
3,T2211,2018-07-03,2018-07-03 15:00:00,2018-07-03 18:00:00,77.414,2.4075984674010016,0.258296333507315
4,T2211,2018-07-16,2018-07-16 15:00:00,2018-07-16 18:00:00,82.02199999999999,2.543468186781735,0.2116057937200449
5,T2211,2018-08-06,2018-08-06 15:00:00,2018-08-06 18:00:00,90.302,2.9576246840278624,0.3834752938265256
6,T2211,2018-08-28,2018-08-28 15:00:00,2018-08-28 18:00:00,89.726,3.0483209300421965,0.535019859944621
7,T2211,2018-08-29,2018-08-29 14:00:00,2018-08-29 18:00:00,89.384,3.035493603076496,0.4732254292810767
8,T2211,2018-08-30,2018-08-30 14:00:00,2018-08-30 15:00:00,72.896,2.307121441479677,0.2807245027243156
9,T2211,2018-09-04,2018-09-04 14:00:00,2018-09-04 18:00:00,78.116,2.653078135955412,0.3755461888561654
10,T2211,2018-09-05,2018-09-05 14:00:00,2018-09-05 18:00:00,92.57,3.1081696001101595,0.5843383929706056
12,T2211,2019-06-27,2019-06-27 16:00:00,2019-06-27 18:00:00,78.062,2.398147576818489,0.1009928869522755
13,T2211,2019-06-28,2019-06-28 16:00:00,2019-06-28 18:00:00,77.45,2.4022157554072656,0.1344742500146853
14,T2211,2019-07-10,2019-07-10 14:00:00,2019-07-10 18:00:00,78.512,2.5775661758299946,0.2023727249361786
15,T2211,2019-07-11,2019-07-11 14:00:00,2019-07-11 18:00:00,85.766,2.742386181561021,0.2304839224036144
16,T2211,2019-07-16,2019-07-16 14:00:00,2019-07-16 18:00:00,88.03399999999999,2.8286976534371,0.3112368469697318
17,T2211,2019-07-17,2019-07-17 16:00:00,2019-07-17 18:00:00,75.77600000000001,2.544285512505745,0.0976578868737208
18,T2211,2019-07-18,2019-07-18 14:00:00,2019-07-18 18:00:00,76.532,2.562381054013203,0.2420532577481752
19,T2211,2019-07-19,2019-07-19 14:00:00,2019-07-19 18:00:00,87.02600000000001,2.806564183366456,0.2584209005640525
20,T2211,2019-07-29,2019-07-29 14:00:00,2019-07-29 18:00:00,88.16,2.980719148047007,0.4183511487054502
21,T2211,2019-08-19,2019-08-19 14:00:00,2019-08-19 18:00:00,77.918,2.6866263414119422,0.4239243109869028
22,T2211,2019-08-22,2019-08-22 14:00:00,2019-08-22 15:00:00,74.732,2.573690679538601,0.3474743347139755
24,T2211,2020-06-22,2020-06-22 16:00:00,2020-06-22 18:00:00,79.268,1.8233342112755413,0.2644558203062045
25,T2211,2020-07-06,2020-07-06 16:00:00,2020-07-06 18:00:00,83.44399999999999,2.04379539476107,0.279626450055049
26,T2211,2020-07-07,2020-07-07 14:00:00,2020-07-07 18:00:00,89.54599999999999,2.170699759546884,0.3906718199640281
27,T2211,2020-07-08,2020-07-08 14:00:00,2020-07-08 18:00:00,86.53999999999999,2.1025682126707244,0.3471499372714698
28,T2211,2020-07-09,2020-07-09 16:00:00,2020-07-09 18:00:00,89.42,2.163587125532341,0.2358573681471154
29,T2211,2020-07-10,2020-07-10 14:00:00,2020-07-10 18:00:00,91.418,2.203642485508983,0.3349531614256111
30,T2211,2020-07-20,2020-07-20 16:00:00,2020-07-20 18:00:00,84.254,2.107283648768963,0.2895424819141481
31,T2211,2020-07-27,2020-07-27 16:00:00,2020-07-27 18:00:00,87.836,2.1877405881178644,0.3072162247647717
32,T2211,2020-08-11,2020-08-11 14:00:00,2020-08-11 18:00:00,86.63,2.192386152402943,0.3813348556475022
33,T2211,2020-08-27,2020-08-27 15:00:00,2020-08-27 16:00:00,82.85,2.178074698822247,0.4203742194305214
42,T2211,2021-05-26,2021-05-26 14:00:00,2021-05-26 14:30:00,80.834,1.953922403427428,0.1134256116374589
0,T2239,2018-06-06,2018-06-06 16:00:00,2018-06-06 17:00:00,98.816,3.1802083255129774,0.2179169345575909
1,T2239,2018-06-22,2018-06-22 16:00:00,2018-06-22 17:30:00,95.162,3.077750307327461,0.2235980041205112
2,T2239,2018-06-27,2018-06-27 15:30:00,2018-06-27 17:30:00,95.648,3.1538426874563465,0.1501999461216593
3,T2239,2018-07-02,2018-07-02 15:30:00,2018-07-02 17:30:00,96.854,3.205189133303617,0.2849038359847933
4,T2239,2018-07-18,2018-07-18 15:30:00,2018-07-18 17:30:00,98.042,3.266925994405041,0.2696345393952616
5,T2239,2018-07-19,2018-07-19 15:30:00,2018-07-19 17:30:00,98.636,3.2921099450947704,0.3422408740441124
6,T2239,2018-07-23,2018-07-23 15:30:00,2018-07-23 17:30:00,104.504,3.494476041046544,0.8607749559051299
7,T2239,2018-07-24,2018-07-24 16:00:00,2018-07-24 18:00:00,99.104,3.3538648555432555,0.1725288372590084
8,T2239,2018-08-06,2018-08-06 15:30:00,2018-08-06 17:30:00,93.452,3.1191888474254013,0.2741372275103185
9,T2239,2018-08-07,2018-08-07 15:30:00,2018-08-07 17:30:00,93.236,3.1112217083497296,0.2172083614156351
10,T2239,2018-08-15,2018-08-15 16:30:00,2018-08-15 17:30:00,95.018,3.1711954612494724,0.180107308573211
11,T2239,2018-08-16,2018-08-16 15:30:00,2018-08-16 17:30:00,96.332,3.191343610283712,0.0941703349758676
12,T2239,2018-08-17,2018-08-17 15:30:00,2018-08-17 17:30:00,98.51,3.254503128318522,0.2774077948842011
13,T2239,2018-08-23,2018-08-23 15:30:00,2018-08-23 17:30:00,98.438,3.280835412415361,0.3366431448650057
14,T2239,2018-08-24,2018-08-24 16:30:00,2018-08-24 17:30:00,99.032,3.2708098178004645,0.1817596036786291
15,T2239,2018-09-17,2018-09-17 15:30:00,2018-09-17 17:30:00,88.628,3.084775738587754,0.0940491051123297
16,T2239,2018-09-18,2018-09-18 15:30:00,2018-09-18 17:30:00,88.59200000000001,3.079618117474867,-0.0344681358244762
17,T2239,2018-09-19,2018-09-19 15:30:00,2018-09-19 17:30:00,88.61,3.081719370520858,0.2288798063720602
18,T2239,2019-05-23,2019-05-23 15:30:00,2019-05-23 17:30:00,90.41,2.8199922090388987,0.0248560451734263
19,T2239,2019-06-19,2019-06-19 15:30:00,2019-06-19 17:30:00,96.584,3.2354086004742526,0.3746405484325902
20,T2239,2019-06-20,2019-06-20 15:30:00,2019-06-20 17:30:00,94.388,3.182791886203034,0.283912347311152
21,T2239,2019-06-21,2019-06-21 16:00:00,2019-06-21 17:30:00,92.822,3.123740160899664,0.1906998463325381
22,T2239,2019-07-10,2019-07-10 15:30:00,2019-07-10 17:30:00,94.424,3.275873217719397,0.3939591648397907
23,T2239,2019-07-16,2019-07-16 15:30:00,2019-07-16 17:30:00,94.514,3.284833073013961,0.3988790159550473
24,T2239,2019-07-30,2019-07-30 15:30:00,2019-07-30 17:30:00,95.828,3.2908443328300163,0.4208045251287802
25,T2239,2019-07-31,2019-07-31 15:00:00,2019-07-31 17:30:00,97.358,3.408678697004867,0.5919012861934403
26,T2239,2019-08-06,2019-08-06 15:30:00,2019-08-06 17:30:00,96.854,3.3840383838700023,0.5423386946469364
27,T2239,2019-08-07,2019-08-07 15:30:00,2019-08-07 17:30:00,97.556,3.407324140315988,0.5143191171063183
28,T2239,2019-08-09,2019-08-09 15:30:00,2019-08-09 17:30:00,99.518,3.495510202507368,0.5986566139457228
29,T2239,2019-08-12,2019-08-12 15:30:00,2019-08-12 18:00:00,100.094,3.459841565858061,0.5779160114750436
30,T2239,2019-08-13,2019-08-13 15:30:00,2019-08-13 18:00:00,100.382,3.477604056585258,0.548326647459774
31,T2239,2019-08-15,2019-08-15 16:00:00,2019-08-15 18:00:00,97.502,3.4116480031003027,0.41646997825028
32,T2239,2019-08-26,2019-08-26 15:30:00,2019-08-26 17:30:00,99.23,3.440112030028038,0.4080655876481743
33,T2239,2019-09-05,2019-09-05 15:30:00,2019-09-05 17:30:00,92.372,3.203306066745355,0.4631962991746229
34,T2239,2019-09-06,2019-09-06 15:30:00,2019-09-06 17:30:00,95.09,3.2878764439080763,0.5137611127640387
35,T2239,2019-09-23,2019-09-23 15:00:00,2019-09-23 17:00:00,93.218,3.20213866006131,0.4753156396907296
36,T2239,2020-06-08,2020-06-08 16:00:00,2020-06-08 18:00:00,96.026,2.9100643894468115,-0.0560078539489339
37,T2239,2020-06-09,2020-06-09 16:00:00,2020-06-09 18:00:00,96.584,2.9382146660001927,-0.25512803655355
38,T2239,2020-07-02,2020-07-02 15:30:00,2020-07-02 17:30:00,94.37,3.030486330972789,0.339578646637584
39,T2239,2020-07-13,2020-07-13 16:00:00,2020-07-13 19:00:00,102.794,3.434265958337208,0.3315326022722099
40,T2239,2020-07-14,2020-07-14 17:00:00,2020-07-14 19:00:00,101.408,3.363072040656214,0.4210610607817104
41,T2239,2020-07-16,2020-07-16 16:30:00,2020-07-16 19:00:00,96.746,3.158223432251399,0.3806357007333956
42,T2239,2020-08-03,2020-08-03 15:30:00,2020-08-03 17:30:00,96.17,3.3299894920986173,0.5230512226496836
43,T2239,2020-08-06,2020-08-06 16:00:00,2020-08-06 18:00:00,94.964,3.235366579965288,0.4429747871184863
44,T2239,2020-08-10,2020-08-10 15:30:00,2020-08-10 17:30:00,95.36,3.247882189466022,0.4486340016095367
45,T2239,2020-08-11,2020-08-11 15:30:00,2020-08-11 17:30:00,96.548,3.2773502623432496,0.4624926099801758
46,T2239,2020-08-12,2020-08-12 15:30:00,2020-08-12 18:00:00,97.43,3.3417266677058093,0.431262334919602
47,T2239,2020-08-13,2020-08-13 15:30:00,2020-08-13 18:30:00,97.772,3.329032728620234,0.5748938549271324
48,T2239,2020-08-14,2020-08-14 15:30:00,2020-08-14 18:30:00,100.508,3.4793199002940964,0.6618990662477722
49,T2239,2020-08-28,2020-08-28 16:00:00,2020-08-28 19:00:00,99.05,3.343496940158592,0.3167697346934213
50,T2239,2020-09-01,2020-09-01 15:00:00,2020-09-01 18:00:00,95.594,3.197561806315491,0.3949362259658901
51,T2239,2020-09-16,2020-09-16 15:00:00,2020-09-16 18:00:00,87.81800000000001,2.9513214870415085,0.4974206545532821
52,T2239,2021-06-14,2021-06-14 16:00:00,2021-06-14 19:00:00,93.704,3.100584049890846,0.4619661935173739
53,T2239,2021-06-15,2021-06-15 15:30:00,2021-06-15 18:30:00,93.362,3.0851746319017668,0.4734787364543745
54,T2239,2021-06-17,2021-06-17 16:30:00,2021-06-17 19:00:00,92.174,3.0363515728414097,0.420372755542491
55,T2239,2021-06-23,2021-06-23 17:00:00,2021-06-23 18:30:00,92.03,3.045480262142899,0.3276655688209972
56,T2239,2021-06-24,2021-06-24 15:30:00,2021-06-24 18:30:00,92.372,3.0718239016845645,0.40067093883757
57,T2239,2021-06-25,2021-06-25 15:30:00,2021-06-25 18:30:00,92.46200000000002,3.059853815955901,0.3971167031838268
58,T2239,2021-07-16,2021-07-16 15:30:00,2021-07-16 18:30:00,89.816,2.9769173710600967,0.4882675121845944
59,T2239,2021-07-26,2021-07-26 16:00:00,2021-07-26 19:00:00,93.092,3.1708985672073204,0.4877823122170048
60,T2239,2021-07-27,2021-07-27 16:00:00,2021-07-27 19:00:00,92.426,3.124980383860747,0.5848100496892994
61,T2239,2021-07-29,2021-07-29 16:30:00,2021-07-29 18:00:00,91.418,3.109263674166025,0.3985948106601902
62,T2239,2021-08-09,2021-08-09 15:30:00,2021-08-09 18:00:00,91.886,3.1896623030721454,0.3056983385656236
63,T2239,2021-08-10,2021-08-10 15:30:00,2021-08-10 18:00:00,92.858,3.236197158085606,0.4108037875010716
64,T2239,2021-08-12,2021-08-12 16:00:00,2021-08-12 18:30:00,92.246,3.206231562580041,0.4655258648131397
65,T2239,2021-08-20,2021-08-20 17:00:00,2021-08-20 18:00:00,93.38,3.269653421320418,0.384263455340754
66,T2239,2021-08-23,2021-08-23 16:30:00,2021-08-23 19:00:00,92.57,3.2251005801678505,0.3266972395522435
67,T2239,2021-08-24,2021-08-24 16:30:00,2021-08-24 19:00:00,93.074,3.279350000151017,0.363389374887519
68,T2239,2021-08-25,2021-08-25 16:00:00,2021-08-25 18:30:00,92.894,3.262166925948203,0.3704179324845717
69,T2239,2021-08-31,2021-08-31 16:00:00,2021-08-31 18:30:00,93.344,3.307251771294878,0.5567053374430627
70,T2239,2021-09-01,2021-09-01 16:00:00,2021-09-01 18:30:00,94.118,3.313668098223649,0.5797041830486082
71,T2239,2021-09-02,2021-09-02 16:00:00,2021-09-02 18:30:00,93.164,3.291457735777904,0.6506535135988282
72,T2239,2021-09-20,2021-09-20 16:00:00,2021-09-20 18:30:00,95.342,3.324942767165932,0.6674265721557503
0,T2266,2018-06-18,2018-06-18 15:00:00,2018-06-18 18:00:00,93.488,2.417793446362952,-0.1597038285918486
1,T2266,2018-06-19,2018-06-19 15:00:00,2018-06-19 18:00:00,77.324,2.244186168549544,0.0727479512362294
2,T2266,2018-06-29,2018-06-29 16:00:00,2018-06-29 18:00:00,90.194,2.4255963780511207,-0.1870979261443028
3,T2266,2018-07-02,2018-07-02 16:00:00,2018-07-02 18:00:00,88.646,2.443600801972312,-0.0805259516257112
4,T2266,2018-07-03,2018-07-03 16:00:00,2018-07-03 18:00:00,88.718,2.3906736361867886,-0.0029197388096386
5,T2266,2018-07-05,2018-07-05 15:00:00,2018-07-05 17:00:00,88.44800000000001,2.454098442575916,-0.0201846378043229
6,T2266,2018-07-16,2018-07-16 16:00:00,2018-07-16 18:00:00,89.42,2.4826024272816363,0.060517898021833
7,T2266,2018-08-06,2018-08-06 14:00:00,2018-08-06 18:00:00,90.662,2.663934284066197,0.2427641599590891
8,T2266,2018-08-15,2018-08-15 14:00:00,2018-08-15 16:00:00,86.81,2.5895495845982004,0.3209731867310809
9,T2266,2018-08-27,2018-08-27 16:00:00,2018-08-27 18:00:00,91.346,2.777164122364544,0.3062263597429778
10,T2266,2018-08-28,2018-08-28 15:00:00,2018-08-28 18:00:00,91.58,2.7809312146055984,0.2996260926083988
11,T2266,2018-08-29,2018-08-29 15:00:00,2018-08-29 17:00:00,91.094,2.7526524084981694,0.2404751805534749
12,T2266,2019-06-26,2019-06-26 16:00:00,2019-06-26 18:00:00,86.21600000000001,2.1773065066580792,-0.0943087062127597
13,T2266,2019-06-27,2019-06-27 16:00:00,2019-06-27 18:00:00,86.018,2.163929124298717,-0.1343046910500294
14,T2266,2019-06-28,2019-06-28 15:00:00,2019-06-28 17:00:00,88.844,2.1983454807323497,-0.2615309294940651
15,T2266,2019-07-02,2019-07-02 16:00:00,2019-07-02 18:00:00,90.248,2.296080410491057,-0.2308895063649176
16,T2266,2019-07-03,2019-07-03 16:00:00,2019-07-03 18:00:00,84.398,2.203470445654027,-0.2472065299686812
17,T2266,2019-07-10,2019-07-10 16:00:00,2019-07-10 18:00:00,91.706,2.436761909904793,0.0062592419636399
18,T2266,2019-07-15,2019-07-15 16:00:00,2019-07-15 18:00:00,91.094,2.4403188401173743,-0.0750461131156337
19,T2266,2019-07-16,2019-07-16 16:00:00,2019-07-16 18:00:00,88.286,2.3817391101615017,-0.0134237870246586
20,T2266,2019-07-17,2019-07-17 16:00:00,2019-07-17 18:00:00,83.408,2.281519530571204,-0.0300465659773867
21,T2266,2019-07-18,2019-07-18 16:00:00,2019-07-18 18:00:00,89.888,2.434836368497669,-0.0739039468224454
22,T2266,2019-07-19,2019-07-19 16:00:00,2019-07-19 18:00:00,93.506,2.513226094288178,-0.2778843788241323
23,T2266,2019-07-29,2019-07-29 16:00:00,2019-07-29 18:00:00,89.06,2.526835835819896,0.1390640976501237
24,T2266,2019-08-08,2019-08-08 14:00:00,2019-08-08 16:00:00,82.274,2.375220325557874,0.0987580655626279
25,T2266,2019-08-19,2019-08-19 03:00:00,2019-08-19 05:00:00,82.652,2.418184555593759,-0.092658716388303
26,T2266,2019-08-20,2019-08-20 16:00:00,2019-08-20 18:00:00,90.14,2.65381239446086,0.2678205611479012
27,T2266,2020-06-18,2020-06-18 16:30:00,2020-06-18 17:00:00,80.33000000000001,2.042783182151297,0.4202049154090079
28,T2266,2020-06-22,2020-06-22 16:00:00,2020-06-22 18:00:00,78.332,1.98207603984526,0.4182126393569366
29,T2266,2020-06-23,2020-06-23 16:00:00,2020-06-23 18:00:00,79.77199999999999,2.043585036178248,0.4415132298970117
30,T2266,2020-06-26,2020-06-26 16:00:00,2020-06-26 18:00:00,83.66,2.125175348078282,0.469085371938285
31,T2266,2020-06-29,2020-06-29 16:00:00,2020-06-29 18:00:00,82.274,2.11954547699241,0.5421602026654861
32,T2266,2020-07-01,2020-07-01 16:00:00,2020-07-01 18:00:00,81.032,2.113088167191949,0.4863714655588176
33,T2266,2020-07-02,2020-07-02 16:00:00,2020-07-02 18:00:00,84.254,2.1674862183580585,0.4818581239560228
34,T2266,2020-07-03,2020-07-03 16:00:00,2020-07-03 18:00:00,87.008,2.21504520817814,0.4454052699428997
35,T2266,2020-07-06,2020-07-06 15:00:00,2020-07-06 17:00:00,87.584,2.2555106358142667,0.3302314942239928
36,T2266,2020-07-07,2020-07-07 15:00:00,2020-07-07 17:00:00,88.43,2.268801468674166,0.5095960087518783
37,T2266,2020-07-08,2020-07-08 16:00:00,2020-07-08 18:00:00,88.78999999999999,2.2774979395578026,0.4930714783084065
38,T2266,2020-07-09,2020-07-09 15:00:00,2020-07-09 17:00:00,89.94200000000001,2.298500737163569,0.4953507541893402
39,T2266,2020-07-15,2020-07-15 16:00:00,2020-07-15 18:00:00,86.702,2.27891856762214,0.5432065774496149
40,T2266,2020-07-20,2020-07-20 15:00:00,2020-07-20 17:00:00,84.758,2.277007132135589,0.6293949350684734
41,T2266,2020-07-21,2020-07-21 16:00:00,2020-07-21 18:00:00,82.31,2.225035055254116,0.6245203078664614
42,T2266,2020-07-22,2020-07-22 16:00:00,2020-07-22 18:00:00,86.126,2.292587657510708,0.5450014003807901
43,T2266,2020-07-27,2020-07-27 15:00:00,2020-07-27 17:00:00,88.124,2.360437666382057,0.6456655878074088
44,T2266,2020-07-28,2020-07-28 16:00:00,2020-07-28 18:00:00,83.96600000000001,2.266244435855164,0.6085479721618864
45,T2266,2020-07-29,2020-07-29 16:00:00,2020-07-29 18:00:00,86.99000000000001,2.3446768098099704,0.5665526666220392
46,T2266,2020-08-10,2020-08-10 16:00:00,2020-08-10 18:00:00,89.114,2.456246602494717,0.5782810949219649
47,T2266,2020-08-25,2020-08-25 16:00:00,2020-08-25 18:00:00,81.572,2.296489068161492,0.5605501168534408
48,T2266,2020-08-27,2020-08-27 16:00:00,2020-08-27 18:00:00,88.52,2.513978473838161,0.6413777889903055
49,T2266,2020-05-13,2020-05-13 16:00:00,2020-05-13 17:00:00,54.896,1.6936529845870012,0.1747303178658618
50,T2266,2020-08-12,2020-08-12 14:00:00,2020-08-12 16:00:00,81.266,2.267099843860121,0.5212678992264588
51,T2266,2021-05-25,2021-05-25 13:00:00,2021-05-25 13:30:00,84.05600000000001,2.1978128211259564,0.1520796403417467
52,T2266,2021-05-26,2021-05-26 13:00:00,2021-05-26 13:30:00,76.352,2.0791712742956663,0.2477528998271987
53,T2266,2021-06-28,2021-06-28 16:00:00,2021-06-28 18:00:00,84.65,2.4565388920707565,0.3898517812928068
54,T2266,2021-06-29,2021-06-29 16:00:00,2021-06-29 18:00:00,88.124,2.494530460265935,0.5903396868262125
55,T2266,2021-06-30,2021-06-30 15:00:00,2021-06-30 17:00:00,80.22200000000001,2.3371124826321044,0.4901382501791832
56,T2266,2021-07-06,2021-07-06 16:00:00,2021-07-06 18:00:00,88.268,2.5307539039175766,0.4493664238316591
57,T2266,2021-07-07,2021-07-07 15:00:00,2021-07-07 17:00:00,86.018,2.4979664012064053,0.5460931913435689
58,T2266,2021-07-26,2021-07-26 16:00:00,2021-07-26 18:00:00,84.70400000000001,2.560920397931016,0.6416808292491883
59,T2266,2021-07-27,2021-07-27 16:00:00,2021-07-27 18:00:00,87.512,2.639327893523142,0.7156471519800184
60,T2266,2021-08-10,2021-08-10 16:00:00,2021-08-10 18:00:00,86.45,2.6345078485237754,0.7851630457584099
61,T2266,2021-08-11,2021-08-11 16:00:00,2021-08-11 18:00:00,88.53800000000001,2.7009180491287026,0.8768739581936726
62,T2266,2021-08-12,2021-08-12 16:00:00,2021-08-12 18:00:00,88.088,2.723977182682212,0.6868916239875249
63,T2266,2021-08-13,2021-08-13 16:00:00,2021-08-13 17:00:00,84.632,2.6318693426906847,0.5778372322948218
64,T2266,2021-08-24,2021-08-24 16:00:00,2021-08-24 18:00:00,88.862,2.7895137760021345,0.7827737867581614
65,T2266,2021-08-25,2021-08-25 14:00:00,2021-08-25 16:00:00,82.31,2.562235572151747,0.8257001496060372
66,T2266,2021-08-26,2021-08-26 16:00:00,2021-08-26 18:00:00,86.774,2.7310240642733903,0.7374741519842858
67,T2266,2021-08-27,2021-08-27 15:00:00,2021-08-27 17:00:00,85.352,2.692576281738412,0.6899294571573834
0,T2270,2018-07-23,2018-07-23 18:00:00,2018-07-23 19:00:00,99.5,2.980603952361681,0.0268760986078606
2,T2270,2018-07-25,2018-07-25 16:00:00,2018-07-25 19:00:00,103.316,3.1586717957430297,0.315676167601345
3,T2270,2018-08-07,2018-08-07 16:00:00,2018-08-07 19:00:00,93.092,2.773515604771425,0.271222716501597
4,T2270,2018-08-08,2018-08-08 18:00:00,2018-08-08 19:00:00,96.098,2.904776601829439,0.2829502339876399
5,T2270,2018-08-09,2018-08-09 18:00:00,2018-08-09 19:00:00,100.742,3.0791382247871004,0.2060195937644849
6,T2270,2018-10-22,2018-10-22 18:00:00,2018-10-22 19:00:00,78.584,2.1227536063818286,0.1395243294835006
7,T2270,2019-07-24,2019-07-24 18:00:00,2019-07-24 19:00:00,97.124,2.989689197425981,0.1348032674012902
8,T2270,2019-10-22,2019-10-22 17:00:00,2019-10-22 19:00:00,80.366,2.3484924343777087,0.5405436844189484
9,T2270,2020-07-20,2020-07-20 17:00:00,2020-07-20 18:00:00,89.402,2.4601952950695822,0.4300747876913094
10,T2270,2020-07-30,2020-07-30 18:00:00,2020-07-30 20:00:00,97.826,2.835598212609212,0.6264273280916085
11,T2270,2020-08-14,2020-08-14 17:00:00,2020-08-14 21:00:00,104.738,3.1871667071393954,1.550212269036911
12,T2270,2020-08-17,2020-08-17 17:00:00,2020-08-17 21:00:00,103.532,3.157515879187064,0.2796504918827759
13,T2270,2020-08-18,2020-08-18 16:00:00,2020-08-18 20:00:00,104.126,3.175945232269463,0.4170890288578506
14,T2270,2020-08-19,2020-08-19 18:00:00,2020-08-19 20:00:00,102.002,3.102485699078728,0.7728014189769729
15,T2270,2020-09-05,2020-09-05 17:00:00,2020-09-05 19:00:00,99.824,2.9795963835894224,0.5069500775255612
16,T2270,2020-09-06,2020-09-06 16:30:00,2020-09-06 18:30:00,109.67,3.3742295997114926,0.8646420538451766
17,T2270,2020-09-07,2020-09-07 16:30:00,2020-09-07 18:30:00,104.99,3.1908596515718632,0.73524935652651
18,T2270,2020-09-08,2020-09-08 18:00:00,2020-09-08 19:00:00,93.002,2.73948410487437,0.6296344934267218
19,T2270,2020-09-30,2020-09-30 18:00:00,2020-09-30 19:00:00,97.826,2.891842569227636,0.7673673761206443
20,T2270,2020-10-01,2020-10-01 17:00:00,2020-10-01 19:00:00,95.774,2.8020534880403627,0.6632276714349858
21,T2270,2020-10-15,2020-10-15 17:00:00,2020-10-15 19:00:00,88.718,2.476144921382863,0.4967712238569454
22,T2270,2020-10-16,2020-10-16 17:00:00,2020-10-16 19:00:00,91.094,2.5818325430049365,0.6769209341817897
23,T2270,2021-06-16,2021-06-16 18:00:00,2021-06-16 20:00:00,95.936,2.604979125181526,0.1558374573825283
24,T2270,2021-06-17,2021-06-17 18:00:00,2021-06-17 20:00:00,105.494,2.9043693493580114,-0.0654588789800623
25,T2270,2021-07-09,2021-07-09 18:00:00,2021-07-09 20:00:00,107.564,3.1919850161521426,0.1076490109202361
26,T2270,2021-07-12,2021-07-12 18:00:00,2021-07-12 20:00:00,97.682,2.711120621834067,0.0946370112004043
27,T2270,2021-07-13,2021-07-13 19:00:00,2021-07-13 20:00:00,91.472,2.5277839385113343,0.1245201970996415
28,T2270,2021-07-19,2021-07-19 18:00:00,2021-07-19 19:00:00,99.77,2.790369084431123,0.224698814942135
29,T2270,2021-07-22,2021-07-22 18:00:00,2021-07-22 21:00:00,96.656,2.6523558166809345,0.1824633230762965
30,T2270,2021-07-28,2021-07-28 18:00:00,2021-07-28 19:00:00,101.408,2.8202146582394745,0.2616696638619181
31,T2270,2021-07-29,2021-07-29 18:00:00,2021-07-29 20:00:00,102.542,2.8324071848071912,0.1723975711524214
32,T2270,2021-07-30,2021-07-30 18:00:00,2021-07-30 20:00:00,102.794,2.8001877072891923,0.121039148437207
33,T2270,2021-08-03,2021-08-03 18:00:00,2021-08-03 19:00:00,100.166,2.742742657789199,0.2054722901156231
34,T2270,2021-08-04,2021-08-04 18:00:00,2021-08-04 19:00:00,95.306,2.597608165299876,0.0899007191734446
35,T2270,2021-08-11,2021-08-11 17:00:00,2021-08-11 20:00:00,101.948,2.809110462161416,0.3022393431461705
36,T2270,2021-08-26,2021-08-26 17:00:00,2021-08-26 20:00:00,93.956,2.4868100120469125,0.8811193037943523
37,T2270,2021-09-09,2021-09-09 17:00:00,2021-09-09 20:00:00,98.87,2.637935856225625,-0.0262055429836203
38,T2270,2021-09-23,2021-09-23 17:00:00,2021-09-23 20:00:00,94.316,2.452200186281538,0.080587175752645
39,T2270,2021-09-30,2021-09-30 17:00:00,2021-09-30 20:00:00,85.316,2.138798866475704,0.3566523754213623
40,T2270,2021-10-15,2021-10-15 17:00:00,2021-10-15 20:00:00,79.53800000000001,1.9318998494590305,0.0952447332772139
41,T2270,2021-10-29,2021-10-29 17:00:00,2021-10-29 20:00:00,75.524,1.8387650217704592,0.0222415518806666
0,T2283,2020-05-14,2020-05-14 15:30:00,2020-05-14 16:00:00,86.684,2.4469957204247605,-0.1605581963229423
1,T2283,2020-06-03,2020-06-03 15:30:00,2020-06-03 16:00:00,91.274,2.772750668377261,0.7414007081681244
2,T2283,2020-07-01,2020-07-01 11:00:00,2020-07-01 11:30:00,91.742,2.987762699054992,-0.0377148628464666
3,T2283,2020-07-10,2020-07-10 13:00:00,2020-07-10 13:30:00,93.074,3.115826594792033,0.8352577597147789
4,T2283,2020-07-23,2020-07-23 12:30:00,2020-07-23 13:00:00,91.634,3.0843496566947533,0.5716212272824587
5,T2283,2020-08-19,2020-08-19 12:30:00,2020-08-19 13:00:00,89.54599999999999,3.0694625080584204,0.1693894871458224
6,T2283,2020-08-27,2020-08-27 10:30:00,2020-08-27 11:00:00,88.07,2.9741664613216057,-0.1173939668990338
7,T2283,2020-08-28,2020-08-28 12:00:00,2020-08-28 12:30:00,93.146,3.249910895979715,0.2241478490386896
8,T2283,2020-09-07,2020-09-07 10:30:00,2020-09-07 11:00:00,90.41,3.1272306108838985,0.0569298060488881
9,T2283,2020-09-16,2020-09-16 18:00:00,2020-09-16 18:30:00,86.738,2.932590887716364,0.1870378955127155
10,T2283,2020-09-17,2020-09-17 13:30:00,2020-09-17 14:00:00,85.37,2.855339457148188,0.1062153354385239
11,T2283,2020-09-24,2020-09-24 11:00:00,2020-09-24 11:30:00,74.93,2.396766973514668,0.4595376806716379
12,T2283,2020-10-16,2020-10-16 16:00:00,2020-10-16 16:30:00,70.46600000000001,2.1444465373091552,0.2251257163226919
13,T2283,2020-10-19,2020-10-19 18:30:00,2020-10-19 19:00:00,84.758,2.839656508015977,0.5642889604592763
14,T2283,2020-10-27,2020-10-27 10:00:00,2020-10-27 10:30:00,63.194,1.9735653562310749,-0.0362401270407329
15,T2283,2021-06-21,2021-06-21 15:30:00,2021-06-21 16:30:00,89.06,3.007145938529802,0.3510368215894064
16,T2283,2021-09-02,2021-09-02 18:00:00,2021-09-02 18:30:00,93.164,3.2027909166847546,0.2266914379257979
0,T2302,2018-06-18,2018-06-18 15:00:00,2018-06-18 18:00:00,92.912,2.226508014980571,-0.5204771204734013
1,T2302,2018-06-19,2018-06-19 15:00:00,2018-06-19 18:00:00,84.398,2.16102569817577,0.2048700603439949
2,T2302,2018-06-29,2018-06-29 16:00:00,2018-06-29 18:00:00,89.50999999999999,2.2556006701668294,0.1734756336443293
3,T2302,2018-07-02,2018-07-02 16:00:00,2018-07-02 18:00:00,96.62,2.3876105190240104,-0.281368277907477
4,T2302,2018-07-03,2018-07-03 16:00:00,2018-07-03 18:00:00,95.018,2.3677896141305097,-0.2300106689284733
5,T2302,2018-07-05,2018-07-05 15:00:00,2018-07-05 17:00:00,89.618,2.2969769399439497,-0.1696863969199482
6,T2302,2018-07-16,2018-07-16 16:00:00,2018-07-16 18:00:00,92.876,2.3924427066389424,-0.0098564685285527
7,T2302,2018-08-06,2018-08-06 14:00:00,2018-08-06 18:00:00,92.948,2.535266728915719,0.1621205623140009
8,T2302,2018-08-27,2018-08-27 16:00:00,2018-08-27 18:00:00,89.474,2.5304474571081657,0.317820605128808
9,T2302,2018-08-28,2018-08-28 15:00:00,2018-08-28 18:00:00,93.11,2.64304979679432,0.4482704672600367
10,T2302,2018-08-29,2018-08-29 15:00:00,2018-08-29 17:00:00,93.11,2.633156238556228,0.2234520347258235
11,T2302,2019-06-26,2019-06-26 16:00:00,2019-06-26 18:00:00,87.782,2.2477906533175034,0.1247604615904574
12,T2302,2019-06-27,2019-06-27 16:00:00,2019-06-27 18:00:00,89.564,2.283374997467059,0.1275310331703748
13,T2302,2019-06-28,2019-06-28 15:00:00,2019-06-28 17:00:00,91.238,2.309206595442292,0.0068315577942925
14,T2302,2019-07-02,2019-07-02 16:00:00,2019-07-02 18:00:00,89.492,2.298581474650823,0.1321393428131556
15,T2302,2019-07-03,2019-07-03 16:00:00,2019-07-03 18:00:00,87.638,2.259481484454168,0.0805502761386447
16,T2302,2019-07-10,2019-07-10 16:00:00,2019-07-10 18:00:00,89.33000000000001,2.344551924117037,0.2173631090816704
17,T2302,2019-07-15,2019-07-15 16:00:00,2019-07-15 18:00:00,84.28999999999999,2.2525311511982875,0.1292922751789567
18,T2302,2019-07-16,2019-07-16 16:00:00,2019-07-16 18:00:00,91.22,2.4228487246012325,0.2390970840054052
19,T2302,2019-07-17,2019-07-17 16:00:00,2019-07-17 18:00:00,93.146,2.4593111540706305,0.1448257647035068
20,T2302,2019-07-18,2019-07-18 16:00:00,2019-07-18 18:00:00,87.314,2.324964855931952,0.1335601944275616
21,T2302,2019-07-19,2019-07-19 16:00:00,2019-07-19 18:00:00,93.128,2.468383500009732,0.1376416808706952
22,T2302,2019-07-29,2019-07-29 16:00:00,2019-07-29 18:00:00,91.274,2.4962071201604625,0.292778545405947
23,T2302,2019-08-19,2019-08-19 03:00:00,2019-08-19 05:00:00,89.672,2.499512371067818,-0.0448832871210836
24,T2302,2019-08-20,2019-08-20 16:00:00,2019-08-20 18:00:00,91.256,2.54052504647806,0.3608382445586968
25,T2302,2020-06-18,2020-06-18 16:30:00,2020-06-18 17:00:00,80.384,1.920141070300991,0.0542053236438323
26,T2302,2020-06-22,2020-06-22 16:00:00,2020-06-22 18:00:00,89.384,2.119905279175964,0.1218024498793955
27,T2302,2020-06-23,2020-06-23 16:00:00,2020-06-23 18:00:00,89.06,2.120873522867045,0.1583112454023469
28,T2302,2020-06-26,2020-06-26 16:00:00,2020-06-26 18:00:00,83.84,1.9833361217864136,0.1079921272767726
29,T2302,2020-06-29,2020-06-29 16:00:00,2020-06-29 18:00:00,88.97,2.167704556794169,0.1633493884974984
30,T2302,2020-07-01,2020-07-01 16:00:00,2020-07-01 18:00:00,82.418,2.0297458551260505,0.1207020726837166
31,T2302,2020-07-02,2020-07-02 16:00:00,2020-07-02 18:00:00,90.356,2.198425707734971,0.2011584679755503
32,T2302,2020-07-03,2020-07-03 16:00:00,2020-07-03 18:00:00,93.416,2.263036996307393,0.1439810372431103
33,T2302,2020-07-06,2020-07-06 15:00:00,2020-07-06 17:00:00,91.13,2.24529837476561,0.1484458136357299
34,T2302,2020-07-07,2020-07-07 15:00:00,2020-07-07 17:00:00,85.892,2.1312104908992024,0.2520413840557698
35,T2302,2020-07-08,2020-07-08 16:00:00,2020-07-08 18:00:00,86.52199999999999,2.1073183037171104,0.1796176511874654
36,T2302,2020-07-09,2020-07-09 15:00:00,2020-07-09 17:00:00,89.654,2.219227103315334,0.2136414174716799
37,T2302,2020-07-15,2020-07-15 16:00:00,2020-07-15 18:00:00,86.97200000000001,2.194516285898255,0.1361506134845697
38,T2302,2020-07-20,2020-07-20 15:00:00,2020-07-20 17:00:00,93.236,2.3882911274139427,0.1873987827483094
39,T2302,2020-07-21,2020-07-21 16:00:00,2020-07-21 18:00:00,92.102,2.3546416506967915,0.0695889507613371
40,T2302,2020-07-22,2020-07-22 16:00:00,2020-07-22 18:00:00,91.13,2.3362450509690755,0.1143877258597643
41,T2302,2020-07-27,2020-07-27 15:00:00,2020-07-27 17:00:00,92.966,2.433893679680125,0.1065435228677573
42,T2302,2020-07-28,2020-07-28 16:00:00,2020-07-28 18:00:00,89.258,2.335597017158021,0.1591160604033491
43,T2302,2020-07-29,2020-07-29 16:00:00,2020-07-29 18:00:00,90.572,2.36815623912693,0.1431389844689771
44,T2302,2020-08-10,2020-08-10 16:00:00,2020-08-10 18:00:00,90.878,2.4726856569401447,0.2470590943145194
45,T2302,2020-08-25,2020-08-25 14:00:00,2020-08-25 18:00:00,89.726,2.5119247193429795,0.7507412077410175
46,T2302,2020-08-27,2020-08-27 15:00:00,2020-08-27 19:00:00,92.696,2.6243892652875,0.6156173170052496
47,T2302,2021-06-24,2021-06-24 14:00:00,2021-06-24 15:00:00,78.242,2.0391014111694767,0.4997393720389807
48,T2302,2021-05-25,2021-05-25 13:00:00,2021-05-25 13:30:00,75.344,1.8861094018115432,0.16240707513792
49,T2302,2021-05-26,2021-05-26 13:00:00,2021-05-26 13:30:00,88.48400000000001,1.9574491371111369,0.0663907223633423
50,T2302,2021-06-28,2021-06-28 16:00:00,2021-06-28 18:00:00,91.4,2.357427311096766,0.48456365460951
51,T2302,2021-06-29,2021-06-29 16:00:00,2021-06-29 18:00:00,93.92,2.417709962209945,0.4528482118443196
52,T2302,2021-06-30,2021-06-30 15:00:00,2021-06-30 17:00:00,95.18,2.443868326889413,0.5654501420948203
0,T2304,2018-07-24,2018-07-24 14:00:00,2018-07-24 18:00:00,87.458,2.526952839522732,0.0377399691089456
1,T2304,2018-08-06,2018-08-06 16:00:00,2018-08-06 18:00:00,89.33000000000001,2.678035038931328,0.0060552614289759
2,T2304,2018-08-07,2018-08-07 16:00:00,2018-08-07 18:00:00,93.776,2.7667217146216903,0.060485634423285
3,T2304,2019-06-28,2019-06-28 15:00:00,2019-06-28 17:00:00,77.162,2.7251860760793583,-0.1609854021821418
4,T2304,2019-08-27,2019-08-27 17:00:00,2019-08-27 18:00:00,83.588,3.3091311501895624,0.3222540867500847
5,T2304,2020-07-20,2020-07-20 17:00:00,2020-07-20 18:00:00,73.166,2.5684741003455085,-0.07218496975678
6,T2304,2020-09-05,2020-09-05 17:00:00,2020-09-05 19:00:00,99.986,3.192465312164919,-0.0021631362006606
7,T2304,2020-09-06,2020-09-06 16:30:00,2020-09-06 18:30:00,100.634,3.201540204775245,0.081982802786645
8,T2304,2020-09-07,2020-09-07 16:30:00,2020-09-07 18:30:00,78.02600000000001,2.759426743265917,-0.0542397257682428
9,T2304,2020-08-14,2020-08-14 17:00:00,2020-08-14 19:00:00,87.85400000000001,2.947927513229997,0.4998285691753223
10,T2304,2020-08-15,2020-08-15 19:00:00,2020-08-15 20:00:00,86.19800000000001,2.9452499687737155,0.308135027088996
11,T2304,2020-08-17,2020-08-17 17:00:00,2020-08-17 20:00:00,83.714,2.8566794812742904,0.0826706265328403
12,T2304,2020-08-18,2020-08-18 16:00:00,2020-08-18 21:00:00,94.136,3.0778420348591906,0.0170126098355561
13,T2304,2020-08-19,2020-08-19 06:30:00,2020-08-19 11:30:00,87.08000000000001,2.968507107844055,0.0114396952179065
14,T2304,2020-08-20,2020-08-20 18:00:00,2020-08-20 20:00:00,86.09,2.920984557664048,0.0629116666108958
15,T2304,2021-06-09,2021-06-09 16:00:00,2021-06-09 17:00:00,73.886,1.989509485630626,0.1693511654825644
16,T2304,2021-07-14,2021-07-14 16:00:00,2021-07-14 17:00:00,78.62,2.0885963619606223,-0.048677347485481
17,T2304,2021-07-20,2021-07-20 11:30:00,2021-07-20 12:00:00,83.19200000000001,2.13309825495778,0.0060863579840448
18,T2304,2021-08-02,2021-08-02 15:00:00,2021-08-02 15:30:00,86.414,2.1090865326438104,0.1506256443156292
19,T2304,2021-08-03,2021-08-03 14:00:00,2021-08-03 14:30:00,80.474,2.0614436414720685,0.0444594411004438
20,T2304,2021-08-05,2021-08-05 15:00:00,2021-08-05 16:00:00,75.92,2.0231037847302704,0.2258430487428593
21,T2304,2021-08-11,2021-08-11 16:00:00,2021-08-11 18:00:00,84.254,2.069619518413717,0.2108596289275116
22,T2304,2021-08-31,2021-08-31 16:00:00,2021-08-31 18:00:00,71.384,2.008693561109559,0.0265209525722125
24,T2304,2021-09-08,2021-09-08 16:00:00,2021-09-08 17:00:00,79.322,2.0943651343780822,-0.1803228430057724
25,T2304,2021-09-13,2021-09-13 16:00:00,2021-09-13 16:30:00,78.80000000000001,2.1079100407853666,-0.1028475926103094
26,T2304,2021-10-13,2021-10-13 16:00:00,2021-10-13 17:00:00,74.49799999999999,2.0645075478277946,0.245789091851602
0,T2319,2019-06-28,2019-06-28 15:00:00,2019-06-28 17:00:00,76.118,2.2780389103842955,0.053436387970519
1,T2319,2019-08-27,2019-08-27 17:00:00,2019-08-27 18:00:00,83.30000000000001,2.600133291972883,0.412974549949485
2,T2319,2020-07-20,2020-07-20 17:00:00,2020-07-20 18:00:00,75.974,2.072426563100866,-0.2041470981163417
3,T2319,2020-09-05,2020-09-05 17:00:00,2020-09-05 19:00:00,98.762,3.245664855378664,0.5024968924805281
4,T2319,2020-09-06,2020-09-06 16:30:00,2020-09-06 18:30:00,103.226,3.4222885917760206,0.4777472963904446
5,T2319,2020-09-07,2020-09-07 16:30:00,2020-09-07 18:30:00,76.406,2.2331544024580907,0.1407424512226963
6,T2319,2020-08-14,2020-08-14 17:00:00,2020-08-14 19:00:00,90.644,2.834017054453981,0.0523716915838836
7,T2319,2020-08-15,2020-08-15 19:00:00,2020-08-15 20:00:00,89.87,2.6577124627201227,-0.0590034871014676
8,T2319,2020-08-17,2020-08-17 17:00:00,2020-08-17 20:00:00,86.324,2.644381007796537,0.0620316990982792
9,T2319,2020-08-18,2020-08-18 16:00:00,2020-08-18 21:00:00,97.232,3.0845160496155914,0.0960336434085153
10,T2319,2020-08-19,2020-08-19 18:00:00,2020-08-19 20:00:00,89.024,2.7335454209753856,0.0668385149109479
11,T2319,2020-08-20,2020-08-20 18:00:00,2020-08-20 20:00:00,88.268,2.6807373402772074,0.0773540584235464
12,T2319,2021-05-12,2021-05-12 16:00:00,2021-05-12 17:00:00,69.404,1.70205746408429,0.1469702681228391
13,T2319,2021-06-09,2021-06-09 16:00:00,2021-06-09 17:00:00,73.75999999999999,1.852546695806608,0.4169267826008015
14,T2319,2021-07-14,2021-07-14 16:00:00,2021-07-14 17:00:00,79.088,2.2573979030220754,0.2241629269794676
15,T2319,2021-07-20,2021-07-20 11:30:00,2021-07-20 12:00:00,84.974,2.513250779773084,-0.0935577127062813
16,T2319,2021-08-02,2021-08-02 15:00:00,2021-08-02 15:30:00,88.07,2.637196325228401,0.3729052414637285
17,T2319,2021-08-03,2021-08-03 14:00:00,2021-08-03 14:30:00,83.84,2.471559438088057,0.3415647547605428
18,T2319,2021-08-05,2021-08-05 15:00:00,2021-08-05 16:00:00,79.754,2.348100823646913,0.1575709467704246
19,T2319,2021-08-11,2021-08-11 16:00:00,2021-08-11 18:00:00,84.47,2.5944499108168086,-0.0447261287841092
21,T2319,2021-08-31,2021-08-31 16:00:00,2021-08-31 18:00:00,70.664,2.0589752081512103,0.3621492496032781
22,T2319,2021-09-08,2021-09-08 16:00:00,2021-09-08 17:00:00,79.952,2.432591224174294,0.1923072061182237
23,T2319,2021-09-13,2021-09-13 16:00:00,2021-09-13 16:30:00,81.122,2.443498493676353,0.0585480117432262
24,T2319,2021-10-13,2021-10-13 16:00:00,2021-10-13 17:00:00,74.55199999999999,2.228431006040801,0.6435006795162149
1,T2320,2018-06-06,2018-06-06 15:00:00,2018-06-06 18:00:00,91.76,3.123957756263217,0.1013961660774288
2,T2320,2018-06-07,2018-06-07 15:00:00,2018-06-07 18:00:00,90.716,3.090462049005237,0.0951888307738019
3,T2320,2018-06-22,2018-06-22 15:00:00,2018-06-22 18:00:00,91.328,3.14490648459593,-0.1295606480222927
4,T2320,2018-06-27,2018-06-27 15:00:00,2018-06-27 18:00:00,90.122,3.1109801172613243,-0.0550234278191561
5,T2320,2018-06-28,2018-06-28 15:30:00,2018-06-28 17:30:00,89.6,3.1158483872854648,0.1121224174490762
6,T2320,2018-07-02,2018-07-02 16:00:00,2018-07-02 18:00:00,92.57,3.211899660993352,0.2079621942590196
7,T2320,2018-07-03,2018-07-03 16:00:00,2018-07-03 18:00:00,94.73,3.309082436687904,0.1698762110407033
8,T2320,2018-07-19,2018-07-19 16:00:00,2018-07-19 18:00:00,94.802,3.3614669110288293,0.2035050308967147
10,T2320,2018-07-23,2018-07-23 15:30:00,2018-07-23 17:30:00,97.574,3.482191075247759,0.2907136698871356
11,T2320,2018-08-06,2018-08-06 15:30:00,2018-08-06 17:30:00,90.338,3.1873144790972754,0.1313996809293333
12,T2320,2018-08-07,2018-08-07 15:30:00,2018-08-07 17:30:00,89.33000000000001,3.144539946278022,0.0565738944152185
13,T2320,2018-08-08,2018-08-08 15:30:00,2018-08-08 17:30:00,92.282,3.236356322829596,0.0383626273643249
14,T2320,2018-08-16,2018-08-16 15:30:00,2018-08-16 17:30:00,91.67,3.2108671500967114,0.0059002253699531
15,T2320,2018-08-17,2018-08-17 15:30:00,2018-08-17 17:30:00,92.282,3.244248166951876,0.0424848582170205
16,T2320,2018-08-22,2018-08-22 15:30:00,2018-08-22 17:30:00,96.908,3.425256430468354,0.1741784971403416
17,T2320,2018-08-23,2018-08-23 15:30:00,2018-08-23 17:30:00,93.02,3.2639793212071293,0.1906498926994252
18,T2320,2018-08-24,2018-08-24 15:30:00,2018-08-24 17:30:00,92.588,3.25948288376011,0.071429416288824
19,T2320,2018-09-18,2018-09-18 15:30:00,2018-09-18 17:30:00,93.2,3.3200856989737377,0.0149078129306666
20,T2320,2018-09-19,2018-09-19 15:30:00,2018-09-19 17:30:00,90.266,3.2227824015215525,0.1360480011221231
21,T2320,2019-06-19,2019-06-19 16:00:00,2019-06-19 17:30:00,91.13,3.305501512433976,0.0802951422919288
22,T2320,2019-06-20,2019-06-20 16:00:00,2019-06-20 18:00:00,90.572,3.279161095692233,0.0436746213606784
23,T2320,2019-07-09,2019-07-09 16:00:00,2019-07-09 17:30:00,92.444,3.3982392159291144,-0.1777107444971054
24,T2320,2019-07-10,2019-07-10 15:00:00,2019-07-10 17:00:00,91.418,3.350714544602188,0.1152143070894817
25,T2320,2019-07-30,2019-07-30 15:30:00,2019-07-30 17:30:00,93.344,3.413370164668301,0.3397166438724247
26,T2320,2019-07-31,2019-07-31 16:00:00,2019-07-31 18:00:00,90.086,3.2679699036231056,0.1386236046281844
27,T2320,2019-08-01,2019-08-01 15:00:00,2019-08-01 17:00:00,89.924,3.2650186128035137,0.2124563366083064
29,T2320,2019-08-08,2019-08-08 15:00:00,2019-08-08 17:00:00,95.702,3.513234059576554,0.0567628360909601
30,T2320,2019-08-12,2019-08-12 15:00:00,2019-08-12 17:00:00,95.504,3.510794302862889,0.1719746383142537
31,T2320,2019-09-05,2019-09-05 15:00:00,2019-09-05 17:00:00,93.614,3.3810301157835982,0.4144884104307154
32,T2320,2019-09-06,2019-09-06 15:00:00,2019-09-06 17:00:00,94.136,3.419319613981983,0.3175163162974068
33,T2320,2020-07-01,2020-07-01 16:00:00,2020-07-01 18:00:00,91.796,3.0148154822450874,0.5983680900091204
34,T2320,2020-07-02,2020-07-02 16:00:00,2020-07-02 18:00:00,94.064,3.109507981253662,0.5587677384050352
35,T2320,2020-07-08,2020-07-08 16:00:00,2020-07-08 18:00:00,92.768,3.0861824845701227,0.547998774169207
36,T2320,2020-07-09,2020-07-09 16:00:00,2020-07-09 18:00:00,93.146,3.102814620968253,0.5471515158393839
37,T2320,2020-07-10,2020-07-10 16:00:00,2020-07-10 17:00:00,93.992,3.1400389262402606,0.5540234273259688
38,T2320,2020-07-13,2020-07-13 16:00:00,2020-07-13 18:00:00,95.27,3.2103251663568004,0.5010185623198059
39,T2320,2020-08-06,2020-08-06 16:00:00,2020-08-06 18:00:00,91.796,3.1698485469529114,0.4972872067555457
40,T2320,2020-08-11,2020-08-11 16:00:00,2020-08-11 18:00:00,92.39,3.226523207667284,0.4533540844954187
41,T2320,2020-08-12,2020-08-12 15:00:00,2020-08-12 17:00:00,92.93,3.24790344802896,0.5910844052797095
42,T2320,2020-08-14,2020-08-14 15:00:00,2020-08-14 17:00:00,93.344,3.27703402163762,0.564471483740191
43,T2320,2020-09-01,2020-09-01 15:00:00,2020-09-01 17:00:00,92.678,3.2694321062511325,0.5322667340133229
44,T2320,2021-05-24,2021-05-24 13:00:00,2021-05-24 13:30:00,80.20400000000001,2.709558144505905,0.3805695785355739
46,T2320,2021-06-10,2021-06-10 16:00:00,2021-06-10 18:00:00,89.348,3.1923441090110027,0.5894068104043433
47,T2320,2021-06-14,2021-06-14 16:00:00,2021-06-14 18:00:00,93.974,3.4363398887239045,0.598291208096943
48,T2320,2021-06-15,2021-06-15 15:00:00,2021-06-15 17:00:00,92.732,3.3817798312888785,0.6535320381166752
49,T2320,2021-06-24,2021-06-24 14:30:00,2021-06-24 16:30:00,91.004,3.308591942429432,0.7732903853041052
50,T2320,2021-06-25,2021-06-25 15:30:00,2021-06-25 17:30:00,90.05000000000001,3.2552020537701405,0.6406769545651118
52,T2320,2021-07-26,2021-07-26 16:00:00,2021-07-26 18:00:00,94.064,3.4959209957825577,0.7590326450141021
53,T2320,2021-07-27,2021-07-27 16:00:00,2021-07-27 18:00:00,92.048,3.3823164239722017,0.928642147603302
54,T2320,2021-07-29,2021-07-29 15:30:00,2021-07-29 17:30:00,91.796,3.35096111869097,0.9406372393480378
55,T2320,2021-07-30,2021-07-30 15:00:00,2021-07-30 17:00:00,91.832,3.371105219746159,1.0082517705025595
56,T2320,2021-08-09,2021-08-09 15:30:00,2021-08-09 17:30:00,91.49,3.318014642090894,0.611362288620994
57,T2320,2021-08-10,2021-08-10 15:30:00,2021-08-10 17:30:00,91.922,3.31873972543826,0.6128984469749615
58,T2320,2021-08-11,2021-08-11 15:30:00,2021-08-11 17:00:00,91.526,3.3071361293411767,0.6252052381829272
59,T2320,2021-08-23,2021-08-23 15:30:00,2021-08-23 17:30:00,92.48,3.3824196034311824,0.7017545231981557
60,T2320,2021-08-24,2021-08-24 15:30:00,2021-08-24 17:30:00,93.056,3.4068691900124355,0.7086015752963305
61,T2320,2021-08-25,2021-08-25 15:30:00,2021-08-25 17:30:00,92.768,3.3956803961532183,0.7149679751517817
62,T2320,2021-08-31,2021-08-31 15:30:00,2021-08-31 17:30:00,92.372,3.3804642922307613,0.6397140921725996
63,T2320,2021-09-01,2021-09-01 15:00:00,2021-09-01 17:00:00,90.068,3.266205763226926,0.7788918846768018
64,T2320,2021-09-02,2021-09-02 15:30:00,2021-09-02 17:00:00,90.806,3.283813222603421,0.7895596016567535
65,T2320,2021-09-20,2021-09-20 15:30:00,2021-09-20 17:30:00,90.23,3.257976216779157,0.4347091232731281
1,T2324,2018-06-18,2018-06-18 15:00:00,2018-06-18 18:00:00,90.68,2.5774126776659205,0.1480742758503715
2,T2324,2018-07-02,2018-07-02 15:00:00,2018-07-02 19:00:00,93.56,2.769360377930672,0.0672188147519938
3,T2324,2018-07-03,2018-07-03 15:00:00,2018-07-03 18:00:00,86.666,2.6443021850962576,0.1823953857440553
4,T2324,2018-07-05,2018-07-05 15:00:00,2018-07-05 19:00:00,89.33000000000001,2.6957552244628755,-0.0423733875821702
5,T2324,2018-07-16,2018-07-16 15:00:00,2018-07-16 18:00:00,93.074,2.910525430796264,0.2304039654264491
6,T2324,2018-08-06,2018-08-06 15:00:00,2018-08-06 19:00:00,89.492,2.990118520518464,0.0799059690688051
7,T2324,2018-08-28,2018-08-28 15:00:00,2018-08-28 18:00:00,90.302,3.111375399873648,0.5148014745970294
8,T2324,2018-08-29,2018-08-29 14:00:00,2018-08-29 18:00:00,91.112,3.1499274384535614,0.4966555990650937
9,T2324,2018-08-30,2018-08-30 14:00:00,2018-08-30 15:00:00,72.19399999999999,2.403815054015604,0.3674451010169221
10,T2324,2018-09-05,2018-09-05 14:00:00,2018-09-05 18:00:00,91.418,3.1164243608143933,0.6765005178483722
12,T2324,2019-06-27,2019-06-27 16:00:00,2019-06-27 18:00:00,83.19200000000001,1.9696435589066428,-0.0869868747225067
13,T2324,2019-06-28,2019-06-28 16:00:00,2019-06-28 18:00:00,87.74600000000001,1.9973621212580164,-0.1668923780923393
14,T2324,2019-07-10,2019-07-10 16:00:00,2019-07-10 18:00:00,88.43,2.16435989936481,-0.1017930975739457
15,T2324,2019-07-17,2019-07-17 16:00:00,2019-07-17 18:00:00,75.794,2.081263557458201,0.0046966441885104
16,T2324,2019-07-19,2019-07-19 16:00:00,2019-07-19 18:00:00,89.54599999999999,2.2420555621550555,-0.0847681668109018
17,T2324,2019-07-29,2019-07-29 16:00:00,2019-07-29 18:00:00,87.74600000000001,2.277674418474164,-0.0187017367751286
18,T2324,2019-08-22,2019-08-22 14:00:00,2019-08-22 15:00:00,74.53399999999999,2.035529422086497,0.0558203821321666
20,T2324,2020-06-22,2020-06-22 16:00:00,2020-06-22 18:00:00,90.14,2.0077844276651704,0.2258734513349765
21,T2324,2020-07-06,2020-07-06 16:00:00,2020-07-06 18:00:00,91.112,2.1081192213260747,0.4983325458845398
22,T2324,2020-07-09,2020-07-09 16:00:00,2020-07-09 20:00:00,94.406,2.186656851157249,0.4702661234180953
23,T2324,2020-07-20,2020-07-20 16:00:00,2020-07-20 20:00:00,86.0,2.1050283104335663,0.4108056882012181
24,T2324,2020-07-27,2020-07-27 16:00:00,2020-07-27 20:00:00,91.13,2.22702379689843,0.3754591716371231
25,T2324,2020-08-27,2020-08-27 15:00:00,2020-08-27 16:00:00,81.554,2.130489356560484,0.3778013329223482
27,T2324,2021-06-28,2021-06-28 15:00:00,2021-06-28 19:00:00,89.762,2.2437179282134494,0.3791315136323704
28,T2324,2021-06-29,2021-06-29 15:00:00,2021-06-29 19:00:00,90.23,2.259933359254493,0.4033770836060423
29,T2324,2021-08-09,2021-08-09 16:00:00,2021-08-09 20:00:00,88.61,2.369828198665562,0.4741799395606555
30,T2324,2021-08-10,2021-08-10 15:00:00,2021-08-10 19:00:00,87.494,2.355616628640542,0.5861085378336018
31,T2324,2021-08-11,2021-08-11 15:00:00,2021-08-11 19:00:00,90.464,2.423656953623346,0.5652809111133908
32,T2324,2021-08-12,2021-08-12 15:00:00,2021-08-12 19:00:00,86.936,2.343838546633504,0.6017905796860956
33,T2324,2021-08-26,2021-08-26 15:00:00,2021-08-26 19:00:00,88.80799999999999,2.429609855249647,0.5957370232791608
34,T2324,2021-09-01,2021-09-01 15:00:00,2021-09-01 16:00:00,71.726,2.0080469897355777,0.3573139572459071
36,T2324,2021-05-25,2021-05-25 14:00:00,2021-05-25 14:30:00,83.84,1.9856761775055776,0.0545219998632604
37,T2324,2021-05-26,2021-05-26 14:00:00,2021-05-26 14:30:00,83.30000000000001,1.9602898324252187,0.053353632496721
38,T2324,2021-07-16,2021-07-16 16:00:00,2021-07-16 18:00:00,79.664,2.148641186564461,0.4065093926060139
39,T2324,2021-08-13,2021-08-13 16:00:00,2021-08-13 18:00:00,88.16,2.3745978351808086,0.5069401967493803
40,T2324,2021-08-25,2021-08-25 16:00:00,2021-08-25 18:00:00,89.94200000000001,2.460316813692576,0.6351469889572056
0,T2330,2019-10-14,2019-10-14 13:00:00,2019-10-14 16:00:00,71.726,2.1732145452191074,0.4138703817805483
1,T2330,2021-06-10,2021-06-10 14:00:00,2021-06-10 18:00:00,87.89,2.114644995302742,0.0408220107771816
2,T2334,2018-06-06,2018-06-06 15:00:00,2018-06-06 18:00:00,96.026,3.5513600074110023,0.415670233318911
3,T2334,2018-06-07,2018-06-07 15:00:00,2018-06-07 18:00:00,94.28,3.4810514722415693,0.1928773863284894
4,T2334,2018-06-22,2018-06-22 15:00:00,2018-06-22 18:00:00,101.732,3.7616015079457976,0.3326378148592628
5,T2334,2018-06-27,2018-06-27 15:00:00,2018-06-27 18:00:00,99.284,3.735312644035453,0.488099834654539
6,T2334,2018-06-28,2018-06-28 15:30:00,2018-06-28 17:30:00,98.762,3.704570384773487,0.4462342923353656
7,T2334,2018-07-02,2018-07-02 16:00:00,2018-07-02 18:00:00,100.922,3.8005589234910455,0.3578144639087735
8,T2334,2018-07-03,2018-07-03 16:00:00,2018-07-03 18:00:00,102.038,3.881517046666589,0.3406442849860376
9,T2334,2018-07-19,2018-07-19 16:00:00,2018-07-19 18:00:00,107.384,4.275160180952203,0.683478426071746
11,T2334,2018-07-23,2018-07-23 15:30:00,2018-07-23 17:30:00,103.568,4.095542959516062,0.4689822909848052
12,T2334,2018-08-06,2018-08-06 15:30:00,2018-08-06 17:30:00,98.186,3.736134907569988,0.4031670733084043
13,T2334,2018-08-07,2018-08-07 15:30:00,2018-08-07 17:30:00,98.636,3.838504624545035,0.5053459870816112
14,T2334,2018-08-08,2018-08-08 15:30:00,2018-08-08 17:30:00,93.146,3.54074349286861,0.2787401452435564
15,T2334,2018-08-16,2018-08-16 15:30:00,2018-08-16 17:30:00,96.728,3.740674892420745,0.5635521273088222
16,T2334,2018-08-17,2018-08-17 15:30:00,2018-08-17 17:30:00,98.42,3.8113402496661,0.4531693436396651
17,T2334,2018-08-22,2018-08-22 15:30:00,2018-08-22 17:30:00,93.254,3.5886905107946463,0.4825742565690926
18,T2334,2018-08-23,2018-08-23 15:30:00,2018-08-23 17:30:00,99.32,3.8780825790052265,0.4538897108790449
19,T2334,2018-08-24,2018-08-24 15:30:00,2018-08-24 17:30:00,98.24,3.8327266124599833,0.5885197815352401
20,T2334,2018-09-18,2018-09-18 15:30:00,2018-09-18 17:30:00,93.164,3.6281395146320334,0.4466567177391962
21,T2334,2018-09-19,2018-09-19 15:30:00,2018-09-19 17:30:00,93.092,3.625994327757153,0.4821753815139288
22,T2334,2019-06-19,2019-06-19 16:00:00,2019-06-19 17:30:00,93.65,3.4879551620941625,0.2455294969771518
23,T2334,2019-06-20,2019-06-20 16:00:00,2019-06-20 18:00:00,94.01,3.515415598495051,0.2720376015167617
24,T2334,2019-06-28,2019-06-28 14:00:00,2019-06-28 17:00:00,93.02,3.549490204348197,0.1923478726958855
25,T2334,2019-07-09,2019-07-09 16:00:00,2019-07-09 17:30:00,95.81,3.719588628269437,0.5855987273982017
26,T2334,2019-07-10,2019-07-10 15:00:00,2019-07-10 17:00:00,97.232,3.791252341876216,0.5630733085567852
27,T2334,2019-07-30,2019-07-30 15:30:00,2019-07-30 17:30:00,99.932,3.9488840153072857,0.6964272730192109
28,T2334,2019-07-31,2019-07-31 16:00:00,2019-07-31 18:00:00,97.574,3.83269029627761,0.5384820667928418
29,T2334,2019-08-01,2019-08-01 15:00:00,2019-08-01 17:00:00,96.134,3.7933588188591103,0.7741809430409439
31,T2334,2019-08-08,2019-08-08 15:00:00,2019-08-08 17:00:00,95.666,3.741358433755076,0.6688953767313031
32,T2334,2019-08-12,2019-08-12 15:00:00,2019-08-12 17:00:00,101.3,4.041731428096278,0.7848235235696998
33,T2334,2019-09-05,2019-09-05 15:00:00,2019-09-05 17:00:00,97.682,3.876586904874094,0.9153930352081644
34,T2334,2019-09-06,2019-09-06 15:00:00,2019-09-06 17:00:00,99.5,3.969796085082232,0.9025580652275318
35,T2334,2020-05-04,2020-05-04 17:00:00,2020-05-04 17:30:00,89.798,2.308016775244797,-0.3895409675251467
36,T2334,2020-06-18,2020-06-18 15:00:00,2020-06-18 18:00:00,92.102,2.635528367268082,0.3595206941640741
37,T2334,2020-07-01,2020-07-01 16:00:00,2020-07-01 18:00:00,93.29,2.728437925101338,0.2154061132248745
38,T2334,2020-07-02,2020-07-02 16:00:00,2020-07-02 18:00:00,93.884,2.745596018335059,0.420232930189923
39,T2334,2020-07-08,2020-07-08 16:00:00,2020-07-08 18:00:00,92.03,2.6974739662712417,0.0658674838246356
40,T2334,2020-07-09,2020-07-09 16:00:00,2020-07-09 18:00:00,93.758,2.7631712398040467,0.160759301115045
41,T2334,2020-07-10,2020-07-10 16:00:00,2020-07-10 17:00:00,93.056,2.7321383568287523,0.2646491370918586
42,T2334,2020-07-13,2020-07-13 16:00:00,2020-07-13 18:00:00,100.166,3.027628433002759,0.0567339731240994
43,T2334,2020-08-06,2020-08-06 16:00:00,2020-08-06 18:00:00,95.936,3.011487388596969,0.2987011681144377
44,T2334,2020-08-11,2020-08-11 16:00:00,2020-08-11 18:00:00,97.754,3.1192143956995286,0.3991003969946016
45,T2334,2020-08-12,2020-08-12 15:00:00,2020-08-12 17:00:00,100.112,3.2352010360645176,0.2253530051097917
46,T2334,2020-08-14,2020-08-14 15:00:00,2020-08-14 17:00:00,102.884,3.377656662870928,0.3724425750504879
47,T2334,2020-09-01,2020-09-01 15:00:00,2020-09-01 17:00:00,91.49,2.908577250243084,0.4121287225673811
48,T2334,2021-06-17,2021-06-17 15:00:00,2021-06-17 18:00:00,96.242,2.926105967800572,0.3720661342191474
49,T2334,2021-06-09,2021-06-09 16:00:00,2021-06-09 18:00:00,90.14,2.683109895369613,0.2361670246504721
50,T2334,2021-06-10,2021-06-10 16:00:00,2021-06-10 18:00:00,90.716,2.7004983852279483,0.2784505833988695
51,T2334,2021-06-14,2021-06-14 16:00:00,2021-06-14 18:00:00,94.604,2.801223238496017,0.4133286680337583
52,T2334,2021-06-15,2021-06-15 15:00:00,2021-06-15 17:00:00,94.46,2.852761128972729,0.3231652615883227
53,T2334,2021-06-24,2021-06-24 14:30:00,2021-06-24 16:30:00,94.784,2.9537334054444253,0.5834792626784463
54,T2334,2021-06-25,2021-06-25 15:30:00,2021-06-25 17:30:00,93.92,2.929474586833262,0.4271473804738918
56,T2334,2021-07-26,2021-07-26 16:00:00,2021-07-26 18:00:00,98.222,3.5130909775036407,0.835331639064777
57,T2334,2021-07-27,2021-07-27 16:00:00,2021-07-27 18:00:00,97.79,3.492303016619347,0.6784330995622153
58,T2334,2021-07-29,2021-07-29 15:30:00,2021-07-29 17:30:00,96.548,3.4338198644974853,0.8074486959414853
59,T2334,2021-07-30,2021-07-30 15:00:00,2021-07-30 17:00:00,95.342,3.3750440123197087,0.5928546687569484
60,T2334,2021-08-09,2021-08-09 15:30:00,2021-08-09 17:30:00,95.774,3.4039447758980086,0.7607163924168492
61,T2334,2021-08-10,2021-08-10 15:30:00,2021-08-10 17:30:00,95.792,3.3943530496951646,0.9085510802495106
62,T2334,2021-08-11,2021-08-11 15:30:00,2021-08-11 17:00:00,95.99,3.414408477210201,0.9751255425280624
2,T2335,2018-06-06,2018-06-06 15:00:00,2018-06-06 18:00:00,91.598,3.225663592943937,-0.1338890725198082
3,T2335,2018-06-07,2018-06-07 15:00:00,2018-06-07 18:00:00,89.582,3.0843665582858635,-0.0442373611688581
4,T2335,2018-06-22,2018-06-22 15:00:00,2018-06-22 18:00:00,96.89,3.466099927097799,0.1400829576259732
5,T2335,2018-06-27,2018-06-27 15:00:00,2018-06-27 18:00:00,98.168,3.5403675490079016,0.1752902498518566
6,T2335,2018-06-28,2018-06-28 15:30:00,2018-06-28 17:30:00,96.944,3.497476626965358,0.1321931140876805
7,T2335,2018-07-02,2018-07-02 16:00:00,2018-07-02 18:00:00,98.762,3.580416882356808,0.2387129527300933
8,T2335,2018-07-03,2018-07-03 16:00:00,2018-07-03 18:00:00,100.184,3.644653382308474,0.2685232737384385
9,T2335,2018-07-19,2018-07-19 16:00:00,2018-07-19 18:00:00,107.15,4.089863070534673,0.5270178890723353
11,T2335,2018-07-23,2018-07-23 15:30:00,2018-07-23 17:30:00,100.184,3.7575945327601454,0.3617812238236881
12,T2335,2018-08-06,2018-08-06 15:30:00,2018-08-06 17:30:00,96.602,3.589609423558936,0.3736967967617053
13,T2335,2018-08-07,2018-08-07 15:30:00,2018-08-07 17:30:00,98.114,3.6677720825546487,0.365828159135198
14,T2335,2018-08-08,2018-08-08 15:30:00,2018-08-08 17:30:00,88.304,3.341706343281579,0.1208512822590339
15,T2335,2018-08-16,2018-08-16 15:30:00,2018-08-16 17:30:00,96.152,3.5816557374997235,0.2727029510861202
16,T2335,2018-08-17,2018-08-17 15:30:00,2018-08-17 17:30:00,96.692,3.6032912751910207,0.2936473557393698
17,T2335,2018-08-22,2018-08-22 15:30:00,2018-08-22 17:30:00,92.75,3.441867853796268,0.2760707386256463
18,T2335,2018-08-23,2018-08-23 15:30:00,2018-08-23 17:30:00,96.638,3.604434995805485,0.2968860905640487
19,T2335,2018-08-24,2018-08-24 15:30:00,2018-08-24 17:30:00,96.602,3.6006821341851256,0.2470306681375907
20,T2335,2018-09-18,2018-09-18 15:30:00,2018-09-18 17:30:00,92.858,3.495537966390543,0.2482086666749822
21,T2335,2018-09-19,2018-09-19 15:30:00,2018-09-19 17:30:00,92.966,3.5119439913782853,0.2046425217522542
22,T2335,2019-06-19,2019-06-19 16:00:00,2019-06-19 17:30:00,89.834,3.029413727058524,-0.0932745782073118
23,T2335,2019-06-20,2019-06-20 16:00:00,2019-06-20 18:00:00,94.874,3.174779120578453,-0.1440100797164106
24,T2335,2019-06-28,2019-06-28 14:00:00,2019-06-28 17:00:00,91.76,3.1516560746316227,0.1502469452994469
25,T2335,2019-07-09,2019-07-09 16:00:00,2019-07-09 17:30:00,93.884,3.2882801139744378,0.064759599325125
26,T2335,2019-07-10,2019-07-10 15:00:00,2019-07-10 17:00:00,95.0,3.330695766939242,0.1297819462551581
27,T2335,2019-07-30,2019-07-30 15:30:00,2019-07-30 17:30:00,97.808,3.512117310882976,0.2099789714085168
28,T2335,2019-07-31,2019-07-31 16:00:00,2019-07-31 18:00:00,96.332,3.4656960154175924,0.2790821086953808
29,T2335,2019-08-01,2019-08-01 15:00:00,2019-08-01 17:00:00,93.038,3.343776349305212,0.1823177555770493
31,T2335,2019-08-08,2019-08-08 15:00:00,2019-08-08 17:00:00,93.524,3.3567511703686006,0.0885891639934937
32,T2335,2019-08-12,2019-08-12 15:00:00,2019-08-12 17:00:00,98.708,3.590003468501941,0.2823271417648919
33,T2335,2019-09-05,2019-09-05 15:00:00,2019-09-05 17:00:00,96.044,3.5432768668203947,0.5314512245297208
34,T2335,2019-09-06,2019-09-06 15:00:00,2019-09-06 17:00:00,96.98,3.5853871108565647,0.4453013049307633
35,T2335,2020-05-04,2020-05-04 17:00:00,2020-05-04 17:30:00,89.438,2.66782727454467,-0.5254676207299976
36,T2335,2020-06-18,2020-06-18 15:00:00,2020-06-18 18:00:00,91.274,2.9317596182608807,0.0639927144492925
37,T2335,2020-07-01,2020-07-01 16:00:00,2020-07-01 18:00:00,95.0,3.086745474193555,0.1550258104922955
38,T2335,2020-07-02,2020-07-02 16:00:00,2020-07-02 18:00:00,94.694,3.0426928325795823,0.2652592673234825
39,T2335,2020-07-08,2020-07-08 16:00:00,2020-07-08 18:00:00,91.724,3.0746313834928305,0.0512232117275438
40,T2335,2020-07-09,2020-07-09 16:00:00,2020-07-09 18:00:00,93.92,3.122763483613461,0.0642311515988152
41,T2335,2020-07-10,2020-07-10 16:00:00,2020-07-10 17:00:00,93.506,3.139957306121335,0.1093350624251562
42,T2335,2020-07-13,2020-07-13 16:00:00,2020-07-13 18:00:00,100.742,3.3828428300804583,0.3029471759120036
43,T2335,2020-08-06,2020-08-06 16:00:00,2020-08-06 18:00:00,94.496,3.4096616638958377,0.4548105565623292
44,T2335,2020-08-11,2020-08-11 16:00:00,2020-08-11 18:00:00,96.404,3.526030366721958,0.4626204072248677
45,T2335,2020-08-12,2020-08-12 15:00:00,2020-08-12 17:00:00,97.376,3.5889541848596305,0.3699906315147708
46,T2335,2020-08-14,2020-08-14 15:00:00,2020-08-14 17:00:00,101.48,3.8225467612795385,0.5689843999955772
47,T2335,2020-09-01,2020-09-01 15:00:00,2020-09-01 17:00:00,87.72800000000001,3.0235044913698883,0.1642910481116113
48,T2335,2021-06-17,2021-06-17 15:00:00,2021-06-17 18:00:00,95.234,3.110303686410232,0.1449363882294093
49,T2335,2021-05-20,2021-05-20 13:00:00,2021-05-20 13:30:00,75.902,2.420604009857052,-0.2222760854288391
50,T2335,2021-06-09,2021-06-09 16:00:00,2021-06-09 18:00:00,89.456,2.804532842747425,0.1202359767290759
51,T2335,2021-06-10,2021-06-10 16:00:00,2021-06-10 18:00:00,89.888,2.830606531701501,-0.015002377483042
52,T2335,2021-06-14,2021-06-14 16:00:00,2021-06-14 18:00:00,92.498,2.9873019806699523,-0.0085249711526741
53,T2335,2021-06-15,2021-06-15 15:00:00,2021-06-15 17:00:00,93.74,3.0414987937685463,0.1326797450353213
54,T2335,2021-06-24,2021-06-24 14:30:00,2021-06-24 16:30:00,94.136,3.1899103977659693,0.3550504211442273
55,T2335,2021-06-25,2021-06-25 15:30:00,2021-06-25 17:30:00,93.884,3.1890126055222483,0.2392401209317418
57,T2335,2021-07-26,2021-07-26 16:00:00,2021-07-26 18:00:00,97.592,3.613167461011743,0.4661653949941781
58,T2335,2021-07-27,2021-07-27 16:00:00,2021-07-27 18:00:00,96.026,3.522566595623904,0.3520207081825226
59,T2335,2021-07-29,2021-07-29 15:30:00,2021-07-29 17:30:00,96.062,3.5505974108390026,0.4857739955451784
60,T2335,2021-07-30,2021-07-30 15:00:00,2021-07-30 17:00:00,96.116,3.535642203557588,0.4092428616352662
61,T2335,2021-08-09,2021-08-09 15:30:00,2021-08-09 17:30:00,95.81,3.599399830762644,0.5031174911121513
62,T2335,2021-08-10,2021-08-10 15:30:00,2021-08-10 17:30:00,94.928,3.549917623149982,0.4520047512371538
63,T2335,2021-08-11,2021-08-11 15:30:00,2021-08-11 17:00:00,95.504,3.583513437792264,0.4715084517468728
64,T2335,2021-08-23,2021-08-23 15:30:00,2021-08-23 17:30:00,94.568,3.547770898945473,0.5173846706446247
65,T2335,2021-08-24,2021-08-24 15:30:00,2021-08-24 17:30:00,95.252,3.605594444835616,0.5113812316033753
66,T2335,2021-08-25,2021-08-25 15:30:00,2021-08-25 17:30:00,95.36,3.577881777680892,0.5429609822728059
67,T2335,2021-08-31,2021-08-31 15:30:00,2021-08-31 17:30:00,95.45,3.659930880565363,0.5773130567527082
68,T2335,2021-09-01,2021-09-01 15:00:00,2021-09-01 17:00:00,96.512,3.729854902753949,0.5533117036725818
69,T2335,2021-09-02,2021-09-02 15:30:00,2021-09-02 17:00:00,94.442,3.5917549589314923,0.4158913288309237
70,T2335,2021-09-20,2021-09-20 15:30:00,2021-09-20 17:30:00,96.458,3.654780217434229,0.6756852941156022
0,T2346,2018-06-18,2018-06-18 15:00:00,2018-06-18 18:00:00,91.256,2.391920454516281,-0.172238386638677
1,T2346,2018-06-19,2018-06-19 15:00:00,2018-06-19 18:00:00,80.906,2.256510865529415,0.0907953734329218
2,T2346,2018-06-29,2018-06-29 16:00:00,2018-06-29 18:00:00,88.322,2.412158969559986,-0.0429321711854533
3,T2346,2018-07-02,2018-07-02 16:00:00,2018-07-02 18:00:00,89.294,2.471069865651859,0.1262445073780815
4,T2346,2018-07-03,2018-07-03 16:00:00,2018-07-03 18:00:00,90.752,2.4877425552795702,0.0931882361788673
5,T2346,2018-07-05,2018-07-05 15:00:00,2018-07-05 17:00:00,89.078,2.4370285582164537,-0.0054534569265351
6,T2346,2018-07-16,2018-07-16 16:00:00,2018-07-16 18:00:00,88.358,2.5496622088569167,0.1053093583778815
7,T2346,2018-08-06,2018-08-06 14:00:00,2018-08-06 18:00:00,90.644,2.7958698950416774,0.3847400936702772
8,T2346,2018-08-15,2018-08-15 14:00:00,2018-08-15 16:00:00,87.35,2.705474654036978,0.4347532189064428
9,T2346,2018-08-27,2018-08-27 16:00:00,2018-08-27 18:00:00,89.528,2.817236241883954,0.2868232984349829
10,T2346,2018-08-28,2018-08-28 15:00:00,2018-08-28 18:00:00,89.726,2.8322835021202346,0.3899246265869998
11,T2346,2018-08-29,2018-08-29 15:00:00,2018-08-29 17:00:00,88.73599999999999,2.79333765209692,0.2364680368203658
12,T2346,2019-06-26,2019-06-26 16:00:00,2019-06-26 18:00:00,86.396,2.405357620466615,-0.2070681557625688
13,T2346,2019-06-27,2019-06-27 16:00:00,2019-06-27 18:00:00,89.078,2.4906963737479364,-0.1476649964612599
14,T2346,2019-06-28,2019-06-28 15:00:00,2019-06-28 17:00:00,89.15,2.492352887628216,-0.226314759822572
15,T2346,2019-07-02,2019-07-02 16:00:00,2019-07-02 18:00:00,91.022,2.5735958293396903,-0.0738404742967216
16,T2346,2019-07-03,2019-07-03 16:00:00,2019-07-03 18:00:00,84.128,2.406627429224224,-0.1618753899210935
17,T2346,2019-07-10,2019-07-10 16:00:00,2019-07-10 18:00:00,89.54599999999999,2.67043266340202,0.0210670609455931
18,T2346,2019-07-15,2019-07-15 16:00:00,2019-07-15 18:00:00,88.322,2.6388609482350414,0.0997746702214224
19,T2346,2019-07-16,2019-07-16 16:00:00,2019-07-16 18:00:00,84.362,2.533081069853353,-0.0838945606476163
20,T2346,2019-07-17,2019-07-17 16:00:00,2019-07-17 18:00:00,83.138,2.430918467181906,-0.0141599358906685
21,T2346,2019-07-18,2019-07-18 16:00:00,2019-07-18 18:00:00,88.43,2.65327379647505,-0.0552793830170356
22,T2346,2019-07-19,2019-07-19 16:00:00,2019-07-19 18:00:00,90.338,2.7089554980260964,-0.1446046070201381
23,T2346,2019-07-29,2019-07-29 16:00:00,2019-07-29 18:00:00,86.324,2.652180612036489,9.317997801594252e-05
24,T2346,2019-08-08,2019-08-08 14:00:00,2019-08-08 16:00:00,83.048,2.566769737685316,0.3755494487847476
25,T2346,2019-08-19,2019-08-19 03:00:00,2019-08-19 05:00:00,84.326,2.5806874461909657,0.2847768538536044
26,T2346,2019-08-20,2019-08-20 16:00:00,2019-08-20 18:00:00,89.042,2.78013372156418,0.2646882894818368
27,T2346,2020-06-18,2020-06-18 16:30:00,2020-06-18 17:00:00,83.732,2.1046829001419005,0.1648844824766083
28,T2346,2020-06-22,2020-06-22 16:00:00,2020-06-22 18:00:00,76.136,1.9427694636264368,0.0674837873699241
29,T2346,2020-06-23,2020-06-23 16:00:00,2020-06-23 18:00:00,77.936,2.016548105933212,0.1244304896726983
30,T2346,2020-06-26,2020-06-26 16:00:00,2020-06-26 18:00:00,82.436,2.126020716429329,0.115985844281284
31,T2346,2020-06-29,2020-06-29 16:00:00,2020-06-29 18:00:00,86.34200000000001,2.220742810520772,0.278430446104254
32,T2346,2020-07-01,2020-07-01 16:00:00,2020-07-01 18:00:00,85.82,2.2085550619401952,0.1459332773105097
33,T2346,2020-07-02,2020-07-02 16:00:00,2020-07-02 18:00:00,89.114,2.2747541200795416,0.1858341447588535
34,T2346,2020-07-03,2020-07-03 16:00:00,2020-07-03 18:00:00,91.328,2.3353398077918683,0.0886983824130449
35,T2346,2020-07-06,2020-07-06 15:00:00,2020-07-06 17:00:00,92.966,2.3913829472167274,0.1995297209905747
36,T2346,2020-07-07,2020-07-07 15:00:00,2020-07-07 17:00:00,91.04,2.285685514730252,0.1680701403663699
37,T2346,2020-07-08,2020-07-08 16:00:00,2020-07-08 18:00:00,92.40800000000002,2.3753259499743504,0.0176977269186367
38,T2346,2020-07-09,2020-07-09 15:00:00,2020-07-09 17:00:00,94.154,2.4247934694291264,0.0258219791185363
39,T2346,2020-07-15,2020-07-15 16:00:00,2020-07-15 18:00:00,89.456,2.34133059010542,0.1503501437681344
40,T2346,2020-07-20,2020-07-20 15:00:00,2020-07-20 17:00:00,85.55000000000001,2.289260544292572,0.1275658178541993
41,T2346,2020-07-21,2020-07-21 16:00:00,2020-07-21 18:00:00,88.05199999999999,2.3508345208060715,0.0899775491272946
42,T2346,2020-07-22,2020-07-22 16:00:00,2020-07-22 18:00:00,81.71600000000001,2.2057818921898105,0.0481858455110013
43,T2346,2020-07-27,2020-07-27 15:00:00,2020-07-27 17:00:00,90.734,2.447141843507767,0.0700674680600025
44,T2346,2020-07-28,2020-07-28 16:00:00,2020-07-28 18:00:00,84.18199999999999,2.282159089123465,0.0744538346152352
45,T2346,2020-07-29,2020-07-29 16:00:00,2020-07-29 18:00:00,87.674,2.383994805441538,0.0532643539679062
46,T2346,2020-08-10,2020-08-10 16:00:00,2020-08-10 18:00:00,91.112,2.5319676830894293,0.1373941201232109
47,T2346,2020-08-25,2020-08-25 16:00:00,2020-08-25 18:00:00,87.80000000000001,2.474424882322967,0.7888816775004182
48,T2346,2020-08-27,2020-08-27 16:00:00,2020-08-27 18:00:00,89.42,2.545284400189424,0.8777944094688545
49,T2346,2020-05-13,2020-05-13 16:00:00,2020-05-13 17:00:00,64.706,1.7152736798981272,0.0462742543319192
50,T2346,2020-08-12,2020-08-12 14:00:00,2020-08-12 16:00:00,84.18199999999999,2.345408182276369,0.2024779829627246
51,T2346,2021-05-25,2021-05-25 13:00:00,2021-05-25 13:30:00,87.332,2.137075927729878,0.2651607676364217
52,T2346,2021-05-26,2021-05-26 13:00:00,2021-05-26 13:30:00,80.402,2.00151593880408,0.2767054124194023
53,T2346,2021-06-28,2021-06-28 16:00:00,2021-06-28 18:00:00,91.4,2.524543392317665,0.5113954306056574
54,T2346,2021-06-29,2021-06-29 16:00:00,2021-06-29 18:00:00,93.794,2.572533348472197,0.4777035024793285
55,T2346,2021-06-30,2021-06-30 15:00:00,2021-06-30 17:00:00,83.75,2.346570649243218,0.5935997695163583
56,T2346,2021-07-06,2021-07-06 16:00:00,2021-07-06 18:00:00,90.464,2.5197199749861725,0.5779472683596499
57,T2346,2021-07-07,2021-07-07 15:00:00,2021-07-07 17:00:00,87.368,2.453343659663183,0.6950253904686904
58,T2346,2021-07-26,2021-07-26 16:00:00,2021-07-26 18:00:00,87.044,2.564616852754409,0.5761815930174543
59,T2346,2021-07-27,2021-07-27 16:00:00,2021-07-27 18:00:00,87.638,2.5804736510909554,0.5383577207841393
60,T2346,2021-08-10,2021-08-10 16:00:00,2021-08-10 18:00:00,85.00999999999999,2.536494949557549,0.8540854745537058
61,T2346,2021-08-11,2021-08-11 16:00:00,2021-08-11 18:00:00,86.396,2.617037800693702,0.8177492301166646
62,T2346,2021-08-12,2021-08-12 16:00:00,2021-08-12 18:00:00,87.314,2.6489625185575343,0.7037420425317031
63,T2346,2021-08-13,2021-08-13 16:00:00,2021-08-13 17:00:00,86.0,2.605591428214324,0.5554759330239367
64,T2346,2021-08-24,2021-08-24 16:00:00,2021-08-24 18:00:00,90.248,2.787156160166062,1.0088773189874074
65,T2346,2021-08-25,2021-08-25 14:00:00,2021-08-25 16:00:00,87.69200000000001,2.6802106112993984,0.8564494903594676
66,T2346,2021-08-26,2021-08-26 16:00:00,2021-08-26 18:00:00,89.456,2.7660473920070388,1.1047630306560916
67,T2346,2021-08-27,2021-08-27 15:00:00,2021-08-27 17:00:00,89.438,2.7645284338831497,0.7613291827722777
0,T2347,2018-07-24,2018-07-24 16:00:00,2018-07-24 19:00:00,97.466,2.842221715874555,0.1477786221455304
1,T2347,2018-07-25,2018-07-25 16:00:00,2018-07-25 19:00:00,103.658,3.0473866631916326,0.2251548666616686
2,T2347,2018-07-26,2018-07-26 18:00:00,2018-07-26 19:00:00,100.058,2.942876342758511,0.0431543973477908
3,T2347,2018-08-07,2018-08-07 18:00:00,2018-08-07 19:00:00,91.31,2.6289989202783954,0.0876580629942296
4,T2347,2018-08-08,2018-08-08 18:00:00,2018-08-08 19:00:00,92.426,2.675171650461506,0.0170587616640128
5,T2347,2018-08-09,2018-08-09 18:00:00,2018-08-09 19:00:00,98.726,2.8920278439057805,0.0783895668334792
6,T2347,2018-10-22,2018-10-22 18:00:00,2018-10-22 19:00:00,76.60400000000001,2.0281269812165634,-0.128844292868025
7,T2347,2019-07-24,2019-07-24 18:00:00,2019-07-24 19:00:00,97.628,2.8275770171123016,0.2085324615533904
8,T2347,2019-09-24,2019-09-24 18:00:00,2019-09-24 19:00:00,94.73,2.809448712631205,0.0906875241202919
9,T2347,2019-10-22,2019-10-22 18:00:00,2019-10-22 19:00:00,83.678,2.330645136970356,0.3546572987092509
10,T2347,2020-07-20,2020-07-20 17:00:00,2020-07-20 18:00:00,87.926,2.31903500288952,0.4502473097504911
11,T2347,2020-07-30,2020-07-30 18:00:00,2020-07-30 20:00:00,93.29,2.5686289397922195,0.5750729872564523
12,T2347,2020-08-14,2020-08-14 18:00:00,2020-08-14 20:00:00,102.812,3.004636985435764,0.5348694344924334
13,T2347,2020-08-17,2020-08-17 18:00:00,2020-08-17 20:00:00,102.902,3.0233701164037385,0.4456204537626498
14,T2347,2020-08-18,2020-08-18 17:00:00,2020-08-18 19:00:00,103.244,3.026470306048252,0.6059955723069336
15,T2347,2020-08-19,2020-08-19 18:00:00,2020-08-19 20:00:00,101.678,2.977638367431078,0.6336535515811872
16,T2347,2020-09-05,2020-09-05 17:00:00,2020-09-05 19:00:00,100.904,2.9606567382716458,0.6844162610382689
17,T2347,2020-09-06,2020-09-06 16:30:00,2020-09-06 18:30:00,104.756,3.112643982576874,0.7237016534151394
18,T2347,2020-09-07,2020-09-07 16:30:00,2020-09-07 18:30:00,106.376,3.177832401109669,0.7558874143748731
19,T2347,2020-09-30,2020-09-30 18:00:00,2020-09-30 19:00:00,96.44,2.7983618301492834,0.6204296002634955
20,T2347,2020-10-01,2020-10-01 17:00:00,2020-10-01 19:00:00,91.94,2.621070652607162,0.4811591687317412
21,T2347,2020-10-15,2020-10-15 17:00:00,2020-10-15 19:00:00,88.78999999999999,2.502185585826468,0.667862194022318
22,T2347,2020-10-16,2020-10-16 17:00:00,2020-10-16 19:00:00,90.608,2.569115824025051,0.6220305211079835
23,T2347,2021-06-16,2021-06-16 18:00:00,2021-06-16 20:00:00,95.018,2.535383171469712,0.3988289142004408
24,T2347,2021-06-17,2021-06-17 18:00:00,2021-06-17 20:00:00,104.0,2.8231098913633352,0.4265676369302666
25,T2347,2021-07-09,2021-07-09 18:00:00,2021-07-09 19:00:00,102.92,3.064284449634441,0.5001321424473204
26,T2347,2021-07-12,2021-07-12 18:00:00,2021-07-12 20:00:00,93.236,2.629213562340059,0.4929705454457502
27,T2347,2021-07-13,2021-07-13 19:00:00,2021-07-13 20:00:00,88.7,2.438443349224497,0.3731926726978216
28,T2347,2021-07-22,2021-07-22 18:00:00,2021-07-22 21:00:00,94.514,2.682678058047958,0.4333952557163853
29,T2347,2021-07-28,2021-07-28 18:00:00,2021-07-28 19:00:00,97.862,2.841713975725738,0.5106402667094158
30,T2347,2021-07-29,2021-07-29 18:00:00,2021-07-29 20:00:00,98.528,2.8875487838819804,0.5053081060980037
31,T2347,2021-07-30,2021-07-30 18:00:00,2021-07-30 20:00:00,98.42,2.840527482623351,0.4850711632024052
32,T2347,2021-08-03,2021-08-03 18:00:00,2021-08-03 19:00:00,95.216,2.744998175247278,0.5083935221282276
33,T2347,2021-08-11,2021-08-11 17:00:00,2021-08-11 20:00:00,97.034,2.853055366093103,0.5393896218641411
34,T2347,2021-08-26,2021-08-26 17:00:00,2021-08-26 20:00:00,91.112,2.6152265974315143,0.6635224956972493
35,T2347,2021-09-09,2021-09-09 17:00:00,2021-09-09 20:00:00,98.69,2.992677821110885,0.5578412081265407
36,T2347,2021-09-23,2021-09-23 17:00:00,2021-09-23 20:00:00,93.452,2.723920283898924,0.7627582308538845
37,T2347,2021-09-30,2021-09-30 17:00:00,2021-09-30 20:00:00,85.208,2.430819531397243,0.6951707535197711
38,T2347,2021-10-15,2021-10-15 17:00:00,2021-10-15 20:00:00,81.05000000000001,2.241504748032608,0.5019733051653783
39,T2347,2021-10-29,2021-10-29 17:00:00,2021-10-29 20:00:00,74.786,1.9823031902615968,0.2455808327049832
0,T2359,2018-07-23,2018-07-23 18:00:00,2018-07-23 19:00:00,100.328,2.827901775283738,0.3641552437130961
1,T2359,2018-07-24,2018-07-24 16:00:00,2018-07-24 19:00:00,101.804,2.879648971725408,0.5802420443311844
2,T2359,2018-07-25,2018-07-25 16:00:00,2018-07-25 19:00:00,103.352,2.944719146315891,0.6493392061884264
3,T2359,2018-08-07,2018-08-07 18:00:00,2018-08-07 19:00:00,96.656,2.7211423615660544,0.3266490446929199
4,T2359,2018-08-08,2018-08-08 18:00:00,2018-08-08 19:00:00,100.112,2.856085043557313,0.4323152927785073
5,T2359,2018-08-09,2018-08-09 18:00:00,2018-08-09 19:00:00,102.686,2.935577762348009,0.4643218768746577
6,T2359,2018-10-22,2018-10-22 18:00:00,2018-10-22 19:00:00,80.06,2.071697362591471,-0.0184640300696256
7,T2359,2019-09-24,2019-09-24 18:00:00,2019-09-24 19:00:00,93.578,2.7507468112008,0.2138845194266091
8,T2359,2019-10-22,2019-10-22 17:00:00,2019-10-22 19:00:00,83.894,2.2756154178027064,0.2850437106133364
9,T2359,2020-07-20,2020-07-20 17:00:00,2020-07-20 18:00:00,95.306,2.570385790238144,0.7163306167385004
10,T2359,2020-07-31,2020-07-31 19:00:00,2020-07-31 20:00:00,99.104,2.7675375367796287,0.613700937357746
11,T2359,2020-08-14,2020-08-14 17:00:00,2020-08-14 21:00:00,106.808,3.1294747449461595,0.6735723757881048
12,T2359,2020-08-17,2020-08-17 17:00:00,2020-08-17 20:00:00,107.924,3.1633279113323054,0.797407062883912
13,T2359,2020-08-18,2020-08-18 17:00:00,2020-08-18 19:00:00,108.05,3.1755038606868573,0.9248605470554424
14,T2359,2020-08-19,2020-08-19 18:00:00,2020-08-19 20:00:00,104.252,3.0149335285737013,1.0044975036066852
15,T2359,2020-09-05,2020-09-05 17:00:00,2020-09-05 19:00:00,104.576,3.0325186534678044,0.8521890265066554
16,T2359,2020-09-06,2020-09-06 16:30:00,2020-09-06 18:30:00,110.552,3.282966238930165,0.891598854444753
17,T2359,2020-09-07,2020-09-07 16:30:00,2020-09-07 18:30:00,111.686,3.33049093135224,0.7742630399002747
18,T2359,2020-09-30,2020-09-30 18:00:00,2020-09-30 19:00:00,100.598,2.8655640061391234,0.963830452177638
19,T2359,2020-10-01,2020-10-01 18:00:00,2020-10-01 19:00:00,100.562,2.86415780877234,0.8310561506154983
20,T2359,2020-10-15,2020-10-15 17:00:00,2020-10-15 18:00:00,90.932,2.4835133519984,0.7191361933720548
21,T2359,2020-10-16,2020-10-16 17:00:00,2020-10-16 19:00:00,92.912,2.560000777607002,0.7296146354458924
22,T2359,2021-06-16,2021-06-16 19:00:00,2021-06-16 20:00:00,100.652,2.620303336900024,0.6505088056111359
23,T2359,2021-06-17,2021-06-17 18:00:00,2021-06-17 20:00:00,108.914,2.8882155780124803,0.6186449492950471
24,T2359,2021-07-12,2021-07-12 18:00:00,2021-07-12 20:00:00,103.172,2.8898963840037366,0.5353617637806489
25,T2359,2021-07-13,2021-07-13 19:00:00,2021-07-13 20:00:00,95.324,2.57632244803096,0.6189377172196222
26,T2359,2021-07-19,2021-07-19 18:00:00,2021-07-19 19:00:00,101.372,2.847223308636643,0.6986627460318477
27,T2359,2021-07-22,2021-07-22 18:00:00,2021-07-22 21:00:00,99.086,2.75741157629698,0.4779959269508819
28,T2359,2021-07-29,2021-07-29 18:00:00,2021-07-29 20:00:00,102.362,2.9124625499945944,0.425450272910891
29,T2359,2021-07-30,2021-07-30 18:00:00,2021-07-30 19:00:00,102.02,2.898482493646791,0.3856957058468659
30,T2359,2021-08-11,2021-08-11 17:00:00,2021-08-11 20:00:00,103.01,3.0024559605685184,0.5505388591488078
31,T2359,2021-08-26,2021-08-26 17:00:00,2021-08-26 20:00:00,95.36,2.668811575974982,0.6423967922728734
32,T2359,2021-09-09,2021-09-09 17:00:00,2021-09-09 20:00:00,101.444,2.971235637120613,0.5978065038965911
33,T2359,2021-09-23,2021-09-23 17:00:00,2021-09-23 20:00:00,95.504,2.7184250378269827,0.586697433865875
34,T2359,2021-09-30,2021-09-30 17:00:00,2021-09-30 20:00:00,87.638,2.394090902156113,0.5852344144801892
35,T2359,2021-10-15,2021-10-15 17:00:00,2021-10-15 20:00:00,83.588,2.208481325358008,0.4717613656759821
36,T2359,2021-10-29,2021-10-29 17:00:00,2021-10-29 20:00:00,78.008,2.003494368838479,0.430208266339262
0,T2397,2018-07-24,2018-07-24 14:00:00,2018-07-24 18:00:00,94.046,2.796668315880988,0.1251884053744576
1,T2397,2018-08-06,2018-08-06 16:00:00,2018-08-06 18:00:00,95.99,2.877742067594025,0.3172367716414252
2,T2397,2018-08-07,2018-08-07 16:00:00,2018-08-07 18:00:00,95.486,2.854522662218842,0.3546449661728739
3,T2397,2019-06-28,2019-06-28 15:00:00,2019-06-28 17:00:00,79.394,2.3161419598576374,0.0325489747879736
4,T2397,2019-08-27,2019-08-27 17:00:00,2019-08-27 18:00:00,86.72,2.8105328350658323,0.26015661895701
5,T2397,2020-07-20,2020-07-20 17:00:00,2020-07-20 18:00:00,79.574,2.235536492864459,0.3979600414670058
6,T2397,2020-09-05,2020-09-05 17:00:00,2020-09-05 19:00:00,109.994,3.3882466936232185,1.1071093973352415
7,T2397,2020-09-06,2020-09-06 16:30:00,2020-09-06 18:30:00,110.966,3.434165084591617,1.170866145885624
8,T2397,2020-09-07,2020-09-07 16:30:00,2020-09-07 18:30:00,82.904,2.406612452349846,0.6630462963655905
9,T2397,2020-08-14,2020-08-14 17:00:00,2020-08-14 19:00:00,98.024,2.8792978693750646,0.7703823845982918
10,T2397,2020-08-15,2020-08-15 19:00:00,2020-08-15 20:00:00,97.034,2.8583838632505856,0.4524584094425545
11,T2397,2020-08-17,2020-08-17 17:00:00,2020-08-17 20:00:00,92.48,2.7111086336502974,0.6087439401798327
12,T2397,2020-08-18,2020-08-18 16:00:00,2020-08-18 21:00:00,104.594,3.121352097085101,0.5508272301212647
13,T2397,2020-08-19,2020-08-19 18:00:00,2020-08-19 20:00:00,95.27,2.7837154520149427,0.5817755826872373
14,T2397,2020-08-20,2020-08-20 18:00:00,2020-08-20 20:00:00,93.686,2.75622645082339,0.4816250157312607
15,T2397,2021-05-12,2021-05-12 16:00:00,2021-05-12 17:00:00,74.084,1.7528315216038364,0.1458561787956923
16,T2397,2021-06-09,2021-06-09 16:00:00,2021-06-09 17:00:00,76.424,1.916075104793237,0.2410820720262484
18,T2397,2021-07-20,2021-07-20 11:30:00,2021-07-20 12:00:00,89.924,2.5804966069670288,-0.0706687170207138
19,T2397,2021-08-02,2021-08-02 15:00:00,2021-08-02 15:30:00,95.072,2.7856174422019,0.6552054917909051
20,T2397,2021-08-03,2021-08-03 14:00:00,2021-08-03 14:30:00,91.508,2.6723577572845434,0.5152278839555539
21,T2397,2021-08-05,2021-08-05 15:00:00,2021-08-05 16:00:00,84.326,2.4196863645162496,0.4464722676016651
22,T2397,2021-08-11,2021-08-11 16:00:00,2021-08-11 18:00:00,90.86,2.6894718923238474,0.7328510558091798
23,T2397,2021-08-31,2021-08-31 16:00:00,2021-08-31 18:00:00,74.39,2.160864578017107,0.5304580621512632
25,T2397,2021-09-08,2021-09-08 16:00:00,2021-09-08 17:00:00,86.53999999999999,2.52719268982191,0.6367268753577574
26,T2397,2021-09-13,2021-09-13 16:00:00,2021-09-13 16:30:00,88.61,2.589899533880561,0.5803535653520046
27,T2397,2021-10-13,2021-10-13 16:00:00,2021-10-13 17:00:00,76.622,2.220420536710446,0.6377217368993763
0,T2400,2019-07-12,2019-07-12 14:00:00,2019-07-12 18:00:00,110.696,3.339401467272429,0.1792804647000505
1,T2400,2020-07-10,2020-07-10 15:00:00,2020-07-10 19:00:00,109.58,3.144172380669134,0.6018222328211656
2,T2400,2020-08-14,2020-08-14 16:00:00,2020-08-14 19:00:00,115.628,3.667351899191471,0.4185070314868636
3,T2400,2020-08-16,2020-08-16 16:00:00,2020-08-16 19:00:00,113.576,3.5618121328430337,0.0302049840546268
4,T2400,2020-08-17,2020-08-17 16:00:00,2020-08-17 19:00:00,112.46,3.5309525259560472,0.2918332838645136
5,T2400,2020-08-18,2020-08-18 16:00:00,2020-08-18 19:00:00,113.0,3.557469808924602,0.2440979049048685
6,T2400,2021-06-17,2021-06-17 18:00:00,2021-06-17 21:00:00,116.546,3.3927486150227173,0.3665230645985133
7,T2400,2021-07-09,2021-07-09 16:00:00,2021-07-09 21:00:00,111.128,3.3962394754675675,0.046766691075474
8,T2400,2021-07-10,2021-07-10 16:00:00,2021-07-10 21:00:00,111.542,3.4124070227723537,0.1301610454621155
9,T2400,2021-08-26,2021-08-26 16:00:00,2021-08-26 21:00:00,109.904,3.4731154756316074,0.500453111065914
10,T2400,2021-09-08,2021-09-08 16:00:00,2021-09-08 21:00:00,103.838,3.380238884025204,0.3191993844221382
11,T2400,2021-09-09,2021-09-09 17:00:00,2021-09-09 20:00:00,109.364,3.4768525313418954,0.5827533943132328
0,T2424,2018-07-24,2018-07-24 14:00:00,2018-07-24 18:00:00,90.374,2.754221676953366,0.3046806279959842
1,T2424,2018-08-06,2018-08-06 16:00:00,2018-08-06 18:00:00,90.77,2.759907966858472,0.4603395825477806
2,T2424,2018-08-07,2018-08-07 16:00:00,2018-08-07 18:00:00,91.526,2.7793361760691075,0.4592505041140391
3,T2424,2019-06-28,2019-06-28 15:00:00,2019-06-28 17:00:00,77.0,2.207375340546318,0.0815570442489364
4,T2424,2019-08-27,2019-08-27 17:00:00,2019-08-27 18:00:00,84.218,2.5974256986870032,0.0541723626585341
5,T2424,2020-07-20,2020-07-20 17:00:00,2020-07-20 18:00:00,76.00999999999999,2.2082675790403905,0.4135083942237917
6,T2424,2020-09-05,2020-09-05 17:00:00,2020-09-05 19:00:00,101.624,3.039419426924881,0.7927863394458802
7,T2424,2020-09-06,2020-09-06 16:30:00,2020-09-06 18:30:00,105.08,3.200079950929309,0.8977156161877672
8,T2424,2020-09-07,2020-09-07 16:30:00,2020-09-07 18:30:00,79.574,2.4563325251501884,0.3657477674092466
9,T2424,2020-08-14,2020-08-14 17:00:00,2020-08-14 19:00:00,90.788,2.702928884290615,0.4813870449801766
10,T2424,2020-08-15,2020-08-15 19:00:00,2020-08-15 20:00:00,91.04,2.735398878599454,0.2500513766015233
11,T2424,2020-08-17,2020-08-17 17:00:00,2020-08-17 20:00:00,86.936,2.580259349824611,0.4344003688726873
12,T2424,2020-08-18,2020-08-18 16:00:00,2020-08-18 21:00:00,97.556,2.8729540326690475,0.2669221277130642
13,T2424,2020-08-19,2020-08-19 18:00:00,2020-08-19 20:00:00,90.122,2.700375820353557,0.3921203605506563
14,T2424,2020-08-20,2020-08-20 18:00:00,2020-08-20 20:00:00,88.88,2.655251812920417,0.2691315600947376
15,T2424,2021-05-12,2021-05-12 16:00:00,2021-05-12 17:00:00,70.142,1.929143519548565,0.0409415457316642
16,T2424,2021-06-09,2021-06-09 16:00:00,2021-06-09 17:00:00,74.768,2.193599760275088,0.228872379611535
17,T2424,2021-07-14,2021-07-14 16:00:00,2021-07-14 17:00:00,81.464,2.658399324045309,0.6577980106226149
18,T2424,2021-08-02,2021-08-02 15:00:00,2021-08-02 15:30:00,88.754,2.9577120193052235,0.5021802878733634
19,T2424,2021-08-03,2021-08-03 14:00:00,2021-08-03 14:30:00,84.956,2.8162333092393674,0.4879420665398205
20,T2424,2021-08-05,2021-08-05 15:00:00,2021-08-05 16:00:00,80.564,2.6112781299647154,0.4539664824553039
22,T2424,2021-08-31,2021-08-31 16:00:00,2021-08-31 18:00:00,71.024,2.368128323334484,0.5991984793273348
24,T2424,2021-09-08,2021-09-08 16:00:00,2021-09-08 17:00:00,80.816,2.6488194703392134,0.6770934307528876
25,T2424,2021-09-13,2021-09-13 16:00:00,2021-09-13 16:30:00,82.688,2.6994943390571096,0.111777309039013
26,T2424,2021-10-13,2021-10-13 16:00:00,2021-10-13 17:00:00,76.04599999999999,2.4607351894053093,0.8538324998150274
1,T2459,2018-06-18,2018-06-18 15:00:00,2018-06-18 18:00:00,79.016,1.891608399740707,-0.1026477316510754
2,T2459,2018-07-02,2018-07-02 15:00:00,2018-07-02 18:00:00,92.426,1.8873791498840669,-0.2909598116338884
3,T2459,2018-07-03,2018-07-03 15:00:00,2018-07-03 18:00:00,88.46600000000001,1.897220743266905,-0.1251325399765442
4,T2459,2018-07-16,2018-07-16 15:00:00,2018-07-16 18:00:00,90.194,1.9339892395699063,0.0483653128921465
5,T2459,2018-08-06,2018-08-06 15:00:00,2018-08-06 18:00:00,93.668,2.253108719200598,0.1671175584784484
6,T2459,2018-08-28,2018-08-28 15:00:00,2018-08-28 18:00:00,88.97,2.286337207730606,0.1468016388761192
7,T2459,2018-08-29,2018-08-29 14:00:00,2018-08-29 17:00:00,92.642,2.2379560692312848,0.0488507958934431
8,T2459,2018-08-30,2018-08-30 14:00:00,2018-08-30 15:00:00,73.724,1.8870182586649515,0.1156999166294825
9,T2459,2018-09-05,2018-09-05 14:00:00,2018-09-05 18:00:00,89.94200000000001,2.2685289150912262,0.0798539954674791
11,T2459,2019-06-27,2019-06-27 16:00:00,2019-06-27 18:00:00,86.396,1.8097101457568616,-0.0527139721899267
12,T2459,2019-06-28,2019-06-28 16:00:00,2019-06-28 18:00:00,86.828,1.8083513643520963,-0.1246793365660728
13,T2459,2019-07-10,2019-07-10 16:00:00,2019-07-10 18:00:00,85.49600000000001,1.900846157192123,-0.0100510275359489
14,T2459,2019-07-17,2019-07-17 16:00:00,2019-07-17 18:00:00,80.762,1.9556483629889567,-0.0267515598039751
15,T2459,2019-07-19,2019-07-19 16:00:00,2019-07-19 18:00:00,88.25,2.043468837052417,-0.0419819989166484
16,T2459,2019-07-29,2019-07-29 16:00:00,2019-07-29 18:00:00,87.062,2.0942101566917644,0.1441065130858003
17,T2459,2019-08-22,2019-08-22 14:00:00,2019-08-22 15:00:00,77.864,1.969686690692982,0.2079490927650488
18,T2459,2020-06-22,2020-06-22 16:00:00,2020-06-22 18:00:00,90.662,1.839081117967668,0.2827429292104095
19,T2459,2020-07-06,2020-07-06 16:00:00,2020-07-06 18:00:00,83.53399999999999,1.8562324818269056,0.3305320363854071
20,T2459,2020-07-09,2020-07-09 14:00:00,2020-07-09 18:00:00,91.04,1.9877181311645016,0.2854388714570186
21,T2459,2020-07-20,2020-07-20 16:00:00,2020-07-20 18:00:00,87.74600000000001,2.001971351603029,0.4225020639376638
22,T2459,2020-07-27,2020-07-27 14:00:00,2020-07-27 18:00:00,90.536,2.0968680254096097,0.3152842554144369
23,T2459,2020-08-27,2020-08-27 15:00:00,2020-08-27 16:00:00,64.868,1.7159205909131108,0.1749680456060175
25,T2459,2021-06-29,2021-06-29 14:00:00,2021-06-29 18:00:00,86.34200000000001,1.8798830211938424,0.325873470557221
26,T2459,2021-08-11,2021-08-11 14:00:00,2021-08-11 18:00:00,89.97800000000001,2.1076619748405903,0.417094512856152
27,T2459,2021-08-12,2021-08-12 14:00:00,2021-08-12 18:00:00,88.988,2.0801917790777336,0.4099291310614627
28,T2459,2021-08-26,2021-08-26 14:00:00,2021-08-26 18:00:00,89.69,2.1465217640005,0.4663665918580969
29,T2459,2021-09-01,2021-09-01 15:00:00,2021-09-01 16:00:00,73.778,1.817245909313823,0.3516684857679079
31,T2459,2021-08-13,2021-08-13 16:00:00,2021-08-13 18:00:00,90.77,2.121334179211066,0.3576021904194014
32,T2459,2021-08-25,2021-08-25 16:00:00,2021-08-25 18:00:00,89.438,2.140074837257192,0.3458064935717774
0,T2467,2018-06-06,2018-06-06 16:00:00,2018-06-06 17:00:00,100.166,3.2624561643475203,0.4995662226346839
1,T2467,2018-06-22,2018-06-22 16:00:00,2018-06-22 17:30:00,95.36,3.2080117852474754,0.4487602869890468
2,T2467,2018-06-27,2018-06-27 15:30:00,2018-06-27 17:30:00,97.052,3.192373635878134,0.3094716698577437
3,T2467,2018-07-02,2018-07-02 15:30:00,2018-07-02 17:30:00,97.736,3.2733427560766057,0.4191711818495403
4,T2467,2018-07-18,2018-07-18 15:30:00,2018-07-18 17:30:00,98.798,3.416898479447516,0.4293003460536021
5,T2467,2018-07-19,2018-07-19 15:30:00,2018-07-19 17:30:00,99.122,3.3941711278194107,0.5033390028418754
6,T2467,2018-07-23,2018-07-23 15:30:00,2018-07-23 17:30:00,104.522,3.591165251389194,0.6650316568157365
7,T2467,2018-07-24,2018-07-24 16:00:00,2018-07-24 18:00:00,100.508,3.427195053188124,0.3113746048141307
8,T2467,2018-08-06,2018-08-06 15:30:00,2018-08-06 17:30:00,95.162,3.154778112481276,-0.4837237665144434
9,T2467,2018-08-07,2018-08-07 15:30:00,2018-08-07 17:30:00,94.82,3.1979570373056485,-0.4120026680642335
10,T2467,2018-08-15,2018-08-15 16:30:00,2018-08-15 17:30:00,96.314,3.273902037799872,-0.4238017250075348
11,T2467,2018-08-16,2018-08-16 15:30:00,2018-08-16 17:30:00,97.682,3.308719394397761,-0.4578089174090859
12,T2467,2018-08-17,2018-08-17 15:30:00,2018-08-17 17:30:00,98.762,3.3946515936606403,-0.3437831561715276
13,T2467,2018-08-23,2018-08-23 15:30:00,2018-08-23 17:30:00,98.636,3.4021548867555103,-0.2423490364715481
14,T2467,2018-08-24,2018-08-24 16:30:00,2018-08-24 17:30:00,98.852,3.4581531692636656,-0.34681211045661
15,T2467,2018-09-17,2018-09-17 15:30:00,2018-09-17 17:30:00,88.7,3.0321181843966767,0.5037822728513863
16,T2467,2018-09-18,2018-09-18 15:30:00,2018-09-18 17:30:00,89.582,3.039261987826433,0.5300984221204581
17,T2467,2018-09-19,2018-09-19 15:30:00,2018-09-19 17:30:00,88.61,3.032952441841292,0.4769854048616322
18,T2467,2019-05-23,2019-05-23 15:30:00,2019-05-23 17:30:00,91.292,2.6583714141145705,-0.5433958228506057
19,T2467,2019-05-30,2019-05-30 10:30:00,2019-05-30 11:00:00,89.186,2.6350807713649136,-0.2220647451938678
20,T2467,2019-06-19,2019-06-19 15:30:00,2019-06-19 17:30:00,96.89,3.206913832218829,0.4746247849983646
21,T2467,2019-06-20,2019-06-20 15:30:00,2019-06-20 17:30:00,95.126,3.081410176553156,0.4322562583851133
22,T2467,2019-06-21,2019-06-21 16:00:00,2019-06-21 17:30:00,93.38,3.037228187761327,0.3091869638855385
23,T2467,2019-07-10,2019-07-10 15:30:00,2019-07-10 17:30:00,95.072,3.235134418477102,0.4807254595000086
24,T2467,2019-07-16,2019-07-16 15:30:00,2019-07-16 17:30:00,95.936,3.2357266757790395,0.5596614817618398
25,T2467,2019-07-30,2019-07-30 15:30:00,2019-07-30 17:30:00,96.656,3.3942115683184384,0.5815197725950371
26,T2467,2019-07-31,2019-07-31 15:00:00,2019-07-31 17:30:00,98.114,3.407531602847123,0.5180384190919864
27,T2467,2019-08-06,2019-08-06 15:30:00,2019-08-06 17:30:00,98.06,3.382258401555955,0.560807435972031
28,T2467,2019-08-07,2019-08-07 15:30:00,2019-08-07 17:30:00,98.528,3.421110490748672,0.6622009540412768
29,T2467,2019-08-09,2019-08-09 15:30:00,2019-08-09 17:30:00,100.67,3.536337230702175,0.682524385804352
30,T2467,2019-08-12,2019-08-12 15:30:00,2019-08-12 18:00:00,100.526,3.5054465683860623,0.6103890164337649
31,T2467,2019-08-13,2019-08-13 15:30:00,2019-08-13 18:00:00,100.796,3.529016806871731,0.6314341737527617
32,T2467,2019-08-15,2019-08-15 16:00:00,2019-08-15 18:00:00,98.204,3.4220992756638684,0.5903889821779674
33,T2467,2019-08-26,2019-08-26 15:30:00,2019-08-26 17:30:00,100.202,3.518233580434489,0.7205772156464951
34,T2467,2019-09-05,2019-09-05 15:30:00,2019-09-05 17:30:00,93.02,3.155626449734134,0.7188810683383189
35,T2467,2019-09-06,2019-09-06 15:30:00,2019-09-06 17:30:00,96.314,3.328259873183036,0.7573208828489465
36,T2467,2019-09-23,2019-09-23 15:00:00,2019-09-23 17:00:00,93.578,3.144824723773636,0.7336385793941866
37,T2467,2020-06-08,2020-06-08 16:00:00,2020-06-08 18:00:00,96.692,2.6957700097895074,-0.1160494084980331
38,T2467,2020-06-09,2020-06-09 16:00:00,2020-06-09 18:00:00,97.772,2.7291206268954755,0.0201158827167507
39,T2467,2020-07-02,2020-07-02 15:30:00,2020-07-02 17:30:00,97.07,2.839369989936198,0.5024392910536448
40,T2467,2020-07-13,2020-07-13 16:00:00,2020-07-13 19:00:00,104.666,3.3159640890275925,0.6921300769449298
41,T2467,2020-07-14,2020-07-14 17:00:00,2020-07-14 19:00:00,103.442,3.2445885310520004,0.795224062213189
42,T2467,2020-07-16,2020-07-16 16:30:00,2020-07-16 19:00:00,98.186,3.0505224675127183,0.5960213251968955
43,T2467,2020-08-03,2020-08-03 15:30:00,2020-08-03 17:30:00,97.592,3.158344797219049,0.664299021669547
44,T2467,2020-08-06,2020-08-06 16:00:00,2020-08-06 18:00:00,96.674,3.097876199031211,0.5027327702682453
45,T2467,2020-08-10,2020-08-10 15:30:00,2020-08-10 17:30:00,96.836,3.1352168326543985,0.6464906964825674
46,T2467,2020-08-11,2020-08-11 15:30:00,2020-08-11 17:30:00,98.42,3.216233198837504,0.6117398199915611
47,T2467,2020-08-12,2020-08-12 15:30:00,2020-08-12 18:00:00,99.05,3.2412175952998483,0.7743828928159942
48,T2467,2020-08-13,2020-08-13 15:30:00,2020-08-13 18:30:00,99.284,3.261563784678051,0.7804981832630561
49,T2467,2020-08-14,2020-08-14 15:30:00,2020-08-14 18:30:00,101.822,3.4158943064880383,0.9189192610855929
50,T2467,2020-08-28,2020-08-28 16:00:00,2020-08-28 19:00:00,101.264,3.3771652226495523,0.8272641589537416
51,T2467,2020-09-01,2020-09-01 15:00:00,2020-09-01 18:00:00,97.592,3.192284464015506,0.7835251639414711
52,T2467,2020-09-16,2020-09-16 15:00:00,2020-09-16 18:00:00,89.726,2.775765854921347,0.6054456123314939
53,T2467,2021-06-14,2021-06-14 16:00:00,2021-06-14 19:00:00,95.144,3.197812661300586,0.5283180747350051
54,T2467,2021-06-15,2021-06-15 15:30:00,2021-06-15 18:30:00,94.964,3.174722535131288,0.4419107150685457
55,T2467,2021-06-17,2021-06-17 16:30:00,2021-06-17 19:00:00,93.416,3.100773867450496,0.5010181412259056
56,T2467,2021-06-23,2021-06-23 17:00:00,2021-06-23 18:30:00,93.092,3.141281102297094,0.3693789304973746
57,T2467,2021-06-24,2021-06-24 15:30:00,2021-06-24 18:30:00,93.65,3.1656538152218774,0.5275115006964874
58,T2467,2021-06-25,2021-06-25 15:30:00,2021-06-25 18:30:00,93.794,3.156888833494001,0.4331818964875092
59,T2467,2021-07-16,2021-07-16 15:30:00,2021-07-16 18:30:00,91.148,3.101714000297432,0.5750031161359631
60,T2467,2021-07-26,2021-07-26 16:00:00,2021-07-26 19:00:00,93.92,3.3060692211739227,0.7136420357092068
61,T2467,2021-07-27,2021-07-27 16:00:00,2021-07-27 19:00:00,93.848,3.2904525792314088,0.760113371059099
62,T2467,2021-07-29,2021-07-29 16:30:00,2021-07-29 18:00:00,92.876,3.223180683175923,0.5751701872946523
63,T2467,2021-08-09,2021-08-09 15:30:00,2021-08-09 18:00:00,93.074,3.275444657839065,0.7330290382736293
64,T2467,2021-08-10,2021-08-10 15:30:00,2021-08-10 18:00:00,94.586,3.362211388311593,0.7759236514254916
65,T2467,2021-08-12,2021-08-12 16:00:00,2021-08-12 18:30:00,93.326,3.2902326971057505,0.7063281691922046
66,T2467,2021-08-20,2021-08-20 17:00:00,2021-08-20 18:00:00,95.432,3.4196573486031703,0.740919025566221
67,T2467,2021-08-23,2021-08-23 16:30:00,2021-08-23 19:00:00,94.046,3.333523978853943,0.6938851137948293
68,T2467,2021-08-24,2021-08-24 16:30:00,2021-08-24 19:00:00,94.442,3.36463852976062,0.6171694743052852
69,T2467,2021-08-25,2021-08-25 16:00:00,2021-08-25 18:30:00,94.694,3.3743537793266616,0.6675455671910868
70,T2467,2021-08-31,2021-08-31 16:00:00,2021-08-31 18:30:00,95.774,3.415019592042092,0.6322114953595167
71,T2467,2021-09-01,2021-09-01 16:00:00,2021-09-01 18:30:00,96.278,3.443406449748041,0.6815002222881283
72,T2467,2021-09-02,2021-09-02 16:00:00,2021-09-02 18:30:00,94.748,3.375682868380381,0.5933574150766912
73,T2467,2021-09-20,2021-09-20 16:00:00,2021-09-20 18:30:00,96.782,3.417200633882444,0.7743527743061481
1,T2475,2018-06-18,2018-06-18 15:00:00,2018-06-18 18:00:00,90.15800000000002,2.3238005346229884,-0.2184816235797342
2,T2475,2018-07-02,2018-07-02 13:00:00,2018-07-02 18:00:00,93.524,2.490407079782029,-0.1558949826815452
3,T2475,2018-07-03,2018-07-03 15:00:00,2018-07-03 18:00:00,90.734,2.417665547546761,-0.3566540672509816
4,T2475,2018-07-16,2018-07-16 14:00:00,2018-07-16 16:00:00,89.492,2.4726685562525663,-0.0586373218702623
5,T2475,2018-08-06,2018-08-06 15:00:00,2018-08-06 18:00:00,91.76,2.6536109837247013,0.1207589484634768
6,T2475,2018-08-28,2018-08-28 12:00:00,2018-08-28 18:00:00,93.254,2.78371840575847,0.1897742668152582
7,T2475,2018-08-29,2018-08-29 12:00:00,2018-08-29 18:00:00,92.858,2.764769477214148,0.1785474049490307
8,T2475,2018-08-30,2018-08-30 15:00:00,2018-08-30 16:00:00,87.476,2.5853184872363943,-0.0596676903629261
9,T2475,2018-09-05,2018-09-05 14:00:00,2018-09-05 18:00:00,88.80799999999999,2.6453783362993537,0.0851855202102861
10,T2475,2018-09-06,2018-09-06 16:00:00,2018-09-06 20:00:00,92.282,2.763002062175321,0.0314126663310503
12,T2475,2019-06-27,2019-06-27 16:00:00,2019-06-27 18:00:00,88.44800000000001,2.410466226281146,0.1687913064659947
13,T2475,2019-06-28,2019-06-28 16:00:00,2019-06-28 18:00:00,88.664,2.4238952956607247,0.0418807888604636
14,T2475,2019-07-10,2019-07-10 16:00:00,2019-07-10 18:00:00,88.16,2.496637402231641,-0.0279372502081305
15,T2475,2019-07-17,2019-07-17 16:00:00,2019-07-17 18:00:00,92.264,2.638173151472293,-0.0572507835392163
16,T2475,2019-07-19,2019-07-19 16:00:00,2019-07-19 18:00:00,90.914,2.5794685888323903,0.0708686179515503
17,T2475,2019-07-20,2019-07-20 16:00:00,2019-07-20 20:00:00,95.396,2.7370625275050995,-0.0124409237542453
18,T2475,2019-07-21,2019-07-21 16:00:00,2019-07-21 20:00:00,96.638,2.770471924528567,0.0107353187110215
19,T2475,2019-07-29,2019-07-29 16:00:00,2019-07-29 18:00:00,90.626,2.608008307044144,-0.0210035965807984
20,T2475,2019-08-19,2019-08-19 16:00:00,2019-08-19 20:00:00,89.6,2.586481502550103,0.0221399250519418
21,T2475,2019-08-20,2019-08-20 16:00:00,2019-08-20 18:00:00,86.936,2.515577085043893,0.0597181967949097
22,T2475,2019-08-22,2019-08-22 15:00:00,2019-08-22 16:00:00,89.096,2.581334185838184,0.0848481167172807
24,T2475,2020-06-22,2020-06-22 16:00:00,2020-06-22 18:00:00,88.754,2.040604100815941,0.2757985774088622
25,T2475,2020-07-06,2020-07-06 16:00:00,2020-07-06 18:00:00,91.4,2.198618780235405,0.2650453173657608
26,T2475,2020-07-09,2020-07-09 16:00:00,2020-07-09 18:00:00,89.042,2.176374292327286,0.2871214165074906
27,T2475,2020-07-20,2020-07-20 16:00:00,2020-07-20 22:00:00,93.794,2.331952416992397,0.1577639986210352
28,T2475,2020-07-27,2020-07-27 16:00:00,2020-07-27 22:00:00,94.622,2.3985613047571186,0.2003903197225714
29,T2475,2020-07-28,2020-07-28 16:00:00,2020-07-28 22:00:00,91.688,2.3175283547660817,0.1243599961664857
30,T2475,2020-08-24,2020-08-24 14:00:00,2020-08-24 16:00:00,90.878,2.430026321492507,0.3238032720912072
31,T2475,2020-08-27,2020-08-27 14:00:00,2020-08-27 15:00:00,91.4,2.448309096649236,0.3923345155283597
32,T2475,2020-08-28,2020-08-28 16:00:00,2020-08-28 17:00:00,87.314,2.304553080792904,0.2658561394433135
34,T2475,2021-06-29,2021-06-29 16:00:00,2021-06-29 20:00:00,93.362,2.570111177781292,0.0215927854811231
35,T2475,2021-06-30,2021-06-30 16:00:00,2021-06-30 20:00:00,95.648,2.6424550309409,0.1094511863124862
36,T2475,2021-07-27,2021-07-27 16:00:00,2021-07-27 18:00:00,89.834,2.5692400842033374,0.3717995783128154
37,T2475,2021-08-12,2021-08-12 16:00:00,2021-08-12 20:00:00,94.982,2.7777938424263744,0.6500798534802967
38,T2475,2021-08-13,2021-08-13 16:00:00,2021-08-13 20:00:00,94.71200000000002,2.770324960938481,0.5313764703218784
39,T2475,2021-09-01,2021-09-01 14:00:00,2021-09-01 15:00:00,74.55199999999999,1.99735194701216,0.4035530526286351
41,T2475,2021-05-25,2021-05-25 14:00:00,2021-05-25 14:30:00,75.434,1.8340676015982071,-0.04423561526016
42,T2475,2021-05-26,2021-05-26 14:00:00,2021-05-26 14:30:00,86.9,1.989746548963032,-0.2842712964363892
43,T2475,2021-07-16,2021-07-16 16:00:00,2021-07-16 18:00:00,92.822,2.6561894774129367,0.3838435288799954
44,T2475,2021-08-11,2021-08-11 16:00:00,2021-08-11 18:00:00,91.652,2.658303980905329,0.4461210631774919
45,T2475,2021-08-25,2021-08-25 16:00:00,2021-08-25 18:00:00,91.526,2.6266808325801905,0.5933560169060329
46,T2475,2021-08-26,2021-08-26 16:00:00,2021-08-26 18:00:00,92.174,2.6375130401605444,0.4422033389368726
0,T2486,2018-06-18,2018-06-18 15:00:00,2018-06-18 18:00:00,93.11,2.257452239443336,0.0242502866982717
1,T2486,2018-06-19,2018-06-19 15:00:00,2018-06-19 18:00:00,89.654,2.187459635661602,0.1489678010890909
2,T2486,2018-06-26,2018-06-26 14:00:00,2018-06-26 15:00:00,79.232,1.9893574106534635,0.4085207290107753
3,T2486,2018-06-29,2018-06-29 16:00:00,2018-06-29 18:00:00,90.662,2.2587832940284915,0.1931576073811698
4,T2486,2018-07-02,2018-07-02 16:00:00,2018-07-02 18:00:00,88.394,2.198994543776957,0.2887497096254107
5,T2486,2018-07-03,2018-07-03 16:00:00,2018-07-03 18:00:00,88.628,2.203332188443692,0.2248852899398352
6,T2486,2018-07-05,2018-07-05 15:00:00,2018-07-05 17:00:00,92.678,2.3195661202408564,0.3252460921921952
7,T2486,2018-07-16,2018-07-16 16:00:00,2018-07-16 18:00:00,87.512,2.243864073819028,0.3250670800334734
8,T2486,2018-08-06,2018-08-06 14:00:00,2018-08-06 18:00:00,89.366,2.350111605983371,0.3449636789920014
9,T2486,2018-08-27,2018-08-27 16:00:00,2018-08-27 18:00:00,90.338,2.4604323465352924,0.5188786549262376
10,T2486,2018-08-28,2018-08-28 15:00:00,2018-08-28 18:00:00,91.31,2.500108436429136,0.4987908898784074
11,T2486,2018-08-29,2018-08-29 15:00:00,2018-08-29 17:00:00,87.782,2.353837137281328,0.4696694597007801
12,T2486,2019-06-26,2019-06-26 16:00:00,2019-06-26 18:00:00,89.22200000000001,2.091553042239486,-0.357114316811997
13,T2486,2019-06-27,2019-06-27 16:00:00,2019-06-27 18:00:00,88.78999999999999,2.0905783626723498,0.0768219649970384
14,T2486,2019-06-28,2019-06-28 15:00:00,2019-06-28 17:00:00,90.554,2.139668331775436,0.0076699639476818
15,T2486,2019-07-02,2019-07-02 16:00:00,2019-07-02 18:00:00,91.274,2.2222116711230586,-0.06134985965228
16,T2486,2019-07-03,2019-07-03 16:00:00,2019-07-03 18:00:00,88.68199999999999,2.153021698297922,0.175210800257311
17,T2486,2019-07-10,2019-07-10 16:00:00,2019-07-10 18:00:00,90.41,2.299458352417941,0.139950183057771
18,T2486,2019-07-15,2019-07-15 16:00:00,2019-07-15 18:00:00,90.086,2.3531682854715905,0.132405883112427
19,T2486,2019-07-16,2019-07-16 16:00:00,2019-07-16 18:00:00,89.096,2.3010074518399177,0.1708354055654898
20,T2486,2019-07-17,2019-07-17 16:00:00,2019-07-17 18:00:00,87.116,2.215662206997897,0.0948359112287247
21,T2486,2019-07-18,2019-07-18 16:00:00,2019-07-18 18:00:00,89.54599999999999,2.33976895369355,0.1676555395736927
22,T2486,2019-07-19,2019-07-19 16:00:00,2019-07-19 18:00:00,91.238,2.36155076483198,0.1892289685794829
23,T2486,2019-07-29,2019-07-29 16:00:00,2019-07-29 18:00:00,89.06,2.3563873252702203,0.257058089667755
24,T2486,2019-08-19,2019-08-19 03:00:00,2019-08-19 05:00:00,91.544,2.5026912007194424,-0.0134709221924906
25,T2486,2019-08-20,2019-08-20 16:00:00,2019-08-20 18:00:00,89.24000000000001,2.4338533865744254,0.3421668229302454
26,T2486,2020-06-18,2020-06-18 16:30:00,2020-06-18 17:00:00,81.266,1.821257697907963,0.1088253423510908
27,T2486,2020-06-22,2020-06-22 16:00:00,2020-06-22 18:00:00,84.506,1.9275133375313744,0.2340802860689289
28,T2486,2020-06-23,2020-06-23 16:00:00,2020-06-23 18:00:00,78.458,1.771338270078069,0.1870382277837939
29,T2486,2020-06-26,2020-06-26 16:00:00,2020-06-26 18:00:00,83.84,1.9028739001245072,0.2294222557058045
30,T2486,2020-06-29,2020-06-29 16:00:00,2020-06-29 18:00:00,87.908,2.0401913284784072,0.2278154434411716
31,T2486,2020-07-01,2020-07-01 16:00:00,2020-07-01 18:00:00,87.314,2.03127407886658,0.0933898818885901
32,T2486,2020-07-02,2020-07-02 16:00:00,2020-07-02 18:00:00,88.124,2.05300493823403,0.0378920672399505
33,T2486,2020-07-03,2020-07-03 16:00:00,2020-07-03 18:00:00,90.374,2.1127177962674804,0.1652751580372746
34,T2486,2020-07-06,2020-07-06 15:00:00,2020-07-06 17:00:00,91.508,2.1837842517623094,0.1671060256440313
35,T2486,2020-07-07,2020-07-07 15:00:00,2020-07-07 17:00:00,91.112,2.172893912341132,0.3149530749605485
36,T2486,2020-07-08,2020-07-08 16:00:00,2020-07-08 18:00:00,91.58,2.184865736643095,0.0521557958131817
37,T2486,2020-07-09,2020-07-09 15:00:00,2020-07-09 17:00:00,90.536,2.1570534186376022,0.5903929276329803
38,T2486,2020-07-15,2020-07-15 16:00:00,2020-07-15 18:00:00,89.762,2.1692199693120573,0.2167285526853884
39,T2486,2020-07-20,2020-07-20 15:00:00,2020-07-20 17:00:00,89.87,2.2298814376551426,0.1159567800763626
40,T2486,2020-07-21,2020-07-21 16:00:00,2020-07-21 18:00:00,90.5,2.2418081041772404,0.1220450216922466
41,T2486,2020-07-22,2020-07-22 16:00:00,2020-07-22 18:00:00,84.56,2.030252277265993,0.3627834255292493
42,T2486,2020-07-27,2020-07-27 15:00:00,2020-07-27 17:00:00,90.302,2.294504913943788,0.0897815997223146
43,T2486,2020-07-28,2020-07-28 16:00:00,2020-07-28 18:00:00,86.702,2.174400161269128,0.2061467301490139
44,T2486,2020-07-29,2020-07-29 16:00:00,2020-07-29 18:00:00,89.816,2.273160959989736,0.1065315125096033
45,T2486,2020-08-04,2020-08-04 14:00:00,2020-08-04 15:00:00,78.962,1.9468046809250827,0.1949514277098919
46,T2486,2020-08-10,2020-08-10 16:00:00,2020-08-10 18:00:00,86.43199999999999,2.209612247627781,0.3175952845800589
47,T2486,2020-08-25,2020-08-25 16:00:00,2020-08-25 18:00:00,91.274,2.4436126516688867,0.5094562248704831
48,T2486,2020-08-27,2020-08-27 16:00:00,2020-08-27 18:00:00,84.344,2.1999350169934924,0.464081933531541
49,T2486,2021-06-24,2021-06-24 14:00:00,2021-06-24 15:00:00,85.46000000000001,2.1068252104856704,0.2475050926476437
50,T2486,2021-05-25,2021-05-25 13:00:00,2021-05-25 13:30:00,87.008,1.8345141484882783,-0.2289367294882559
51,T2486,2021-05-26,2021-05-26 13:00:00,2021-05-26 13:30:00,78.224,1.6659038892603273,0.1033220853641823
52,T2486,2021-06-28,2021-06-28 16:00:00,2021-06-28 18:00:00,89.798,2.251039298595189,0.0680641850407027
53,T2486,2021-06-29,2021-06-29 16:00:00,2021-06-29 18:00:00,91.58,2.291434604470402,0.1399865119061113
54,T2486,2021-06-30,2021-06-30 15:00:00,2021-06-30 17:00:00,84.578,2.0960223122990618,0.0461534881714994
55,T2486,2021-07-06,2021-07-06 16:00:00,2021-07-06 18:00:00,90.536,2.292369842878599,0.0870350933663836
56,T2486,2021-07-07,2021-07-07 15:00:00,2021-07-07 17:00:00,88.862,2.244602796603038,0.2310454137059014
57,T2486,2021-07-26,2021-07-26 16:00:00,2021-07-26 18:00:00,89.06,2.3702746167892745,0.368441423991901
58,T2486,2021-07-27,2021-07-27 16:00:00,2021-07-27 18:00:00,89.096,2.3714854403406207,0.3837004351224073
59,T2486,2021-08-10,2021-08-10 16:00:00,2021-08-10 18:00:00,88.50200000000001,2.416900341997786,0.4083649670600691
60,T2486,2021-08-11,2021-08-11 16:00:00,2021-08-11 18:00:00,91.958,2.553726057180888,0.3527457013467851
61,T2486,2021-08-12,2021-08-12 16:00:00,2021-08-12 18:00:00,93.722,2.627676247893428,0.4624605944199111
62,T2486,2021-08-13,2021-08-13 16:00:00,2021-08-13 17:00:00,89.726,2.422516912702173,0.2245200358915508
63,T2486,2021-08-24,2021-08-24 16:00:00,2021-08-24 18:00:00,92.624,2.5793318023406284,0.544481000441982
64,T2486,2021-08-25,2021-08-25 16:00:00,2021-08-25 18:00:00,88.124,2.407337385558112,0.557941417637501
65,T2486,2021-08-26,2021-08-26 16:00:00,2021-08-26 18:00:00,90.716,2.482285342087962,0.7056366960064339
66,T2486,2021-08-27,2021-08-27 15:00:00,2021-08-27 17:00:00,91.292,2.5286641084187247,0.5345256826309764
0,T2527,2018-06-18,2018-06-18 15:00:00,2018-06-18 18:00:00,90.716,2.204990089127602,-0.1388913030563266
1,T2527,2018-06-19,2018-06-19 15:00:00,2018-06-19 18:00:00,86.162,2.11719992309037,-0.0151621857784945
2,T2527,2018-06-29,2018-06-29 16:00:00,2018-06-29 18:00:00,89.132,2.261471835731024,0.0921341433602452
3,T2527,2018-07-02,2018-07-02 16:00:00,2018-07-02 18:00:00,95.576,2.454187447336205,-0.0323873951057224
4,T2527,2018-07-03,2018-07-03 16:00:00,2018-07-03 18:00:00,93.884,2.409165823835959,-0.1611545358154825
5,T2527,2018-07-05,2018-07-05 15:00:00,2018-07-05 17:00:00,90.734,2.3340881396509143,-0.1346102632708548
6,T2527,2018-07-16,2018-07-16 16:00:00,2018-07-16 18:00:00,91.832,2.459364228910937,0.1227242689292421
7,T2527,2018-08-06,2018-08-06 14:00:00,2018-08-06 18:00:00,89.492,2.5068583864244,0.1380221402853791
8,T2527,2018-08-27,2018-08-27 16:00:00,2018-08-27 18:00:00,88.952,2.5772080691050943,0.3686439652127738
9,T2527,2018-08-28,2018-08-28 15:00:00,2018-08-28 18:00:00,92.822,2.7182164166109133,0.2892351709140894
10,T2527,2018-08-29,2018-08-29 15:00:00,2018-08-29 17:00:00,92.912,2.730492080495485,0.4578639308092725
11,T2527,2019-06-26,2019-06-26 16:00:00,2019-06-26 18:00:00,88.46600000000001,2.439127006074908,0.1135812894176261
12,T2527,2019-06-27,2019-06-27 16:00:00,2019-06-27 18:00:00,89.87,2.474279505318245,0.1126728394314121
13,T2527,2019-06-28,2019-06-28 15:00:00,2019-06-28 17:00:00,90.986,2.483820897970009,0.0490845885959942
14,T2527,2019-07-02,2019-07-02 16:00:00,2019-07-02 18:00:00,88.97,2.4828221690060324,0.0634223491442135
15,T2527,2019-07-03,2019-07-03 16:00:00,2019-07-03 18:00:00,85.1,2.363389302276105,-0.006566574156416
16,T2527,2019-07-10,2019-07-10 16:00:00,2019-07-10 18:00:00,87.35,2.503189500927319,0.0889227523983042
17,T2527,2019-07-15,2019-07-15 16:00:00,2019-07-15 18:00:00,85.712,2.493555261178143,0.1898271176842688
18,T2527,2019-07-16,2019-07-16 16:00:00,2019-07-16 18:00:00,90.932,2.661133088294968,0.2531172005201266
19,T2527,2019-07-17,2019-07-17 16:00:00,2019-07-17 18:00:00,94.118,2.768231699610232,0.0825951713238316
20,T2527,2019-07-18,2019-07-18 16:00:00,2019-07-18 18:00:00,84.92,2.4517256592828662,0.1896161738784535
21,T2527,2019-07-19,2019-07-19 16:00:00,2019-07-19 18:00:00,92.444,2.7291722060717243,-0.0640181258326469
22,T2527,2019-07-29,2019-07-29 16:00:00,2019-07-29 18:00:00,91.31,2.746250914840306,0.2934447560588921
23,T2527,2019-08-19,2019-08-19 03:00:00,2019-08-19 05:00:00,91.022,2.7521302997056014,-0.130975626279141
24,T2527,2019-08-20,2019-08-20 16:00:00,2019-08-20 18:00:00,89.006,2.681837886306389,0.3195204813095965
25,T2527,2020-06-18,2020-06-18 16:30:00,2020-06-18 17:00:00,79.50200000000001,2.001625629105171,0.1512364141028412
26,T2527,2020-06-22,2020-06-22 16:00:00,2020-06-22 18:00:00,88.52,2.1459778578381346,0.0246756184988095
27,T2527,2020-06-23,2020-06-23 16:00:00,2020-06-23 18:00:00,89.582,2.168063896578037,0.0751993227634044
28,T2527,2020-06-26,2020-06-26 16:00:00,2020-06-26 18:00:00,85.64,2.097641203734617,0.3185443800769195
29,T2527,2020-06-29,2020-06-29 16:00:00,2020-06-29 18:00:00,88.628,2.2079057385961525,0.2359831829830631
30,T2527,2020-07-01,2020-07-01 16:00:00,2020-07-01 18:00:00,83.57,2.0838466131142974,0.2147154690057501
31,T2527,2020-07-02,2020-07-02 16:00:00,2020-07-02 18:00:00,90.932,2.2752275958918906,0.0853285657497178
32,T2527,2020-07-03,2020-07-03 16:00:00,2020-07-03 18:00:00,93.758,2.346548994983105,0.164269878258673
33,T2527,2020-07-06,2020-07-06 15:00:00,2020-07-06 17:00:00,90.968,2.2642591669979164,0.2820080467887816
34,T2527,2020-07-07,2020-07-07 15:00:00,2020-07-07 17:00:00,87.458,2.2125252355388203,0.1770374436322455
35,T2527,2020-07-08,2020-07-08 16:00:00,2020-07-08 18:00:00,89.078,2.257696513499463,0.173568682742664
36,T2527,2020-07-09,2020-07-09 15:00:00,2020-07-09 17:00:00,90.41,2.292701342152622,0.139300071561806
37,T2527,2020-07-15,2020-07-15 16:00:00,2020-07-15 18:00:00,84.70400000000001,2.1722471344708127,0.0893539945299644
38,T2527,2020-07-20,2020-07-20 15:00:00,2020-07-20 17:00:00,94.01,2.4720923689422123,0.2389508075799846
39,T2527,2020-07-21,2020-07-21 16:00:00,2020-07-21 18:00:00,94.28,2.485680481177696,0.2300031299777283
40,T2527,2020-07-22,2020-07-22 16:00:00,2020-07-22 18:00:00,92.876,2.444916144471247,0.2109870063217114
41,T2527,2020-07-27,2020-07-27 15:00:00,2020-07-27 17:00:00,92.768,2.479294290088688,0.3228002934905982
42,T2527,2020-07-28,2020-07-28 16:00:00,2020-07-28 18:00:00,91.526,2.4347071051126616,0.2899382757312303
43,T2527,2020-07-29,2020-07-29 16:00:00,2020-07-29 18:00:00,92.048,2.4579758008364245,0.292108320220361
44,T2527,2020-08-10,2020-08-10 16:00:00,2020-08-10 18:00:00,91.346,2.500469091137925,0.1786711932837325
45,T2527,2020-08-25,2020-08-25 14:00:00,2020-08-25 18:00:00,89.33000000000001,2.4934067259776684,0.4180198208425895
47,T2527,2021-06-24,2021-06-24 14:00:00,2021-06-24 15:00:00,77.792,1.930121867687485,0.2333373297795115
49,T2527,2021-05-25,2021-05-25 13:00:00,2021-05-25 13:30:00,75.18199999999999,1.716768103583701,-0.0101384816528264
50,T2527,2021-05-26,2021-05-26 13:00:00,2021-05-26 13:30:00,89.312,1.854717345054484,-0.1051197294027676
51,T2527,2021-06-28,2021-06-28 16:00:00,2021-06-28 18:00:00,91.418,2.3084686787702524,0.0102932628407656
52,T2527,2021-06-29,2021-06-29 16:00:00,2021-06-29 18:00:00,93.506,2.3536862432081014,-0.0108695482790762
53,T2527,2021-06-30,2021-06-30 15:00:00,2021-06-30 17:00:00,95.396,2.4034988155128003,0.0388006817260105
54,T2527,2021-07-06,2021-07-06 16:00:00,2021-07-06 18:00:00,92.21,2.3260536303533312,0.1986253271099898
55,T2527,2021-07-07,2021-07-07 15:00:00,2021-07-07 17:00:00,93.812,2.3753916008713976,0.1199110931999642
56,T2527,2021-07-26,2021-07-26 16:00:00,2021-07-26 18:00:00,89.816,2.358186064864638,0.3293892989799526
57,T2527,2021-07-27,2021-07-27 16:00:00,2021-07-27 18:00:00,91.526,2.4088083075452262,0.3169073893037586
58,T2527,2021-08-10,2021-08-10 16:00:00,2021-08-10 18:00:00,89.348,2.377778906933378,0.474296751584675
59,T2527,2021-08-11,2021-08-11 16:00:00,2021-08-11 18:00:00,92.174,2.467048457051656,0.4146420101601272
60,T2527,2021-08-12,2021-08-12 16:00:00,2021-08-12 18:00:00,94.568,2.547660710086538,0.4490625679228063
61,T2527,2021-08-13,2021-08-13 15:00:00,2021-08-13 17:00:00,95.126,2.5665861809818,0.5274999387190811
62,T2527,2021-08-24,2021-08-24 16:00:00,2021-08-24 18:00:00,89.78,2.396178700052617,0.4250822321839982
63,T2527,2021-08-25,2021-08-25 16:00:00,2021-08-25 18:00:00,92.138,2.4777238647824684,0.2617455978607026
64,T2527,2021-08-26,2021-08-26 16:00:00,2021-08-26 18:00:00,91.004,2.4388330939113083,0.2681474658390978
65,T2527,2021-08-27,2021-08-27 15:00:00,2021-08-27 17:00:00,89.99600000000001,2.39006745220292,0.3545664332977557
0,T2529,2018-06-18,2018-06-18 15:00:00,2018-06-18 18:00:00,91.508,2.094372167108717,-0.1255409067859045
1,T2529,2018-06-19,2018-06-19 15:00:00,2018-06-19 18:00:00,85.082,1.9895943576855133,0.0143827950327698
2,T2529,2018-06-29,2018-06-29 16:00:00,2018-06-29 18:00:00,89.132,2.1129304330581054,0.0250196588260993
3,T2529,2018-07-02,2018-07-02 16:00:00,2018-07-02 18:00:00,95.576,2.254010516615567,-0.278379893029833
4,T2529,2018-07-03,2018-07-03 16:00:00,2018-07-03 18:00:00,95.036,2.234534710335138,-0.336704257751883
5,T2529,2018-07-05,2018-07-05 15:00:00,2018-07-05 17:00:00,89.24000000000001,2.134349121696077,-0.0167671170773316
6,T2529,2018-07-16,2018-07-16 16:00:00,2018-07-16 18:00:00,91.706,2.221768010243032,-0.1541972226481207
7,T2529,2018-08-06,2018-08-06 14:00:00,2018-08-06 18:00:00,91.616,2.3230042784041456,0.0606646666663059
8,T2529,2018-08-27,2018-08-27 16:00:00,2018-08-27 18:00:00,88.48400000000001,2.306290508148963,0.0690438369799585
9,T2529,2018-08-28,2018-08-28 15:00:00,2018-08-28 18:00:00,92.354,2.4129772028273058,-0.0007630688314871
10,T2529,2018-08-29,2018-08-29 15:00:00,2018-08-29 17:00:00,92.46200000000002,2.414711006099435,-0.0180698964610142
11,T2529,2019-06-26,2019-06-26 16:00:00,2019-06-26 18:00:00,87.224,2.1237843321058243,0.1176195911445292
12,T2529,2019-06-27,2019-06-27 16:00:00,2019-06-27 18:00:00,88.844,2.1642034024372365,0.1492550332045052
13,T2529,2019-06-28,2019-06-28 15:00:00,2019-06-28 17:00:00,90.536,2.2019144953519034,-0.047610248823374
14,T2529,2019-07-02,2019-07-02 16:00:00,2019-07-02 18:00:00,88.59200000000001,2.178409038677074,0.0440406549859819
15,T2529,2019-07-03,2019-07-03 16:00:00,2019-07-03 18:00:00,86.9,2.1267413551050707,-0.0502721313820537
16,T2529,2019-07-10,2019-07-10 16:00:00,2019-07-10 18:00:00,87.80000000000001,2.2211574439867423,-0.1002600503262188
17,T2529,2019-07-15,2019-07-15 16:00:00,2019-07-15 18:00:00,84.362,2.153015271311003,0.1971352059359506
18,T2529,2019-07-16,2019-07-16 16:00:00,2019-07-16 18:00:00,89.924,2.326224828966009,0.1710094577655655
19,T2529,2019-07-17,2019-07-17 16:00:00,2019-07-17 18:00:00,92.93,2.401522158925826,-0.1421610734981852
20,T2529,2019-07-18,2019-07-18 16:00:00,2019-07-18 18:00:00,84.668,2.1590661520648142,0.0432035342550342
21,T2529,2019-07-19,2019-07-19 16:00:00,2019-07-19 18:00:00,92.624,2.3926560910636643,-0.1707670537783719
22,T2529,2019-07-29,2019-07-29 16:00:00,2019-07-29 18:00:00,90.194,2.3926521941263195,0.0783817907594487
23,T2529,2019-08-19,2019-08-19 03:00:00,2019-08-19 05:00:00,89.69,2.392359994702039,-0.3103394495388893
24,T2529,2019-08-20,2019-08-20 16:00:00,2019-08-20 18:00:00,90.41,2.409138328177975,0.0544349070283986
25,T2529,2020-06-18,2020-06-18 16:30:00,2020-06-18 17:00:00,80.762,1.8660945622872924,-0.1721163571051902
26,T2529,2020-06-22,2020-06-22 16:00:00,2020-06-22 18:00:00,90.05000000000001,1.9852666396323768,-0.3077670971586517
27,T2529,2020-06-23,2020-06-23 16:00:00,2020-06-23 18:00:00,88.77199999999999,1.9728084563524524,-0.3070121631664517
28,T2529,2020-06-26,2020-06-26 16:00:00,2020-06-26 18:00:00,84.00200000000001,1.92060083778277,0.2177506997401777
29,T2529,2020-06-29,2020-06-29 16:00:00,2020-06-29 18:00:00,89.33000000000001,2.0283130765546,0.2758963402725755
30,T2529,2020-07-01,2020-07-01 16:00:00,2020-07-01 18:00:00,83.30000000000001,1.9421802232635,0.1589248004443734
31,T2529,2020-07-02,2020-07-02 16:00:00,2020-07-02 18:00:00,90.194,2.0475418951363924,0.229651042408542
32,T2529,2020-07-03,2020-07-03 16:00:00,2020-07-03 18:00:00,93.326,2.1121263628316767,0.2436171813169235
33,T2529,2020-07-06,2020-07-06 15:00:00,2020-07-06 17:00:00,91.058,2.089806449473956,0.2546487247516685
34,T2529,2020-07-07,2020-07-07 15:00:00,2020-07-07 17:00:00,86.144,2.004338863814978,0.2444350899052158
35,T2529,2020-07-08,2020-07-08 16:00:00,2020-07-08 18:00:00,87.368,2.004985981503146,0.2062328571048801
36,T2529,2020-07-09,2020-07-09 15:00:00,2020-07-09 17:00:00,89.24000000000001,2.0537876792562817,0.2241182341141426
37,T2529,2020-07-15,2020-07-15 16:00:00,2020-07-15 18:00:00,86.95400000000001,2.039471585759992,0.2595782354726777
38,T2529,2020-07-20,2020-07-20 15:00:00,2020-07-20 17:00:00,93.596,2.2547244833599747,0.301885494498377
39,T2529,2020-07-21,2020-07-21 16:00:00,2020-07-21 18:00:00,92.246,2.218356771710852,0.2854640879991942
40,T2529,2020-07-22,2020-07-22 16:00:00,2020-07-22 18:00:00,92.12,2.2203640804707065,0.2447702313028512
41,T2529,2020-07-27,2020-07-27 15:00:00,2020-07-27 17:00:00,93.002,2.286306987061824,0.3245920186763044
42,T2529,2020-07-28,2020-07-28 16:00:00,2020-07-28 18:00:00,89.402,2.191747078860341,0.3208139671595308
43,T2529,2020-07-29,2020-07-29 16:00:00,2020-07-29 18:00:00,90.5,2.223980549565507,0.2546410525548525
44,T2529,2020-08-10,2020-08-10 16:00:00,2020-08-10 18:00:00,90.986,2.3170604477022048,0.3673829535198825
45,T2529,2020-08-25,2020-08-25 14:00:00,2020-08-25 18:00:00,89.456,2.3381500801565016,0.4561808355557605
46,T2529,2020-08-27,2020-08-27 15:00:00,2020-08-27 19:00:00,92.246,2.441789605922449,0.4227000818135488
47,T2529,2021-06-24,2021-06-24 14:00:00,2021-06-24 15:00:00,77.95400000000001,1.962906302272169,0.2441743327679802
48,T2529,2021-05-25,2021-05-25 13:00:00,2021-05-25 13:30:00,75.362,1.8255142307316408,0.0121875617731287
49,T2529,2021-05-26,2021-05-26 13:00:00,2021-05-26 13:30:00,88.862,1.833542163824997,-0.204829312350794
50,T2529,2021-06-28,2021-06-28 16:00:00,2021-06-28 18:00:00,91.4,2.2982778829853494,-0.1545712548237921
51,T2529,2021-06-29,2021-06-29 16:00:00,2021-06-29 18:00:00,93.452,2.3502022117380448,-0.080060426070435
52,T2529,2021-06-30,2021-06-30 15:00:00,2021-06-30 17:00:00,95.252,2.395739493218199,0.2751719159086894
53,T2529,2021-07-06,2021-07-06 16:00:00,2021-07-06 18:00:00,93.11,2.3514825848158183,0.3612261203019134
54,T2529,2021-07-07,2021-07-07 15:00:00,2021-07-07 17:00:00,92.822,2.341850100424883,0.3333487987528536
55,T2529,2021-07-26,2021-07-26 16:00:00,2021-07-26 18:00:00,89.54599999999999,2.320727971125016,0.4254098145985261
56,T2529,2021-07-27,2021-07-27 16:00:00,2021-07-27 18:00:00,90.446,2.347934490453648,0.4472968756705407
57,T2529,2021-08-10,2021-08-10 16:00:00,2021-08-10 18:00:00,89.97800000000001,2.3521898831631662,0.3987186689020308
58,T2529,2021-08-11,2021-08-11 16:00:00,2021-08-11 18:00:00,92.678,2.432467802212748,0.3977823576838066
59,T2529,2021-08-12,2021-08-12 16:00:00,2021-08-12 18:00:00,94.37,2.477691029944012,0.3605377049074706
60,T2529,2021-08-13,2021-08-13 15:00:00,2021-08-13 17:00:00,93.47,2.4528048750386406,0.3821876154088703
61,T2529,2021-08-24,2021-08-24 16:00:00,2021-08-24 18:00:00,89.438,2.345996882125157,0.437064780747976
62,T2529,2021-08-25,2021-08-25 16:00:00,2021-08-25 18:00:00,91.706,2.4145477863308806,0.3883210913571865
63,T2529,2021-08-26,2021-08-26 16:00:00,2021-08-26 18:00:00,91.364,2.405010709113548,0.3700725470749895
64,T2529,2021-08-27,2021-08-27 15:00:00,2021-08-27 17:00:00,91.544,2.409688673581327,0.3734167215741175
0,T2542,2018-06-28,2018-06-28 14:00:00,2018-06-28 18:00:00,98.168,3.000295771034093,0.1325923591510303
1,T2542,2018-07-19,2018-07-19 14:00:00,2018-07-19 18:00:00,100.526,3.2284872684508805,0.3444406441288548
3,T2542,2019-08-07,2019-08-07 14:00:00,2019-08-07 18:00:00,96.548,3.110857264245578,0.0237771828383181
4,T2542,2019-08-12,2019-08-12 14:00:00,2019-08-12 18:00:00,98.672,3.184048376475557,0.123437260672877
5,T2542,2019-08-20,2019-08-20 15:00:00,2019-08-20 18:00:00,100.436,3.3192083701569435,0.2664029102925773
6,T2542,2020-06-16,2020-06-16 14:00:00,2020-06-16 15:00:00,93.128,2.4211667631760303,-0.0057812634498507
7,T2542,2021-06-14,2021-06-14 14:00:00,2021-06-14 15:00:00,93.128,2.586564800443152,0.1160209591826563
8,T2542,2021-06-17,2021-06-17 15:00:00,2021-06-17 18:00:00,98.492,2.790143903301945,0.014661381431613
9,T2542,2021-07-29,2021-07-29 14:00:00,2021-07-29 17:00:00,98.51,3.168940871846022,0.4123278368906273
10,T2542,2021-07-30,2021-07-30 15:00:00,2021-07-30 17:00:00,98.906,3.1859511565044825,0.4237170107667847
11,T2542,2021-08-12,2021-08-12 14:00:00,2021-08-12 17:00:00,98.564,3.187224727038008,0.3437508423323481
12,T2542,2021-08-24,2021-08-24 15:00:00,2021-08-24 17:00:00,100.31,3.276146324106975,0.4405554022917832
13,T2542,2021-08-25,2021-08-25 15:00:00,2021-08-25 18:00:00,98.582,3.2217743673552106,0.3695133949821435
2,T2550,2018-06-06,2018-06-06 15:00:00,2018-06-06 18:00:00,93.434,2.655436983394457,-0.0103703339699153
3,T2550,2018-06-07,2018-06-07 15:00:00,2018-06-07 18:00:00,91.202,2.581285629264042,0.0657866102837389
4,T2550,2018-06-22,2018-06-22 15:00:00,2018-06-22 18:00:00,98.978,2.9002698938861684,0.2674894006618858
5,T2550,2018-06-27,2018-06-27 15:00:00,2018-06-27 18:00:00,98.474,2.897365580349085,0.2024220968663495
6,T2550,2018-06-28,2018-06-28 15:30:00,2018-06-28 17:30:00,98.168,2.8915112047245684,0.2193373067106983
7,T2550,2018-07-02,2018-07-02 16:00:00,2018-07-02 18:00:00,100.004,2.964732209572531,0.2834268011653602
8,T2550,2018-07-03,2018-07-03 16:00:00,2018-07-03 18:00:00,100.958,2.9920865560556504,0.2897199556957933
9,T2550,2018-07-19,2018-07-19 16:00:00,2018-07-19 18:00:00,105.98,3.258099863683169,0.4949282440686206
11,T2550,2018-07-23,2018-07-23 15:30:00,2018-07-23 17:30:00,101.174,3.0460801580078454,0.4345103647228944
12,T2550,2018-08-06,2018-08-06 15:30:00,2018-08-06 17:30:00,97.754,2.91339820191723,0.3114483881398072
13,T2550,2018-08-07,2018-08-07 15:30:00,2018-08-07 17:30:00,97.988,2.9277640110543337,0.2968760724740269
14,T2550,2018-08-08,2018-08-08 15:30:00,2018-08-08 17:30:00,90.536,2.639371353460658,0.2933157515340522
15,T2550,2018-08-16,2018-08-16 15:30:00,2018-08-16 17:30:00,95.81,2.855493600595288,0.1437320232828548
16,T2550,2018-08-17,2018-08-17 15:30:00,2018-08-17 17:30:00,97.25,2.89766696667155,0.1536293680191525
17,T2550,2018-08-22,2018-08-22 15:30:00,2018-08-22 17:30:00,92.606,2.770536632755588,0.3450037331099747
18,T2550,2018-08-23,2018-08-23 15:30:00,2018-08-23 17:30:00,97.034,2.896536164087457,0.1652322683905524
19,T2550,2018-08-24,2018-08-24 15:30:00,2018-08-24 17:30:00,96.962,2.894487391220273,0.0304636815006139
20,T2550,2018-09-18,2018-09-18 15:30:00,2018-09-18 17:30:00,93.128,2.814801744328652,0.3672318496004583
21,T2550,2018-09-19,2018-09-19 15:30:00,2018-09-19 17:30:00,93.866,2.8339138405273805,0.3389691898332726
22,T2550,2019-06-19,2019-06-19 16:00:00,2019-06-19 17:30:00,92.894,2.6876719763730392,-0.0047068074453628
23,T2550,2019-06-20,2019-06-20 16:00:00,2019-06-20 18:00:00,95.18,2.756751677907776,0.023684613760276
24,T2550,2019-06-28,2019-06-28 14:00:00,2019-06-28 17:00:00,92.516,2.724566995855741,-0.0297185762665065
25,T2550,2019-07-09,2019-07-09 16:00:00,2019-07-09 17:30:00,95.234,2.927915566997665,0.0130215960982474
26,T2550,2019-07-10,2019-07-10 15:00:00,2019-07-10 17:00:00,95.99,2.972848169822103,0.029673597298591
27,T2550,2019-07-30,2019-07-30 15:30:00,2019-07-30 17:30:00,98.366,3.099420643600721,0.2167928065617996
28,T2550,2019-07-31,2019-07-31 16:00:00,2019-07-31 18:00:00,96.404,3.0217618282816243,0.2287256540411744
29,T2550,2019-08-01,2019-08-01 15:00:00,2019-08-01 17:00:00,93.794,2.9496928727932525,0.1862664113348144
31,T2550,2019-08-08,2019-08-08 15:00:00,2019-08-08 17:00:00,94.118,2.9401508868020727,0.1546466433530965
32,T2550,2019-08-12,2019-08-12 15:00:00,2019-08-12 17:00:00,99.86,3.16739026292006,0.2023022933154715
33,T2550,2019-09-05,2019-09-05 15:00:00,2019-09-05 17:00:00,96.44,3.0628928699003555,0.4478010505340673
34,T2550,2019-09-06,2019-09-06 15:00:00,2019-09-06 17:00:00,98.06,3.1303457536243178,0.4090196173325346
35,T2550,2020-05-04,2020-05-04 17:00:00,2020-05-04 17:30:00,89.99600000000001,2.2329134307580247,-0.3514574767830515
36,T2550,2020-06-18,2020-06-18 15:00:00,2020-06-18 18:00:00,92.48,2.4762398908747194,0.1568175677797963
37,T2550,2020-07-01,2020-07-01 16:00:00,2020-07-01 18:00:00,95.27,2.6020819034709843,0.1875110012776255
38,T2550,2020-07-02,2020-07-02 16:00:00,2020-07-02 18:00:00,94.694,2.5870747174342346,0.2906201822202629
39,T2550,2020-07-08,2020-07-08 16:00:00,2020-07-08 18:00:00,92.93,2.5752956934071745,0.4522331573969611
40,T2550,2020-07-09,2020-07-09 16:00:00,2020-07-09 18:00:00,96.044,2.663396983829772,0.1501646778841295
41,T2550,2020-07-10,2020-07-10 16:00:00,2020-07-10 17:00:00,95.378,2.6417921152533053,0.2937913907450576
42,T2550,2020-07-13,2020-07-13 16:00:00,2020-07-13 18:00:00,100.562,2.826821298611593,0.165911692561062
43,T2550,2020-08-06,2020-08-06 16:00:00,2020-08-06 18:00:00,95.864,2.869511457881675,0.2223129543986867
44,T2550,2020-08-11,2020-08-11 16:00:00,2020-08-11 18:00:00,97.628,2.962313019837675,0.1905534905731143
45,T2550,2020-08-12,2020-08-12 15:00:00,2020-08-12 17:00:00,98.474,2.999383317304529,0.2181260550611049
46,T2550,2020-08-14,2020-08-14 15:00:00,2020-08-14 17:00:00,102.884,3.179848046211557,0.3627115157049854
47,T2550,2020-09-01,2020-09-01 15:00:00,2020-09-01 17:00:00,90.806,2.682764649871023,0.1797776812425365
48,T2550,2021-06-17,2021-06-17 15:00:00,2021-06-17 18:00:00,96.116,2.6440170245361254,-0.0775086258329535
49,T2550,2021-05-24,2021-05-24 13:00:00,2021-05-24 13:30:00,80.15,2.2754796034737725,-0.1031288869400492
50,T2550,2021-06-09,2021-06-09 16:00:00,2021-06-09 18:00:00,89.94200000000001,2.542343774644951,-0.0272010312162831
51,T2550,2021-06-10,2021-06-10 16:00:00,2021-06-10 18:00:00,90.86,2.5432037676891834,-0.0437144504170697
52,T2550,2021-06-14,2021-06-14 16:00:00,2021-06-14 18:00:00,93.47,2.6093067621946235,-0.2337528031568473
53,T2550,2021-06-15,2021-06-15 15:00:00,2021-06-15 17:00:00,94.442,2.6286798468779047,-0.0278631862336105
54,T2550,2021-06-24,2021-06-24 14:30:00,2021-06-24 16:30:00,94.802,2.6584132852698343,0.0474453567444151
55,T2550,2021-06-25,2021-06-25 15:30:00,2021-06-25 17:30:00,94.514,2.6544850181695816,0.0395234824094335
57,T2550,2021-07-26,2021-07-26 16:00:00,2021-07-26 18:00:00,97.97,3.112990974797283,0.2360204809335639
58,T2550,2021-07-27,2021-07-27 16:00:00,2021-07-27 18:00:00,96.854,3.068501451920931,0.1493187248582505
59,T2550,2021-07-29,2021-07-29 15:30:00,2021-07-29 17:30:00,96.35,3.054505335723809,0.2523235788613413
60,T2550,2021-07-30,2021-07-30 15:00:00,2021-07-30 17:00:00,97.034,3.0666379441010454,0.236166476644024
61,T2550,2021-08-09,2021-08-09 15:30:00,2021-08-09 17:30:00,95.738,3.0397478738604105,0.2001044118502814
62,T2550,2021-08-10,2021-08-10 15:30:00,2021-08-10 17:30:00,95.612,3.032223710019144,0.1214382830427406
63,T2550,2021-08-11,2021-08-11 15:30:00,2021-08-11 17:00:00,95.774,3.040292248331664,0.2232039087548128
64,T2550,2021-08-23,2021-08-23 15:30:00,2021-08-23 17:30:00,95.63,3.0226819551201376,0.3244544034163711
65,T2550,2021-08-24,2021-08-24 15:30:00,2021-08-24 17:30:00,95.882,3.049258188181767,0.3635735271589067
66,T2550,2021-08-25,2021-08-25 15:30:00,2021-08-25 17:30:00,95.738,3.0548676813324462,0.3064083380666677
67,T2550,2021-08-31,2021-08-31 15:30:00,2021-08-31 17:30:00,96.116,3.069570970655348,0.3830817473169779
68,T2550,2021-09-01,2021-09-01 15:00:00,2021-09-01 17:00:00,96.872,3.104962207099564,0.3755405862015877
70,T2550,2021-09-20,2021-09-20 15:30:00,2021-09-20 17:30:00,97.178,3.0680210103857024,0.3350831732906204
0,T2559,2018-06-18,2018-06-18 14:00:00,2018-06-18 17:00:00,90.95,2.119457854720652,-0.226298121278114
1,T2559,2018-06-19,2018-06-19 14:00:00,2018-06-19 17:00:00,80.22200000000001,1.985910378598201,-0.1450709729454699
2,T2559,2018-06-29,2018-06-29 16:00:00,2018-06-29 18:00:00,90.68,2.160026599196142,-0.2292212364555362
3,T2559,2018-07-02,2018-07-02 15:00:00,2018-07-02 17:00:00,83.03,2.067404812994214,0.1236752207025944
4,T2559,2018-07-03,2018-07-03 15:00:00,2018-07-03 17:00:00,88.46600000000001,2.160096517538792,-0.1803279609012253
5,T2559,2018-07-05,2018-07-05 14:00:00,2018-07-05 16:00:00,86.666,2.1708964222602094,-0.0628760933535372
6,T2559,2018-07-16,2018-07-16 15:00:00,2018-07-16 17:00:00,84.614,2.192329451150632,-0.0084631618974181
7,T2559,2018-08-06,2018-08-06 13:00:00,2018-08-06 17:00:00,79.03399999999999,2.1142939498979465,0.0825444836360111
8,T2559,2018-08-22,2018-08-22 14:00:00,2018-08-22 16:00:00,75.398,2.0764187958749902,0.1795902174162766
9,T2559,2018-08-27,2018-08-27 15:00:00,2018-08-27 17:00:00,88.46600000000001,2.50307839716415,0.2537471259427749
10,T2559,2018-08-28,2018-08-28 14:00:00,2018-08-28 17:00:00,85.244,2.456401699455616,0.2527701000346568
11,T2559,2018-08-29,2018-08-29 14:00:00,2018-08-29 16:00:00,72.122,1.917743297553868,0.0682273685330482
12,T2559,2019-06-26,2019-06-26 15:00:00,2019-06-26 17:00:00,87.35,1.93487175499412,-0.1617890373076289
13,T2559,2019-06-27,2019-06-27 15:00:00,2019-06-27 17:00:00,89.78,1.9659011387206191,-0.2840225259675603
14,T2559,2019-06-28,2019-06-28 14:00:00,2019-06-28 16:00:00,88.574,1.950981474890672,-0.1671173757291763
15,T2559,2019-07-02,2019-07-02 15:00:00,2019-07-02 17:00:00,91.148,2.0610245171525445,-0.2067945488718761
16,T2559,2019-07-03,2019-07-03 15:00:00,2019-07-03 17:00:00,88.412,2.0152622976765806,-0.2026016217413554
17,T2559,2019-07-10,2019-07-10 15:00:00,2019-07-10 17:00:00,91.22,2.156699993483331,-0.1779279489447035
18,T2559,2019-07-15,2019-07-15 15:00:00,2019-07-15 17:00:00,89.22200000000001,2.191775741257981,-0.1148648222861135
19,T2559,2019-07-16,2019-07-16 15:00:00,2019-07-16 17:00:00,83.138,2.046449408216254,-0.0468438907760784
20,T2559,2019-07-17,2019-07-17 15:00:00,2019-07-17 17:00:00,89.708,2.2087561383235284,-0.0841539889544448
21,T2559,2019-07-18,2019-07-18 15:00:00,2019-07-18 17:00:00,86.648,2.0938971530653205,-0.0736709364497441
22,T2559,2019-07-19,2019-07-19 15:00:00,2019-07-19 17:00:00,91.382,2.2071823454247705,-0.2764540654246599
23,T2559,2019-07-29,2019-07-29 15:00:00,2019-07-29 17:00:00,81.644,2.1227179207058784,0.0052860588509238
24,T2559,2019-08-13,2019-08-13 14:00:00,2019-08-13 16:00:00,82.58000000000001,2.2141479769708217,-0.0484583222963529
25,T2559,2019-08-19,2019-08-19 02:00:00,2019-08-19 04:00:00,83.876,2.326306395587977,-0.0687886435587385
26,T2559,2019-08-20,2019-08-20 15:00:00,2019-08-20 17:00:00,74.31800000000001,1.953835634108824,-0.046264057431382
27,T2559,2020-06-18,2020-06-18 16:30:00,2020-06-18 17:00:00,87.152,1.979120904553964,0.1810799325389059
28,T2559,2020-06-22,2020-06-22 15:00:00,2020-06-22 17:00:00,78.368,1.896876273100456,0.1168924813901202
29,T2559,2020-06-23,2020-06-23 15:00:00,2020-06-23 17:00:00,74.606,1.8485322414424152,0.1189640941679461
30,T2559,2020-06-26,2020-06-26 15:00:00,2020-06-26 17:00:00,78.674,1.885076924527446,0.1546691577485862
31,T2559,2020-06-29,2020-06-29 15:00:00,2020-06-29 17:00:00,88.88,2.079570803076505,0.1235364822112059
32,T2559,2020-07-01,2020-07-01 15:00:00,2020-07-01 17:00:00,87.566,2.068149931773356,0.0679387123415659
33,T2559,2020-07-02,2020-07-02 15:00:00,2020-07-02 17:00:00,87.71000000000001,2.067062079426756,0.1125403131805136
34,T2559,2020-07-03,2020-07-03 15:00:00,2020-07-03 17:00:00,88.358,2.0740211061286327,0.1041658319108145
36,T2559,2020-07-07,2020-07-07 14:00:00,2020-07-07 16:00:00,89.20400000000001,2.1129702088386195,-0.0371163518965747
37,T2559,2020-07-08,2020-07-08 15:00:00,2020-07-08 17:00:00,89.258,2.111197362073036,0.1467291138016667
38,T2559,2020-07-09,2020-07-09 14:00:00,2020-07-09 16:00:00,88.826,2.104844661163025,-0.0094818194284229
39,T2559,2020-07-15,2020-07-15 15:00:00,2020-07-15 17:00:00,81.392,1.990125204181788,0.170362917701543
40,T2559,2020-07-20,2020-07-20 14:00:00,2020-07-20 16:00:00,82.112,2.026531697238186,0.1101032003361239
41,T2559,2020-07-21,2020-07-21 15:00:00,2020-07-21 17:00:00,78.98,1.9631397345669976,0.1440131935747331
42,T2559,2020-07-22,2020-07-22 15:00:00,2020-07-22 17:00:00,81.68,2.014756829388748,0.0768401521581631
43,T2559,2020-07-27,2020-07-27 14:00:00,2020-07-27 16:00:00,81.69800000000001,2.040492493226929,0.1651688845508669
44,T2559,2020-07-28,2020-07-28 15:00:00,2020-07-28 17:00:00,83.93,2.08466964595382,0.1187508696630076
45,T2559,2020-07-29,2020-07-29 15:00:00,2020-07-29 17:00:00,84.326,2.0971205963322546,0.1512249188293631
46,T2559,2020-08-10,2020-08-10 15:00:00,2020-08-10 17:00:00,86.95400000000001,2.191520889145297,0.2215446006347893
47,T2559,2020-08-25,2020-08-25 15:00:00,2020-08-25 17:00:00,89.99600000000001,2.298174553796045,0.046067553958457
48,T2559,2020-08-27,2020-08-27 15:00:00,2020-08-27 17:00:00,89.366,2.31433090729274,0.0172097662267278
49,T2559,2021-08-18,2021-08-18 14:00:00,2021-08-18 16:00:00,84.884,2.190614054954228,0.3649524558645021
50,T2559,2019-05-17,2019-05-17 10:30:00,2019-05-17 11:30:00,67.244,1.584098822552194,-0.0588969743210097
51,T2559,2020-05-13,2020-05-13 15:00:00,2020-05-13 16:00:00,65.26400000000001,1.5676111228313487,-0.0768148665086243
52,T2559,2020-09-16,2020-09-16 14:00:00,2020-09-16 16:00:00,81.01400000000001,2.0989442446901787,0.2053781895249606
53,T2559,2021-05-25,2021-05-25 12:00:00,2021-05-25 12:30:00,81.10400000000001,1.7112652084520112,-0.1681790683798532
54,T2559,2021-05-26,2021-05-26 12:00:00,2021-05-26 12:30:00,78.85400000000001,1.7003506304381388,-0.137284171813765
55,T2559,2021-06-28,2021-06-28 15:00:00,2021-06-28 17:00:00,79.34,1.9508803910767,0.0500461995328909
56,T2559,2021-06-29,2021-06-29 15:00:00,2021-06-29 17:00:00,81.338,1.9913316997119423,0.0435471396793286
57,T2559,2021-06-30,2021-06-30 14:00:00,2021-06-30 16:00:00,82.688,1.96867225296606,0.1025633471671249
58,T2559,2021-07-06,2021-07-06 15:00:00,2021-07-06 17:00:00,87.242,2.130192910411272,0.2893736317721075
59,T2559,2021-07-07,2021-07-07 14:00:00,2021-07-07 16:00:00,84.23599999999999,2.0723669982711708,0.2603086992106587
60,T2559,2021-07-26,2021-07-26 15:00:00,2021-07-26 17:00:00,88.53800000000001,2.239660863609437,0.337507609794625
61,T2559,2021-07-27,2021-07-27 15:00:00,2021-07-27 17:00:00,85.46000000000001,2.1601035921093947,0.3955701961334725
62,T2559,2021-07-28,2021-07-28 15:00:00,2021-07-28 17:00:00,86.28800000000001,2.188670488825626,0.2332607408012823
63,T2559,2021-08-10,2021-08-10 15:00:00,2021-08-10 17:00:00,90.356,2.3269262590060285,0.2474829755674216
64,T2559,2021-08-11,2021-08-11 15:00:00,2021-08-11 17:00:00,86.55799999999999,2.1716974634547146,0.311037468842248
65,T2559,2021-08-12,2021-08-12 15:00:00,2021-08-12 17:00:00,83.98400000000001,2.1565236469894145,0.2403529967845392
66,T2559,2021-08-13,2021-08-13 15:00:00,2021-08-13 16:00:00,80.078,2.0583294292686385,0.2587140699158536
67,T2559,2021-08-24,2021-08-24 15:00:00,2021-08-24 17:00:00,91.364,2.377982609867749,0.2424941046544421
68,T2559,2021-08-25,2021-08-25 15:00:00,2021-08-25 17:00:00,90.536,2.346146732011276,0.2246107447701488
69,T2559,2021-08-26,2021-08-26 14:00:00,2021-08-26 16:00:00,86.53999999999999,2.250149315705605,0.2964893455128728
70,T2559,2021-08-27,2021-08-27 14:00:00,2021-08-27 16:00:00,89.27600000000001,2.306106993322558,0.2518163054626967
0,T2770,2018-06-18,2018-06-18 15:00:00,2018-06-18 18:00:00,85.622,2.261584210848723,-0.2747090721646388
1,T2770,2018-06-19,2018-06-19 15:00:00,2018-06-19 18:00:00,94.676,2.4557807501195823,-0.3003284425424134
2,T2770,2018-06-26,2018-06-26 14:00:00,2018-06-26 15:00:00,78.476,2.14247814054006,0.1446675256151759
3,T2770,2018-06-29,2018-06-29 16:00:00,2018-06-29 18:00:00,88.412,2.4051307087610825,-0.1197838137528456
4,T2770,2018-07-02,2018-07-02 16:00:00,2018-07-02 18:00:00,91.958,2.501376062503604,-0.0988735962235715
5,T2770,2018-07-03,2018-07-03 16:00:00,2018-07-03 18:00:00,88.59200000000001,2.4223113909867404,-0.135737086405504
6,T2770,2018-07-05,2018-07-05 15:00:00,2018-07-05 17:00:00,87.422,2.3924824467326515,-0.0422101853995154
7,T2770,2018-07-16,2018-07-16 16:00:00,2018-07-16 18:00:00,88.03399999999999,2.46960464289584,-0.0567283455688377
8,T2770,2018-08-06,2018-08-06 14:00:00,2018-08-06 18:00:00,87.386,2.4795545785895823,0.0257340813284598
9,T2770,2018-08-27,2018-08-27 16:00:00,2018-08-27 18:00:00,89.582,2.624508393797468,0.2684790452200555
10,T2770,2018-08-28,2018-08-28 15:00:00,2018-08-28 18:00:00,91.31,2.6741069194568063,0.2639610266466203
11,T2770,2018-08-29,2018-08-29 15:00:00,2018-08-29 17:00:00,91.13,2.6866238975411814,0.2523188434702612
12,T2770,2019-06-26,2019-06-26 16:00:00,2019-06-26 18:00:00,87.35,2.3461746351454185,0.0188174748592208
13,T2770,2019-06-27,2019-06-27 16:00:00,2019-06-27 18:00:00,90.32,2.42092960831759,-0.1071280095121119
14,T2770,2019-06-28,2019-06-28 15:00:00,2019-06-28 17:00:00,90.266,2.438649557900941,-0.058933066033469
15,T2770,2019-07-02,2019-07-02 16:00:00,2019-07-02 18:00:00,91.544,2.475572004637209,0.1105031029547286
16,T2770,2019-07-03,2019-07-03 16:00:00,2019-07-03 18:00:00,91.328,2.482996331015558,-0.138421620682193
17,T2770,2019-07-10,2019-07-10 16:00:00,2019-07-10 18:00:00,85.47800000000001,2.3588949472528915,-0.1136746778089965
18,T2770,2019-07-15,2019-07-15 16:00:00,2019-07-15 18:00:00,89.042,2.4815380751096265,-0.0959913742199151
19,T2770,2019-07-16,2019-07-16 16:00:00,2019-07-16 18:00:00,90.644,2.529463658677927,-0.048473342434452
20,T2770,2019-07-17,2019-07-17 16:00:00,2019-07-17 18:00:00,94.65800000000002,2.667410210232478,-0.0539129684691687
21,T2770,2019-07-18,2019-07-18 16:00:00,2019-07-18 18:00:00,92.894,2.598048578473915,-0.0595497415565055
22,T2770,2019-07-19,2019-07-19 16:00:00,2019-07-19 18:00:00,90.086,2.49933442884546,-0.016891411535522
23,T2770,2019-07-29,2019-07-29 16:00:00,2019-07-29 18:00:00,89.24000000000001,2.5097784276506827,0.1434909554314757
24,T2770,2019-08-19,2019-08-19 03:00:00,2019-08-19 05:00:00,92.912,2.604424821885463,0.1346439523882871
25,T2770,2019-08-20,2019-08-20 16:00:00,2019-08-20 18:00:00,91.904,2.57214149772214,0.203248590712718
26,T2770,2020-06-18,2020-06-18 16:30:00,2020-06-18 17:00:00,77.918,1.9420389472458848,-0.0209001083296285
27,T2770,2020-06-22,2020-06-22 16:00:00,2020-06-22 18:00:00,87.152,2.160377076347627,-0.0402855300831152
28,T2770,2020-06-23,2020-06-23 16:00:00,2020-06-23 18:00:00,89.97800000000001,2.2422914520861705,-0.0878821524201581
29,T2770,2020-06-25,2020-06-25 14:00:00,2020-06-25 15:00:00,83.138,2.066153201460114,0.264037537326564
30,T2770,2020-06-26,2020-06-26 16:00:00,2020-06-26 18:00:00,86.27,2.156158523069266,0.2301062043099442
31,T2770,2020-06-29,2020-06-29 16:00:00,2020-06-29 18:00:00,85.78399999999999,2.1514591637226883,0.1997194503408671
32,T2770,2020-07-01,2020-07-01 16:00:00,2020-07-01 18:00:00,86.34200000000001,2.1452965234062296,0.2926117327230448
33,T2770,2020-07-02,2020-07-02 16:00:00,2020-07-02 18:00:00,84.992,2.1460424014221555,0.1798402774332823
34,T2770,2020-07-03,2020-07-03 16:00:00,2020-07-03 18:00:00,91.148,2.299409111051404,0.1391280749653655
35,T2770,2020-07-06,2020-07-06 15:00:00,2020-07-06 17:00:00,90.644,2.3021332233552068,0.0866804605683106
36,T2770,2020-07-07,2020-07-07 15:00:00,2020-07-07 17:00:00,87.53,2.2226151730772994,0.1620960028279048
37,T2770,2020-07-08,2020-07-08 16:00:00,2020-07-08 18:00:00,84.74000000000001,2.1476935418906,0.0708241718880274
38,T2770,2020-07-09,2020-07-09 15:00:00,2020-07-09 17:00:00,83.336,2.1067854119788434,0.1289961377465455
39,T2770,2020-07-15,2020-07-15 16:00:00,2020-07-15 18:00:00,87.134,2.227626573114831,0.2234132601911986
40,T2770,2020-07-20,2020-07-20 15:00:00,2020-07-20 17:00:00,95.234,2.468103415284421,0.1651710691172374
41,T2770,2020-07-21,2020-07-21 16:00:00,2020-07-21 18:00:00,96.206,2.4951513519460504,0.1515546627972883
42,T2770,2020-07-22,2020-07-22 16:00:00,2020-07-22 18:00:00,95.036,2.462939718285383,0.1401091121855538
43,T2770,2020-07-27,2020-07-27 15:00:00,2020-07-27 17:00:00,93.452,2.4412808820902168,0.3119069938221664
44,T2770,2020-07-28,2020-07-28 16:00:00,2020-07-28 18:00:00,96.008,2.512613532162144,0.2158299101276494
45,T2770,2020-07-29,2020-07-29 16:00:00,2020-07-29 18:00:00,89.24000000000001,2.3210954135711432,0.2213404530907499
46,T2770,2020-08-10,2020-08-10 16:00:00,2020-08-10 18:00:00,87.152,2.231493208202993,0.2379320615175355
47,T2770,2020-08-25,2020-08-25 16:00:00,2020-08-25 18:00:00,90.86,2.404761138578179,0.2868642681180692
48,T2770,2020-08-27,2020-08-27 16:00:00,2020-08-27 18:00:00,93.164,2.471253831593549,0.3421716181506324
49,T2770,2021-06-24,2021-06-24 14:00:00,2021-06-24 15:00:00,75.09200000000001,2.003065822673215,0.2308406770522023
50,T2770,2021-05-25,2021-05-25 13:00:00,2021-05-25 13:30:00,74.714,1.914187634132908,0.2020245737993205
51,T2770,2021-06-28,2021-06-28 16:00:00,2021-06-28 18:00:00,85.69399999999999,2.269481880137553,0.178884953264385
52,T2770,2021-06-29,2021-06-29 16:00:00,2021-06-29 18:00:00,87.836,2.32360431761786,0.2616541434413535
53,T2770,2021-06-30,2021-06-30 15:00:00,2021-06-30 17:00:00,90.86,2.398079520453156,0.230713917049895
54,T2770,2021-07-06,2021-07-06 16:00:00,2021-07-06 18:00:00,89.78,2.369320172708857,0.3014527688138408
55,T2770,2021-07-07,2021-07-07 16:00:00,2021-07-07 18:00:00,90.932,2.3942080720164505,0.265334696093378
56,T2770,2021-07-13,2021-07-13 16:00:00,2021-07-13 18:00:00,91.148,2.440079821292156,0.3076504600145016
57,T2770,2021-07-16,2021-07-16 15:00:00,2021-07-16 17:00:00,91.832,2.4626056084117613,0.2949342540990401
58,T2770,2021-07-26,2021-07-26 16:00:00,2021-07-26 18:00:00,89.474,2.370979386045913,0.2295087324750037
59,T2770,2021-07-27,2021-07-27 16:00:00,2021-07-27 18:00:00,86.882,2.3308603588264085,0.1941487881959754
60,T2770,2021-08-10,2021-08-10 16:00:00,2021-08-10 18:00:00,89.54599999999999,2.4286692848520124,0.2241810729390536
61,T2770,2021-08-11,2021-08-11 16:00:00,2021-08-11 18:00:00,92.426,2.513640033450651,0.2242700875258269
62,T2770,2021-08-12,2021-08-12 16:00:00,2021-08-12 18:00:00,93.362,2.541255526745208,0.2285943449599089
63,T2770,2021-08-13,2021-08-13 15:00:00,2021-08-13 17:00:00,93.974,2.559311810822418,0.1921046504132982
64,T2770,2021-08-23,2021-08-23 16:30:00,2021-08-23 17:00:00,89.096,2.4314668923131064,0.1112262768466953
65,T2770,2021-08-24,2021-08-24 16:00:00,2021-08-24 18:00:00,90.194,2.460319584483245,0.2452473792827147
66,T2770,2021-08-25,2021-08-25 15:00:00,2021-08-25 17:00:00,89.69,2.4494317761171547,0.2266072474429116
67,T2770,2021-08-26,2021-08-26 16:00:00,2021-08-26 18:00:00,90.662,2.4788288587055973,0.2833808573139646
68,T2770,2021-08-27,2021-08-27 15:00:00,2021-08-27 17:00:00,92.318,2.527823996353001,0.2948853903488266
69,T2770,2021-09-14,2021-09-14 16:00:00,2021-09-14 18:00:00,88.268,2.416038926744658,0.2845680897004216
0,T2781,2018-06-18,2018-06-18 14:00:00,2018-06-18 17:00:00,96.476,2.271879868489159,-0.6303561219402942
1,T2781,2018-06-19,2018-06-19 14:00:00,2018-06-19 17:00:00,73.418,2.098717637343445,-0.2063130448388537
2,T2781,2018-06-29,2018-06-29 16:00:00,2018-06-29 18:00:00,96.53,2.346447054552345,-0.5404474207852075
3,T2781,2018-07-02,2018-07-02 15:00:00,2018-07-02 17:00:00,77.27,2.205626872260612,-0.1760783370041006
4,T2781,2018-07-03,2018-07-03 15:00:00,2018-07-03 17:00:00,86.378,2.3109445959029,-0.4079607442855957
5,T2781,2018-07-05,2018-07-05 14:00:00,2018-07-05 16:00:00,88.214,2.3201059158308177,-0.2511427527400647
6,T2781,2018-07-16,2018-07-16 15:00:00,2018-07-16 17:00:00,87.72800000000001,2.4064982686501315,-0.1594980897913995
7,T2781,2018-08-06,2018-08-06 13:00:00,2018-08-06 17:00:00,79.178,2.3535845900693944,-0.1793841034328189
8,T2781,2018-08-22,2018-08-22 14:00:00,2018-08-22 16:00:00,76.964,2.351934094540076,0.0253572857283094
9,T2781,2018-08-27,2018-08-27 15:00:00,2018-08-27 17:00:00,93.02,2.7621273721819164,0.1141401237805359
10,T2781,2018-08-28,2018-08-28 14:00:00,2018-08-28 17:00:00,90.842,2.708021460202345,0.1113448233009577
11,T2781,2018-08-29,2018-08-29 14:00:00,2018-08-29 16:00:00,72.78800000000001,2.234550088164026,-0.1279904800667495
12,T2781,2019-06-26,2019-06-26 15:00:00,2019-06-26 17:00:00,86.18,2.38714302022026,-0.0371051820075611
13,T2781,2019-06-27,2019-06-27 15:00:00,2019-06-27 17:00:00,90.77,2.403635452029281,-0.1781545103810219
14,T2781,2019-06-28,2019-06-28 14:00:00,2019-06-28 16:00:00,92.372,2.4231697156416963,-0.1143456976726523
15,T2781,2019-07-02,2019-07-02 15:00:00,2019-07-02 17:00:00,92.84,2.5106663174518173,-0.2467583073003051
16,T2781,2019-07-03,2019-07-03 15:00:00,2019-07-03 17:00:00,80.97800000000001,2.3316047476995982,-0.2317499782267137
17,T2781,2019-07-10,2019-07-10 15:00:00,2019-07-10 17:00:00,98.42,2.636631952122716,-0.22228914706499
18,T2781,2019-07-15,2019-07-15 15:00:00,2019-07-15 17:00:00,94.136,2.6427330806851,-0.1079348181785407
19,T2781,2019-07-16,2019-07-16 15:00:00,2019-07-16 17:00:00,81.73400000000001,2.434722133789026,-0.0885411757948495
20,T2781,2019-07-17,2019-07-17 15:00:00,2019-07-17 17:00:00,87.74600000000001,2.542912119423096,-0.1672473918799203
21,T2781,2019-07-18,2019-07-18 15:00:00,2019-07-18 17:00:00,88.016,2.536734974356476,-0.0500644109144073
22,T2781,2019-07-19,2019-07-19 15:00:00,2019-07-19 17:00:00,94.856,2.651516582316621,-0.2222147301627384
23,T2781,2019-07-29,2019-07-29 15:00:00,2019-07-29 17:00:00,81.608,2.485372765237821,0.0136874462744268
24,T2781,2019-08-13,2019-08-13 14:00:00,2019-08-13 16:00:00,77.684,2.495443616757269,0.0313866394291239
25,T2781,2019-08-19,2019-08-19 02:00:00,2019-08-19 04:00:00,81.446,2.553025253235756,0.0586670471177727
26,T2781,2019-08-20,2019-08-20 15:00:00,2019-08-20 17:00:00,78.602,2.44994581967629,0.0448647152600229
27,T2781,2020-06-18,2020-06-18 16:30:00,2020-06-18 17:00:00,81.30199999999999,1.9919646047581043,-0.0390476502956879
28,T2781,2020-06-22,2020-06-22 15:00:00,2020-06-22 17:00:00,82.094,2.055304205004368,-0.0891817711565606
29,T2781,2020-06-23,2020-06-23 15:00:00,2020-06-23 17:00:00,72.446,1.9767605219316235,-0.0662401571056018
30,T2781,2020-06-26,2020-06-26 15:00:00,2020-06-26 17:00:00,77.48599999999999,1.97988955862765,-0.1838947174690828
31,T2781,2020-06-29,2020-06-29 15:00:00,2020-06-29 17:00:00,82.652,2.106116649379338,-0.1187409455803067
32,T2781,2020-07-01,2020-07-01 15:00:00,2020-07-01 17:00:00,79.34,2.082464620069405,-0.1896477993711732
33,T2781,2020-07-02,2020-07-02 15:00:00,2020-07-02 17:00:00,82.652,2.12402378510596,-0.2288349683293181
34,T2781,2020-07-03,2020-07-03 15:00:00,2020-07-03 17:00:00,81.30199999999999,2.103759824982677,-0.1990390191237373
36,T2781,2020-07-07,2020-07-07 14:00:00,2020-07-07 16:00:00,89.582,2.234605005621902,-0.1767388809939428
37,T2781,2020-07-08,2020-07-08 15:00:00,2020-07-08 17:00:00,83.24600000000001,2.1532013768253684,-0.1752399794081917
38,T2781,2020-07-09,2020-07-09 14:00:00,2020-07-09 16:00:00,90.59,2.2427388524307785,-0.2305997920063506
39,T2781,2020-07-15,2020-07-15 15:00:00,2020-07-15 17:00:00,85.964,2.2194470140763523,-0.0741329879327269
40,T2781,2020-07-20,2020-07-20 14:00:00,2020-07-20 16:00:00,76.37,2.1182901252691875,-0.1370101765369424
41,T2781,2020-07-21,2020-07-21 15:00:00,2020-07-21 17:00:00,77.81,2.126113558226622,-0.1314539796517163
42,T2781,2020-07-22,2020-07-22 15:00:00,2020-07-22 17:00:00,82.994,2.216172105324268,-0.1544511022876969
43,T2781,2020-07-27,2020-07-27 14:00:00,2020-07-27 16:00:00,80.654,2.2048854020269792,-0.1639719627772392
44,T2781,2020-07-28,2020-07-28 15:00:00,2020-07-28 17:00:00,83.44399999999999,2.258801207586268,-0.0525509478118708
45,T2781,2020-07-29,2020-07-29 15:00:00,2020-07-29 17:00:00,84.65,2.27247721489427,-0.1684712037606015
46,T2781,2020-08-10,2020-08-10 15:00:00,2020-08-10 17:00:00,85.56800000000001,2.345256683379473,0.0313016865581738
47,T2781,2020-08-25,2020-08-25 15:00:00,2020-08-25 17:00:00,83.894,2.311468365603518,-0.0303152168022004
48,T2781,2020-08-27,2020-08-27 15:00:00,2020-08-27 17:00:00,88.77199999999999,2.450640670322497,-0.0822419292976778
49,T2781,2021-08-18,2021-08-18 14:00:00,2021-08-18 16:00:00,79.322,2.303737556210287,0.0981111807517692
50,T2781,2021-05-25,2021-05-25 12:00:00,2021-05-25 12:30:00,82.436,1.9253523632972256,-0.1506693696540335
51,T2781,2021-05-26,2021-05-26 12:00:00,2021-05-26 12:30:00,76.226,1.895797591484624,0.0224109405474141
52,T2781,2021-06-28,2021-06-28 15:00:00,2021-06-28 17:00:00,73.778,2.0496397169754155,0.0925069752573014
53,T2781,2021-06-29,2021-06-29 15:00:00,2021-06-29 17:00:00,81.626,2.208644054640911,0.0955374691432173
54,T2781,2021-06-30,2021-06-30 14:00:00,2021-06-30 16:00:00,74.516,2.078486267338661,0.1955231369180169
55,T2781,2021-07-06,2021-07-06 15:00:00,2021-07-06 17:00:00,89.582,2.375568968872581,0.0944870260813111
56,T2781,2021-07-07,2021-07-07 14:00:00,2021-07-07 16:00:00,85.334,2.2999414843894685,0.0855385613403202
57,T2781,2021-07-26,2021-07-26 15:00:00,2021-07-26 17:00:00,87.098,2.408713485172384,0.2308578415937429
58,T2781,2021-07-27,2021-07-27 15:00:00,2021-07-27 17:00:00,85.56800000000001,2.3698901438452054,0.1836667672186114
59,T2781,2021-07-28,2021-07-28 15:00:00,2021-07-28 17:00:00,87.72800000000001,2.430964752743596,0.1271343542892115
60,T2781,2021-08-10,2021-08-10 15:00:00,2021-08-10 17:00:00,91.058,2.5520492879474275,0.1614698320632429
61,T2781,2021-08-11,2021-08-11 15:00:00,2021-08-11 17:00:00,87.314,2.468925745882479,0.3980312877924802
62,T2781,2021-08-12,2021-08-12 15:00:00,2021-08-12 17:00:00,84.506,2.3820061122956413,0.1826419228138227
63,T2781,2021-08-13,2021-08-13 15:00:00,2021-08-13 16:00:00,74.894,2.1854634377792115,0.2513627605304025
64,T2781,2021-08-24,2021-08-24 15:00:00,2021-08-24 17:00:00,94.244,2.699525243267828,0.3240237279977341
65,T2781,2021-08-25,2021-08-25 15:00:00,2021-08-25 17:00:00,89.834,2.546484740126893,0.3188606418895013
66,T2781,2021-08-26,2021-08-26 14:00:00,2021-08-26 16:00:00,85.424,2.436503342170615,0.3047199267299007
67,T2781,2021-08-27,2021-08-27 14:00:00,2021-08-27 16:00:00,87.134,2.5022588174449187,0.3576882390011966
0,T2790,2018-06-18,2018-06-18 15:00:00,2018-06-18 18:00:00,91.58,2.194743461828594,-0.3979224431429132
1,T2790,2018-06-19,2018-06-19 15:00:00,2018-06-19 18:00:00,91.922,2.186391908227479,-0.3382347866335837
2,T2790,2018-06-29,2018-06-29 16:00:00,2018-06-29 18:00:00,89.186,2.24653713753798,-0.0926128101342556
3,T2790,2018-07-02,2018-07-02 16:00:00,2018-07-02 18:00:00,95.306,2.4138101577858966,-0.2395337252448273
4,T2790,2018-07-03,2018-07-03 16:00:00,2018-07-03 18:00:00,94.028,2.3602183048512244,-0.2669198774339393
5,T2790,2018-07-05,2018-07-05 15:00:00,2018-07-05 17:00:00,89.906,2.2989084657353533,-0.1457020261468212
6,T2790,2018-07-16,2018-07-16 16:00:00,2018-07-16 18:00:00,93.164,2.402777293868298,-0.0330641749869703
7,T2790,2018-08-06,2018-08-06 14:00:00,2018-08-06 18:00:00,89.96000000000001,2.403876684321678,-0.0478675980532206
8,T2790,2018-08-27,2018-08-27 16:00:00,2018-08-27 18:00:00,90.968,2.497250513248204,0.1510418528508275
9,T2790,2018-08-28,2018-08-28 15:00:00,2018-08-28 18:00:00,92.46200000000002,2.53401906840426,0.2742434675164163
10,T2790,2018-08-29,2018-08-29 15:00:00,2018-08-29 17:00:00,93.344,2.5394039583241934,0.1974502838577855
11,T2790,2019-06-26,2019-06-26 16:00:00,2019-06-26 18:00:00,89.096,2.307336764916958,0.1115822242881206
12,T2790,2019-06-27,2019-06-27 16:00:00,2019-06-27 18:00:00,90.428,2.3395973351695734,0.1980734520273004
13,T2790,2019-06-28,2019-06-28 15:00:00,2019-06-28 17:00:00,90.464,2.3340880066955307,0.1550957874183147
14,T2790,2019-07-02,2019-07-02 16:00:00,2019-07-02 18:00:00,91.418,2.394337261298818,0.2911054530241099
15,T2790,2019-07-03,2019-07-03 16:00:00,2019-07-03 18:00:00,90.86,2.380643373933597,0.2878825191937344
16,T2790,2019-07-10,2019-07-10 16:00:00,2019-07-10 18:00:00,85.928,2.310959548010786,0.1455522331554713
17,T2790,2019-07-15,2019-07-15 16:00:00,2019-07-15 18:00:00,88.59200000000001,2.420807430252069,0.2750744918916326
18,T2790,2019-07-16,2019-07-16 16:00:00,2019-07-16 18:00:00,91.166,2.499407375282103,0.2520450257098369
19,T2790,2019-07-17,2019-07-17 16:00:00,2019-07-17 18:00:00,93.362,2.576997230264103,0.2382529500237276
20,T2790,2019-07-18,2019-07-18 16:00:00,2019-07-18 18:00:00,89.906,2.4617868887720014,0.3072164483207186
21,T2790,2019-07-19,2019-07-19 16:00:00,2019-07-19 18:00:00,93.938,2.578813473594497,0.271858265576636
22,T2790,2019-07-29,2019-07-29 16:00:00,2019-07-29 18:00:00,91.976,2.5706842737395896,0.3495889925656751
23,T2790,2019-08-19,2019-08-19 03:00:00,2019-08-19 05:00:00,94.154,2.7478691359551464,-0.156950846509239
24,T2790,2019-08-20,2019-08-20 16:00:00,2019-08-20 18:00:00,92.39,2.689484318848551,0.1850895800870925
25,T2790,2020-06-18,2020-06-18 16:30:00,2020-06-18 17:00:00,80.798,1.9847462561242764,0.2049983602416014
26,T2790,2020-06-22,2020-06-22 16:00:00,2020-06-22 18:00:00,88.52,2.1941624722303694,0.1943068731817214
27,T2790,2020-06-23,2020-06-23 16:00:00,2020-06-23 18:00:00,87.85400000000001,2.172963588231176,0.1292560708341304
28,T2790,2020-06-25,2020-06-25 14:00:00,2020-06-25 15:00:00,84.164,2.1017551873594944,0.1749367567747375
29,T2790,2020-06-26,2020-06-26 16:00:00,2020-06-26 18:00:00,87.188,2.165490263850569,0.260963493813394
30,T2790,2020-06-29,2020-06-29 16:00:00,2020-06-29 18:00:00,89.258,2.2367926792629813,0.2940263336637443
31,T2790,2020-07-01,2020-07-01 16:00:00,2020-07-01 18:00:00,86.25200000000001,2.1690385104391545,0.2118715200032194
32,T2790,2020-07-02,2020-07-02 16:00:00,2020-07-02 18:00:00,88.916,2.235611112936935,0.3387777318978298
33,T2790,2020-07-03,2020-07-03 16:00:00,2020-07-03 18:00:00,94.01,2.3629087244698543,0.2509365269280951
34,T2790,2020-07-06,2020-07-06 15:00:00,2020-07-06 17:00:00,93.038,2.3667145198981903,0.1926782333370417
35,T2790,2020-07-07,2020-07-07 15:00:00,2020-07-07 17:00:00,88.59200000000001,2.247419512220864,0.1241367098572283
36,T2790,2020-07-08,2020-07-08 16:00:00,2020-07-08 18:00:00,90.464,2.298346620761476,0.344448753195147
37,T2790,2020-07-09,2020-07-09 15:00:00,2020-07-09 17:00:00,89.762,2.2825336372876786,0.3410968517997695
38,T2790,2020-07-15,2020-07-15 16:00:00,2020-07-15 18:00:00,90.374,2.3431553367560136,0.1819374299497768
39,T2790,2020-07-20,2020-07-20 15:00:00,2020-07-20 17:00:00,97.268,2.588646821685044,0.1674590669899777
40,T2790,2020-07-21,2020-07-21 16:00:00,2020-07-21 18:00:00,96.278,2.559977679047932,0.176843651995623
41,T2790,2020-07-22,2020-07-22 16:00:00,2020-07-22 18:00:00,92.75,2.4545362247774785,-0.046163750847542
42,T2790,2020-07-27,2020-07-27 15:00:00,2020-07-27 17:00:00,94.388,2.5383627038170173,0.2649654161977545
43,T2790,2020-07-28,2020-07-28 16:00:00,2020-07-28 18:00:00,91.022,2.4505546800094704,0.188279805150739
44,T2790,2020-07-29,2020-07-29 16:00:00,2020-07-29 18:00:00,91.472,2.451342569895339,0.3037828338871517
45,T2790,2020-08-10,2020-08-10 16:00:00,2020-08-10 18:00:00,91.508,2.522383998026712,0.2658831343164134
46,T2790,2020-08-25,2020-08-25 16:00:00,2020-08-25 18:00:00,90.95,2.553042124156807,0.1645466292917062
47,T2790,2020-08-27,2020-08-27 16:00:00,2020-08-27 18:00:00,90.104,2.5526900975691285,0.1750636624254549
48,T2790,2021-05-25,2021-05-25 13:00:00,2021-05-25 13:30:00,79.43,1.990977722483708,-0.0957709895275687
49,T2790,2021-06-28,2021-06-28 16:00:00,2021-06-28 18:00:00,90.446,2.4806207935351683,0.1489953140041724
50,T2790,2021-06-29,2021-06-29 16:00:00,2021-06-29 18:00:00,92.858,2.5374344197402103,0.2558720576289738
51,T2790,2021-06-30,2021-06-30 15:00:00,2021-06-30 17:00:00,94.37,2.577299505513183,0.1981485595699382
52,T2790,2021-07-06,2021-07-06 16:00:00,2021-07-06 18:00:00,93.902,2.5828497236892027,0.229019152253168
53,T2790,2021-07-07,2021-07-07 16:00:00,2021-07-07 18:00:00,93.506,2.584427094772873,0.1119815464187999
54,T2790,2021-07-13,2021-07-13 16:00:00,2021-07-13 18:00:00,93.452,2.64800894914034,0.1871134635786925
55,T2790,2021-07-27,2021-07-27 16:00:00,2021-07-27 18:00:00,92.93,2.6990658322646803,0.4464676319697664
56,T2790,2021-08-10,2021-08-10 16:00:00,2021-08-10 18:00:00,93.002,2.726724767186281,0.4833088860997139
57,T2790,2021-08-11,2021-08-11 16:00:00,2021-08-11 18:00:00,94.82,2.7838085470724283,0.4558680812549024
58,T2790,2021-08-12,2021-08-12 16:00:00,2021-08-12 18:00:00,95.36,2.8076650623106074,0.3584418891768713
59,T2790,2021-08-13,2021-08-13 15:00:00,2021-08-13 17:00:00,94.982,2.7843041941309066,0.399898078582779
60,T2790,2021-08-23,2021-08-23 16:30:00,2021-08-23 17:00:00,90.21200000000002,2.67653847386369,0.2346007929843231
61,T2790,2021-08-24,2021-08-24 16:00:00,2021-08-24 18:00:00,91.634,2.720338517754357,0.5174988776806109
62,T2790,2021-08-25,2021-08-25 15:00:00,2021-08-25 17:00:00,91.958,2.7160425151519654,0.4641029457446323
63,T2790,2021-08-26,2021-08-26 16:00:00,2021-08-26 18:00:00,91.346,2.698112784937303,0.4678650507835265
64,T2790,2021-08-27,2021-08-27 15:00:00,2021-08-27 17:00:00,90.842,2.6833471247605227,0.3510026539929143
65,T2790,2021-09-14,2021-09-14 16:00:00,2021-09-14 18:00:00,88.322,2.61116362362156,0.5532791434188968
0,T2802,2018-08-06,2018-08-06 17:00:00,2018-08-06 21:00:00,95.828,2.360679183418761,0.1244595121725124
1,T2802,2018-08-07,2018-08-07 17:00:00,2018-08-07 21:00:00,96.602,2.3780198010976776,0.1967038384110931
2,T2802,2018-08-09,2018-08-09 17:00:00,2018-08-09 21:00:00,94.37,2.3392978291981845,0.1287931549814155
3,T2802,2019-06-10,2019-06-10 18:00:00,2019-06-10 20:00:00,99.158,2.2374842714883507,-0.045519812009861
4,T2802,2019-06-11,2019-06-11 18:00:00,2019-06-11 20:00:00,89.888,2.073804994187409,-0.1044550743505512
5,T2802,2019-07-23,2019-07-23 18:00:00,2019-07-23 20:00:00,91.796,2.329773033806847,-0.0050757750287786
6,T2802,2019-07-24,2019-07-24 18:00:00,2019-07-24 20:00:00,93.074,2.35961963282619,0.0335275139172626
7,T2802,2019-07-25,2019-07-25 18:00:00,2019-07-25 20:00:00,91.85,2.347189332786673,-0.0055291205556746
8,T2802,2019-08-15,2019-08-15 18:00:00,2019-08-15 20:00:00,91.832,2.3942286490360325,-0.1216783635252971
9,T2802,2019-09-04,2019-09-04 18:00:00,2019-09-04 20:00:00,93.056,2.4155941712755693,0.1803575081806386
10,T2802,2019-09-05,2019-09-05 17:00:00,2019-09-05 20:00:00,91.796,2.38683103810763,0.1004379756764238
11,T2802,2019-09-24,2019-09-24 18:00:00,2019-09-24 20:00:00,86.144,2.2510511050267863,0.1022570834097896
12,T2802,2019-09-25,2019-09-25 17:00:00,2019-09-25 20:00:00,79.61,2.1005571668580627,0.0973468611624538
13,T2802,2019-10-21,2019-10-21 18:00:00,2019-10-21 20:00:00,89.762,2.3028534049074363,0.3629906159233109
14,T2802,2019-10-22,2019-10-22 17:00:00,2019-10-22 20:00:00,93.812,2.406015431805739,0.3853906285356819
15,T2802,2019-10-23,2019-10-23 18:00:00,2019-10-23 20:00:00,90.194,2.3123136781164515,0.2411918747352845
16,T2802,2020-06-03,2020-06-03 18:00:00,2020-06-03 20:00:00,87.044,2.026778047864277,0.3554345264575309
17,T2802,2020-06-08,2020-06-08 16:30:00,2020-06-08 17:00:00,83.98400000000001,1.9615774927604976,0.2077902181639153
18,T2802,2020-07-10,2020-07-10 18:00:00,2020-07-10 20:00:00,88.78999999999999,2.080846592320382,0.0325089971900099
19,T2802,2020-07-13,2020-07-13 18:00:00,2020-07-13 20:00:00,86.882,2.053353168373967,0.0439867537316366
20,T2802,2020-07-29,2020-07-29 18:00:00,2020-07-29 20:00:00,81.23,1.9576630622154088,0.0333358411509569
21,T2802,2020-07-30,2020-07-30 18:00:00,2020-07-30 20:00:00,86.108,2.025391276202749,0.020276751806563
22,T2802,2020-07-31,2020-07-31 18:00:00,2020-07-31 20:00:00,92.174,2.10688841281389,0.0320449022861268
23,T2802,2020-08-14,2020-08-14 17:00:00,2020-08-14 21:00:00,95.486,2.213974649576763,0.0308592289978795
24,T2802,2020-08-17,2020-08-17 16:00:00,2020-08-17 20:00:00,92.624,2.193691856493438,0.0091177610116474
25,T2802,2020-08-18,2020-08-18 16:00:00,2020-08-18 20:00:00,99.896,2.3149821121655934,0.0050467499491383
26,T2802,2020-08-19,2020-08-19 17:00:00,2020-08-19 21:00:00,91.706,2.1694696369603528,-0.0323608666170415
27,T2802,2020-08-21,2020-08-21 18:00:00,2020-08-21 20:00:00,94.964,2.2568371318982976,0.0618401751025604
28,T2802,2020-08-27,2020-08-27 17:00:00,2020-08-27 20:00:00,91.238,2.208680762446014,0.0690001216804633
29,T2802,2020-09-04,2020-09-04 17:00:00,2020-09-04 20:00:00,91.382,2.224917418672058,0.1025891866984764
30,T2802,2020-09-05,2020-09-05 17:00:00,2020-09-05 19:00:00,107.996,2.565409521306867,0.2929929834784645
31,T2802,2020-09-06,2020-09-06 16:30:00,2020-09-06 18:30:00,108.464,2.556171363483442,0.2169577421838173
32,T2802,2020-09-07,2020-09-07 16:30:00,2020-09-07 18:30:00,87.62,2.1014902219720883,-0.0273893497218821
33,T2802,2020-09-08,2020-09-08 17:00:00,2020-09-08 21:00:00,75.074,1.867206928082624,0.0632448787504298
34,T2802,2020-09-29,2020-09-29 17:00:00,2020-09-29 20:00:00,95.432,2.287796875305364,0.2418573323230474
35,T2802,2020-09-30,2020-09-30 16:00:00,2020-09-30 20:00:00,103.244,2.360411976374363,0.2538522382208921
36,T2802,2020-10-01,2020-10-01 16:00:00,2020-10-01 20:00:00,101.93,2.339181976766935,0.2619940598896647
37,T2802,2020-10-06,2020-10-06 17:00:00,2020-10-06 19:00:00,89.42,2.1019849490821785,0.1955278139211798
38,T2802,2020-10-13,2020-10-13 16:00:00,2020-10-13 19:00:00,97.484,2.229403844719392,0.2055122896015778
39,T2802,2020-10-14,2020-10-14 15:00:00,2020-10-14 19:00:00,91.778,2.1501811591130697,0.2632499401958842
40,T2802,2020-10-15,2020-10-15 15:00:00,2020-10-15 19:00:00,96.152,2.1910226678417946,0.1851094951658393
41,T2802,2020-10-20,2020-10-20 17:00:00,2020-10-20 19:00:00,77.666,1.951440626465817,0.0707007306347368
42,T2802,2021-06-15,2021-06-15 18:00:00,2021-06-15 20:00:00,94.496,2.166290713473996,0.0816969832851948
43,T2802,2021-06-16,2021-06-16 18:00:00,2021-06-16 20:00:00,84.27199999999999,1.9476347344373488,0.0924828057205821
44,T2802,2021-06-17,2021-06-17 18:00:00,2021-06-17 21:00:00,84.00200000000001,1.9419907786986328,-0.0058231422707251
45,T2802,2021-06-28,2021-06-28 18:00:00,2021-06-28 21:00:00,80.33000000000001,1.9411227091878884,0.0562158365644543
46,T2802,2021-06-29,2021-06-29 18:00:00,2021-06-29 21:00:00,75.326,1.89079720867604,0.0868581461545618
47,T2802,2021-07-09,2021-07-09 18:00:00,2021-07-09 20:00:00,86.036,2.1438293040568586,0.2240398623509827
48,T2802,2021-07-12,2021-07-12 18:00:00,2021-07-12 21:00:00,79.916,2.036022711675747,0.1035709315704638
49,T2802,2021-07-19,2021-07-19 18:00:00,2021-07-19 20:00:00,87.458,2.23055097386981,0.3015230055363602
50,T2802,2021-07-28,2021-07-28 18:00:00,2021-07-28 20:00:00,86.28800000000001,2.233414558888592,0.3629477133613868
51,T2802,2021-07-29,2021-07-29 18:00:00,2021-07-29 20:00:00,85.082,2.2012525563517324,0.3383725713290378
52,T2802,2021-07-30,2021-07-30 17:00:00,2021-07-30 21:00:00,83.642,2.1683392485452884,0.2639105178517948
53,T2802,2021-08-26,2021-08-26 18:00:00,2021-08-26 20:00:00,92.588,2.385429189878331,0.3565326108354713
54,T2802,2021-08-27,2021-08-27 17:00:00,2021-08-27 20:00:00,93.128,2.385429189878331,0.3464071647322508
55,T2802,2021-09-08,2021-09-08 18:00:00,2021-09-08 20:00:00,88.628,2.2472536847434847,0.3179100467656396
56,T2802,2021-09-09,2021-09-09 17:00:00,2021-09-09 21:00:00,90.41,2.2925192645920407,0.3386845373391514
57,T2802,2021-09-10,2021-09-10 17:00:00,2021-09-10 20:00:00,90.518,2.2976122087035304,0.3004400634862016
58,T2802,2021-09-21,2021-09-21 17:00:00,2021-09-21 20:00:00,98.708,2.4250571690858216,0.3856079086951328
59,T2802,2021-09-22,2021-09-22 17:00:00,2021-09-22 19:00:00,96.35,2.3782763448043305,0.3564904663279557
60,T2802,2021-10-19,2021-10-19 18:00:00,2021-10-19 20:00:00,68.378,1.7890239574508089,0.2396859767880901
61,T2802,2021-10-28,2021-10-28 18:00:00,2021-10-28 20:00:00,89.096,2.1532154164535777,0.4431465996693929
62,T2802,2021-10-29,2021-10-29 17:00:00,2021-10-29 19:00:00,84.218,2.03645534169989,0.3101227197078309
