,event_id,event_date,shed_start_time,shed_end_time,peak_oat,event_avg_oat,peak_demand_intensity_wft2,shed_avg_wft2
0,T0363,5/13/2020,5/13/2020 13:00,5/13/2020 14:00,89.168,86.6138,2.384690525,0.341998249
1,T0363,7/10/2020,7/10/2020 16:00,7/10/2020 18:00,110.372,110.0175,3.02982042,0.640027907
2,T0363,7/13/2020,7/13/2020 16:00,7/13/2020 18:00,110.462,109.2625,3.051825024,0.752736631
3,T0363,7/28/2020,7/28/2020 18:00,7/28/2020 20:00,112.28,108.2995,3.158712515,0.760393466
4,T0363,8/1/2020,8/1/2020 14:00,8/1/2020 17:00,108.878,107.4781538,3.147781481,0.728914967
5,T0363,8/14/2020,8/14/2020 18:00,8/14/2020 20:00,115.07,110.604,3.164644457,0.847034782
7,T0363,8/18/2020,8/18/2020 17:00,8/18/2020 19:00,112.28,109,3.09368714,0.879245143
8,T0363,8/24/2020,8/24/2020 17:00,8/24/2020 19:00,113.756,110.7765,3.079068922,0.888846128
9,T0363,9/4/2020,9/4/2020 16:00,9/4/2020 18:00,113.27,112.592,3.062006944,2.2439166
10,T0363,6/17/2021,6/17/2021 18:00,6/17/2021 21:00,116.942,109.0614615,3.08024272,0.496374392
11,T0363,6/18/2021,6/18/2021 16:00,6/18/2021 19:00,116.366,113.9792692,3.065805033,0.467167165
12,T0363,7/20/2021,7/20/2021 15:00,7/20/2021 17:00,105.656,105.4145,2.766230683,0.46029225
13,T0363,8/2/2021,8/2/2021 17:00,8/2/2021 20:00,107.654,105.5846923,2.785696069,0.409972276
14,T0363,8/4/2021,8/4/2021 16:00,8/4/2021 19:00,112.73,111.299,2.958606838,0.636268078
15,T0363,8/5/2021,8/5/2021 16:00,8/5/2021 19:00,107.366,106.4369231,2.776324944,0.50538691
0,T0950,5/13/2020,5/13/2020 13:00,5/13/2020 14:00,90.212,86.9558,2.44770974,-0.202529618
1,T0950,7/10/2020,7/10/2020 16:00,7/10/2020 18:00,110.75,110.384,3.177637946,0.430307471
2,T0950,7/13/2020,7/13/2020 16:00,7/13/2020 18:00,110.696,109.595,3.200437801,0.547845771
3,T0950,7/28/2020,7/28/2020 18:00,7/28/2020 20:00,112.73,109.844,3.270367877,0.380914471
4,T0950,8/1/2020,8/1/2020 14:00,8/1/2020 17:00,109.796,108.1365385,3.223773478,0.082948702
5,T0950,8/14/2020,8/14/2020 18:00,8/14/2020 20:00,115.322,112.0495,3.424845166,0.395943441
6,T0950,8/17/2020,8/17/2020 18:00,8/17/2020 20:00,113.522,107.9555,3.378966646,0.267457504
7,T0950,8/18/2020,8/18/2020 17:00,8/18/2020 19:00,112.46,110.3775,3.352993923,0.432149354
8,T0950,8/24/2020,8/24/2020 17:00,8/24/2020 19:00,114.26,111.789,3.418935786,0.495035539
9,T0950,9/4/2020,9/4/2020 16:00,9/4/2020 18:00,114.188,113.6205,3.426754728,0.521711047
10,T0950,6/17/2021,6/17/2021 18:00,6/17/2021 21:00,116.384,110.8112692,3.722176882,0.471774916
11,T0950,6/18/2021,6/18/2021 16:00,6/18/2021 19:00,116.348,114.5653077,3.726042793,0.528415951
12,T0950,7/20/2021,7/20/2021 15:00,7/20/2021 17:00,107.24,106.851,3.487444627,0.448268929
13,T0950,8/2/2021,8/2/2021 17:00,8/2/2021 20:00,108.86,106.637,3.53539847,0.612628546
14,T0950,8/4/2021,8/4/2021 16:00,8/4/2021 19:00,113.63,112.5195385,3.741868245,0.761825401
15,T0950,8/5/2021,8/5/2021 16:00,8/5/2021 19:00,108.14,107.3656538,3.519735722,0.612909402
0,T2365,5/13/2020,5/13/2020 13:00,5/13/2020 14:00,92.336,90.2201,2.294874572,0.409976463
1,T2365,7/10/2020,7/10/2020 16:00,7/10/2020 18:00,110.444,109.473,2.958915993,0.412637959
2,T2365,7/13/2020,7/13/2020 16:00,7/13/2020 18:00,109.508,108.915,2.958080869,0.456599183
3,T2365,7/28/2020,7/28/2020 18:00,7/28/2020 20:00,113.774,107.7345,3.222482351,0.559898469
4,T2365,8/1/2020,8/1/2020 14:00,8/1/2020 17:00,110.426,109.6035385,3.09179909,0.37169775
5,T2365,8/14/2020,8/14/2020 18:00,8/14/2020 20:00,117.086,109.4355,3.484574995,0.589351057
6,T2365,8/17/2020,8/17/2020 18:00,8/17/2020 20:00,112.19,104.061,3.265801635,0.502261627
7,T2365,8/18/2020,8/18/2020 17:00,8/18/2020 19:00,111.56,108.3355,3.266006172,0.571500184
8,T2365,8/24/2020,8/24/2020 17:00,8/24/2020 19:00,116.366,111.2345,3.49853434,0.683440049
9,T2365,9/4/2020,9/4/2020 16:00,9/4/2020 18:00,114.71,112.3425,3.413835299,0.822208103
10,T2365,6/17/2021,6/17/2021 18:00,6/17/2021 21:00,116.402,107.5633077,3.379667153,0.498161207
11,T2365,6/18/2021,6/18/2021 16:00,6/18/2021 19:00,116.276,113.1263462,3.37243857,0.391940239
12,T2365,7/20/2021,7/20/2021 15:00,7/20/2021 17:00,104.918,104.2815,3.266325679,0.452404114
13,T2365,8/2/2021,8/2/2021 17:00,8/2/2021 20:00,108.482,105.0543846,3.407846577,0.666143046
14,T2365,8/4/2021,8/4/2021 16:00,8/4/2021 19:00,113.162,110.8344615,3.584876228,0.773479886
15,T2365,8/5/2021,8/5/2021 16:00,8/5/2021 19:00,106.448,105.4718462,3.349591318,0.465569277
0,T0314,7/23/2018,7/23/2018 18:00,7/23/2018 19:00,98.906,97.3364,0.17406012,0.151539551
1,T0314,7/23/2018,7/23/2018 18:00,7/23/2018 19:00,98.906,97.3364,0.17406012,0.151539551
3,T0314,7/24/2018,7/24/2018 16:00,7/24/2018 19:00,103.586,102.8455769,0.143115091,0.105640903
5,T0314,7/25/2018,7/25/2018 16:00,7/25/2018 19:00,101.768,101.3273462,0.163325769,0.121293173
6,T0314,8/7/2018,8/7/2018 18:00,8/7/2018 19:00,97.25,96.287,0.165427944,0.121937663
7,T0314,8/8/2018,8/8/2018 18:00,8/8/2018 19:00,101.48,100.3325,0.162299912,0.06501254
8,T0314,8/9/2018,8/9/2018 18:00,8/9/2018 19:00,103.388,101.975,0.142191131,0.041856565
9,T0314,6/16/2021,6/16/2021 19:00,6/16/2021 20:00,98.69,92.5079,2.701945654,0.59534202
10,T0314,6/17/2021,6/17/2021 18:00,6/17/2021 20:00,106.466,101.783,2.952670803,0.64939653
0,T1410,8/6/2018,8/6/2018 17:00,8/6/2018 21:00,87.908,80.91288235,1.730332712,0.086109358
1,T1410,8/7/2018,8/7/2018 17:00,8/7/2018 21:00,92.516,82.91008824,1.783059875,0.076396947
2,T1410,8/9/2018,8/9/2018 17:00,8/9/2018 21:00,92.174,84.84535294,1.787592596,0.132052644
3,T1410,6/10/2019,6/10/2019 18:00,6/10/2019 20:00,90.842,69.4465,1.483274011,0.012356924
4,T1410,6/11/2019,6/11/2019 18:00,6/11/2019 20:00,77.468,71.075,1.469822982,0.014106153
5,T1410,7/23/2019,7/23/2019 18:00,7/23/2019 20:00,86.846,78.5535,1.985722744,0.156932284
6,T1410,7/24/2019,7/24/2019 18:00,7/24/2019 20:00,87.098,76.9875,2.093011145,0.135860522
7,T1410,7/25/2019,7/25/2019 18:00,7/25/2019 20:00,86.972,77.2135,2.104665987,0.113365424
8,T1410,8/15/2019,8/15/2019 18:00,8/15/2019 20:00,82.832,72.7505,1.917572157,-0.046361144
9,T1410,9/4/2019,9/4/2019 18:00,9/4/2019 20:00,89.024,80.5025,2.223349551,0.187892845
10,T1410,9/5/2019,9/5/2019 17:00,9/5/2019 20:00,86.99,80.01880769,2.130013139,0.215278609
11,T1410,9/24/2019,9/24/2019 18:00,9/24/2019 20:00,84.848,74.501,2.06004175,-0.002038212
12,T1410,9/25/2019,9/25/2019 17:00,9/25/2019 20:00,76.37,72.01123077,1.79961146,-0.029228698
13,T1410,10/21/2019,10/21/2019 18:00,10/21/2019 20:00,89.438,79.0065,2.104782376,0.187517835
14,T1410,10/22/2019,10/22/2019 17:00,10/22/2019 20:00,95.108,81.11680769,2.220091334,0.199251537
15,T1410,10/23/2019,10/23/2019 18:00,10/23/2019 20:00,87.314,72.42,2.062920737,0.036411557
16,T1410,6/3/2020,6/3/2020 18:00,6/3/2020 20:00,80.348,68.1675,1.771999173,0.23799822
17,T1410,6/8/2020,6/8/2020 16:30,6/8/2020 17:00,82.778,82.5755,1.798542482,0.240954588
18,T1410,6/15/2021,6/15/2021 18:00,6/15/2021 20:00,90.572,74.254,1.775935595,0.020480291
19,T1410,6/16/2021,6/16/2021 18:00,6/16/2021 20:00,74.498,68.2045,1.701226408,0.002366101
20,T1410,6/17/2021,6/17/2021 18:00,6/17/2021 21:00,75.344,65.41319231,1.703079801,0.039595959
21,T1410,6/28/2021,6/28/2021 18:00,6/28/2021 21:00,70.088,63.473,1.696460763,0.088988349
22,T1410,6/29/2021,6/29/2021 18:00,6/29/2021 21:00,69.494,64.20165385,1.667104222,0.101091287
23,T1410,7/9/2021,7/9/2021 18:00,7/9/2021 20:00,79.106,73.4725,1.799327107,0.022911349
24,T1410,7/12/2021,7/12/2021 18:00,7/12/2021 21:00,75.596,67.47557692,1.769941959,0.051558464
25,T1410,7/19/2021,7/19/2021 18:00,7/19/2021 20:00,82.472,76.992,1.908050961,0.135477481
26,T1410,7/28/2021,7/28/2021 18:00,7/28/2021 20:00,82.67,74.925,1.930039523,0.112357833
27,T1410,7/29/2021,7/29/2021 18:00,7/29/2021 20:00,81.716,74.137,1.928296242,0.132510234
28,T1410,7/30/2021,7/30/2021 17:00,7/30/2021 21:00,81.59,71.90705882,1.925211648,0.088558061
0,T2232,6/10/2019,6/10/2019 18:00,6/10/2019 20:00,85.73,68.6095,2.256444975,0.14224477
1,T2232,6/11/2019,6/11/2019 18:00,6/11/2019 20:00,73.472,70.168,2.012414335,0.111728516
2,T2232,7/23/2019,7/23/2019 18:00,7/23/2019 20:00,83.372,77.002,2.436766602,0.344445721
3,T2232,7/24/2019,7/24/2019 18:00,7/24/2019 20:00,83.372,75.2575,2.548437168,0.367771017
4,T2232,7/25/2019,7/25/2019 18:00,7/25/2019 20:00,84.686,74.8,2.629456897,0.344482084
5,T2232,8/15/2019,8/15/2019 18:00,8/15/2019 20:00,80.276,72.453,2.375488864,0.153593147
6,T2232,9/4/2019,9/4/2019 18:00,9/4/2019 20:00,86,79.0705,2.559723813,0.323629093
7,T2232,9/5/2019,9/5/2019 17:00,9/5/2019 20:00,84.326,78.50957692,2.495816356,0.320976881
8,T2232,9/24/2019,9/24/2019 18:00,9/24/2019 20:00,84.866,73.7105,2.450159115,0.262548364
9,T2232,9/25/2019,9/25/2019 17:00,9/25/2019 20:00,76.622,73.4945,2.249761086,0.221387032
10,T2232,10/21/2019,10/21/2019 18:00,10/21/2019 20:00,88.16,80.4175,2.526468464,0.660892253
11,T2232,10/22/2019,10/22/2019 17:00,10/22/2019 20:00,93.398,82.19784615,2.654360301,0.665621868
12,T2232,10/23/2019,10/23/2019 18:00,10/23/2019 20:00,82.868,71.4865,2.367316992,0.348235662
13,T2232,6/3/2020,6/3/2020 18:00,6/3/2020 20:00,78.8,68.6925,1.92825842,0.358456444
14,T2232,6/8/2020,6/8/2020 16:30,6/8/2020 17:00,83.516,81.6185,1.997407974,0.437536699
15,T2232,7/10/2020,7/10/2020 18:00,7/10/2020 20:00,80.348,76.421,2.024685283,0.296715001
16,T2232,7/13/2020,7/13/2020 18:00,7/13/2020 20:00,77.864,70.9045,2.001182987,0.208998735
17,T2232,7/29/2020,7/29/2020 18:00,7/29/2020 20:00,74.732,70.074,1.939144252,0.230677635
18,T2232,7/30/2020,7/30/2020 18:00,7/30/2020 20:00,77.576,74.162,2.015114035,0.273533078
19,T2232,7/31/2020,7/31/2020 18:00,7/31/2020 20:00,82.238,75.7605,2.138955189,0.217545841
20,T2232,8/14/2020,8/14/2020 17:00,8/14/2020 21:00,87.998,81.59370588,2.417198231,0.372034063
21,T2232,8/17/2020,8/17/2020 16:00,8/17/2020 20:00,83.498,78.09058824,2.278227155,0.429398262
22,T2232,8/18/2020,8/18/2020 16:00,8/18/2020 20:00,86.126,77.82164706,2.301779869,0.355806771
23,T2232,8/19/2020,8/19/2020 17:00,8/19/2020 21:00,80.492,75.42711765,2.200061685,0.346550381
24,T2232,8/21/2020,8/21/2020 18:00,8/21/2020 20:00,84.092,78.886,2.329043982,0.395454888
25,T2232,8/27/2020,8/27/2020 17:00,8/27/2020 20:00,84.218,78.45453846,2.426686677,0.457757123
26,T2232,9/4/2020,9/4/2020 17:00,9/4/2020 20:00,81.86,79.32546154,2.253946926,0.453245047
27,T2232,9/5/2020,9/5/2020 17:00,9/5/2020 19:00,97.502,87.449,2.912425501,0.655126229
28,T2232,9/6/2020,9/6/2020 16:30,9/6/2020 18:30,100.508,86.1135,3.038609077,0.66643274
29,T2232,9/7/2020,9/7/2020 16:30,9/7/2020 18:30,80.852,74.484,2.301825318,0.255978097
30,T2232,9/8/2020,9/8/2020 17:00,9/8/2020 21:00,77.144,73.04079412,2.119144294,0.397894165
31,T2232,9/29/2020,9/29/2020 17:00,9/29/2020 20:00,93.128,82.39861538,2.559278418,0.518418821
32,T2232,9/30/2020,9/30/2020 16:00,9/30/2020 20:00,95.144,85.31679412,2.659010277,0.584666775
33,T2232,10/1/2020,10/1/2020 16:00,10/1/2020 20:00,92.912,83.29258824,2.560479614,0.516952913
34,T2232,10/6/2020,10/6/2020 17:00,10/6/2020 19:00,83.606,77.546,2.297504281,0.473848215
35,T2232,10/13/2020,10/13/2020 16:00,10/13/2020 19:00,94.694,87.17,2.551018059,0.630956475
36,T2232,10/14/2020,10/14/2020 15:00,10/14/2020 19:00,84.758,81.12385294,2.281762617,0.530418355
37,T2232,10/15/2020,10/15/2020 15:00,10/15/2020 19:00,84.47,75.44088235,2.246878126,0.430723647
38,T2232,10/20/2020,10/20/2020 17:00,10/20/2020 19:00,73.112,67.466,1.975424256,0.353937856
39,T2232,6/15/2021,6/15/2021 18:00,6/15/2021 20:00,89.528,72.7575,2.076441865,0.273424631
40,T2232,6/16/2021,6/16/2021 18:00,6/16/2021 20:00,73.31,67.9365,1.876204051,0.209048203
41,T2232,6/17/2021,6/17/2021 18:00,6/17/2021 21:00,73.58,65.66380769,1.88762056,0.265427014
42,T2232,6/28/2021,6/28/2021 18:00,6/28/2021 21:00,70.646,64.30446154,1.87545961,0.226968868
43,T2232,6/29/2021,6/29/2021 18:00,6/29/2021 21:00,70.142,65.03173077,1.867199771,0.260729594
44,T2232,7/9/2021,7/9/2021 18:00,7/9/2021 20:00,76.928,72.937,2.008633546,0.331307247
45,T2232,7/12/2021,7/12/2021 18:00,7/12/2021 21:00,74.174,67.62615385,1.999849772,0.205862401
46,T2232,7/19/2021,7/19/2021 18:00,7/19/2021 20:00,80.978,76.5095,2.184680924,0.446640761
47,T2232,7/28/2021,7/28/2021 18:00,7/28/2021 20:00,80.204,74.626,2.210662047,0.440053353
48,T2232,7/29/2021,7/29/2021 18:00,7/29/2021 20:00,79.178,74.097,2.190522531,0.46330063
49,T2232,7/30/2021,7/30/2021 17:00,7/30/2021 21:00,76.46,72.38458824,2.116350168,0.431508163
0,T0626,7/23/2018,7/23/2018 18:00,7/23/2018 19:00,86.864,81.7925,2.235902171,0.169061897
1,T0626,7/23/2018,7/23/2018 18:00,7/23/2018 19:00,86.864,81.7925,2.235902171,0.169061897
3,T0626,7/24/2018,7/24/2018 16:00,7/24/2018 19:00,88.358,85.75630769,2.251440714,0.151610246
5,T0626,7/25/2018,7/25/2018 16:00,7/25/2018 19:00,93.974,88.5515,2.303043373,0.176173507
6,T0626,8/7/2018,8/7/2018 18:00,8/7/2018 19:00,83.174,76.7471,2.152336455,0.31622994
7,T0626,8/8/2018,8/8/2018 18:00,8/8/2018 19:00,88.016,83.273,2.19978012,0.17873315
8,T0626,8/9/2018,8/9/2018 18:00,8/9/2018 19:00,94.424,90.2885,2.253880521,0.051050015
9,T0626,10/22/2018,10/22/2018 18:00,10/22/2018 19:00,70.052,62.9861,1.795366639,0.052289858
10,T0626,10/22/2018,10/22/2018 18:00,10/22/2018 19:00,70.052,62.9861,1.795366639,0.052289858
12,T0626,7/24/2019,7/24/2019 18:00,7/24/2019 19:00,94.838,90.7709,2.346868581,0.233475875
14,T0626,8/27/2019,8/27/2019 18:00,8/27/2019 19:00,90.428,84.6437,2.29880155,0.246435977
15,T0626,9/24/2019,9/24/2019 18:00,9/24/2019 19:00,94.01,87.0791,2.341402357,0.2001355
16,T0626,9/24/2019,9/24/2019 18:00,9/24/2019 19:00,94.01,87.0791,2.341402357,0.2001355
17,T0626,10/22/2019,10/22/2019 17:00,10/22/2019 19:00,84.902,80.928,2.108510443,0.427350624
18,T0626,10/22/2019,10/22/2019 17:00,10/22/2019 19:00,84.902,80.928,2.108510443,0.427350624
20,T0626,7/20/2020,7/20/2020 17:00,7/20/2020 18:00,78.116,74.0057,1.923852236,0.168335775
21,T0626,7/30/2020,7/30/2020 19:00,7/30/2020 20:00,82.202,72.3704,2.033065722,0.229483796
22,T0626,8/14/2020,8/14/2020 17:00,8/14/2020 21:00,103.928,95.37111765,2.577397562,0.215717577
23,T0626,8/17/2020,8/17/2020 17:00,8/17/2020 20:00,94.424,84.51603846,2.329300216,0.298109989
24,T0626,8/18/2020,8/18/2020 17:00,8/18/2020 20:00,98.654,91.6295,2.492152546,0.390316833
25,T0626,8/19/2020,8/19/2020 18:00,8/19/2020 20:00,94.712,83.5935,2.385083887,0.497350917
26,T0626,9/5/2020,9/5/2020 17:00,9/5/2020 19:00,100.04,96.0765,2.547515406,0.533167065
27,T0626,9/6/2020,9/6/2020 16:30,9/6/2020 18:30,106.61,103.31,2.710717689,0.539627549
28,T0626,9/7/2020,9/7/2020 16:30,9/7/2020 18:30,106.34,98.1105,2.685231305,0.448597385
29,T0626,9/8/2020,9/8/2020 18:00,9/8/2020 19:00,87.152,78.8927,2.227370654,0.356052296
30,T0626,9/30/2020,9/30/2020 18:00,9/30/2020 19:00,91.418,83.2946,2.351090637,0.42254872
31,T0626,10/1/2020,10/1/2020 17:00,10/1/2020 19:00,95.612,90.4065,2.450747155,0.420223851
32,T0626,10/15/2020,10/15/2020 17:00,10/15/2020 19:00,91.724,86.3605,2.342053017,0.395368846
33,T0626,10/16/2020,10/16/2020 17:00,10/16/2020 19:00,93.308,87.709,2.377674181,0.433280371
34,T0626,6/16/2021,6/16/2021 18:00,6/16/2021 20:00,90.626,81.7045,0,0
35,T0626,6/17/2021,6/17/2021 18:00,6/17/2021 20:00,100.202,91.1585,0,0
36,T0626,7/12/2021,7/12/2021 18:00,7/12/2021 20:00,76.46,67.0415,0,0
0,T1407,7/23/2018,7/23/2018 18:00,7/23/2018 19:00,69.152,65.912,1.858509657,0.256908709
1,T1407,7/23/2018,7/23/2018 18:00,7/23/2018 19:00,69.152,65.912,1.858509657,0.256908709
3,T1407,7/24/2018,7/24/2018 16:00,7/24/2018 19:00,69.53,68.04326923,1.853297908,0.2857297
4,T1407,7/25/2018,7/25/2018 16:00,7/25/2018 19:00,71.42,67.74246154,1.881401766,0.329830156
5,T1407,7/25/2018,7/25/2018 16:00,7/25/2018 19:00,71.42,67.74246154,1.881401766,0.329830156
6,T1407,8/7/2018,8/7/2018 18:00,8/7/2018 19:00,63.806,61.7306,1.777249674,0.19204918
7,T1407,8/8/2018,8/8/2018 18:00,8/8/2018 19:00,69.422,66.5123,1.861724426,0.221003743
8,T1407,8/9/2018,8/9/2018 18:00,8/9/2018 19:00,79.466,74.8958,1.994053053,0.263597562
9,T1407,10/22/2018,10/22/2018 18:00,10/22/2018 19:00,61.898,57.2,1.765728152,0.146893583
10,T1407,10/22/2018,10/22/2018 18:00,10/22/2018 19:00,61.898,57.2,1.765728152,0.146893583
12,T1407,7/24/2019,7/24/2019 18:00,7/24/2019 19:00,81.698,75.0596,2.203049284,0.239768297
13,T1407,8/15/2019,8/15/2019 17:00,8/15/2019 18:00,89.582,84.1532,2.35164771,0.351856561
14,T1407,9/24/2019,9/24/2019 18:00,9/24/2019 19:00,90.068,83.8346,2.248113637,0.421566244
15,T1407,9/24/2019,9/24/2019 18:00,9/24/2019 19:00,90.068,83.8346,2.248113637,0.421566244
16,T1407,10/22/2019,10/22/2019 17:00,10/22/2019 19:00,82.778,77.697,2.104586143,0.430687056
17,T1407,10/22/2019,10/22/2019 17:00,10/22/2019 19:00,82.778,77.697,2.104586143,0.430687056
19,T1407,6/3/2020,6/3/2020 19:00,6/3/2020 20:00,69.26,64.7573,1.608131973,0.340625011
20,T1407,7/20/2020,7/20/2020 17:00,7/20/2020 18:00,59.486,57.9479,1.533799022,0.184242082
21,T1407,7/30/2020,7/30/2020 19:00,7/30/2020 20:00,60.44,57.9038,1.553264287,0.22776751
22,T1407,8/14/2020,8/14/2020 17:00,8/14/2020 21:00,80.168,75.00358824,1.852323278,0.293141278
23,T1407,8/17/2020,8/17/2020 17:00,8/17/2020 21:00,70.088,66.34797059,1.762603887,0.340013339
24,T1407,8/18/2020,8/18/2020 17:00,8/18/2020 20:00,71.366,68.85846154,1.775320206,0.351321993
25,T1407,8/19/2020,8/19/2020 18:00,8/19/2020 20:00,69.494,65.3545,1.728860585,0.313587879
26,T1407,9/5/2020,9/5/2020 17:00,9/5/2020 19:00,75.092,72.749,1.81580975,0.361234003
27,T1407,9/6/2020,9/6/2020 16:30,9/6/2020 18:30,81.068,79.761,1.920464199,0.439484722
28,T1407,9/7/2020,9/7/2020 16:30,9/7/2020 18:30,75.92,72.433,1.843922239,0.387295166
29,T1407,9/8/2020,9/8/2020 18:00,9/8/2020 19:00,68.882,62.7089,1.718951908,0.28727586
30,T1407,9/30/2020,9/30/2020 18:00,9/30/2020 19:00,70.844,66.4097,1.781465415,0.355527014
31,T1407,10/1/2020,10/1/2020 17:00,10/1/2020 19:00,76.172,70.7915,1.923156064,0.399990694
32,T1407,10/15/2020,10/15/2020 17:00,10/15/2020 19:00,78.854,73.768,1.988691607,0.483621628
33,T1407,10/16/2020,10/16/2020 17:00,10/16/2020 19:00,82.382,75.0485,2.064240011,0.532452164
34,T1407,10/16/2020,10/16/2020 17:00,10/16/2020 19:00,82.382,75.0485,2.064240011,0.532452164
35,T1407,6/16/2021,6/16/2021 18:00,6/16/2021 20:00,67.73,61.767,1.520111907,0.277870959
36,T1407,6/17/2021,6/17/2021 18:00,6/17/2021 20:00,70.196,61.428,1.530531635,0.30866372
37,T1407,7/9/2021,7/9/2021 18:00,7/9/2021 20:00,63.032,55.808,1.49542045,0.204539246
38,T1407,7/12/2021,7/12/2021 18:00,7/12/2021 20:00,54.446,52.287,1.475698266,0.168780403
39,T1407,7/19/2021,7/19/2021 18:00,7/19/2021 19:00,59.27,54.0788,1.499618536,0.117263625
40,T1407,7/22/2021,7/22/2021 18:00,7/22/2021 21:00,56.678,55.27157692,1.487087326,0.215271857
41,T1407,7/29/2021,7/29/2021 18:00,7/29/2021 20:00,61.808,58.5635,1.514690886,0.194262977
42,T1407,7/30/2021,7/30/2021 18:00,7/30/2021 20:00,63.284,56.9585,1.528119348,0.156950331
43,T1407,8/11/2021,8/11/2021 17:00,8/11/2021 20:00,62.384,58.92903846,1.546422889,0.183647594
0,T1426,7/23/2018,7/23/2018 18:00,7/23/2018 19:00,87.584,82.3568,2.271910037,0.219292939
1,T1426,7/23/2018,7/23/2018 18:00,7/23/2018 19:00,87.584,82.3568,2.271910037,0.219292939
3,T1426,7/24/2018,7/24/2018 16:00,7/24/2018 19:00,88.988,85.71442308,2.319624076,0.381899144
5,T1426,7/25/2018,7/25/2018 16:00,7/25/2018 19:00,95.036,88.96065385,2.510145055,0.422832811
6,T1426,8/7/2018,8/7/2018 18:00,8/7/2018 19:00,84.218,77.4212,2.117963243,0.204480072
7,T1426,8/8/2018,8/8/2018 18:00,8/8/2018 19:00,88.844,83.8067,2.284460584,0.175336238
8,T1426,8/9/2018,8/9/2018 18:00,8/9/2018 19:00,94.514,90.3209,2.453689862,0.24318317
9,T1426,10/22/2018,10/22/2018 18:00,10/22/2018 19:00,70.124,62.4506,1.863672008,0.074815994
10,T1426,10/22/2018,10/22/2018 18:00,10/22/2018 19:00,70.124,62.4506,1.863672008,0.074815994
12,T1426,7/24/2019,7/24/2019 18:00,7/24/2019 19:00,95.072,91.2983,2.764146193,0.50177748
14,T1426,8/27/2019,8/27/2019 18:00,8/27/2019 19:00,91.148,84.8102,2.621543943,0.401304954
15,T1426,9/24/2019,9/24/2019 18:00,9/24/2019 19:00,94.1,86.8091,2.645792092,0.230152557
16,T1426,9/24/2019,9/24/2019 18:00,9/24/2019 19:00,94.1,86.8091,2.645792092,0.230152557
17,T1426,10/22/2019,10/22/2019 17:00,10/22/2019 19:00,84.83,80.8285,2.303292087,0.498954369
18,T1426,10/22/2019,10/22/2019 17:00,10/22/2019 19:00,84.83,80.8285,2.303292087,0.498954369
19,T1426,7/30/2020,7/30/2020 19:00,7/30/2020 20:00,82.814,72.7997,0.854936947,-0.997793182
20,T1426,8/14/2020,8/14/2020 17:00,8/14/2020 21:00,104.234,95.56938235,2.328372926,-0.055759552
21,T1426,8/17/2020,8/17/2020 17:00,8/17/2020 20:00,95.882,85.10969231,1.804294956,-0.397331544
22,T1426,8/18/2020,8/18/2020 17:00,8/18/2020 20:00,99.968,92.51634615,2.151336107,-0.025794636
23,T1426,8/19/2020,8/19/2020 18:00,8/19/2020 20:00,95.504,84.2735,1.866346325,-0.216095772
24,T1426,9/5/2020,9/5/2020 17:00,9/5/2020 19:00,101.138,96.843,2.461293279,0.389702765
25,T1426,9/6/2020,9/6/2020 16:30,9/6/2020 18:30,107.276,103.795,2.739627947,0.467463886
26,T1426,9/7/2020,9/7/2020 16:30,9/7/2020 18:30,107.114,99.237,2.706896447,0.374969758
27,T1426,9/8/2020,9/8/2020 18:00,9/8/2020 19:00,87.152,79.2896,1.750605855,-0.150118611
28,T1426,9/8/2020,9/8/2020 18:00,9/8/2020 19:00,87.152,79.2896,1.750605855,-0.150118611
29,T1426,6/16/2021,6/16/2021 18:00,6/16/2021 20:00,91.292,82.1655,1.992581262,0.396966527
30,T1426,6/17/2021,6/17/2021 18:00,6/17/2021 20:00,101.12,92.261,2.172531191,2.087232812
31,T1426,7/12/2021,7/12/2021 18:00,7/12/2021 20:00,78.296,68.942,1.643428465,0.200254773
32,T1426,7/13/2021,7/13/2021 19:00,7/13/2021 20:00,76.856,62.4875,1.624433791,0.140939471
33,T1426,7/22/2021,7/22/2021 18:00,7/22/2021 21:00,81.212,70.5695,1.716265022,0.226091515
34,T1426,7/29/2021,7/29/2021 18:00,7/29/2021 20:00,88.61,81.529,1.873814923,0.09052118
35,T1426,7/30/2021,7/30/2021 18:00,7/30/2021 20:00,88.43,79.085,1.864141892,0.154924651
0,T1427,7/23/2018,7/23/2018 18:00,7/23/2018 19:00,85.946,80.3696,2.086415529,0.054455896
1,T1427,7/24/2018,7/24/2018 16:00,7/24/2018 19:00,87.548,84.85215385,2.124692141,0.331290633
2,T1427,7/25/2018,7/25/2018 16:00,7/25/2018 19:00,93.092,87.81107692,2.262105477,0.414751542
3,T1427,8/7/2018,8/7/2018 18:00,8/7/2018 19:00,81.374,76.4879,1.968851853,0.334417649
4,T1427,8/8/2018,8/8/2018 18:00,8/8/2018 19:00,86.018,81.5621,2.096403248,0.190270253
5,T1427,8/9/2018,8/9/2018 18:00,8/9/2018 19:00,92.354,88.2743,2.252336792,0.244264621
6,T1427,10/22/2018,10/22/2018 18:00,10/22/2018 19:00,69.134,62.7467,1.673473403,0.170419545
7,T1427,7/24/2019,7/24/2019 18:00,7/24/2019 19:00,93.146,88.3913,2.4245569,0.431267939
8,T1427,8/27/2019,8/27/2019 18:00,8/27/2019 19:00,88.448,82.6484,2.375814689,0.151852568
9,T1427,9/24/2019,9/24/2019 18:00,9/24/2019 19:00,92.732,85.9442,2.422637006,0.237788081
10,T1427,10/22/2019,10/22/2019 17:00,10/22/2019 19:00,84.236,79.8905,2.172982662,0.278375957
11,T1427,7/20/2020,7/20/2020 17:00,7/20/2020 18:00,79.646,75.3377,1.819888611,0.477128371
12,T1427,7/30/2020,7/30/2020 19:00,7/30/2020 20:00,83.516,73.4774,1.917605734,0.498881692
13,T1427,8/14/2020,8/14/2020 17:00,8/14/2020 21:00,105.422,97.061,2.385739429,0.451535312
14,T1427,8/14/2020,8/14/2020 17:00,8/14/2020 21:00,105.422,97.061,2.385739429,0.451535312
15,T1427,8/17/2020,8/17/2020 17:00,8/17/2020 20:00,96.566,86.63726923,2.188974584,0.459794317
16,T1427,8/18/2020,8/18/2020 17:00,8/18/2020 19:00,101.696,94.9265,2.315100203,0.505792648
17,T1427,8/19/2020,8/19/2020 18:00,8/19/2020 20:00,97.556,84.986,2.228662913,0.554652843
18,T1427,9/5/2020,9/5/2020 17:00,9/5/2020 19:00,102.308,98.5285,2.33160866,0.768460386
19,T1427,9/6/2020,9/6/2020 16:30,9/6/2020 18:30,110.03,106.2935,2.482684015,0.602741379
20,T1427,9/7/2020,9/7/2020 16:30,9/7/2020 18:30,109.094,101.8455,2.465385306,0.496282209
21,T1427,9/30/2020,9/30/2020 18:00,9/30/2020 19:00,94.334,84.8813,2.204752576,0.634959721
22,T1427,10/1/2020,10/1/2020 17:00,10/1/2020 19:00,98.546,91.8095,2.276982238,0.739152873
23,T1427,10/1/2020,10/1/2020 17:00,10/1/2020 19:00,98.546,91.8095,2.276982238,0.739152873
24,T1427,10/15/2020,10/15/2020 17:00,10/15/2020 19:00,91.58,85.9605,2.147265293,0.584078849
25,T1427,10/16/2020,10/16/2020 17:00,10/16/2020 19:00,93.344,87.6435,2.179370604,0.637616861
26,T1427,6/16/2021,6/16/2021 18:00,6/16/2021 20:00,92.21,82.0755,1.914808717,0.363231585
27,T1427,6/17/2021,6/17/2021 18:00,6/17/2021 20:00,103.316,92.4815,2.133959597,0.43177618
28,T1427,7/9/2021,7/9/2021 18:00,7/9/2021 19:00,98.258,91.0319,2.170590238,0.481192813
29,T1427,7/13/2021,7/13/2021 19:00,7/13/2021 20:00,76.802,62.186,1.670983666,0.160021314
30,T1427,7/22/2021,7/22/2021 18:00,7/22/2021 21:00,82.652,71.19638462,1.839132229,0.341411699
31,T1427,7/29/2021,7/29/2021 18:00,7/29/2021 20:00,90.356,82.561,2.048579194,0.450048175
32,T1427,7/30/2021,7/30/2021 18:00,7/30/2021 20:00,89.744,79.2815,2.036858507,0.412528673
33,T1427,8/11/2021,8/11/2021 17:00,8/11/2021 20:00,90.068,81.15038462,2.055996716,0.398877534
0,T1927,7/23/2018,7/23/2018 18:00,7/23/2018 19:00,87.908,82.634,2.211409434,0.515905626
1,T1927,7/23/2018,7/23/2018 18:00,7/23/2018 19:00,87.908,82.634,2.211409434,0.515905626
2,T1927,7/24/2018,7/24/2018 16:00,7/24/2018 19:00,90.266,86.35584615,2.278714664,0.532849452
3,T1927,7/24/2018,7/24/2018 16:00,7/24/2018 19:00,90.266,86.35584615,2.278714664,0.532849452
4,T1927,7/25/2018,7/25/2018 16:00,7/25/2018 19:00,95.18,89.56884615,2.372485562,0.636579591
5,T1927,7/25/2018,7/25/2018 16:00,7/25/2018 19:00,95.18,89.56884615,2.372485562,0.636579591
6,T1927,8/7/2018,8/7/2018 18:00,8/7/2018 19:00,84.308,78.6749,2.087951726,0.10445706
7,T1927,8/8/2018,8/8/2018 18:00,8/8/2018 19:00,88.556,83.5196,2.210373251,0.035573133
8,T1927,8/9/2018,8/9/2018 18:00,8/9/2018 19:00,93.794,89.7206,2.318123882,0.421425363
9,T1927,10/22/2018,10/22/2018 18:00,10/22/2018 19:00,70.358,63.4937,1.995889765,0.225719532
10,T1927,10/22/2018,10/22/2018 18:00,10/22/2018 19:00,70.358,63.4937,1.995889765,0.225719532
11,T1927,7/24/2019,7/24/2019 18:00,7/24/2019 19:00,94.55,89.5667,2.460511492,0.376726283
13,T1927,8/27/2019,8/27/2019 18:00,8/27/2019 19:00,89.366,83.1398,2.336574108,0.372864042
14,T1927,8/27/2019,8/27/2019 18:00,8/27/2019 19:00,89.366,83.1398,2.336574108,0.372864042
15,T1927,9/24/2019,9/24/2019 18:00,9/24/2019 19:00,93.83,86.7146,2.331701922,0.563276543
16,T1927,9/24/2019,9/24/2019 18:00,9/24/2019 19:00,93.83,86.7146,2.331701922,0.563276543
17,T1927,10/22/2019,10/22/2019 17:00,10/22/2019 19:00,84.92,80.6225,2.126514197,0.450052243
18,T1927,10/22/2019,10/22/2019 17:00,10/22/2019 19:00,84.92,80.6225,2.126514197,0.450052243
19,T1927,7/20/2020,7/20/2020 17:00,7/20/2020 18:00,82.13,77.2466,1.941785633,0.130417614
20,T1927,7/30/2020,7/30/2020 19:00,7/30/2020 20:00,86.018,74.5358,2.047805666,0.402645942
21,T1927,7/30/2020,7/30/2020 19:00,7/30/2020 20:00,86.018,74.5358,2.047805666,0.402645942
23,T1927,8/14/2020,8/14/2020 17:00,8/14/2020 21:00,106.556,97.61608824,2.503824756,0.413236279
24,T1927,8/14/2020,8/14/2020 17:00,8/14/2020 21:00,106.556,97.61608824,2.503824756,0.413236279
25,T1927,8/17/2020,8/17/2020 17:00,8/17/2020 20:00,98.564,87.44380769,2.36060918,0.483109782
26,T1927,8/18/2020,8/18/2020 17:00,8/18/2020 19:00,102.524,96.171,2.448192386,0.458538897
27,T1927,8/19/2020,8/19/2020 18:00,8/19/2020 20:00,97.898,85.839,2.340183556,0.646426684
28,T1927,9/5/2020,9/5/2020 17:00,9/5/2020 19:00,104.18,99.751,2.451648476,0.636184367
29,T1927,9/6/2020,9/6/2020 16:30,9/6/2020 18:30,110.894,106.549,2.596657307,0.490442195
30,T1927,9/7/2020,9/7/2020 16:30,9/7/2020 18:30,109.868,102.4885,2.584734475,-0.149963386
31,T1927,9/30/2020,9/30/2020 18:00,9/30/2020 19:00,94.19,86.1368,2.271136841,0.380372707
32,T1927,10/1/2020,10/1/2020 17:00,10/1/2020 19:00,98.96,92.1205,2.369339232,0.645704753
33,T1927,10/1/2020,10/1/2020 17:00,10/1/2020 19:00,98.96,92.1205,2.369339232,0.645704753
34,T1927,10/15/2020,10/15/2020 17:00,10/15/2020 19:00,92.3,86.745,2.236327141,0.574555384
35,T1927,10/16/2020,10/16/2020 17:00,10/16/2020 19:00,93.92,88.1025,2.26688663,0.520167033
36,T1927,6/16/2021,6/16/2021 18:00,6/16/2021 20:00,92.606,82.592,2.2582352,0.477023548
37,T1927,6/17/2021,6/17/2021 18:00,6/17/2021 20:00,103.928,93.954,2.510733871,0.530238929
38,T1927,7/9/2021,7/9/2021 18:00,7/9/2021 19:00,100.292,91.6952,2.626632833,0.614863051
39,T1927,7/12/2021,7/12/2021 18:00,7/12/2021 20:00,82.076,71.3005,2.108812026,0.442230918
40,T1927,7/13/2021,7/13/2021 19:00,7/13/2021 20:00,79.178,65.0516,2.042088947,0.304472742
41,T1927,7/22/2021,7/22/2021 18:00,7/22/2021 21:00,84.038,72.37711538,2.183844288,0.435466842
42,T1927,7/29/2021,7/29/2021 18:00,7/29/2021 20:00,91.004,83.162,2.354272791,0.618495752
43,T1927,7/30/2021,7/30/2021 18:00,7/30/2021 20:00,90.788,80.6685,2.317822775,0.407119654
44,T1927,8/11/2021,8/11/2021 17:00,8/11/2021 20:00,91.112,82.21619231,2.391456399,0.514438713
0,T2584,7/23/2018,7/23/2018 18:00,7/23/2018 19:00,83.966,74.5106,1.992303772,-0.044652257
1,T2584,7/23/2018,7/23/2018 18:00,7/23/2018 19:00,83.966,74.5106,1.992303772,-0.044652257
3,T2584,7/24/2018,7/24/2018 16:00,7/24/2018 19:00,85.784,81.83715385,2.059519008,0.182872239
4,T2584,7/25/2018,7/25/2018 16:00,7/25/2018 19:00,89.348,84.07746154,2.122899255,0.066060172
5,T2584,7/25/2018,7/25/2018 16:00,7/25/2018 19:00,89.348,84.07746154,2.122899255,0.066060172
6,T2584,8/7/2018,8/7/2018 18:00,8/7/2018 19:00,73.4,69.8756,1.748581263,0.151428002
7,T2584,8/8/2018,8/8/2018 18:00,8/8/2018 19:00,81.248,76.1621,1.933038876,0.021003969
8,T2584,8/9/2018,8/9/2018 18:00,8/9/2018 19:00,88.988,85.0145,2.126243576,0.15807913
9,T2584,10/22/2018,10/22/2018 18:00,10/22/2018 19:00,66.344,61.2257,1.614095198,0.073608433
10,T2584,10/22/2018,10/22/2018 18:00,10/22/2018 19:00,66.344,61.2257,1.614095198,0.073608433
11,T2584,7/24/2019,7/24/2019 18:00,7/24/2019 19:00,91.094,85.8326,2.354917446,0.420355699
13,T2584,8/27/2019,8/27/2019 18:00,8/27/2019 19:00,85.874,79.5362,2.261741175,0.331585546
15,T2584,9/24/2019,9/24/2019 18:00,9/24/2019 19:00,93.218,86.3915,2.409879996,0.232206014
16,T2584,9/24/2019,9/24/2019 18:00,9/24/2019 19:00,93.218,86.3915,2.409879996,0.232206014
17,T2584,10/22/2019,10/22/2019 17:00,10/22/2019 19:00,84.884,80.489,2.18172733,0.46381689
18,T2584,10/22/2019,10/22/2019 17:00,10/22/2019 19:00,84.884,80.489,2.18172733,0.46381689
20,T2584,7/20/2020,7/20/2020 17:00,7/20/2020 18:00,76.406,72.6287,1.790196324,0.122210195
21,T2584,7/30/2020,7/30/2020 19:00,7/30/2020 20:00,79.898,70.5245,1.916462817,0.202830394
22,T2584,8/14/2020,8/14/2020 17:00,8/14/2020 21:00,103.1,94.32261765,2.560202913,0.160057522
23,T2584,8/17/2020,8/17/2020 17:00,8/17/2020 20:00,93.074,83.79880769,2.298793216,0.102273956
24,T2584,8/18/2020,8/18/2020 17:00,8/18/2020 20:00,97.394,89.58476923,2.428842519,0.25628491
25,T2584,8/19/2020,8/19/2020 18:00,8/19/2020 20:00,93.758,82.2665,2.332337679,0.221620309
26,T2584,9/5/2020,9/5/2020 17:00,9/5/2020 19:00,99.32,95.198,2.516376551,0.71155801
27,T2584,9/6/2020,9/6/2020 16:30,9/6/2020 18:30,106.268,102.733,2.703020899,0.391049288
28,T2584,9/7/2020,9/7/2020 16:30,9/7/2020 18:30,104.81,97.242,2.641866132,0.276620652
29,T2584,9/8/2020,9/8/2020 18:00,9/8/2020 19:00,89.834,78.701,2.263685056,0.359022488
30,T2584,9/8/2020,9/8/2020 18:00,9/8/2020 19:00,89.834,78.701,2.263685056,0.359022488
31,T2584,9/30/2020,9/30/2020 18:00,9/30/2020 19:00,91.004,81.7295,2.29233099,0.491347031
32,T2584,10/1/2020,10/1/2020 17:00,10/1/2020 19:00,96.458,89.638,2.426955832,0.575080725
33,T2584,10/15/2020,10/15/2020 17:00,10/15/2020 19:00,91.976,86.5455,2.298785705,0.486307063
34,T2584,10/16/2020,10/16/2020 17:00,10/16/2020 19:00,93.578,87.6105,2.339274961,0.446448572
35,T2584,6/16/2021,6/16/2021 18:00,6/16/2021 20:00,89.708,80.04,1.899193492,0.113076737
36,T2584,6/17/2021,6/17/2021 18:00,6/17/2021 20:00,98.222,87.7885,2.018050861,0.101346189
37,T2584,7/12/2021,7/12/2021 18:00,7/12/2021 20:00,73.4,65.021,1.755734903,0.177707546
38,T2584,7/13/2021,7/13/2021 19:00,7/13/2021 20:00,71.762,60.0602,1.711467908,0.065656517
39,T2584,7/22/2021,7/22/2021 18:00,7/22/2021 21:00,76.37,67.45030769,1.839426264,0.21544932
40,T2584,7/29/2021,7/29/2021 18:00,7/29/2021 20:00,84.776,78.322,2.063637512,0.249236223
41,T2584,7/30/2021,7/30/2021 18:00,7/30/2021 20:00,85.046,74.5035,2.049340864,0.171174165
0,T2768,6/3/2020,6/3/2020 19:00,6/3/2020 20:00,76.766,67.3925,2.126771723,0.232778326
1,T2768,7/20/2020,7/20/2020 17:00,7/20/2020 18:00,58.892,57.6509,1.891712119,0.135125059
2,T2768,8/14/2020,8/14/2020 17:00,8/14/2020 21:00,88.358,81.74776471,2.079425285,0.159572216
3,T2768,8/17/2020,8/17/2020 17:00,8/17/2020 21:00,72.302,67.77341176,1.942116041,0.137882786
4,T2768,8/18/2020,8/18/2020 17:00,8/18/2020 20:00,74.768,71.83884615,1.977755128,0.18436858
5,T2768,8/19/2020,8/19/2020 18:00,8/19/2020 20:00,73.022,68.0785,1.972153916,0.169419502
6,T2768,8/19/2020,8/19/2020 18:00,8/19/2020 20:00,73.022,68.0785,1.972153916,0.169419502
7,T2768,8/19/2020,8/19/2020 18:00,8/19/2020 20:00,73.022,68.0785,1.972153916,0.169419502
8,T2768,8/19/2020,8/19/2020 18:00,8/19/2020 20:00,73.022,68.0785,1.972153916,0.169419502
10,T2768,9/5/2020,9/5/2020 17:00,9/5/2020 19:00,83.984,81.3945,1.940300453,0.106254341
11,T2768,9/6/2020,9/6/2020 16:30,9/6/2020 18:30,92.462,88.6625,1.969999701,0.119408131
12,T2768,9/7/2020,9/7/2020 16:30,9/7/2020 18:30,85.316,76.3855,1.994579891,0.105490555
13,T2768,9/8/2020,9/8/2020 18:00,9/8/2020 19:00,69.422,63.1841,1.912489483,0.093026127
14,T2768,9/30/2020,9/30/2020 18:00,9/30/2020 19:00,77.99,70.3688,1.898914853,0.115471286
15,T2768,10/1/2020,10/1/2020 17:00,10/1/2020 19:00,83.282,76.711,1.934831271,0.140613771
16,T2768,10/15/2020,10/15/2020 17:00,10/15/2020 19:00,85.73,79.7645,2.040375452,-0.24936563
17,T2768,10/16/2020,10/16/2020 17:00,10/16/2020 19:00,87.008,81.499,2.052880557,-0.328743424
18,T2768,10/16/2020,10/16/2020 17:00,10/16/2020 19:00,87.008,81.499,2.052880557,-0.328743424
19,T2768,6/16/2021,6/16/2021 18:00,6/16/2021 20:00,73.328,67.8305,1.819997245,0.018725684
20,T2768,6/17/2021,6/17/2021 18:00,6/17/2021 20:00,76.694,69.4235,1.835353994,-0.002003564
21,T2768,7/9/2021,7/9/2021 18:00,7/9/2021 20:00,67.604,60.3095,1.874899728,0.21540519
22,T2768,7/12/2021,7/12/2021 18:00,7/12/2021 20:00,56.12,53.2985,1.732435212,0.205744889
23,T2768,7/13/2021,7/13/2021 19:00,7/13/2021 20:00,56.714,53.5586,1.729483581,0.232301237
24,T2768,7/19/2021,7/19/2021 18:00,7/19/2021 19:00,63.194,57.0029,1.830782687,0.196187085
25,T2768,7/22/2021,7/22/2021 18:00,7/22/2021 21:00,59.054,57.2045,1.76780187,0.177761239
26,T2768,7/29/2021,7/29/2021 18:00,7/29/2021 20:00,65.3,61.118,1.836403126,0.128877786
27,T2768,7/30/2021,7/30/2021 18:00,7/30/2021 20:00,63.356,58.7865,1.806650054,0.146849939
28,T2768,8/11/2021,8/11/2021 17:00,8/11/2021 20:00,64.472,60.67711538,1.862072165,0.078322877
0,T1782,6/28/2018,6/28/2018 14:00,6/28/2018 18:00,96.674,96.27032353,3.147219884,0.04966851
1,T1782,7/19/2018,7/19/2018 2:00,7/19/2018 6:00,100.454,76.29482353,3.451969784,-0.14066208
2,T1782,7/19/2018,7/19/2018 14:00,7/19/2018 18:00,100.454,99.85311765,3.451969784,0.223821481
3,T1782,8/7/2019,8/7/2019 14:00,8/7/2019 18:00,97.106,92.35611765,3.409051616,0.175235507
4,T1782,8/12/2019,8/12/2019 14:00,8/12/2019 18:00,99.662,98.48882353,3.523114682,0.176381969
5,T1782,8/20/2019,8/20/2019 15:00,8/20/2019 18:00,100.328,99.18707692,3.493656077,0.054771236
6,T1782,6/16/2020,6/16/2020 14:00,6/16/2020 15:00,93.056,92.6276,2.853953261,0.244686939
7,T1782,6/14/2021,6/14/2021 14:00,6/14/2021 15:00,93.398,90.9239,2.959707967,0.435395295
8,T1782,6/17/2021,6/17/2021 15:00,6/17/2021 18:00,97.322,96.66534615,3.093375501,0.562406568
9,T1782,7/29/2021,7/29/2021 14:00,7/29/2021 17:00,97.682,97.05546154,3.34138176,0.489505796
10,T1782,7/30/2021,7/30/2021 15:00,7/30/2021 17:00,99.122,98.116,3.366836971,0.541468887
0,T1509,5/13/2020,5/13/2020 15:00,5/13/2020 16:00,59.4725,57.3728,1.565056092,0.061091042
1,T1509,8/20/2020,8/20/2020 15:00,8/20/2020 16:00,83.048,82.922,2.611756236,1.018013163
2,T1509,8/20/2020,8/20/2020 15:00,8/20/2020 16:00,83.048,82.922,2.611756236,1.018013163
3,T1509,9/17/2020,9/17/2020 15:00,9/17/2020 16:00,78.566,78.2231,2.330627614,0.606829325
0,T2255,5/13/2020,5/13/2020 15:00,5/13/2020 16:00,60.6245,58.9136,1.726267808,0.052220965
1,T2255,8/20/2020,8/20/2020 15:00,8/20/2020 16:00,83.066,82.886,2.32413324,0.824745775
2,T2255,8/20/2020,8/20/2020 15:00,8/20/2020 16:00,83.066,82.886,2.32413324,0.824745775
4,T2255,6/18/2021,6/18/2021 16:00,6/18/2021 17:00,98.42,97.9664,2.451509007,0.377821874
0,T2423,6/7/2018,6/7/2018 15:00,6/7/2018 16:00,86.09,84.326,2.696636274,-0.08803021
1,T2423,6/28/2018,6/28/2018 15:00,6/28/2018 18:00,98.942,98.11434615,3.000603762,-0.367800139
2,T2423,8/6/2018,8/6/2018 16:00,8/6/2018 19:00,93.596,92.74238462,3.087228686,-0.01202623
3,T2423,6/5/2019,6/5/2019 16:00,6/5/2019 17:00,88.646,87.8819,2.087555762,-0.159347446
4,T2423,6/5/2019,6/5/2019 16:00,6/5/2019 17:00,88.646,87.8819,2.087555762,-0.159347446
5,T2423,7/18/2019,7/18/2019 14:00,7/18/2019 17:00,94.676,93.71888462,2.734273471,0.16705362
6,T2423,6/11/2020,6/11/2020 16:00,6/11/2020 17:00,87.494,87.1601,2.103013375,0.358576697
7,T2423,8/10/2020,8/10/2020 14:00,8/10/2020 18:00,85.28,84.46391176,2.550341636,0.808755714
8,T2423,8/25/2020,8/25/2020 14:00,8/25/2020 18:00,93.038,92.55994118,2.880544909,0.603608389
9,T2423,6/17/2021,6/17/2021 14:00,6/17/2021 18:00,99.158,98.12035294,2.757564591,0.277744936
10,T2423,7/29/2021,7/29/2021 14:00,7/29/2021 18:00,97.412,96.73382353,3.174561451,0.519904488
11,T2423,8/11/2021,8/11/2021 14:00,8/11/2021 18:00,96.386,95.63635294,3.187590497,0.712190876
0,T2488,6/18/2018,6/18/2018 15:00,6/18/2018 18:00,92.93,92.49903846,2.373197689,-0.213437697
1,T2488,6/19/2018,6/19/2018 15:00,6/19/2018 18:00,91.076,89.90461538,2.347153326,-0.325749243
2,T2488,6/26/2018,6/26/2018 14:00,6/26/2018 15:00,76.55,71.4992,2.063968598,0.020066079
3,T2488,6/29/2018,6/29/2018 16:00,6/29/2018 18:00,89.456,89.342,2.392543563,-0.247736476
4,T2488,7/2/2018,7/2/2018 16:00,7/2/2018 18:00,87.926,78.997,2.365071578,-0.106410323
5,T2488,7/3/2018,7/3/2018 16:00,7/3/2018 18:00,87.278,80.264,2.34886212,-0.176647078
6,T2488,7/5/2018,7/5/2018 15:00,7/5/2018 17:00,91.058,89.4445,2.436468484,-0.032522168
7,T2488,7/16/2018,7/16/2018 16:00,7/16/2018 18:00,85.91,85.527,2.345911489,-0.099408205
8,T2488,8/6/2018,8/6/2018 14:00,8/6/2018 18:00,88.034,87.04426471,2.509508153,0.185956553
9,T2488,8/27/2018,8/27/2018 16:00,8/27/2018 18:00,89.15,88.6585,2.700311612,0.228728956
10,T2488,8/28/2018,8/28/2018 15:00,8/28/2018 18:00,90.104,89.70315385,2.73324982,0.055319627
11,T2488,8/28/2018,8/28/2018 17:00,8/28/2018 18:00,90.104,89.3732,2.73324982,-0.059074833
12,T2488,8/29/2018,8/29/2018 15:00,8/29/2018 17:00,87.008,86.357,2.590073334,0.109129324
13,T2488,6/26/2019,6/26/2019 16:00,6/26/2019 18:00,88.34,88.1345,2.375904725,-0.016743862
14,T2488,6/27/2019,6/27/2019 14:00,6/27/2019 15:00,88.286,86.5742,2.374561218,-0.083902167
15,T2488,6/27/2019,6/27/2019 16:00,6/27/2019 18:00,88.286,87.8265,2.374561218,0.013911264
16,T2488,6/28/2019,6/28/2019 15:00,6/28/2019 17:00,89.528,89.227,2.401919902,-0.038012614
17,T2488,7/2/2019,7/2/2019 16:00,7/2/2019 18:00,89.168,82.9435,2.444632859,-0.004169505
18,T2488,7/3/2019,7/3/2019 16:00,7/3/2019 18:00,85.514,79.5245,2.314000856,-0.075256752
19,T2488,7/10/2019,7/10/2019 16:00,7/10/2019 18:00,90.338,90.0015,2.564244447,0.059405328
20,T2488,7/15/2019,7/15/2019 16:00,7/15/2019 18:00,88.862,74.672,2.528601954,-0.017200082
21,T2488,7/16/2019,7/16/2019 16:00,7/16/2019 18:00,88.106,84.769,2.502574894,0.029852886
22,T2488,7/17/2019,7/17/2019 16:00,7/17/2019 18:00,86.468,85.8415,2.419544199,0.035690688
23,T2488,7/18/2019,7/18/2019 16:00,7/18/2019 18:00,88.16,83.5865,2.524759987,0.010145214
24,T2488,7/19/2019,7/19/2019 16:00,7/19/2019 18:00,90.986,90.6795,2.593452106,0.05609479
25,T2488,7/29/2019,7/29/2019 16:00,7/29/2019 18:00,87.836,86.7895,2.558795016,0.166510484
26,T2488,8/19/2019,8/19/2019 3:00,8/19/2019 5:00,92.192,70.304,2.82645559,-0.358909789
27,T2488,8/20/2019,8/20/2019 16:00,8/20/2019 18:00,88.736,74.82,2.656166491,-0.178522553
28,T2488,6/18/2020,6/18/2020 16:30,6/18/2020 17:00,81.518,81.0485,2.024506357,-0.025731233
29,T2488,6/22/2020,6/22/2020 16:00,6/22/2020 18:00,84.146,83.29,2.12696214,0.073838908
30,T2488,6/23/2020,6/23/2020 16:00,6/23/2020 18:00,78.998,78.4915,1.972095841,0.015497054
31,T2488,6/26/2020,6/26/2020 16:00,6/26/2020 18:00,83.984,83.244,2.121450491,0.115127101
32,T2488,6/29/2020,6/29/2020 16:00,6/29/2020 18:00,87.602,87.0895,2.256632832,0.174478074
33,T2488,7/1/2020,7/1/2020 16:00,7/1/2020 18:00,87.53,86.732,2.261765987,-0.033602222
34,T2488,7/2/2020,7/2/2020 16:00,7/2/2020 18:00,88.736,87.445,2.296621807,-0.011577341
35,T2488,7/3/2020,7/3/2020 16:00,7/3/2020 18:00,90.734,89.0385,2.355639047,0.047789575
36,T2488,7/6/2020,7/6/2020 15:00,7/6/2020 17:00,90.95,89.5155,2.396410013,0.017828904
37,T2488,7/7/2020,7/7/2020 15:00,7/7/2020 17:00,90.59,90.276,2.385503714,0.079520461
38,T2488,7/8/2020,7/8/2020 16:00,7/8/2020 18:00,91.508,90.0975,2.409224914,-0.049824897
39,T2488,7/9/2020,7/9/2020 15:00,7/9/2020 17:00,90.806,89.594,2.392047493,-0.025061083
40,T2488,7/15/2020,7/15/2020 16:00,7/15/2020 18:00,90.212,89.133,2.409357933,0.028291147
41,T2488,7/20/2020,7/20/2020 15:00,7/20/2020 17:00,90.104,89.9555,2.451633876,0.072875484
42,T2488,7/21/2020,7/21/2020 16:00,7/21/2020 18:00,91.238,91.052,2.479523695,0.123813595
43,T2488,7/22/2020,7/22/2020 16:00,7/22/2020 18:00,85.766,84.35,2.266493621,0.202951854
44,T2488,7/27/2020,7/27/2020 15:00,7/27/2020 17:00,89.33,87.123,2.458895442,0.135299008
45,T2488,7/28/2020,7/28/2020 16:00,7/28/2020 18:00,87.368,86.7485,2.398269525,0.156964883
46,T2488,7/29/2020,7/29/2020 16:00,7/29/2020 18:00,89.942,88.632,2.487053568,0.082758286
47,T2488,8/4/2020,8/4/2020 14:00,8/4/2020 15:00,78.296,76.6148,2.092816611,0.180916865
48,T2488,8/10/2020,8/10/2020 16:00,8/10/2020 18:00,85.19,85.0705,2.352784756,0.243994238
49,T2488,8/25/2020,8/25/2020 16:00,8/25/2020 18:00,90.95,88.9625,2.627071798,0.416306241
50,T2488,8/27/2020,8/27/2020 16:00,8/27/2020 18:00,84.308,81.3875,2.374470579,0.271925136
51,T2488,5/25/2021,5/25/2021 13:00,5/25/2021 13:30,87.674,85.226,2.005976298,-0.256086267
52,T2488,5/26/2021,5/26/2021 13:00,5/26/2021 13:30,76.892,70.763,1.804171962,0.051944148
53,T2488,6/24/2021,6/24/2021 14:00,6/24/2021 15:00,85.208,84.4358,2.21274891,0.234952119
54,T2488,6/28/2021,6/28/2021 16:00,6/28/2021 18:00,90.014,89.869,2.328704923,0.213205391
55,T2488,6/29/2021,6/29/2021 16:00,6/29/2021 18:00,92.102,91.342,2.408086107,0.196607505
56,T2488,6/30/2021,6/30/2021 15:00,6/30/2021 17:00,84.866,84.456,2.215039273,0.133335495
57,T2488,7/6/2021,7/6/2021 16:00,7/6/2021 18:00,90.608,90.187,2.39186325,0.129276534
58,T2488,7/7/2021,7/7/2021 15:00,7/7/2021 17:00,88.394,87.8165,2.343765647,0.092629061
59,T2488,7/26/2021,7/26/2021 16:00,7/26/2021 18:00,89.834,89.014,2.473640659,0.226699841
60,T2488,7/27/2021,7/27/2021 16:00,7/27/2021 18:00,89.546,89.002,2.464560326,0.256446582
61,T2488,8/10/2021,8/10/2021 16:00,8/10/2021 18:00,87.98,87.616,2.472253014,0.323020573
62,T2488,8/11/2021,8/11/2021 16:00,8/11/2021 18:00,91.814,91.417,2.612723539,0.248766606
63,T2488,8/12/2021,8/12/2021 16:00,8/12/2021 18:00,93.632,92.895,2.693891984,0.305526586
64,T2488,8/13/2021,8/13/2021 16:00,8/13/2021 17:00,89.132,85.7111,2.529219816,0.14166308
0,T2557,6/18/2018,6/18/2018 15:00,6/18/2018 18:00,93.884,93.44715385,2.065191156,-0.043806804
1,T2557,6/19/2018,6/19/2018 15:00,6/19/2018 18:00,92.03,89.78796154,2.050066057,0.002389136
2,T2557,6/29/2018,6/29/2018 16:00,6/29/2018 18:00,90.23,90.1395,2.061020689,0.054917454
3,T2557,7/2/2018,7/2/2018 16:00,7/2/2018 18:00,88.538,81.8855,2.055851026,0.047340223
4,T2557,7/3/2018,7/3/2018 16:00,7/3/2018 18:00,88.286,81.7155,2.051515716,0.054214961
5,T2557,7/5/2018,7/5/2018 15:00,7/5/2018 17:00,92.822,91.288,2.123048327,-0.01126134
6,T2557,7/16/2018,7/16/2018 16:00,7/16/2018 18:00,86.576,86.398,2.021940452,0.103738772
7,T2557,8/6/2018,8/6/2018 14:00,8/6/2018 18:00,88.178,86.0225,2.127476064,0.143159001
8,T2557,8/27/2018,8/27/2018 16:00,8/27/2018 18:00,90.05,89.757,2.201383048,0.090981806
9,T2557,8/28/2018,8/28/2018 15:00,8/28/2018 18:00,91.094,90.58688462,2.217480623,0.071445327
10,T2557,8/28/2018,8/28/2018 17:00,8/28/2018 18:00,91.094,90.0851,2.217480623,-0.087527207
11,T2557,8/29/2018,8/29/2018 15:00,8/29/2018 17:00,87.62,86.8315,2.127166274,0.076103319
12,T2557,6/26/2019,6/26/2019 16:00,6/26/2019 18:00,89.51,89.258,1.998030947,0.01925358
13,T2557,6/27/2019,6/27/2019 14:00,6/27/2019 15:00,88.88,88.1663,1.997680286,-0.001478728
14,T2557,6/27/2019,6/27/2019 16:00,6/27/2019 18:00,88.88,88.595,1.997680286,-0.01883524
15,T2557,6/28/2019,6/28/2019 15:00,6/28/2019 17:00,90.356,89.585,2.024494727,-0.104924474
16,T2557,7/2/2019,7/2/2019 16:00,7/2/2019 18:00,90.914,85.8175,2.076136004,0.004667277
17,T2557,7/3/2019,7/3/2019 16:00,7/3/2019 18:00,88.268,80.4925,2.029127832,-0.048179155
18,T2557,7/10/2019,7/10/2019 16:00,7/10/2019 18:00,91.166,90.2335,2.105172102,0.101045231
19,T2557,7/15/2019,7/15/2019 16:00,7/15/2019 18:00,89.582,77.0535,2.143692786,0.016107846
20,T2557,7/16/2019,7/16/2019 16:00,7/16/2019 18:00,89.096,85.987,2.134146856,0.123063258
21,T2557,7/17/2019,7/17/2019 16:00,7/17/2019 18:00,86.792,86.245,2.039785383,0.090810094
22,T2557,7/18/2019,7/18/2019 16:00,7/18/2019 18:00,88.952,81.223,2.129899659,0.098126179
23,T2557,7/19/2019,7/19/2019 16:00,7/19/2019 18:00,91.85,91.5925,2.163011043,0.034001519
24,T2557,7/29/2019,7/29/2019 16:00,7/29/2019 18:00,88.862,87.8775,2.165326599,0.151213122
25,T2557,8/19/2019,8/19/2019 3:00,8/19/2019 5:00,92.624,72.0575,2.283517736,0.024089484
26,T2557,8/20/2019,8/20/2019 16:00,8/20/2019 18:00,89.096,75.1475,2.182238331,0.129035894
27,T2557,6/18/2020,6/18/2020 16:30,6/18/2020 17:00,81.122,79.6205,1.704649456,0.185519882
28,T2557,6/22/2020,6/22/2020 16:00,6/22/2020 18:00,84.614,83.1315,1.787949537,0.253727314
29,T2557,6/23/2020,6/23/2020 16:00,6/23/2020 18:00,79.232,78.69,1.689230552,0.246942534
30,T2557,6/26/2020,6/26/2020 16:00,6/26/2020 18:00,83.948,81.9945,1.801093126,0.240707738
31,T2557,6/29/2020,6/29/2020 16:00,6/29/2020 18:00,87.962,87.302,1.864028477,0.272300736
32,T2557,7/1/2020,7/1/2020 16:00,7/1/2020 18:00,87.926,87.0625,1.867470677,0.269764133
33,T2557,7/2/2020,7/2/2020 16:00,7/2/2020 18:00,88.394,87.6725,1.876570838,0.246561669
34,T2557,7/3/2020,7/3/2020 16:00,7/3/2020 18:00,90.662,89.1635,1.919048244,0.241033856
35,T2557,7/6/2020,7/6/2020 15:00,7/6/2020 17:00,91.076,90.3705,1.962908911,0.18340201
36,T2557,7/7/2020,7/7/2020 15:00,7/7/2020 17:00,90.788,89.622,1.955040457,0.260782363
37,T2557,7/8/2020,7/8/2020 16:00,7/8/2020 18:00,91.67,90.5055,1.966634259,0.309846124
38,T2557,7/9/2020,7/9/2020 15:00,7/9/2020 17:00,89.816,89.571,1.943579884,0.317878519
39,T2557,7/15/2020,7/15/2020 16:00,7/15/2020 18:00,90.41,89.4305,1.96218508,0.287422099
40,T2557,7/20/2020,7/20/2020 15:00,7/20/2020 17:00,90.482,90.2535,1.993779147,0.153667664
41,T2557,7/21/2020,7/21/2020 16:00,7/21/2020 18:00,91.4,91.203,2.010773206,0.221003229
42,T2557,7/22/2020,7/22/2020 16:00,7/22/2020 18:00,84.29,82.2695,1.825302314,0.237585446
43,T2557,7/27/2020,7/27/2020 15:00,7/27/2020 17:00,90.194,87.607,2.027119599,0.273161894
44,T2557,7/28/2020,7/28/2020 16:00,7/28/2020 18:00,87.188,86.6425,1.958244377,0.21981745
45,T2557,7/29/2020,7/29/2020 16:00,7/29/2020 18:00,90.5,89.1815,2.033710522,0.252062691
46,T2557,8/10/2020,8/10/2020 16:00,8/10/2020 18:00,85.892,85.7265,1.963809477,0.31267424
47,T2557,8/25/2020,8/25/2020 16:00,8/25/2020 18:00,91.112,89.1,2.136987845,0.392462837
48,T2557,8/27/2020,8/27/2020 16:00,8/27/2020 18:00,84.776,81.687,1.976513627,0.287967017
49,T2557,5/25/2021,5/25/2021 13:00,5/25/2021 13:30,87.89,85.568,1.847804109,-0.111238401
50,T2557,5/26/2021,5/26/2021 13:00,5/26/2021 13:30,78.098,71.375,1.690115525,-0.029132753
51,T2557,6/28/2021,6/28/2021 16:00,6/28/2021 18:00,90.284,90.0715,2.052097984,0.105789599
52,T2557,6/29/2021,6/29/2021 16:00,6/29/2021 18:00,92.21,91.4325,2.122001656,0.106791757
53,T2557,6/30/2021,6/30/2021 15:00,6/30/2021 17:00,84.74,84.563,1.993278071,0.140098861
54,T2557,7/6/2021,7/6/2021 16:00,7/6/2021 18:00,90.788,90.0865,2.113277988,0.142560215
55,T2557,7/7/2021,7/7/2021 15:00,7/7/2021 17:00,89.222,88.6915,2.081091086,0.156834436
56,T2557,7/26/2021,7/26/2021 16:00,7/26/2021 18:00,89.564,88.998,2.145662967,0.232516043
57,T2557,7/27/2021,7/27/2021 16:00,7/27/2021 18:00,89.546,89.103,2.142369266,0.208468444
58,T2557,8/10/2021,8/10/2021 16:00,8/10/2021 18:00,88.088,87.696,2.153786328,0.302879335
59,T2557,8/11/2021,8/11/2021 16:00,8/11/2021 18:00,92.192,91.8785,2.250246055,0.318331638
60,T2557,8/12/2021,8/12/2021 16:00,8/12/2021 18:00,94.028,93.2345,2.304990761,0.266641754
61,T2557,8/13/2021,8/13/2021 16:00,8/13/2021 17:00,89.564,86.4086,2.213266736,0.124608438
0,T1043,6/18/2018,6/18/2018 15:00,6/18/2018 18:00,86.882,86.42957692,2.325590122,-0.069707077
1,T1043,6/19/2018,6/19/2018 15:00,6/19/2018 18:00,84.452,83.23561538,2.255615174,0.04942637
2,T1043,6/26/2018,6/26/2018 14:00,6/26/2018 15:00,78.296,78.2159,2.223162058,0.03366565
3,T1043,6/29/2018,6/29/2018 16:00,6/29/2018 18:00,88.826,88.213,2.431057825,-0.179556746
4,T1043,7/2/2018,7/2/2018 16:00,7/2/2018 18:00,93.884,92.783,2.567021023,-0.255417748
5,T1043,7/3/2018,7/3/2018 16:00,7/3/2018 18:00,95.216,93.9605,2.569253429,-0.212063944
6,T1043,7/5/2018,7/5/2018 15:00,7/5/2018 17:00,89.33,89.142,2.468888174,-0.087865008
7,T1043,7/16/2018,7/16/2018 16:00,7/16/2018 18:00,90.878,89.349,2.598427526,-0.099893464
8,T1043,8/6/2018,8/6/2018 14:00,8/6/2018 18:00,88.862,87.97920588,2.608255142,0.350854196
9,T1043,8/27/2018,8/27/2018 16:00,8/27/2018 18:00,87.656,86.2765,2.636166878,0.100720105
10,T1043,8/28/2018,8/28/2018 15:00,8/28/2018 18:00,91.778,90.13619231,2.771147749,0.091595776
11,T1043,8/28/2018,8/28/2018 17:00,8/28/2018 18:00,91.778,89.4749,2.771147749,-0.070729767
12,T1043,8/29/2018,8/29/2018 15:00,8/29/2018 17:00,92.3,91.5165,2.788241396,0.064919457
13,T1043,6/26/2019,6/26/2019 16:00,6/26/2019 18:00,86.792,86.5065,2.522117852,0.084330806
14,T1043,6/27/2019,6/27/2019 14:00,6/27/2019 15:00,89.096,88.943,2.596448436,-0.072950198
15,T1043,6/27/2019,6/27/2019 16:00,6/27/2019 18:00,89.096,88.7015,2.596448436,0.041438029
16,T1043,6/28/2019,6/28/2019 15:00,6/28/2019 17:00,89.294,88.847,2.603151355,-0.088711617
17,T1043,7/2/2019,7/2/2019 16:00,7/2/2019 18:00,90.068,88.008,2.64512008,-0.143520309
18,T1043,7/3/2019,7/3/2019 16:00,7/3/2019 18:00,87.926,86.8895,2.60401102,-0.025309661
19,T1043,7/10/2019,7/10/2019 16:00,7/10/2019 18:00,84.722,84.0845,2.5539034,0.007584198
20,T1043,7/15/2019,7/15/2019 16:00,7/15/2019 18:00,84.488,84.3275,2.558423538,0.175871306
21,T1043,7/16/2019,7/16/2019 16:00,7/16/2019 18:00,89.492,88.3275,2.737303319,0.186572003
22,T1043,7/17/2019,7/17/2019 16:00,7/17/2019 18:00,92.336,90.73,2.837089727,0.094736883
23,T1043,7/18/2019,7/18/2019 16:00,7/18/2019 18:00,85.856,81.401,2.572218894,0.475635636
24,T1043,7/19/2019,7/19/2019 16:00,7/19/2019 18:00,92.948,92.1895,2.850425238,0.401451682
25,T1043,7/29/2019,7/29/2019 16:00,7/29/2019 18:00,90.266,89.27,2.723850579,0.219470226
26,T1043,8/19/2019,8/19/2019 3:00,8/19/2019 5:00,91.274,73.3815,2.715281982,-0.098342783
27,T1043,8/20/2019,8/20/2019 16:00,8/20/2019 18:00,91.454,88.274,2.704677595,0.207096454
28,T1043,6/18/2020,6/18/2020 16:30,6/18/2020 17:00,80.384,79.4045,1.887025395,0.31601197
29,T1043,6/22/2020,6/22/2020 16:00,6/22/2020 18:00,87.764,85.5585,1.983462248,0.012195204
30,T1043,6/23/2020,6/23/2020 16:00,6/23/2020 18:00,87.656,87.1065,1.981719255,0.356748238
31,T1043,6/25/2020,6/25/2020 14:00,6/25/2020 15:00,83.246,82.9958,1.920183402,0.490314672
32,T1043,6/26/2020,6/26/2020 16:00,6/26/2020 18:00,85.226,84.099,1.95341082,0.334906216
33,T1043,6/29/2020,6/29/2020 16:00,6/29/2020 18:00,87.818,87.5025,2.044035934,0.395020665
34,T1043,7/1/2020,7/1/2020 16:00,7/1/2020 18:00,84.074,81.5735,1.978327644,0.287410248
35,T1043,7/2/2020,7/2/2020 16:00,7/2/2020 18:00,89.762,88.5265,2.099863473,0.947804996
36,T1043,7/3/2020,7/3/2020 16:00,7/3/2020 18:00,94.532,92.8745,2.19366147,0.54271852
37,T1043,7/6/2020,7/6/2020 15:00,7/6/2020 17:00,91.13,90.767,2.151470327,0.547362288
38,T1043,7/7/2020,7/7/2020 15:00,7/7/2020 17:00,86.306,85.654,2.049129294,0.525571512
39,T1043,7/8/2020,7/8/2020 16:00,7/8/2020 18:00,89.276,87.6895,2.113451223,0.546887696
40,T1043,7/9/2020,7/9/2020 15:00,7/9/2020 17:00,89.924,88.967,2.126739453,0.471503288
41,T1043,7/15/2020,7/15/2020 16:00,7/15/2020 18:00,87.944,86.3755,2.13318458,0.448933052
42,T1043,7/20/2020,7/20/2020 15:00,7/20/2020 17:00,95.882,95.5785,2.411632881,0.350192726
43,T1043,7/21/2020,7/21/2020 16:00,7/21/2020 18:00,94.298,92.922,2.370073739,0.424971597
44,T1043,7/22/2020,7/22/2020 16:00,7/22/2020 18:00,91.868,85.309,2.299234206,0.381197606
45,T1043,7/27/2020,7/27/2020 15:00,7/27/2020 17:00,94.028,93.82,2.430056555,0.512292833
46,T1043,7/28/2020,7/28/2020 16:00,7/28/2020 18:00,90.878,89.074,2.341307378,0.509930746
47,T1043,7/29/2020,7/29/2020 16:00,7/29/2020 18:00,91.004,89.1395,2.344867517,0.574315665
48,T1043,8/10/2020,8/10/2020 16:00,8/10/2020 18:00,90.626,89.4,2.426295512,0.651102476
49,T1043,8/25/2020,8/25/2020 16:00,8/25/2020 18:00,91.022,89.623,2.493491503,0.852567424
50,T1043,8/27/2020,8/27/2020 16:00,8/27/2020 18:00,91.256,89.539,2.501489084,0.793613448
51,T1043,5/25/2021,5/25/2021 13:00,5/25/2021 13:30,73.724,68.198,1.600975998,0.004701553
52,T1043,5/26/2021,5/26/2021 13:00,5/26/2021 13:30,87.368,84.533,1.716785575,-0.285679764
53,T1043,6/24/2021,6/24/2021 14:00,6/24/2021 15:00,78.242,77.9252,1.948259382,0.604615055
54,T1043,6/28/2021,6/28/2021 16:00,6/28/2021 18:00,89.906,88.9615,2.361369738,0.594489927
55,T1043,6/29/2021,6/29/2021 16:00,6/29/2021 18:00,91.544,90.746,2.414033201,0.596990298
56,T1043,6/30/2021,6/30/2021 15:00,6/30/2021 17:00,93.56,93.3105,2.476781564,0.578164132
57,T1043,7/6/2021,7/6/2021 16:00,7/6/2021 18:00,92.048,91.04,2.435878561,0.591172012
58,T1043,7/7/2021,7/7/2021 15:00,7/7/2021 17:00,92.786,91.7785,2.471921247,0.555818511
59,T1043,7/13/2021,7/13/2021 16:00,7/13/2021 18:00,91.724,91.113,2.501094472,0.625235223
60,T1043,7/26/2021,7/26/2021 16:00,7/26/2021 18:00,90.14,89.247,2.444092168,0.694926643
61,T1043,7/27/2021,7/27/2021 16:00,7/27/2021 18:00,91.454,90.663,2.507881189,0.726780725
62,T1043,8/10/2021,8/10/2021 16:00,8/10/2021 18:00,91.292,90.263,2.535209939,0.702015423
63,T1043,8/11/2021,8/11/2021 16:00,8/11/2021 18:00,92.552,90.8825,2.587733916,0.726627628
64,T1043,8/12/2021,8/12/2021 16:00,8/12/2021 18:00,94.19,93.0575,2.66999231,0.726349061
65,T1043,8/13/2021,8/13/2021 15:00,8/13/2021 17:00,93.83,93.593,2.651769456,0.777329333
66,T1043,8/13/2021,8/13/2021 15:00,8/13/2021 17:00,93.83,93.593,2.651769456,0.777329333
67,T1043,8/13/2021,8/13/2021 15:00,8/13/2021 17:00,93.83,93.593,2.651769456,0.777329333
68,T1043,8/13/2021,8/13/2021 15:00,8/13/2021 17:00,93.83,93.593,2.651769456,0.777329333
0,T1257,6/18/2018,6/18/2018 15:00,6/18/2018 18:00,91.13,87.95576923,2.70172345,0.070640221
1,T1257,6/19/2018,6/19/2018 15:00,6/19/2018 18:00,86.162,78.97653846,2.556734031,0.111464985
2,T1257,6/26/2018,6/26/2018 14:00,6/26/2018 15:00,79.412,78.8225,2.512492348,0.22189476
3,T1257,6/29/2018,6/29/2018 16:00,6/29/2018 18:00,87.692,87.279,2.677934413,0.219144061
4,T1257,7/2/2018,7/2/2018 16:00,7/2/2018 18:00,93.83,92.3215,2.850996241,0.178866255
5,T1257,7/3/2018,7/3/2018 16:00,7/3/2018 18:00,94.424,93.485,2.83781434,0.344098031
6,T1257,7/5/2018,7/5/2018 15:00,7/5/2018 17:00,90.77,89.759,2.758235661,0.324603055
7,T1257,7/16/2018,7/16/2018 16:00,7/16/2018 18:00,92.93,92.2025,2.805376953,0.354170164
8,T1257,8/6/2018,8/6/2018 14:00,8/6/2018 18:00,89.816,87.83970588,2.764287389,0.358430816
9,T1257,8/27/2018,8/27/2018 16:00,8/27/2018 18:00,89.762,87.171,2.773671781,0.303496921
10,T1257,8/28/2018,8/28/2018 15:00,8/28/2018 18:00,92.786,91.47719231,2.867421033,0.359111938
11,T1257,8/28/2018,8/28/2018 17:00,8/28/2018 18:00,92.786,90.9725,2.867421033,0.139923878
12,T1257,8/29/2018,8/29/2018 15:00,8/29/2018 17:00,91.886,91.5025,2.840310176,0.247783279
13,T1257,6/26/2019,6/26/2019 16:00,6/26/2019 18:00,89.672,87.7065,2.370121981,0.427053557
14,T1257,6/27/2019,6/27/2019 14:00,6/27/2019 15:00,89.852,88.3805,2.371532685,0.354983358
15,T1257,6/27/2019,6/27/2019 16:00,6/27/2019 18:00,89.852,80.8935,2.371532685,0.266962459
16,T1257,6/28/2019,6/28/2019 15:00,6/28/2019 17:00,89.366,88.2815,2.367479732,0.358979924
17,T1257,7/2/2019,7/2/2019 16:00,7/2/2019 18:00,91.508,90.107,2.435609803,0.40483857
18,T1257,7/3/2019,7/3/2019 16:00,7/3/2019 18:00,89.87,83.638,2.397746107,0.355498274
19,T1257,7/10/2019,7/10/2019 16:00,7/10/2019 18:00,86.468,86.0305,2.366013004,0.41278635
20,T1257,7/15/2019,7/15/2019 16:00,7/15/2019 18:00,86.9,86.811,2.39079129,0.453818053
21,T1257,7/16/2019,7/16/2019 16:00,7/16/2019 18:00,88.322,85.6195,2.44738427,0.416751231
22,T1257,7/17/2019,7/17/2019 16:00,7/17/2019 18:00,92.588,78.3505,2.566665387,0.292323105
23,T1257,7/18/2019,7/18/2019 16:00,7/18/2019 18:00,90.05,88.206,2.479764275,0.473716103
24,T1257,7/19/2019,7/19/2019 16:00,7/19/2019 18:00,95.45,94.0885,2.640381404,0.475923859
25,T1257,7/29/2019,7/29/2019 16:00,7/29/2019 18:00,89.924,88.7845,2.536959303,0.485412264
26,T1257,8/19/2019,8/19/2019 3:00,8/19/2019 5:00,90.806,68.5135,2.554857053,-0.101093656
27,T1257,8/20/2019,8/20/2019 16:00,8/20/2019 18:00,90.824,83.9285,2.583454626,0.386093587
28,T1257,6/18/2020,6/18/2020 16:30,6/18/2020 17:00,78.998,78.8705,2.04593021,0.336105344
29,T1257,6/22/2020,6/22/2020 16:00,6/22/2020 18:00,87.188,79.2005,2.340489329,0.372189686
30,T1257,6/23/2020,6/23/2020 16:00,6/23/2020 18:00,85.766,84.2245,2.28446747,0.435469297
31,T1257,6/25/2020,6/25/2020 14:00,6/25/2020 15:00,82.166,81.9104,2.192740645,0.45655509
32,T1257,6/26/2020,6/26/2020 16:00,6/26/2020 18:00,86.594,85.7585,2.319931775,0.481608033
33,T1257,6/29/2020,6/29/2020 16:00,6/29/2020 18:00,88.79,88.239,2.406421927,0.469513869
34,T1257,7/1/2020,7/1/2020 16:00,7/1/2020 18:00,85.046,83.724,2.314715662,0.444523916
35,T1257,7/2/2020,7/2/2020 16:00,7/2/2020 18:00,89.492,88.5615,2.459214289,0.52694195
36,T1257,7/3/2020,7/3/2020 16:00,7/3/2020 18:00,93.74,92.2365,2.602967308,0.396054319
37,T1257,7/6/2020,7/6/2020 15:00,7/6/2020 17:00,93.47,93.2905,2.627684914,0.363023517
38,T1257,7/7/2020,7/7/2020 15:00,7/7/2020 17:00,86.882,86.323,2.382139708,0.394414833
39,T1257,7/8/2020,7/8/2020 16:00,7/8/2020 18:00,91.166,89.5325,2.541080174,0.306537965
40,T1257,7/9/2020,7/9/2020 15:00,7/9/2020 17:00,90.932,90.2465,2.533758577,0.372999953
41,T1257,7/15/2020,7/15/2020 16:00,7/15/2020 18:00,90.626,88.875,2.553106627,0.447821823
42,T1257,7/20/2020,7/20/2020 15:00,7/20/2020 17:00,96.368,96.015,2.79840967,0.388014192
43,T1257,7/21/2020,7/21/2020 16:00,7/21/2020 18:00,92.174,88.5555,2.673546061,0.463124784
44,T1257,7/22/2020,7/22/2020 16:00,7/22/2020 18:00,91.382,78.2925,2.645590594,0.31959738
45,T1257,7/27/2020,7/27/2020 15:00,7/27/2020 17:00,94.946,94.713,2.78433437,0.525072238
46,T1257,7/28/2020,7/28/2020 16:00,7/28/2020 18:00,87.674,84.487,2.546663127,0.435124163
47,T1257,7/29/2020,7/29/2020 16:00,7/29/2020 18:00,91.526,89.094,2.657480703,0.570307669
48,T1257,8/10/2020,8/10/2020 16:00,8/10/2020 18:00,91.634,90.7845,2.693803829,0.592217348
49,T1257,8/25/2020,8/25/2020 16:00,8/25/2020 18:00,90.464,88.5005,2.695199682,0.698337323
50,T1257,8/27/2020,8/27/2020 16:00,8/27/2020 18:00,91.85,87.236,2.766772638,0.572639326
51,T1257,5/25/2021,5/25/2021 13:00,5/25/2021 13:30,78.836,70.79,2.145834909,0.175787967
52,T1257,5/26/2021,5/26/2021 13:00,5/26/2021 13:30,87.602,87.35,2.321024204,0.21704132
53,T1257,6/24/2021,6/24/2021 14:00,6/24/2021 15:00,79.484,78.2798,2.305969265,0.669993401
54,T1257,6/28/2021,6/28/2021 16:00,6/28/2021 18:00,91.706,91.005,2.816449349,0.477228644
55,T1257,6/29/2021,6/29/2021 16:00,6/29/2021 18:00,93.362,92.7935,2.854487191,0.49153958
56,T1257,6/30/2021,6/30/2021 15:00,6/30/2021 17:00,93.992,92.6005,2.901908818,0.570176219
57,T1257,7/6/2021,7/6/2021 16:00,7/6/2021 18:00,94.496,93.714,2.888199949,0.561824598
58,T1257,7/13/2021,7/13/2021 16:00,7/13/2021 18:00,92.93,91.986,2.918936804,0.683883644
59,T1257,7/16/2021,7/16/2021 15:00,7/16/2021 17:00,93.254,93.105,2.943249276,0.72512358
60,T1257,7/26/2021,7/26/2021 16:00,7/26/2021 18:00,90.77,88.281,2.85909614,0.85762321
61,T1257,7/27/2021,7/27/2021 16:00,7/27/2021 18:00,92.372,91.6915,2.879665162,1.006422593
62,T1257,8/10/2021,8/10/2021 16:00,8/10/2021 18:00,94.334,88.4335,2.978438745,0.852404298
63,T1257,8/11/2021,8/11/2021 16:00,8/11/2021 18:00,94.1,86.696,2.979153359,0.900700446
64,T1257,8/12/2021,8/12/2021 16:00,8/12/2021 18:00,97.646,96.863,3.058475502,0.731598651
65,T1257,8/13/2021,8/13/2021 15:00,8/13/2021 17:00,95.054,89.514,3.017027896,0.879454131
0,T0699,7/16/2018,7/16/2018 16:00,7/16/2018 20:00,101.894,101.0286765,3.075934704,0.593051037
1,T0699,7/31/2018,7/31/2018 16:00,7/31/2018 20:00,101.948,100.8108235,3.178608274,0.57338558
2,T0699,7/12/2019,7/12/2019 16:00,7/12/2019 20:00,98.186,97.32305882,2.308190436,0.315603756
3,T0699,7/22/2019,7/22/2019 16:00,7/22/2019 20:00,102.128,101.4011176,2.44981044,0.212146229
4,T0699,8/6/2019,8/6/2019 16:00,8/6/2019 20:00,101.588,100.3708824,2.55635019,0.075605017
5,T0699,6/28/2021,6/28/2021 16:00,6/28/2021 20:00,104.72,101.4696765,2.472551439,0.598093206
6,T0699,7/16/2021,7/16/2021 16:00,7/16/2021 20:00,100.832,97.85511765,2.462757394,0.510319133
7,T0699,7/26/2021,7/26/2021 16:00,7/26/2021 20:00,100.976,97.14623529,2.494685686,0.487400179
8,T0699,8/12/2021,8/12/2021 16:00,8/12/2021 20:00,105.44,102.2037059,2.66187842,0.661334385
0,T2206,7/16/2018,7/16/2018 16:00,7/16/2018 20:00,96.638,93.85011765,2.229824456,0.196739846
1,T2206,7/31/2018,7/31/2018 16:00,7/31/2018 20:00,93.056,92.31694118,2.190467606,0.266744887
2,T2206,7/12/2019,7/12/2019 16:00,7/12/2019 20:00,96.422,94.42744118,2.080963891,0.058941811
3,T2206,7/22/2019,7/22/2019 16:00,7/22/2019 20:00,98.474,97.15761765,2.183998398,0.214883799
4,T2206,8/6/2019,8/6/2019 16:00,8/6/2019 20:00,97.79,96.05988235,2.28755934,0.148362668
5,T2206,7/16/2020,7/16/2020 16:00,7/16/2020 20:00,95.324,94.12302941,1.883651053,0.190903389
6,T2206,7/30/2020,7/30/2020 16:00,7/30/2020 20:00,102.758,100.9889706,2.107061431,0.289280157
7,T2206,8/5/2020,8/5/2020 16:00,8/5/2020 20:00,97.412,94.71755882,2.025290165,0.321774667
8,T2206,6/28/2021,6/28/2021 16:00,6/28/2021 20:00,102.2,101.0503824,2.165008237,0.256577659
9,T2206,7/16/2021,7/16/2021 16:00,7/16/2021 20:00,97.106,95.42061765,2.189044362,0.310369397
10,T2206,7/26/2021,7/26/2021 16:00,7/26/2021 20:00,99.104,96.59591176,2.289865767,0.471969889
11,T2206,8/12/2021,8/12/2021 16:00,8/12/2021 20:00,102.344,100.4746471,2.396864783,0.457221415
0,T0833,6/18/2020,6/18/2020 16:30,6/18/2020 17:00,84.362,82.82,2.376989384,0.226822997
1,T0833,6/22/2020,6/22/2020 15:00,6/22/2020 17:00,81.356,78.527,2.395815772,0.071714587
2,T0833,6/23/2020,6/23/2020 15:00,6/23/2020 17:00,76.208,75.1185,2.304243,0.290899645
3,T0833,6/25/2020,6/25/2020 13:00,6/25/2020 14:00,81.968,80.1482,2.412514283,0.203223307
4,T0833,6/26/2020,6/26/2020 15:00,6/26/2020 17:00,84.632,83.7965,2.459528539,0.129238244
5,T0833,6/29/2020,6/29/2020 15:00,6/29/2020 17:00,87.206,83.9505,2.51549493,0.161118085
6,T0833,7/1/2020,7/1/2020 15:00,7/1/2020 17:00,84.722,83.2835,2.519793353,0.166590011
7,T0833,7/2/2020,7/2/2020 15:00,7/2/2020 17:00,86.198,85.1225,2.548070127,0.105189395
8,T0833,7/3/2020,7/3/2020 15:00,7/3/2020 17:00,88.412,87.3285,2.592252585,0.177617
10,T0833,7/6/2020,7/6/2020 14:00,7/6/2020 16:00,90.194,89.987,2.679329102,0.268885875
11,T0833,7/7/2020,7/7/2020 14:00,7/7/2020 16:00,90.914,90.522,2.697435799,0.210844364
12,T0833,7/8/2020,7/8/2020 15:00,7/8/2020 17:00,89.33,88.4315,2.663533899,0.274194211
13,T0833,7/9/2020,7/9/2020 14:00,7/9/2020 16:00,89.204,88.427,2.641959963,0.161035411
14,T0833,7/15/2020,7/15/2020 15:00,7/15/2020 17:00,85.982,80.6135,2.591306086,-0.051818662
15,T0833,7/20/2020,7/20/2020 14:00,7/20/2020 16:00,82.778,82.235,2.596870136,0.080582605
16,T0833,7/21/2020,7/21/2020 15:00,7/21/2020 17:00,82.562,81.955,2.591459309,0.12202852
17,T0833,7/22/2020,7/22/2020 15:00,7/22/2020 17:00,84.542,84.34,2.648272997,0.070833546
18,T0833,7/27/2020,7/27/2020 14:00,7/27/2020 16:00,84.542,84.3275,2.675579788,0.183650402
19,T0833,7/28/2020,7/28/2020 15:00,7/28/2020 17:00,86.792,86.498,2.730225492,0.243236266
20,T0833,7/29/2020,7/29/2020 15:00,7/29/2020 17:00,86.054,83.536,2.715418269,0.190031326
21,T0833,8/10/2020,8/10/2020 15:00,8/10/2020 17:00,88.358,83.8335,2.814693524,0.354595313
22,T0833,8/25/2020,8/25/2020 15:00,8/25/2020 17:00,84.452,83.7685,2.665777093,0.262659329
23,T0833,8/27/2020,8/27/2020 15:00,8/27/2020 17:00,91.112,90.0245,2.896886848,0.120275942
24,T0833,5/25/2021,5/25/2021 12:00,5/25/2021 12:30,84.254,83.093,2.131168049,0.03485779
25,T0833,5/26/2021,5/26/2021 12:00,5/26/2021 12:30,78.638,77.864,2.075636226,0.123127747
26,T0833,6/24/2021,6/24/2021 13:00,6/24/2021 14:00,79.214,77.0675,2.209636396,0.263053954
27,T0833,6/28/2021,6/28/2021 15:00,6/28/2021 17:00,74.966,73.269,2.183618448,0.195290796
28,T0833,6/29/2021,6/29/2021 15:00,6/29/2021 17:00,80.132,79.831,2.273242167,0.098479412
29,T0833,6/30/2021,6/30/2021 14:00,6/30/2021 16:00,81.302,80.3645,2.288342539,0.114159456
30,T0833,7/6/2021,7/6/2021 15:00,7/6/2021 17:00,90.338,89.698,2.499220352,0.229199389
31,T0833,7/7/2021,7/7/2021 14:00,7/7/2021 16:00,82.832,79.4105,2.355474531,0.134747654
32,T0833,7/26/2021,7/26/2021 15:00,7/26/2021 17:00,91.85,91.5855,2.668589841,0.403845175
33,T0833,7/27/2021,7/27/2021 15:00,7/27/2021 17:00,89.762,89.451,2.615666978,0.379734716
34,T0833,7/28/2021,7/28/2021 15:00,7/28/2021 17:00,88.268,88.064,2.581609102,0.226275483
35,T0833,8/10/2021,8/10/2021 15:00,8/10/2021 17:00,91.958,91.617,2.736007213,0.324037906
36,T0833,8/11/2021,8/11/2021 15:00,8/11/2021 17:00,88.664,88.003,2.630235767,0.426395686
37,T0833,8/12/2021,8/12/2021 15:00,8/12/2021 17:00,88.466,86.8445,2.674433673,0.402376385
38,T0833,8/13/2021,8/13/2021 15:00,8/13/2021 16:00,81.518,81.221,2.477783117,0.315503471
0,T0924,7/16/2019,7/16/2019 15:30,7/16/2019 16:00,84.722,84.4145,2.654062598,0.529913744
1,T0924,8/20/2019,8/20/2019 15:00,8/20/2019 17:00,83.372,82.956,2.71966699,0.700911554
2,T0924,6/10/2021,6/10/2021 16:00,6/10/2021 18:30,88.772,87.18718182,2.428034824,-0.109995175
0,T1318,6/18/2018,6/18/2018 15:00,6/18/2018 18:00,95.324,92.44815385,1.99584867,-0.271518006
1,T1318,7/2/2018,7/2/2018 15:00,7/2/2018 18:00,95.45,95.07719231,2.162271368,-0.064247869
2,T1318,7/3/2018,7/3/2018 15:00,7/3/2018 18:00,92.894,90.13584615,2.112605959,0.022424238
3,T1318,7/16/2018,7/16/2018 15:00,7/16/2018 18:00,91.112,89.65123077,2.219617382,0.194155546
4,T1318,8/6/2018,8/6/2018 15:00,8/6/2018 18:00,91.4,90.89011538,2.37226764,0.265959513
5,T1318,8/28/2018,8/28/2018 15:00,8/28/2018 18:00,93.506,93.21211538,2.540363395,0.415914424
6,T1318,8/28/2018,8/28/2018 15:00,8/28/2018 19:00,93.506,92.48688235,2.540363395,0.274633349
7,T1318,8/29/2018,8/29/2018 14:00,8/29/2018 17:00,93.506,93.3935,2.558183268,0.403417198
8,T1318,8/29/2018,8/29/2018 15:00,8/29/2018 19:00,93.506,91.99029412,2.558183268,0.252711017
9,T1318,8/30/2018,8/30/2018 16:00,8/30/2018 17:00,86.792,86.4311,2.297101979,0.168124146
10,T1318,9/5/2018,9/5/2018 14:00,9/5/2018 18:00,92.732,91.39708824,2.50176034,0.437408923
12,T1318,6/27/2019,6/27/2019 16:00,6/27/2019 18:00,87.422,86.013,2.122706154,0.108963907
13,T1318,6/28/2019,6/28/2019 16:00,6/28/2019 18:00,87.62,87.562,2.12582346,0.082196943
14,T1318,7/10/2019,7/10/2019 16:00,7/10/2019 18:00,87.494,86.83,2.248428577,0.190680953
15,T1318,7/17/2019,7/17/2019 16:00,7/17/2019 18:00,89.132,76.052,2.355303986,0.074988036
16,T1318,7/19/2019,7/19/2019 14:00,7/19/2019 18:00,94.478,92.04455882,2.448689926,0.125793393
17,T1318,7/19/2019,7/19/2019 16:00,7/19/2019 18:00,94.478,93.2535,2.448689926,0.056174132
18,T1318,7/29/2019,7/29/2019 16:00,7/29/2019 18:00,89.186,84.5395,2.389839863,0.237978106
19,T1318,7/30/2019,7/30/2019 15:00,7/30/2019 19:00,92.606,88.05279412,2.47542486,0.314660581
20,T1318,8/22/2019,8/22/2019 16:00,8/22/2019 17:00,83.714,75.1325,2.356295931,0.012582843
22,T1318,6/22/2020,6/22/2020 16:00,6/22/2020 18:00,90.86,89.53,2.218826057,0.502061538
23,T1318,7/6/2020,7/6/2020 16:00,7/6/2020 18:00,88.7,87.2335,2.245617517,0.606342653
24,T1318,7/9/2020,7/9/2020 16:00,7/9/2020 18:00,91.148,89.6145,2.305798961,0.433999307
25,T1318,7/20/2020,7/20/2020 16:00,7/20/2020 18:00,92.192,90.7065,2.377850812,0.49553452
26,T1318,7/27/2020,7/27/2020 16:00,7/27/2020 18:00,95.684,94.4505,2.5099554,0.590671826
27,T1318,8/11/2020,8/11/2020 16:00,8/11/2020 19:00,89.852,88.14303846,2.387393353,0.644280359
28,T1318,8/27/2020,8/27/2020 16:00,8/27/2020 17:00,82.706,72.8591,2.178322518,0.369639426
30,T1318,5/25/2021,5/25/2021 14:00,5/25/2021 14:30,79.52,76.946,1.861521362,0.212935672
31,T1318,5/26/2021,5/26/2021 14:00,5/26/2021 14:30,89.348,87.557,1.965159092,0.159859467
32,T1318,6/30/2021,6/30/2021 17:00,6/30/2021 19:00,92.912,85.0905,2.306486612,0.383219026
33,T1318,7/16/2021,7/16/2021 16:00,7/16/2021 18:00,89.078,83.7505,2.235359247,0.49934352
34,T1318,8/11/2021,8/11/2021 16:00,8/11/2021 18:00,91.616,87.5535,2.364243603,0.5729295
35,T1318,8/12/2021,8/12/2021 16:00,8/12/2021 19:00,94.46,90.63707692,2.442874286,0.497677991
36,T1318,8/12/2021,8/12/2021 16:00,8/12/2021 18:00,94.46,92.3845,2.442874286,0.570549561
37,T1318,8/13/2021,8/13/2021 16:00,8/13/2021 18:00,93.488,92.8445,2.397213747,0.46702757
0,T0158,10/14/2019,10/14/2019 13:00,10/14/2019 16:00,80.51,79.08523077,2.551640271,-0.268899084
1,T0158,10/30/2019,10/30/2019 13:00,10/30/2019 13:30,78.296,77.855,3.170100386,-1.045179761
2,T0158,10/30/2019,10/30/2019 14:00,10/30/2019 14:30,78.296,76.1,3.170100386,-0.883055254
3,T0158,10/30/2019,10/30/2019 16:00,10/30/2019 16:30,78.296,68.009,3.170100386,-0.601448378
4,T0158,5/25/2021,5/25/2021 11:00,5/25/2021 11:30,83.696,81.824,2.751913143,0.026239649
5,T0158,6/9/2021,6/9/2021 16:00,6/9/2021 18:00,89.996,88.938,3.055433112,0.509434082
6,T0158,6/10/2021,6/10/2021 16:00,6/10/2021 18:00,89.294,88.035,3.068164703,0.608700161
7,T0158,6/14/2021,6/14/2021 16:00,6/14/2021 18:00,95.594,95.103,3.231875343,0.726216248
8,T0158,6/15/2021,6/15/2021 15:00,6/15/2021 17:00,94.73,92.8135,3.248244656,0.708017077
9,T0158,6/24/2021,6/24/2021 14:30,6/24/2021 16:30,89.276,87.6075,2.993054662,0.489714423
10,T0158,6/25/2021,6/25/2021 15:30,6/25/2021 17:30,89.33,85.7795,2.993609635,0.27904132
2,T0882,6/6/2018,6/6/2018 15:00,6/6/2018 18:00,91.166,89.85580769,3.036563943,0.022926782
3,T0882,6/7/2018,6/7/2018 15:00,6/7/2018 18:00,91.256,89.55119231,3.059044672,0.011872316
4,T0882,6/22/2018,6/22/2018 15:00,6/22/2018 18:00,88.34,87.72384615,2.951120317,-0.064741343
5,T0882,6/27/2018,6/27/2018 15:00,6/27/2018 18:00,90.428,89.015,3.045544719,-0.030020962
6,T0882,6/28/2018,6/28/2018 15:30,6/28/2018 17:30,88.34,87.8745,2.988639032,-0.053379221
7,T0882,7/2/2018,7/2/2018 16:00,7/2/2018 18:00,90.14,89.297,3.042153064,0.015886751
8,T0882,7/3/2018,7/3/2018 16:00,7/3/2018 18:00,91.004,90.591,3.073861255,0.021315877
9,T0882,7/19/2018,7/19/2018 16:00,7/19/2018 18:00,93.002,91.9235,3.16302,0.049988722
10,T0882,7/23/2018,7/23/2018 15:30,7/23/2018 17:30,96.422,94.426,3.321564591,0.075631253
11,T0882,8/6/2018,8/6/2018 15:30,8/6/2018 17:30,88.268,87.8205,2.920338757,-0.037118331
12,T0882,8/7/2018,8/7/2018 15:30,8/7/2018 17:30,89.384,86.6495,2.979996216,-0.007730097
13,T0882,8/8/2018,8/8/2018 15:30,8/8/2018 17:30,89.798,87.641,2.990372588,-0.020273072
14,T0882,8/16/2018,8/16/2018 15:30,8/16/2018 17:30,90.644,88.489,3.029300235,-0.032590561
15,T0882,8/17/2018,8/17/2018 15:30,8/17/2018 17:30,93.29,91.2985,3.023272824,0.011847016
16,T0882,8/22/2018,8/22/2018 15:30,8/22/2018 17:30,97.412,95.4095,3.132611176,0.044568995
17,T0882,8/23/2018,8/23/2018 15:30,8/23/2018 17:30,93.974,92.1775,3.058263643,0.090769021
18,T0882,8/24/2018,8/24/2018 15:30,8/24/2018 17:30,90.896,90.119,3.028394979,0.035999537
19,T0882,9/18/2018,9/18/2018 15:30,9/18/2018 17:30,91.166,89.979,3.024618443,-0.049058911
20,T0882,9/19/2018,9/19/2018 15:30,9/19/2018 17:30,89.366,88.345,2.951276596,-0.230680148
23,T0882,6/19/2019,6/19/2019 16:00,6/19/2019 17:30,89.672,88.01471429,2.568450472,0.152394215
24,T0882,6/20/2019,6/20/2019 16:00,6/20/2019 18:00,89.006,86.862,2.538157077,-0.39046547
25,T0882,7/9/2019,7/9/2019 16:00,7/9/2019 17:30,90.482,89.00471429,2.646179686,-0.148370386
26,T0882,7/10/2019,7/10/2019 15:00,7/10/2019 17:00,90.392,89.712,2.684165714,-0.142679613
27,T0882,7/30/2019,7/30/2019 15:30,7/30/2019 17:30,97.556,92.7945,2.91974146,0.008691519
28,T0882,7/31/2019,7/31/2019 16:00,7/31/2019 18:00,95.936,90.8635,2.807059137,-0.009538144
29,T0882,8/1/2019,8/1/2019 15:00,8/1/2019 17:00,95.198,91.8375,2.796213694,0.00757351
30,T0882,8/8/2019,8/8/2019 15:00,8/8/2019 17:00,92.804,91.5585,2.723585026,-0.12735331
31,T0882,8/12/2019,8/12/2019 15:00,8/12/2019 17:00,94.352,92.494,2.770042946,-0.081888139
32,T0882,8/15/2019,8/15/2019 15:30,8/15/2019 17:30,93.362,90.809,2.733210144,-0.015683458
33,T0882,9/5/2019,9/5/2019 15:00,9/5/2019 17:00,91.67,90.955,2.650107332,-0.236802626
34,T0882,9/6/2019,9/6/2019 15:00,9/6/2019 17:00,92.426,91.6965,2.65074164,-0.220538908
36,T0882,7/1/2020,7/1/2020 16:00,7/1/2020 18:00,90.428,87.937,2.759485762,0.09611108
37,T0882,7/2/2020,7/2/2020 16:00,7/2/2020 18:00,92.732,90.4965,2.833112642,0.108000417
38,T0882,7/8/2020,7/8/2020 16:00,7/8/2020 18:00,91.526,89.1465,2.820596834,0.105538223
39,T0882,7/9/2020,7/9/2020 16:00,7/9/2020 18:00,91.634,89.2245,2.815738246,0.115779071
40,T0882,7/10/2020,7/10/2020 16:00,7/10/2020 17:00,92.372,91.58,2.8550995,0.593781252
41,T0882,7/13/2020,7/13/2020 16:00,7/13/2020 18:00,93.434,90.9075,2.896113868,0.508552978
42,T0882,7/16/2020,7/16/2020 14:00,7/16/2020 17:00,91.238,90.44461538,2.813177514,0.524144836
43,T0882,8/6/2020,8/6/2020 16:00,8/6/2020 18:00,90.572,89.31,2.791573278,0.226963829
44,T0882,8/11/2020,8/11/2020 16:00,8/11/2020 18:00,91.454,89.7865,2.827811503,0.303829133
45,T0882,8/12/2020,8/12/2020 15:00,8/12/2020 17:00,91.796,91.2765,2.842270933,0.276174942
46,T0882,8/14/2020,8/14/2020 15:00,8/14/2020 17:00,92.498,91.8735,2.865464266,0.446952598
47,T0882,8/20/2020,8/20/2020 14:00,8/20/2020 17:00,90.986,88.4885,2.785115653,0.451378052
48,T0882,9/1/2020,9/1/2020 15:00,9/1/2020 17:00,92.048,90.7375,2.817095335,0.281766111
49,T0882,5/24/2021,5/24/2021 13:00,5/24/2021 13:30,80.618,79.16,2.139075532,0.328697832
50,T0882,6/10/2021,6/10/2021 16:00,6/10/2021 18:00,88.664,87.023,2.380283397,0.156823604
51,T0882,6/14/2021,6/14/2021 16:00,6/14/2021 18:00,93.578,90.022,2.529642415,0.212161604
52,T0882,6/15/2021,6/15/2021 15:00,6/15/2021 17:00,92.588,91.239,2.495061688,0.147817886
53,T0882,6/24/2021,6/24/2021 14:30,6/24/2021 16:30,89.978,89.67,2.40772963,-0.100962421
54,T0882,6/25/2021,6/25/2021 15:30,6/25/2021 17:30,90.176,89.5205,2.418472605,-0.116103729
56,T0882,7/26/2021,7/26/2021 16:00,7/26/2021 18:00,93.326,91.9735,2.701085447,0.174338695
57,T0882,7/29/2021,7/29/2021 15:30,7/29/2021 17:30,90.356,88.7095,2.533161465,0.245821811
58,T0882,7/30/2021,7/30/2021 15:00,7/30/2021 17:00,91.256,90.3925,2.620861605,0.096377334
59,T0882,8/9/2021,8/9/2021 15:30,8/9/2021 17:30,90.878,89.6785,2.617313928,0.14171345
60,T0882,8/10/2021,8/10/2021 15:30,8/10/2021 17:30,91.166,89.893,2.604608143,0.243519275
61,T0882,8/11/2021,8/11/2021 15:30,8/11/2021 17:00,90.95,90.5315,2.634922544,0.29178915
2,T0955,6/6/2018,6/6/2018 15:00,6/6/2018 18:00,94.766,92.42773077,3.518961943,0.368392667
3,T0955,6/7/2018,6/7/2018 15:00,6/7/2018 18:00,92.984,92.53953846,3.429723263,0.159084863
4,T0955,6/22/2018,6/22/2018 15:00,6/22/2018 18:00,94.73,94.09515385,3.518279301,0.482845254
5,T0955,6/27/2018,6/27/2018 15:00,6/27/2018 18:00,94.244,93.86323077,3.519555951,0.15441833
6,T0955,6/28/2018,6/28/2018 15:30,6/28/2018 17:30,92.642,89.8335,3.495171665,0.051007792
7,T0955,7/2/2018,7/2/2018 16:00,7/2/2018 18:00,95.432,94.9085,3.583958259,0.319881076
8,T0955,7/3/2018,7/3/2018 16:00,7/3/2018 18:00,95.828,95.1745,3.588367332,0.26751674
9,T0955,7/19/2018,7/19/2018 16:00,7/19/2018 18:00,97.376,96.928,3.760962329,0.190685941
10,T0955,7/23/2018,7/23/2018 15:30,7/23/2018 17:30,100.958,100.3635,3.922043329,0.378454611
11,T0955,8/6/2018,8/6/2018 15:30,8/6/2018 17:30,90.95,90.1055,3.416948614,-0.005990327
12,T0955,8/7/2018,8/7/2018 15:30,8/7/2018 17:30,91.652,87.4505,3.525195287,0.021239022
13,T0955,8/8/2018,8/8/2018 15:30,8/8/2018 17:30,92.21,80.6135,3.547007045,-0.116665347
14,T0955,8/16/2018,8/16/2018 15:30,8/16/2018 17:30,95.63,94.352,3.661123867,0.399859575
15,T0955,8/17/2018,8/17/2018 15:30,8/17/2018 17:30,97.088,96.2285,3.743073574,0.45210796
16,T0955,8/22/2018,8/22/2018 15:30,8/22/2018 17:30,99.194,98.8815,3.823363991,0.578108622
17,T0955,8/23/2018,8/23/2018 15:30,8/23/2018 17:30,96.26,95.9095,3.692134061,0.506774953
18,T0955,8/24/2018,8/24/2018 15:30,8/24/2018 17:30,96.44,95.4085,3.68928181,0.376237918
19,T0955,9/18/2018,9/18/2018 15:30,9/18/2018 17:30,96.062,94.5205,3.728152129,0.510730225
20,T0955,9/19/2018,9/19/2018 15:30,9/19/2018 17:30,94.604,93.6045,3.672130911,0.495700066
23,T0955,6/19/2019,6/19/2019 16:00,6/19/2019 17:30,95.144,93.76057143,3.503150159,0.084836215
24,T0955,6/20/2019,6/20/2019 16:00,6/20/2019 18:00,94.262,90.731,3.482623405,0.425136079
25,T0955,7/9/2019,7/9/2019 16:00,7/9/2019 17:30,96.224,95.85371429,3.609541828,0.070521604
26,T0955,7/10/2019,7/10/2019 15:00,7/10/2019 17:00,95.342,94.875,3.551740966,0.261573924
27,T0955,7/30/2019,7/30/2019 15:30,7/30/2019 17:30,96.512,94.8675,3.6959965,0.391572138
28,T0955,7/31/2019,7/31/2019 16:00,7/31/2019 18:00,92.642,91.9505,3.487144322,0.243305597
29,T0955,8/1/2019,8/1/2019 15:00,8/1/2019 17:00,93.2,93.0905,3.515658943,0.359965525
30,T0955,8/8/2019,8/8/2019 15:00,8/8/2019 17:00,98.168,97.7735,3.770125777,0.586407645
31,T0955,8/12/2019,8/12/2019 15:00,8/12/2019 17:00,98.636,98.0885,3.800177691,0.387018924
32,T0955,8/15/2019,8/15/2019 15:30,8/15/2019 17:30,96.008,95.8725,3.66209909,0.327519725
33,T0955,9/5/2019,9/5/2019 15:00,9/5/2019 17:00,95.936,95.7335,3.721314299,0.28881204
34,T0955,9/6/2019,9/6/2019 15:00,9/6/2019 17:00,96.692,96.4495,3.75453819,0.315170105
36,T0955,7/1/2020,7/1/2020 16:00,7/1/2020 18:00,93.884,92.752,3.597502424,1.275616106
37,T0955,7/2/2020,7/2/2020 16:00,7/2/2020 18:00,96.782,96.1965,3.726002583,1.277162113
38,T0955,7/8/2020,7/8/2020 16:00,7/8/2020 18:00,95.036,93.612,3.645050435,1.253056853
39,T0955,7/9/2020,7/9/2020 16:00,7/9/2020 18:00,95.396,93.881,3.663221566,1.209213934
40,T0955,7/10/2020,7/10/2020 16:00,7/10/2020 17:00,97.286,97.0187,3.737974658,1.448563148
41,T0955,7/13/2020,7/13/2020 16:00,7/13/2020 18:00,98.69,98.109,3.804512763,1.246671513
42,T0955,7/16/2020,7/16/2020 14:00,7/16/2020 17:00,96.962,96.59992308,3.739261347,1.178177426
43,T0955,8/6/2020,8/6/2020 16:00,8/6/2020 18:00,93.974,93.1715,3.626771248,1.039341213
44,T0955,8/11/2020,8/11/2020 16:00,8/11/2020 18:00,95.486,94.0775,3.718710769,0.990263698
45,T0955,8/12/2020,8/12/2020 15:00,8/12/2020 17:00,96.134,95.8905,3.750440774,1.193348384
46,T0955,8/14/2020,8/14/2020 15:00,8/14/2020 17:00,96.782,96.588,3.786567272,1.130635653
47,T0955,8/20/2020,8/20/2020 14:00,8/20/2020 17:00,95.54,94.955,3.716117008,1.257079404
48,T0955,9/1/2020,9/1/2020 15:00,9/1/2020 17:00,95.126,94.414,3.688984709,1.055158038
49,T0955,5/20/2021,5/20/2021 13:00,5/20/2021 13:30,81.806,79.799,2.737395951,0.685106788
50,T0955,6/9/2021,6/9/2021 16:00,6/9/2021 18:00,92.138,90.8405,3.329306991,1.035768481
51,T0955,6/10/2021,6/10/2021 16:00,6/10/2021 18:00,92.516,90.513,3.404508839,1.090013384
52,T0955,6/14/2021,6/14/2021 16:00,6/14/2021 18:00,96.89,94.5375,3.680431283,1.083818969
53,T0955,6/15/2021,6/15/2021 15:00,6/15/2021 17:00,95.684,93.172,3.610635436,1.000150094
54,T0955,6/16/2021,6/16/2021 14:00,6/16/2021 17:00,95.612,94.93076923,3.606900136,1.038971384
55,T0955,6/24/2021,6/24/2021 14:30,6/24/2021 16:30,92.732,92.4625,3.443610375,1.088343053
56,T0955,6/25/2021,6/25/2021 15:30,6/25/2021 17:30,92.408,90.646,3.429463646,0.805730989
58,T0955,7/26/2021,7/26/2021 16:00,7/26/2021 18:00,97.304,97.0815,3.836730936,1.355134983
59,T0955,7/29/2021,7/29/2021 14:00,7/29/2021 17:00,95.144,94.04046154,3.733725942,1.213029589
60,T0955,7/29/2021,7/29/2021 15:30,7/29/2021 17:30,95.144,93.177,3.733725942,0.911333977
61,T0955,7/30/2021,7/30/2021 15:00,7/30/2021 17:00,94.874,92.384,3.707175517,1.160280304
62,T0955,8/9/2021,8/9/2021 15:30,8/9/2021 17:30,94.622,93.3125,3.691034543,1.048798541
63,T0955,8/10/2021,8/10/2021 15:30,8/10/2021 17:30,94.73,93.1455,3.69929342,0.990224932
64,T0955,8/11/2021,8/11/2021 15:30,8/11/2021 17:00,94.208,90.95578571,3.662718393,1.167394392
3,T1531,6/6/2018,6/6/2018 15:00,6/6/2018 18:00,97.34,96.40019231,3.160143446,0.494187808
4,T1531,6/7/2018,6/7/2018 15:00,6/7/2018 18:00,95.576,95.0585,3.117322255,0.229420439
5,T1531,6/22/2018,6/22/2018 15:00,6/22/2018 18:00,100.958,100.2206923,3.280172565,0.426429047
6,T1531,6/27/2018,6/27/2018 15:00,6/27/2018 18:00,98.996,98.65296154,3.243206997,0.383489807
7,T1531,6/28/2018,6/28/2018 15:30,6/28/2018 17:30,97.718,97.213,3.209530736,0.387572839
8,T1531,7/2/2018,7/2/2018 16:00,7/2/2018 18:00,99.536,99.3665,3.271380131,0.547433118
9,T1531,7/3/2018,7/3/2018 16:00,7/3/2018 18:00,101.426,101.252,3.309182961,0.442272143
10,T1531,7/19/2018,7/19/2018 16:00,7/19/2018 18:00,105.602,105.1305,3.508621019,0.608248435
11,T1531,7/23/2018,7/23/2018 15:30,7/23/2018 17:30,111.794,110.964,3.639099213,0.604966685
12,T1531,8/6/2018,8/6/2018 15:30,8/6/2018 17:30,97.538,97.041,3.156214664,0.350939963
13,T1531,8/7/2018,8/7/2018 15:30,8/7/2018 17:30,97.088,96.691,3.150786583,0.156617078
14,T1531,8/8/2018,8/8/2018 15:30,8/8/2018 17:30,98.762,98.2775,3.198419418,0.537921256
15,T1531,8/16/2018,8/16/2018 15:30,8/16/2018 17:30,98.762,97.7455,3.180637715,0.414790951
16,T1531,8/17/2018,8/17/2018 15:30,8/17/2018 17:30,99.662,99.4005,3.225917211,0.529743676
17,T1531,8/22/2018,8/22/2018 15:30,8/22/2018 17:30,97.628,97.293,3.168354534,0.592480014
18,T1531,8/23/2018,8/23/2018 15:30,8/23/2018 17:30,99.788,99.4675,3.220736705,0.621116004
19,T1531,8/24/2018,8/24/2018 15:30,8/24/2018 17:30,99.968,99.2125,3.217145991,0.407401472
20,T1531,9/18/2018,9/18/2018 15:30,9/18/2018 17:30,94.388,93.8675,3.074181802,0.51341583
21,T1531,9/19/2018,9/19/2018 15:30,9/19/2018 17:30,94.766,93.9075,3.084022373,0.56695999
22,T1531,6/19/2019,6/19/2019 16:00,6/19/2019 17:30,94.676,93.91228571,2.961611428,-0.158488336
23,T1531,6/20/2019,6/20/2019 16:00,6/20/2019 18:00,93.812,93.17,2.942897489,-0.27552894
24,T1531,6/28/2019,6/28/2019 14:00,6/28/2019 17:00,91.166,90.44807692,2.869773863,0.029920003
25,T1531,7/9/2019,7/9/2019 16:00,7/9/2019 17:30,95.036,94.94342857,3.060315973,0.295577637
26,T1531,7/10/2019,7/10/2019 15:00,7/10/2019 17:00,95.324,94.8715,3.057138715,-0.018077351
27,T1531,7/30/2019,7/30/2019 15:30,7/30/2019 17:30,97.628,94.5975,3.171518092,0.305606645
28,T1531,7/31/2019,7/31/2019 16:00,7/31/2019 18:00,97.376,97.0285,3.136839298,0.369889213
29,T1531,8/1/2019,8/1/2019 15:00,8/1/2019 17:00,95.378,95.156,3.10397982,0.27129685
30,T1531,8/8/2019,8/8/2019 15:00,8/8/2019 17:00,97.862,95.6805,3.168676739,0.120726026
31,T1531,8/12/2019,8/12/2019 15:00,8/12/2019 17:00,99.554,99.0985,3.219546976,0.348680974
32,T1531,9/5/2019,9/5/2019 15:00,9/5/2019 17:00,97.556,97.1105,3.184224331,0.292170008
33,T1531,9/6/2019,9/6/2019 15:00,9/6/2019 17:00,99.104,98.2995,3.252176229,0.43540642
34,T1531,5/4/2020,5/4/2020 17:00,5/4/2020 17:30,92.57,92.561,2.498310162,-0.373293576
35,T1531,6/18/2020,6/18/2020 15:00,6/18/2020 18:00,93.632,93.19446154,2.624492375,0.655066773
36,T1531,7/1/2020,7/1/2020 16:00,7/1/2020 18:00,94.64,94.17,2.764434174,0.779163778
37,T1531,7/2/2020,7/2/2020 16:00,7/2/2020 18:00,97.448,96.575,2.807077615,0.910188738
38,T1531,7/8/2020,7/8/2020 16:00,7/8/2020 18:00,94.19,93.8235,2.802313586,0.859674376
39,T1531,7/9/2020,7/9/2020 16:00,7/9/2020 18:00,97.142,96.753,2.848664984,0.878374833
40,T1531,7/10/2020,7/10/2020 16:00,7/10/2020 17:00,97.196,96.8495,2.845706384,1.126045378
41,T1531,7/13/2020,7/13/2020 16:00,7/13/2020 18:00,103.604,103.0725,3.137415157,0.986688005
42,T1531,8/6/2020,8/6/2020 16:00,8/6/2020 18:00,99.284,98.7505,3.195452426,0.896190452
43,T1531,8/11/2020,8/11/2020 16:00,8/11/2020 18:00,99.698,99.557,3.232001286,1.119705728
44,T1531,8/12/2020,8/12/2020 15:00,8/12/2020 17:00,101.66,100.938,3.334322061,1.069459101
45,T1531,8/14/2020,8/14/2020 15:00,8/14/2020 17:00,105.224,104.412,3.527875191,1.093075126
46,T1531,9/1/2020,9/1/2020 15:00,9/1/2020 17:00,98.33,97.8185,3.16592941,1.030225967
47,T1531,6/9/2021,6/9/2021 16:00,6/9/2021 18:00,90.644,90.492,2.933479937,0.909942921
48,T1531,6/10/2021,6/10/2021 16:00,6/10/2021 18:00,90.734,90.496,2.923193035,0.869301359
49,T1531,6/14/2021,6/14/2021 16:00,6/14/2021 18:00,94.208,91.5755,2.875118228,0.983506915
50,T1531,6/15/2021,6/15/2021 15:00,6/15/2021 17:00,93.632,93.48,3.046550303,1.161603903
51,T1531,6/17/2021,6/17/2021 15:00,6/17/2021 18:00,95.414,95.027,3.055840383,1.030922628
52,T1531,6/24/2021,6/24/2021 14:30,6/24/2021 16:30,95.342,94.52,3.11586691,1.097206965
53,T1531,6/25/2021,6/25/2021 15:30,6/25/2021 17:30,94.676,94.4775,3.106369152,1.062629649
55,T1531,7/26/2021,7/26/2021 16:00,7/26/2021 18:00,97.484,97.01,3.291966628,1.329022086
56,T1531,7/27/2021,7/27/2021 16:00,7/27/2021 18:00,96.8,96.384,3.270445276,1.327013068
57,T1531,7/29/2021,7/29/2021 15:30,7/29/2021 17:30,95.252,94.69,3.198567715,1.320223271
58,T1531,7/30/2021,7/30/2021 15:00,7/30/2021 17:00,95.576,93.8225,3.251697514,1.24140529
59,T1531,8/9/2021,8/9/2021 15:30,8/9/2021 17:30,95.72,95.485,3.32386905,1.172341275
60,T1531,8/11/2021,8/11/2021 15:30,8/11/2021 17:00,96.638,96.2195,3.332020127,1.189843685
1,T2374,6/6/2018,6/6/2018 15:00,6/6/2018 18:00,96.692,94.92626923,2.913264281,0.293257967
2,T2374,6/7/2018,6/7/2018 15:00,6/7/2018 18:00,94.946,93.89819231,2.87825565,0.340454991
3,T2374,6/22/2018,6/22/2018 15:00,6/22/2018 18:00,99.716,99.07042308,2.995359902,0.425712298
4,T2374,6/27/2018,6/27/2018 15:00,6/27/2018 18:00,98.528,98.02815385,2.97164717,0.395085748
5,T2374,6/28/2018,6/28/2018 15:30,6/28/2018 17:30,96.116,95.916,2.906899443,0.311185148
6,T2374,7/2/2018,7/2/2018 16:00,7/2/2018 18:00,99.23,98.9305,2.973708495,0.442718908
7,T2374,7/3/2018,7/3/2018 16:00,7/3/2018 18:00,101.318,101.061,3.030350276,0.330696421
8,T2374,7/19/2018,7/19/2018 16:00,7/19/2018 18:00,107.114,105.7685,3.224502183,0.444174932
9,T2374,7/23/2018,7/23/2018 15:30,7/23/2018 17:30,109.526,109.378,3.243595958,0.480823348
10,T2374,8/6/2018,8/6/2018 15:30,8/6/2018 17:30,96.512,93.9355,2.888514562,0.293806692
11,T2374,8/7/2018,8/7/2018 15:30,8/7/2018 17:30,96.8,95.4125,2.899828214,0.300496475
12,T2374,8/8/2018,8/8/2018 15:30,8/8/2018 17:30,100.22,98.6825,2.983763885,0.340529523
13,T2374,8/16/2018,8/16/2018 15:30,8/16/2018 17:30,98.438,97.2835,2.941968665,0.308882296
14,T2374,8/17/2018,8/17/2018 15:30,8/17/2018 17:30,99.14,98.7925,2.963683744,0.300986146
15,T2374,8/22/2018,8/22/2018 15:30,8/22/2018 17:30,98.474,97.894,2.957673023,0.252014522
16,T2374,8/23/2018,8/23/2018 15:30,8/23/2018 17:30,100.4,99.779,3.008277927,0.320140043
17,T2374,8/24/2018,8/24/2018 15:30,8/24/2018 17:30,98.672,98.058,2.96143074,0.256355067
18,T2374,9/18/2018,9/18/2018 15:30,9/18/2018 17:30,91.49,91.3405,2.797543383,0.179585844
19,T2374,9/19/2018,9/19/2018 15:30,9/19/2018 17:30,91.49,90.962,2.794593132,0.16384463
20,T2374,6/19/2019,6/19/2019 16:00,6/19/2019 17:30,96.692,96.64957143,2.878099337,0.118873081
21,T2374,6/20/2019,6/20/2019 16:00,6/20/2019 18:00,96.566,96.421,2.874060447,0.054159317
22,T2374,7/9/2019,7/9/2019 16:00,7/9/2019 17:30,94.586,94.42785714,2.857374538,0.082771343
23,T2374,7/10/2019,7/10/2019 15:00,7/10/2019 17:00,95.828,95.3955,2.897536409,0.182321538
24,T2374,7/30/2019,7/30/2019 15:30,7/30/2019 17:30,96.116,94.7015,2.95137962,0.367571153
25,T2374,7/31/2019,7/31/2019 16:00,7/31/2019 18:00,98.906,98.2915,3.035633153,0.34469204
26,T2374,8/1/2019,8/1/2019 15:00,8/1/2019 17:00,95.684,95.2105,2.934396136,0.374436636
27,T2374,8/8/2019,8/8/2019 15:00,8/8/2019 17:00,97.106,96.073,2.98508727,0.363627598
28,T2374,8/12/2019,8/12/2019 15:00,8/12/2019 17:00,100.814,99.7555,3.124369022,0.408622741
29,T2374,9/5/2019,9/5/2019 15:00,9/5/2019 17:00,97.466,97.1145,3.024267877,0.594861539
30,T2374,9/6/2019,9/6/2019 15:00,9/6/2019 17:00,98.438,97.2865,3.058152221,0.476867027
31,T2374,6/18/2020,6/18/2020 15:00,6/18/2020 18:00,92.714,92.02584615,2.519798486,0.589531132
32,T2374,7/1/2020,7/1/2020 16:00,7/1/2020 18:00,93.794,93.319,2.624144183,0.650707896
33,T2374,7/2/2020,7/2/2020 16:00,7/2/2020 18:00,98.384,98.0845,2.778706263,0.637789369
34,T2374,7/8/2020,7/8/2020 16:00,7/8/2020 18:00,95.954,95.802,2.712636402,0.627295765
35,T2374,7/9/2020,7/9/2020 16:00,7/9/2020 18:00,98.042,97.466,2.775969,0.55648534
36,T2374,7/10/2020,7/10/2020 16:00,7/10/2020 17:00,99.554,99.4073,2.834134783,0.783535559
37,T2374,7/13/2020,7/13/2020 16:00,7/13/2020 18:00,105.206,105.064,3.120768648,0.742841667
38,T2374,8/6/2020,8/6/2020 16:00,8/6/2020 18:00,99.248,98.592,3.048096854,0.648987924
39,T2374,8/11/2020,8/11/2020 16:00,8/11/2020 18:00,99.914,99.5685,3.039919412,0.688167845
40,T2374,8/12/2020,8/12/2020 15:00,8/12/2020 17:00,101.084,100.68,3.132077008,0.706995463
41,T2374,8/14/2020,8/14/2020 15:00,8/14/2020 17:00,105.476,104.873,3.303519335,0.850317176
42,T2374,9/1/2020,9/1/2020 15:00,9/1/2020 17:00,98.132,97.605,3.018678963,0.763773619
43,T2374,6/9/2021,6/9/2021 16:00,6/9/2021 18:00,91.328,91.2685,2.686556245,0.534218384
44,T2374,6/10/2021,6/10/2021 16:00,6/10/2021 18:00,91.832,91.723,2.694597784,0.421202595
45,T2374,6/14/2021,6/14/2021 16:00,6/14/2021 18:00,95.792,95.077,2.835281933,0.483247169
46,T2374,6/15/2021,6/15/2021 15:00,6/15/2021 17:00,93.632,93.5445,2.779978537,0.537218691
47,T2374,6/17/2021,6/17/2021 15:00,6/17/2021 18:00,95.018,94.54826923,2.823761301,0.679126103
48,T2374,6/24/2021,6/24/2021 14:30,6/24/2021 16:30,94.856,94.077,2.902862823,0.723314372
49,T2374,6/25/2021,6/25/2021 15:30,6/25/2021 17:30,93.812,93.726,2.87091896,0.629222083
51,T2374,7/26/2021,7/26/2021 16:00,7/26/2021 18:00,97.538,97.3065,3.091815046,0.773495292
52,T2374,7/27/2021,7/27/2021 16:00,7/27/2021 18:00,96.872,96.1035,3.054177286,0.772232182
53,T2374,7/29/2021,7/29/2021 15:30,7/29/2021 17:30,93.866,92.5665,2.965532482,0.729506123
54,T2374,7/30/2021,7/30/2021 15:00,7/30/2021 17:00,94.892,93.4895,3.016375751,0.626782844
55,T2374,8/9/2021,8/9/2021 15:30,8/9/2021 17:30,94.928,94.4045,3.021187243,0.687325649
2,T1339,6/6/2018,6/6/2018 15:00,6/6/2018 18:00,96.458,95.06576923,3.380206383,0.002285446
3,T1339,6/7/2018,6/7/2018 15:00,6/7/2018 18:00,93.254,92.20757692,3.293158854,0.057427901
4,T1339,6/22/2018,6/22/2018 15:00,6/22/2018 18:00,101.228,99.65715385,3.660592589,0.272193536
5,T1339,6/27/2018,6/27/2018 15:00,6/27/2018 18:00,99.788,99.16942308,3.644370063,0.317405421
6,T1339,6/28/2018,6/28/2018 15:30,6/28/2018 17:30,99.068,98.703,3.618017391,0.397293306
7,T1339,7/2/2018,7/2/2018 16:00,7/2/2018 18:00,100.778,100.4645,3.686516394,0.515304808
8,T1339,7/3/2018,7/3/2018 16:00,7/3/2018 18:00,102.308,101.936,3.769566221,0.580881241
9,T1339,7/19/2018,7/19/2018 16:00,7/19/2018 18:00,107.618,107.4085,4.204045266,0.640951089
10,T1339,7/23/2018,7/23/2018 15:30,7/23/2018 17:30,103.334,101.3365,4.063985339,0.402791974
11,T1339,8/6/2018,8/6/2018 15:30,8/6/2018 17:30,97.07,96.121,3.568494713,0.326585997
12,T1339,8/7/2018,8/7/2018 15:30,8/7/2018 17:30,98.834,97.836,3.585362396,0.356558806
13,T1339,8/8/2018,8/8/2018 15:30,8/8/2018 17:30,93.83,93.2165,3.43143562,0.212444778
14,T1339,8/16/2018,8/16/2018 15:30,8/16/2018 17:30,97.43,97.051,3.566842105,0.096840902
15,T1339,8/17/2018,8/17/2018 15:30,8/17/2018 17:30,98.402,97.8485,3.610886442,0.133165561
16,T1339,8/22/2018,8/22/2018 15:30,8/22/2018 17:30,93.488,93.056,3.455862569,-0.372862167
17,T1339,8/23/2018,8/23/2018 15:30,8/23/2018 17:30,98.888,98.545,3.640569382,-0.587082473
18,T1339,8/24/2018,8/24/2018 15:30,8/24/2018 17:30,98.24,97.9675,3.633192912,-0.554415033
19,T1339,9/18/2018,9/18/2018 15:30,9/18/2018 17:30,92.966,92.6935,3.528400422,0.270079486
20,T1339,9/19/2018,9/19/2018 15:30,9/19/2018 17:30,93.218,93.0075,3.527325558,0.21998007
21,T1339,6/19/2019,6/19/2019 16:00,6/19/2019 17:30,95.936,95.23014286,3.405383398,0.381458608
22,T1339,6/20/2019,6/20/2019 16:00,6/20/2019 18:00,95.648,95.2795,3.413095709,-0.080779855
23,T1339,6/28/2019,6/28/2019 14:00,6/28/2019 17:00,92.732,91.56788462,3.327642114,0.141347133
24,T1339,7/9/2019,7/9/2019 16:00,7/9/2019 17:30,95.972,95.50785714,3.482301291,0.254643834
25,T1339,7/10/2019,7/10/2019 15:00,7/10/2019 17:00,97.268,96.6615,3.530765111,0.132455075
26,T1339,7/30/2019,7/30/2019 15:30,7/30/2019 17:30,99.842,99.315,3.655470432,0.316842401
27,T1339,7/31/2019,7/31/2019 16:00,7/31/2019 18:00,97.088,96.8945,3.538387645,-0.206916927
28,T1339,8/1/2019,8/1/2019 15:00,8/1/2019 17:00,95.432,95.029,3.479642275,-0.143463533
29,T1339,8/8/2019,8/8/2019 15:00,8/8/2019 17:00,96.422,96.2185,3.576131321,0.240768066
30,T1339,8/12/2019,8/12/2019 15:00,8/12/2019 17:00,100.886,100.232,3.755131304,0.315202397
31,T1339,9/5/2019,9/5/2019 15:00,9/5/2019 17:00,96.584,96.083,3.65642181,0.630849448
32,T1339,9/6/2019,9/6/2019 15:00,9/6/2019 17:00,98.798,98.227,3.75091474,0.552172989
33,T1339,5/4/2020,5/4/2020 17:00,5/4/2020 17:30,93.038,92.462,2.708968792,-0.341659506
34,T1339,6/18/2020,6/18/2020 15:00,6/18/2020 18:00,93.938,93.19169231,2.904611817,0.25092714
35,T1339,7/1/2020,7/1/2020 16:00,7/1/2020 18:00,94.73,94.516,3.038154988,0.46809834
36,T1339,7/2/2020,7/2/2020 16:00,7/2/2020 18:00,95.288,93.478,3.050234488,0.42961792
37,T1339,7/8/2020,7/8/2020 16:00,7/8/2020 18:00,93.65,93.252,2.982352286,0.399063843
38,T1339,7/9/2020,7/9/2020 16:00,7/9/2020 18:00,95.738,95.5895,3.025651823,0.446485349
39,T1339,7/10/2020,7/10/2020 16:00,7/10/2020 17:00,94.91,94.8281,3.035133474,0.472728147
40,T1339,7/13/2020,7/13/2020 16:00,7/13/2020 18:00,101.642,101.223,3.328283215,0.461965012
41,T1339,8/6/2020,8/6/2020 16:00,8/6/2020 18:00,97.7,97.473,3.228993627,0.556688101
42,T1339,8/11/2020,8/11/2020 16:00,8/11/2020 18:00,99.158,98.8675,3.286467491,0.733516262
43,T1339,8/12/2020,8/12/2020 15:00,8/12/2020 17:00,102.11,101.508,3.43975847,0.670706288
44,T1339,8/14/2020,8/14/2020 15:00,8/14/2020 17:00,105.116,104.329,3.560157598,0.726510256
45,T1339,9/1/2020,9/1/2020 15:00,9/1/2020 17:00,91.382,84.024,2.996319531,0.470287658
46,T1339,5/20/2021,5/20/2021 13:00,5/20/2021 13:30,79.376,74.48,2.157369044,0.084735502
47,T1339,6/9/2021,6/9/2021 16:00,6/9/2021 18:00,91.364,91.16,2.821182543,0.330170754
48,T1339,6/10/2021,6/10/2021 16:00,6/10/2021 18:00,91.76,91.5235,2.837221405,0.335942711
49,T1339,6/14/2021,6/14/2021 16:00,6/14/2021 18:00,95.036,91.9555,3.045823329,0.528658042
50,T1339,6/15/2021,6/15/2021 15:00,6/15/2021 17:00,96.296,95.5175,3.102252305,0.412509332
51,T1339,6/17/2021,6/17/2021 15:00,6/17/2021 18:00,97.394,96.82457692,3.170445632,0.496201767
52,T1339,6/24/2021,6/24/2021 14:30,6/24/2021 16:30,96.26,95.0045,3.182104358,0.529698989
53,T1339,6/25/2021,6/25/2021 15:30,6/25/2021 17:30,95.738,95.495,3.1653076,0.415684698
55,T1339,7/26/2021,7/26/2021 16:00,7/26/2021 18:00,100.346,99.907,3.48621128,0.813899659
56,T1339,7/27/2021,7/27/2021 16:00,7/27/2021 18:00,99.554,98.66,3.450318077,0.621319212
57,T1339,7/29/2021,7/29/2021 15:30,7/29/2021 17:30,97.556,97.431,3.362762185,0.68016762
58,T1339,7/30/2021,7/30/2021 15:00,7/30/2021 17:00,96.962,96.4445,3.326930468,0.6377045
59,T1339,8/9/2021,8/9/2021 15:30,8/9/2021 17:30,97.322,96.722,3.339977457,0.607646953
60,T1339,8/10/2021,8/10/2021 15:30,8/10/2021 17:30,97.142,96.558,3.330601354,0.602328443
61,T1339,8/11/2021,8/11/2021 15:30,8/11/2021 17:00,96.998,96.72864286,3.330383305,0.619919482
2,T1368,6/6/2018,6/6/2018 15:00,6/6/2018 18:00,95.522,94.88784615,3.598683406,0.024310104
3,T1368,6/7/2018,6/7/2018 15:00,6/7/2018 18:00,93.524,90.44219231,3.486102645,0.038630421
4,T1368,6/22/2018,6/22/2018 15:00,6/22/2018 18:00,100.508,99.79976923,3.933745432,0.234705358
5,T1368,6/27/2018,6/27/2018 15:00,6/27/2018 18:00,99.518,99.08876923,3.929395255,0.16921106
6,T1368,6/28/2018,6/28/2018 15:30,6/28/2018 17:30,99.104,98.8455,3.915463685,0.247332965
7,T1368,7/2/2018,7/2/2018 16:00,7/2/2018 18:00,100.832,100.6105,4.031300499,0.359731187
8,T1368,7/3/2018,7/3/2018 16:00,7/3/2018 18:00,102.146,101.6345,4.072966599,0.34138617
9,T1368,7/19/2018,7/19/2018 16:00,7/19/2018 18:00,107.33,107.139,4.594431839,0.607241512
10,T1368,7/23/2018,7/23/2018 15:30,7/23/2018 17:30,101.534,100.274,4.296161758,0.459130436
11,T1368,8/6/2018,8/6/2018 15:30,8/6/2018 17:30,96.674,95.7985,3.778790689,0.460205749
12,T1368,8/7/2018,8/7/2018 15:30,8/7/2018 17:30,98.654,97.6705,3.908701834,0.546154008
13,T1368,8/8/2018,8/8/2018 15:30,8/8/2018 17:30,92.3,90.6615,3.53182908,0.38652093
14,T1368,8/16/2018,8/16/2018 15:30,8/16/2018 17:30,97.088,96.809,3.831308785,0.524185625
15,T1368,8/17/2018,8/17/2018 15:30,8/17/2018 17:30,98.258,97.7695,3.861923551,0.563259904
16,T1368,8/22/2018,8/22/2018 15:30,8/22/2018 17:30,93.056,92.7745,3.638895432,0.510647797
17,T1368,8/23/2018,8/23/2018 15:30,8/23/2018 17:30,97.754,97.643,3.889618801,0.521796349
18,T1368,8/24/2018,8/24/2018 15:30,8/24/2018 17:30,98.33,97.962,3.89045138,0.457544109
19,T1368,9/18/2018,9/18/2018 15:30,9/18/2018 17:30,93.326,92.878,3.697331419,0.59007427
20,T1368,9/19/2018,9/19/2018 15:30,9/19/2018 17:30,93.326,93.229,3.688360856,0.535995351
21,T1368,6/19/2019,6/19/2019 16:00,6/19/2019 17:30,96.026,95.37414286,3.550118454,0.021514839
22,T1368,6/20/2019,6/20/2019 16:00,6/20/2019 18:00,95.594,95.2985,3.532496513,0.051148052
23,T1368,6/28/2019,6/28/2019 14:00,6/28/2019 17:00,93.002,92.18888462,3.507482707,0.243815767
24,T1368,7/9/2019,7/9/2019 16:00,7/9/2019 17:30,95.612,95.31371429,3.749777175,0.24504188
25,T1368,7/10/2019,7/10/2019 15:00,7/10/2019 17:00,97.124,96.561,3.848948541,0.648474398
26,T1368,7/30/2019,7/30/2019 15:30,7/30/2019 17:30,99.392,98.95,3.895781547,0.641476967
27,T1368,7/31/2019,7/31/2019 16:00,7/31/2019 18:00,96.998,96.9095,3.785865755,0.473385195
28,T1368,8/1/2019,8/1/2019 15:00,8/1/2019 17:00,94.694,94.32,3.691899904,0.597727101
29,T1368,8/8/2019,8/8/2019 15:00,8/8/2019 17:00,96.53,96.069,3.760168064,0.542048111
30,T1368,8/12/2019,8/12/2019 15:00,8/12/2019 17:00,100.778,100.434,3.927071815,0.608019514
31,T1368,9/5/2019,9/5/2019 15:00,9/5/2019 17:00,96.908,96.488,3.784272196,0.802326806
32,T1368,9/6/2019,9/6/2019 15:00,9/6/2019 17:00,98.96,98.5295,3.86817843,0.812076108
33,T1368,5/4/2020,5/4/2020 17:00,5/4/2020 17:30,94.172,93.677,2.794685842,-0.291185669
34,T1368,6/18/2020,6/18/2020 15:00,6/18/2020 18:00,93.614,93.12038462,3.009282142,0.418603332
35,T1368,7/1/2020,7/1/2020 16:00,7/1/2020 18:00,96.116,95.811,3.218628605,0.409046347
36,T1368,7/2/2020,7/2/2020 16:00,7/2/2020 18:00,95.756,93.3565,3.219706452,0.478097289
37,T1368,7/8/2020,7/8/2020 16:00,7/8/2020 18:00,93.884,93.417,3.156630678,0.246810129
38,T1368,7/9/2020,7/9/2020 16:00,7/9/2020 18:00,96.35,95.989,3.23443066,0.349405686
39,T1368,7/10/2020,7/10/2020 16:00,7/10/2020 17:00,95.702,95.4293,3.207852488,0.399567606
40,T1368,7/13/2020,7/13/2020 16:00,7/13/2020 18:00,102.164,101.688,3.563684429,0.40663854
41,T1368,8/6/2020,8/6/2020 16:00,8/6/2020 18:00,97.556,97.1965,3.531201686,0.721241176
42,T1368,8/11/2020,8/11/2020 16:00,8/11/2020 18:00,99.158,98.8815,3.626427551,0.674125366
43,T1368,8/12/2020,8/12/2020 15:00,8/12/2020 17:00,101.966,101.116,3.79177124,0.753381496
44,T1368,8/14/2020,8/14/2020 15:00,8/14/2020 17:00,105.134,104.2775,3.983715612,1.014541935
45,T1368,9/1/2020,9/1/2020 15:00,9/1/2020 17:00,90.302,80.758,3.18958347,0.287845142
46,T1368,6/9/2021,6/9/2021 16:00,6/9/2021 18:00,91.22,90.8345,2.969426745,0.454827096
47,T1368,6/10/2021,6/10/2021 16:00,6/10/2021 18:00,92.066,91.7745,3.019873245,0.449954604
48,T1368,6/14/2021,6/14/2021 16:00,6/14/2021 18:00,95.252,94.9085,3.233377773,0.348723044
49,T1368,6/15/2021,6/15/2021 15:00,6/15/2021 17:00,95.648,95.096,3.218274694,0.502978319
50,T1368,6/17/2021,6/17/2021 15:00,6/17/2021 18:00,97.736,97.20569231,3.335175337,0.466129779
51,T1368,6/24/2021,6/24/2021 14:30,6/24/2021 16:30,96.134,94.958,3.322345418,0.631359316
52,T1368,6/25/2021,6/25/2021 15:30,6/25/2021 17:30,96.008,95.7475,3.344481843,0.474461665
54,T1368,7/26/2021,7/26/2021 16:00,7/26/2021 18:00,100.922,100.4455,3.76087797,0.682764216
55,T1368,7/27/2021,7/27/2021 16:00,7/27/2021 18:00,99.41,98.411,3.723513341,0.555308558
56,T1368,7/29/2021,7/29/2021 15:30,7/29/2021 17:30,97.916,97.5485,3.608894361,0.607978714
57,T1368,7/30/2021,7/30/2021 15:00,7/30/2021 17:00,98.186,97.4985,3.611771678,0.613809021
58,T1368,8/9/2021,8/9/2021 15:30,8/9/2021 17:30,97.664,97.3335,3.421060753,3.392500084
59,T1368,8/10/2021,8/10/2021 15:30,8/10/2021 17:30,97.43,96.911,3.388464571,3.37492148
60,T1368,8/11/2021,8/11/2021 15:30,8/11/2021 17:00,97.646,97.27635714,3.407578113,3.393999097
2,T1922,6/6/2018,6/6/2018 15:00,6/6/2018 18:00,97.988,96.76434615,2.989165451,0.228361416
3,T1922,6/7/2018,6/7/2018 15:00,6/7/2018 18:00,95.792,94.46311538,2.835671413,0.342099365
4,T1922,6/22/2018,6/22/2018 15:00,6/22/2018 18:00,104.054,101.1466538,3.232432279,0.38783339
5,T1922,6/27/2018,6/27/2018 15:00,6/27/2018 18:00,103.172,101.8448462,3.215869469,0.50120663
6,T1922,6/28/2018,6/28/2018 15:30,6/28/2018 17:30,100.94,99.7365,3.149388391,0.351618918
7,T1922,7/2/2018,7/2/2018 16:00,7/2/2018 18:00,103.82,103.0745,3.237768117,0.568337794
8,T1922,7/3/2018,7/3/2018 16:00,7/3/2018 18:00,103.658,102.9405,3.358160322,0.498088292
9,T1922,7/19/2018,7/19/2018 16:00,7/19/2018 18:00,110.498,108.51,3.639607989,0.613775915
10,T1922,7/23/2018,7/23/2018 15:30,7/23/2018 17:30,106.124,103.3325,3.444966629,0.539546194
11,T1922,8/6/2018,8/6/2018 15:30,8/6/2018 17:30,100.094,97.855,3.229359158,0.454381658
12,T1922,8/7/2018,8/7/2018 15:30,8/7/2018 17:30,101.246,99.446,3.283753213,0.478836213
13,T1922,8/8/2018,8/8/2018 15:30,8/8/2018 17:30,96.962,96.381,3.201517524,0.417262857
14,T1922,8/16/2018,8/16/2018 15:30,8/16/2018 17:30,99.806,98.941,3.211185165,0.590279505
15,T1922,8/17/2018,8/17/2018 15:30,8/17/2018 17:30,101.534,100.0085,3.256424353,0.490973286
16,T1922,8/22/2018,8/22/2018 15:30,8/22/2018 17:30,94.334,93.5945,2.982015674,0.453933493
17,T1922,8/23/2018,8/23/2018 15:30,8/23/2018 17:30,100.94,100.0825,3.275607367,0.583862121
18,T1922,8/24/2018,8/24/2018 15:30,8/24/2018 17:30,100.364,99.1355,3.247791863,0.648225883
19,T1922,9/18/2018,9/18/2018 15:30,9/18/2018 17:30,95.468,94.5745,3.056007025,0.479165077
20,T1922,9/19/2018,9/19/2018 15:30,9/19/2018 17:30,94.64,93.4235,3.007069886,0.428539885
21,T1922,6/19/2019,6/19/2019 16:00,6/19/2019 17:30,98.726,97.81571429,2.856662716,0.187612876
22,T1922,6/20/2019,6/20/2019 16:00,6/20/2019 18:00,97.358,96.9615,2.809388927,0.058723257
23,T1922,6/28/2019,6/28/2019 14:00,6/28/2019 17:00,96.206,93.20553846,2.815702575,0.310447647
24,T1922,7/9/2019,7/9/2019 16:00,7/9/2019 17:30,96.926,96.65342857,2.917753617,0.309699634
25,T1922,7/10/2019,7/10/2019 15:00,7/10/2019 17:00,98.366,97.5,2.939727811,0.29082467
26,T1922,7/30/2019,7/30/2019 15:30,7/30/2019 17:30,100.814,100.094,3.167669239,0.390698569
27,T1922,7/31/2019,7/31/2019 16:00,7/31/2019 18:00,98.762,98.268,3.080844901,0.373411508
28,T1922,8/1/2019,8/1/2019 15:00,8/1/2019 17:00,97.574,95.6505,3.034563172,0.405004604
29,T1922,8/8/2019,8/8/2019 15:00,8/8/2019 17:00,97.088,96.962,3.045785714,0.364625167
30,T1922,8/12/2019,8/12/2019 15:00,8/12/2019 17:00,102.488,101.529,3.27623209,0.413741345
31,T1922,9/5/2019,9/5/2019 15:00,9/5/2019 17:00,97.07,96.5895,3.130854697,0.492032909
32,T1922,9/6/2019,9/6/2019 15:00,9/6/2019 17:00,98.834,98.4515,3.219110682,0.62207615
33,T1922,5/4/2020,5/4/2020 17:00,5/4/2020 17:30,93.776,92.804,2.419002339,-0.482665975
34,T1922,6/18/2020,6/18/2020 15:00,6/18/2020 18:00,93.452,93.03176923,2.702649999,0.256514874
35,T1922,7/1/2020,7/1/2020 16:00,7/1/2020 18:00,95.612,94.976,2.830410236,0.243159622
36,T1922,7/2/2020,7/2/2020 16:00,7/2/2020 18:00,97.16,95.2595,2.865083121,0.317738822
37,T1922,7/8/2020,7/8/2020 16:00,7/8/2020 18:00,93.272,93.1725,2.759379898,0.228926231
38,T1922,7/9/2020,7/9/2020 16:00,7/9/2020 18:00,96.134,95.9125,2.834274779,0.322619568
39,T1922,7/10/2020,7/10/2020 16:00,7/10/2020 17:00,95.072,94.7966,2.796026459,0.375540827
40,T1922,7/13/2020,7/13/2020 16:00,7/13/2020 18:00,101.318,100.4485,3.065482081,0.288977497
41,T1922,8/6/2020,8/6/2020 16:00,8/6/2020 18:00,97.97,97.8545,2.993949753,0.44085037
42,T1922,8/11/2020,8/11/2020 16:00,8/11/2020 18:00,100.022,99.7295,3.071724091,0.440560301
43,T1922,8/12/2020,8/12/2020 15:00,8/12/2020 17:00,102.416,101.8295,3.158463396,0.476633884
44,T1922,8/14/2020,8/14/2020 15:00,8/14/2020 17:00,106.124,105.344,3.300312881,0.43380703
45,T1922,9/1/2020,9/1/2020 15:00,9/1/2020 17:00,94.28,86.2215,2.844374834,0.197984724
46,T1922,6/9/2021,6/9/2021 16:00,6/9/2021 18:00,91.58,91.361,2.660106088,0.113414604
47,T1922,6/10/2021,6/10/2021 16:00,6/10/2021 18:00,91.67,91.4795,2.665009833,0.158837367
48,T1922,6/14/2021,6/14/2021 16:00,6/14/2021 18:00,93.992,87.429,2.659637266,0.399545732
49,T1922,6/15/2021,6/15/2021 15:00,6/15/2021 17:00,95.306,94.452,2.748369111,0.303233069
50,T1922,6/17/2021,6/17/2021 15:00,6/17/2021 18:00,96.818,96.28976923,2.748633023,0.233161201
51,T1922,6/24/2021,6/24/2021 14:30,6/24/2021 16:30,95.558,94.68,2.794112382,0.181182409
52,T1922,6/25/2021,6/25/2021 15:30,6/25/2021 17:30,94.478,94.2805,2.775212159,0.168553415
54,T1922,7/26/2021,7/26/2021 16:00,7/26/2021 18:00,99.986,99.6435,2.991611935,0.458201393
55,T1922,7/27/2021,7/27/2021 16:00,7/27/2021 18:00,99.392,98.9735,2.9693532,0.324306237
56,T1922,7/29/2021,7/29/2021 15:30,7/29/2021 17:30,97.502,97.185,2.896391773,0.408162018
57,T1922,7/30/2021,7/30/2021 15:00,7/30/2021 17:00,96.728,95.7085,2.882582519,0.366706674
58,T1922,8/9/2021,8/9/2021 15:30,8/9/2021 17:30,97.16,96.8745,2.929671218,0.297703809
2,T2425,6/6/2018,6/6/2018 15:00,6/6/2018 18:00,97.664,97.32373077,3.350649365,0.226615162
3,T2425,6/7/2018,6/7/2018 15:00,6/7/2018 18:00,96.62,93.76873077,3.288322825,0.404737753
4,T2425,6/22/2018,6/22/2018 15:00,6/22/2018 18:00,102.65,101.1321154,3.537892294,0.533883027
5,T2425,6/27/2018,6/27/2018 15:00,6/27/2018 18:00,101.156,100.2878462,3.548181129,0.648299252
6,T2425,6/28/2018,6/28/2018 15:30,6/28/2018 17:30,100.742,100.2245,3.523172587,0.389798309
7,T2425,7/2/2018,7/2/2018 16:00,7/2/2018 18:00,102.614,101.9385,3.602187139,0.498644434
8,T2425,7/3/2018,7/3/2018 16:00,7/3/2018 18:00,102.92,102.6925,3.623400407,0.530641427
9,T2425,7/19/2018,7/19/2018 16:00,7/19/2018 18:00,109.004,108.6655,3.978504617,0.954779932
10,T2425,7/23/2018,7/23/2018 15:30,7/23/2018 17:30,103.568,101.12,3.700750272,0.7368544
11,T2425,8/6/2018,8/6/2018 15:30,8/6/2018 17:30,98.258,97.225,3.361833453,0.278890815
12,T2425,8/7/2018,8/7/2018 15:30,8/7/2018 17:30,98.78,97.819,3.4073014,0.261466683
13,T2425,8/8/2018,8/8/2018 15:30,8/8/2018 17:30,94.514,93.1915,3.234354803,0.438205332
14,T2425,8/16/2018,8/16/2018 15:30,8/16/2018 17:30,97.7,97.1135,3.360247135,0.39383117
15,T2425,8/17/2018,8/17/2018 15:30,8/17/2018 17:30,99.014,98.884,3.421324771,0.37085631
16,T2425,8/22/2018,8/22/2018 15:30,8/22/2018 17:30,93.074,92.8045,3.239444704,0.427613371
17,T2425,8/23/2018,8/23/2018 15:30,8/23/2018 17:30,98.726,98.567,3.434128255,0.400452687
18,T2425,8/24/2018,8/24/2018 15:30,8/24/2018 17:30,98.6,98.205,3.419163882,0.43372691
19,T2425,9/18/2018,9/18/2018 15:30,9/18/2018 17:30,92.876,92.569,3.262420769,0.451024276
20,T2425,9/19/2018,9/19/2018 15:30,9/19/2018 17:30,93.434,92.8385,3.277444918,0.492496486
21,T2425,6/19/2019,6/19/2019 16:00,6/19/2019 17:30,97.232,96.746,3.259659861,0.471026273
22,T2425,6/20/2019,6/20/2019 16:00,6/20/2019 18:00,97.556,97.0935,3.269120747,0.311822216
23,T2425,6/28/2019,6/28/2019 14:00,6/28/2019 17:00,93.542,92.66934615,3.177695763,0.368288123
24,T2425,7/9/2019,7/9/2019 16:00,7/9/2019 17:30,96.368,96.16357143,3.350193101,0.384375841
25,T2425,7/10/2019,7/10/2019 15:00,7/10/2019 17:00,99.14,98.3995,3.507789802,0.424083096
26,T2425,7/30/2019,7/30/2019 15:30,7/30/2019 17:30,100.688,100.074,3.611564022,0.428560379
27,T2425,7/31/2019,7/31/2019 16:00,7/31/2019 18:00,97.988,97.898,3.490043432,0.412074396
28,T2425,8/1/2019,8/1/2019 15:00,8/1/2019 17:00,95.99,95.324,3.384985525,0.43529548
29,T2425,8/8/2019,8/8/2019 15:00,8/8/2019 17:00,98.744,97.899,3.502539117,0.382144304
30,T2425,8/12/2019,8/12/2019 15:00,8/12/2019 17:00,102.2,101.2755,3.662608432,0.549867154
31,T2425,9/5/2019,9/5/2019 15:00,9/5/2019 17:00,96.116,95.8795,3.495848498,0.55418121
32,T2425,9/6/2019,9/6/2019 15:00,9/6/2019 17:00,98.69,98.4235,3.608158671,0.706254942
33,T2425,5/4/2020,5/4/2020 17:00,5/4/2020 17:30,95.558,94.874,2.785653161,-0.371555739
34,T2425,6/18/2020,6/18/2020 15:00,6/18/2020 18:00,94.154,93.52780769,3.033147031,0.177391688
35,T2425,7/1/2020,7/1/2020 16:00,7/1/2020 18:00,95.936,95.586,3.214020511,0.08744615
36,T2425,7/2/2020,7/2/2020 16:00,7/2/2020 18:00,96.62,95.32,3.227537243,0.175212659
37,T2425,7/8/2020,7/8/2020 16:00,7/8/2020 18:00,94.082,93.5725,3.158591592,0.145349201
38,T2425,7/9/2020,7/9/2020 16:00,7/9/2020 18:00,96.548,96.2945,3.232444221,0.17892655
39,T2425,7/10/2020,7/10/2020 16:00,7/10/2020 17:00,95.522,95.3969,3.206434426,0.19173315
40,T2425,7/13/2020,7/13/2020 16:00,7/13/2020 18:00,101.93,101.1895,3.537390105,0.279913364
41,T2425,8/6/2020,8/6/2020 16:00,8/6/2020 18:00,98.888,98.466,3.505488768,0.342479879
42,T2425,8/11/2020,8/11/2020 16:00,8/11/2020 18:00,100.238,100.028,3.566990369,0.171009603
43,T2425,8/12/2020,8/12/2020 15:00,8/12/2020 17:00,103.262,102.548,3.723068126,0.276215391
44,T2425,8/14/2020,8/14/2020 15:00,8/14/2020 17:00,106.934,106.0145,3.899867913,0.473701968
45,T2425,9/1/2020,9/1/2020 15:00,9/1/2020 17:00,92.264,81.5265,3.202781829,-0.075174914
46,T2425,6/9/2021,6/9/2021 16:00,6/9/2021 18:00,91.868,91.3515,2.854421591,0.143312014
47,T2425,6/10/2021,6/10/2021 16:00,6/10/2021 18:00,92.516,92.3085,2.884292141,0.191040393
48,T2425,6/14/2021,6/14/2021 16:00,6/14/2021 18:00,94.118,91.9905,3.086151176,0.037608843
49,T2425,6/15/2021,6/15/2021 15:00,6/15/2021 17:00,95.576,95.427,3.138597024,0.042570885
50,T2425,6/17/2021,6/17/2021 15:00,6/17/2021 18:00,96.512,95.92526923,3.182293359,0.137746935
51,T2425,6/24/2021,6/24/2021 14:30,6/24/2021 16:30,96.386,95.545,3.2668927,0.211115331
52,T2425,6/25/2021,6/25/2021 15:30,6/25/2021 17:30,96.242,95.8405,3.266475289,0.232076536
54,T2425,7/26/2021,7/26/2021 16:00,7/26/2021 18:00,101.264,100.598,3.657084213,0.435286055
55,T2425,7/27/2021,7/27/2021 16:00,7/27/2021 18:00,100.634,99.3295,3.652927438,0.344224833
56,T2425,7/29/2021,7/29/2021 15:30,7/29/2021 17:30,97.844,97.501,3.507567983,0.308010535
57,T2425,7/30/2021,7/30/2021 15:00,7/30/2021 17:00,97.43,97.133,3.504925387,0.275235406
58,T2425,8/9/2021,8/9/2021 15:30,8/9/2021 17:30,97.79,97.6,3.49512495,0.329858291
59,T2425,8/10/2021,8/10/2021 15:30,8/10/2021 17:30,97.448,97.1435,3.460089177,0.336683889
60,T2425,8/11/2021,8/11/2021 15:30,8/11/2021 17:00,97.808,97.52642857,3.480019707,0.366241931
0,T0770,5/4/2020,5/4/2020 17:00,5/4/2020 17:30,79.124,75.758,1.642334015,-0.643836019
1,T0770,6/18/2020,6/18/2020 15:00,6/18/2020 18:00,85.964,78.99453846,1.926635153,0.085634415
2,T0770,7/1/2020,7/1/2020 16:00,7/1/2020 18:00,69.26,64.5645,1.797862236,0.008516355
3,T0770,7/2/2020,7/2/2020 16:00,7/2/2020 18:00,68.072,65.717,1.806784417,0.079030195
4,T0770,7/8/2020,7/8/2020 16:00,7/8/2020 18:00,81.464,76.9235,2.0262918,0.181734319
5,T0770,7/9/2020,7/9/2020 16:00,7/9/2020 18:00,83.174,81.4695,2.072867457,0.184028286
6,T0770,7/10/2020,7/10/2020 16:00,7/10/2020 17:00,88.934,85.3232,2.137924403,0.33325323
7,T0770,7/13/2020,7/13/2020 16:00,7/13/2020 18:00,73.184,67.828,1.903326454,-0.008308408
8,T0770,8/6/2020,8/6/2020 16:00,8/6/2020 18:00,74.39,73.316,2.170918389,0.346291197
9,T0770,8/11/2020,8/11/2020 16:00,8/11/2020 18:00,78.476,74.4625,2.198721785,0.398600557
10,T0770,8/12/2020,8/12/2020 15:00,8/12/2020 17:00,86.648,84.829,2.185350483,0.330688319
11,T0770,8/14/2020,8/14/2020 15:00,8/14/2020 17:00,104.432,101.9665,2.183349711,0.381367329
12,T0770,5/20/2021,5/20/2021 13:00,5/20/2021 13:30,67.01,64.805,1.586614777,-0.216768712
13,T0770,6/9/2021,6/9/2021 16:00,6/9/2021 18:00,64.904,62.777,1.69222831,-0.294071807
14,T0770,6/10/2021,6/10/2021 16:00,6/10/2021 18:00,70.718,68.3655,1.776782231,-0.196793237
15,T0770,6/14/2021,6/14/2021 16:00,6/14/2021 18:00,78.53,76.0775,1.953329818,0.226511686
0,T0221,5/14/2020,5/14/2020 15:30,5/14/2020 16:00,91.292,90.011,2.15617672,-0.458899517
1,T0221,10/15/2020,10/15/2020 15:00,10/15/2020 15:30,63.644,63.158,2.059140305,0.341785259
2,T0221,10/16/2020,10/16/2020 16:00,10/16/2020 16:30,67.046,66.983,2.17638227,0.542779704
3,T0221,10/19/2020,10/19/2020 18:30,10/19/2020 19:00,70.304,63.695,2.26377504,0.464827332
4,T0221,10/27/2020,10/27/2020 10:00,10/27/2020 10:30,27.23,19.688,1.816615531,-1.267464434
5,T0221,10/29/2020,10/29/2020 17:30,10/29/2020 18:00,44.672,42.2645,1.938146208,0.260037174
6,T0221,6/21/2021,6/21/2021 15:30,6/21/2021 16:30,82.4,76.3772,2.321686208,0.273395576
