,precool_deg,reset_deg,max_oat,shed_W_ft2,"Vintage, Climate"
0,0,4,57.02,0.079185061,"1980-2004, 3C"
1,0,5,57.02,0.082055099,"1980-2004, 3C"
2,0,6,57.02,0.082055099,"1980-2004, 3C"
3,2,4,57.02,0.080791886,"1980-2004, 3C"
4,2,5,57.02,0.08118014,"1980-2004, 3C"
5,2,6,57.02,0.08118014,"1980-2004, 3C"
6,3,4,57.02,0.081273833,"1980-2004, 3C"
7,3,5,57.02,0.081273833,"1980-2004, 3C"
8,3,6,57.02,0.081273833,"1980-2004, 3C"
9,4,4,57.02,0.08029047,"1980-2004, 3C"
10,4,5,57.02,0.08029047,"1980-2004, 3C"
11,4,6,57.02,0.08029047,"1980-2004, 3C"
12,0,4,60.98,0.136227547,"1980-2004, 3C"
13,0,5,60.98,0.143312237,"1980-2004, 3C"
14,0,6,60.98,0.145871094,"1980-2004, 3C"
15,2,4,60.98,0.140175622,"1980-2004, 3C"
16,2,5,60.98,0.145322035,"1980-2004, 3C"
17,2,6,60.98,0.145384521,"1980-2004, 3C"
18,3,4,60.98,0.141405845,"1980-2004, 3C"
19,3,5,60.98,0.144524341,"1980-2004, 3C"
20,3,6,60.98,0.144524341,"1980-2004, 3C"
21,4,4,60.98,0.143167951,"1980-2004, 3C"
22,4,5,60.98,0.144507271,"1980-2004, 3C"
23,4,6,60.98,0.144507271,"1980-2004, 3C"
24,0,4,51.08,0.0322642,"1980-2004, 3C"
25,0,5,51.08,0.032255723,"1980-2004, 3C"
26,0,6,51.08,0.032255223,"1980-2004, 3C"
27,2,4,51.08,0.032158768,"1980-2004, 3C"
28,2,5,51.08,0.032158458,"1980-2004, 3C"
29,2,6,51.08,0.032158444,"1980-2004, 3C"
30,3,4,51.08,0.031537538,"1980-2004, 3C"
31,3,5,51.08,0.031537106,"1980-2004, 3C"
32,3,6,51.08,0.031537106,"1980-2004, 3C"
33,4,4,51.08,0.030974486,"1980-2004, 3C"
34,4,5,51.08,0.030974315,"1980-2004, 3C"
35,4,6,51.08,0.030974315,"1980-2004, 3C"
36,0,4,51.98,0.070827005,"1980-2004, 3C"
37,0,5,51.98,0.072800595,"1980-2004, 3C"
38,0,6,51.98,0.072800574,"1980-2004, 3C"
39,2,4,51.98,0.072233476,"1980-2004, 3C"
40,2,5,51.98,0.072348353,"1980-2004, 3C"
41,2,6,51.98,0.072348352,"1980-2004, 3C"
42,3,4,51.98,0.072314229,"1980-2004, 3C"
43,3,5,51.98,0.072314206,"1980-2004, 3C"
44,3,6,51.98,0.072314206,"1980-2004, 3C"
45,4,4,51.98,0.071744406,"1980-2004, 3C"
46,4,5,51.98,0.071744398,"1980-2004, 3C"
47,4,6,51.98,0.071744398,"1980-2004, 3C"
48,0,4,50,0.030014708,"1980-2004, 3C"
49,0,5,50,0.030014284,"1980-2004, 3C"
50,0,6,50,0.030014283,"1980-2004, 3C"
51,2,4,50,0.029783972,"1980-2004, 3C"
52,2,5,50,0.029783955,"1980-2004, 3C"
53,2,6,50,0.029783955,"1980-2004, 3C"
54,3,4,50,0.029150702,"1980-2004, 3C"
55,3,5,50,0.029150701,"1980-2004, 3C"
56,3,6,50,0.029150701,"1980-2004, 3C"
57,4,4,50,0.029243785,"1980-2004, 3C"
58,4,5,50,0.029243783,"1980-2004, 3C"
59,4,6,50,0.029243783,"1980-2004, 3C"
60,0,4,51.8,0.038756262,"1980-2004, 3C"
61,0,5,51.8,0.038756286,"1980-2004, 3C"
62,0,6,51.8,0.038756287,"1980-2004, 3C"
63,2,4,51.8,0.038382167,"1980-2004, 3C"
64,2,5,51.8,0.038382152,"1980-2004, 3C"
65,2,6,51.8,0.038382152,"1980-2004, 3C"
66,3,4,51.8,0.038114835,"1980-2004, 3C"
67,3,5,51.8,0.038114833,"1980-2004, 3C"
68,3,6,51.8,0.038114833,"1980-2004, 3C"
69,4,4,51.8,0.037773263,"1980-2004, 3C"
70,4,5,51.8,0.037773263,"1980-2004, 3C"
71,4,6,51.8,0.037773263,"1980-2004, 3C"
72,0,4,50,0.052975788,"1980-2004, 3C"
73,0,5,50,0.052975671,"1980-2004, 3C"
74,0,6,50,0.052975664,"1980-2004, 3C"
75,2,4,50,0.052488234,"1980-2004, 3C"
76,2,5,50,0.052488226,"1980-2004, 3C"
77,2,6,50,0.052488227,"1980-2004, 3C"
78,3,4,50,0.053001229,"1980-2004, 3C"
79,3,5,50,0.053001228,"1980-2004, 3C"
80,3,6,50,0.053001228,"1980-2004, 3C"
81,4,4,50,0.051815476,"1980-2004, 3C"
82,4,5,50,0.051815479,"1980-2004, 3C"
83,4,6,50,0.051815479,"1980-2004, 3C"
84,0,4,50,0.051630096,"1980-2004, 3C"
85,0,5,50,0.051630169,"1980-2004, 3C"
86,0,6,50,0.051630173,"1980-2004, 3C"
87,2,4,50,0.051124373,"1980-2004, 3C"
88,2,5,50,0.051124378,"1980-2004, 3C"
89,2,6,50,0.051124378,"1980-2004, 3C"
90,3,4,50,0.051563273,"1980-2004, 3C"
91,3,5,50,0.051563276,"1980-2004, 3C"
92,3,6,50,0.051563276,"1980-2004, 3C"
93,4,4,50,0.050675312,"1980-2004, 3C"
94,4,5,50,0.050675311,"1980-2004, 3C"
95,4,6,50,0.050675311,"1980-2004, 3C"
96,0,4,55.94,0.067672709,"1980-2004, 3C"
97,0,5,55.94,0.068352602,"1980-2004, 3C"
98,0,6,55.94,0.068352599,"1980-2004, 3C"
99,2,4,55.94,0.068169605,"1980-2004, 3C"
100,2,5,55.94,0.068169597,"1980-2004, 3C"
101,2,6,55.94,0.068169597,"1980-2004, 3C"
102,3,4,55.94,0.067581421,"1980-2004, 3C"
103,3,5,55.94,0.067581421,"1980-2004, 3C"
104,3,6,55.94,0.067581421,"1980-2004, 3C"
105,4,4,55.94,0.066982571,"1980-2004, 3C"
106,4,5,55.94,0.06698257,"1980-2004, 3C"
107,4,6,55.94,0.06698257,"1980-2004, 3C"
108,0,4,53.6,0.059813759,"1980-2004, 3C"
109,0,5,53.6,0.059813749,"1980-2004, 3C"
110,0,6,53.6,0.059813749,"1980-2004, 3C"
111,2,4,53.6,0.059143526,"1980-2004, 3C"
112,2,5,53.6,0.05914353,"1980-2004, 3C"
113,2,6,53.6,0.05914353,"1980-2004, 3C"
114,3,4,53.6,0.059051817,"1980-2004, 3C"
115,3,5,53.6,0.059051815,"1980-2004, 3C"
116,3,6,53.6,0.059051815,"1980-2004, 3C"
117,4,4,53.6,0.058184019,"1980-2004, 3C"
118,4,5,53.6,0.05818402,"1980-2004, 3C"
119,4,6,53.6,0.05818402,"1980-2004, 3C"
120,0,4,57.92,0.02990009,"1980-2004, 3C"
121,0,5,57.92,0.029900106,"1980-2004, 3C"
122,0,6,57.92,0.029900107,"1980-2004, 3C"
123,2,4,57.92,0.029481354,"1980-2004, 3C"
124,2,5,57.92,0.029481348,"1980-2004, 3C"
125,2,6,57.92,0.029481348,"1980-2004, 3C"
126,3,4,57.92,0.028580103,"1980-2004, 3C"
127,3,5,57.92,0.028580109,"1980-2004, 3C"
128,3,6,57.92,0.028580109,"1980-2004, 3C"
129,4,4,57.92,0.027157695,"1980-2004, 3C"
130,4,5,57.92,0.027157697,"1980-2004, 3C"
131,4,6,57.92,0.027157697,"1980-2004, 3C"
132,0,4,57.92,0.052341235,"1980-2004, 3C"
133,0,5,57.92,0.052341561,"1980-2004, 3C"
134,0,6,57.92,0.052341573,"1980-2004, 3C"
135,2,4,57.92,0.050352714,"1980-2004, 3C"
136,2,5,57.92,0.050352707,"1980-2004, 3C"
137,2,6,57.92,0.050352707,"1980-2004, 3C"
138,3,4,57.92,0.048923638,"1980-2004, 3C"
139,3,5,57.92,0.048923645,"1980-2004, 3C"
140,3,6,57.92,0.048923645,"1980-2004, 3C"
141,4,4,57.92,0.048000771,"1980-2004, 3C"
142,4,5,57.92,0.048000762,"1980-2004, 3C"
143,4,6,57.92,0.048000762,"1980-2004, 3C"
144,0,4,55.94,0.046645063,"1980-2004, 3C"
145,0,5,55.94,0.046644882,"1980-2004, 3C"
146,0,6,55.94,0.046644875,"1980-2004, 3C"
147,2,4,55.94,0.045934587,"1980-2004, 3C"
148,2,5,55.94,0.045934589,"1980-2004, 3C"
149,2,6,55.94,0.045934589,"1980-2004, 3C"
150,3,4,55.94,0.044555384,"1980-2004, 3C"
151,3,5,55.94,0.044555384,"1980-2004, 3C"
152,3,6,55.94,0.044555384,"1980-2004, 3C"
153,4,4,55.94,0.04374196,"1980-2004, 3C"
154,4,5,55.94,0.04374196,"1980-2004, 3C"
155,4,6,55.94,0.04374196,"1980-2004, 3C"
156,0,4,62.06,0.062376505,"1980-2004, 3C"
157,0,5,62.06,0.062376345,"1980-2004, 3C"
158,0,6,62.06,0.06237634,"1980-2004, 3C"
159,2,4,62.06,0.060419521,"1980-2004, 3C"
160,2,5,62.06,0.060419515,"1980-2004, 3C"
161,2,6,62.06,0.060419515,"1980-2004, 3C"
162,3,4,62.06,0.059470522,"1980-2004, 3C"
163,3,5,62.06,0.059470501,"1980-2004, 3C"
164,3,6,62.06,0.059470501,"1980-2004, 3C"
165,4,4,62.06,0.058621411,"1980-2004, 3C"
166,4,5,62.06,0.058621411,"1980-2004, 3C"
167,4,6,62.06,0.058621411,"1980-2004, 3C"
168,0,4,57.02,0.039209141,"1980-2004, 3C"
169,0,5,57.02,0.039209141,"1980-2004, 3C"
170,0,6,57.02,0.039209141,"1980-2004, 3C"
171,2,4,57.02,0.038616625,"1980-2004, 3C"
172,2,5,57.02,0.038616619,"1980-2004, 3C"
173,2,6,57.02,0.038616619,"1980-2004, 3C"
174,3,4,57.02,0.037686469,"1980-2004, 3C"
175,3,5,57.02,0.037686475,"1980-2004, 3C"
176,3,6,57.02,0.037686475,"1980-2004, 3C"
177,4,4,57.02,0.03603238,"1980-2004, 3C"
178,4,5,57.02,0.036032383,"1980-2004, 3C"
179,4,6,57.02,0.036032383,"1980-2004, 3C"
180,0,4,54.95,0.018960764,"1980-2004, 3C"
181,0,5,54.95,0.018960779,"1980-2004, 3C"
182,0,6,54.95,0.018960779,"1980-2004, 3C"
183,2,4,54.95,0.018043874,"1980-2004, 3C"
184,2,5,54.95,0.018043872,"1980-2004, 3C"
185,2,6,54.95,0.018043872,"1980-2004, 3C"
186,3,4,54.95,0.018065899,"1980-2004, 3C"
187,3,5,54.95,0.018065903,"1980-2004, 3C"
188,3,6,54.95,0.018065903,"1980-2004, 3C"
189,4,4,54.95,0.01719645,"1980-2004, 3C"
190,4,5,54.95,0.017196451,"1980-2004, 3C"
191,4,6,54.95,0.017196451,"1980-2004, 3C"
192,0,4,51.98,0.071734613,"1980-2004, 3C"
193,0,5,51.98,0.075028482,"1980-2004, 3C"
194,0,6,51.98,0.075028483,"1980-2004, 3C"
195,2,4,51.98,0.073244448,"1980-2004, 3C"
196,2,5,51.98,0.074316598,"1980-2004, 3C"
197,2,6,51.98,0.074316598,"1980-2004, 3C"
198,3,4,51.98,0.073676486,"1980-2004, 3C"
199,3,5,51.98,0.073676483,"1980-2004, 3C"
200,3,6,51.98,0.073676483,"1980-2004, 3C"
201,4,4,51.98,0.073096373,"1980-2004, 3C"
202,4,5,51.98,0.073096373,"1980-2004, 3C"
203,4,6,51.98,0.073096373,"1980-2004, 3C"
204,0,4,53.06,0.029453999,"1980-2004, 3C"
205,0,5,53.06,0.029454138,"1980-2004, 3C"
206,0,6,53.06,0.029454139,"1980-2004, 3C"
207,2,4,53.06,0.028973059,"1980-2004, 3C"
208,2,5,53.06,0.028972898,"1980-2004, 3C"
209,2,6,53.06,0.028972898,"1980-2004, 3C"
210,3,4,53.06,0.028142244,"1980-2004, 3C"
211,3,5,53.06,0.028142252,"1980-2004, 3C"
212,3,6,53.06,0.028142252,"1980-2004, 3C"
213,4,4,53.06,0.02797273,"1980-2004, 3C"
214,4,5,53.06,0.02797273,"1980-2004, 3C"
215,4,6,53.06,0.02797273,"1980-2004, 3C"
216,0,4,48.92,0.024851067,"1980-2004, 3C"
217,0,5,48.92,0.024851141,"1980-2004, 3C"
218,0,6,48.92,0.024851143,"1980-2004, 3C"
219,2,4,48.92,0.025400399,"1980-2004, 3C"
220,2,5,48.92,0.025400386,"1980-2004, 3C"
221,2,6,48.92,0.025400386,"1980-2004, 3C"
222,3,4,48.92,0.024568971,"1980-2004, 3C"
223,3,5,48.92,0.024568951,"1980-2004, 3C"
224,3,6,48.92,0.024568951,"1980-2004, 3C"
225,4,4,48.92,0.024982363,"1980-2004, 3C"
226,4,5,48.92,0.024982362,"1980-2004, 3C"
227,4,6,48.92,0.024982362,"1980-2004, 3C"
228,0,4,55.94,0.096674628,"1980-2004, 3C"
229,0,5,55.94,0.103281583,"1980-2004, 3C"
230,0,6,55.94,0.104292182,"1980-2004, 3C"
231,2,4,55.94,0.100304479,"1980-2004, 3C"
232,2,5,55.94,0.104000892,"1980-2004, 3C"
233,2,6,55.94,0.104000892,"1980-2004, 3C"
234,3,4,55.94,0.101357361,"1980-2004, 3C"
235,3,5,55.94,0.103397648,"1980-2004, 3C"
236,3,6,55.94,0.103397648,"1980-2004, 3C"
237,4,4,55.94,0.101673021,"1980-2004, 3C"
238,4,5,55.94,0.103418818,"1980-2004, 3C"
239,4,6,55.94,0.103418818,"1980-2004, 3C"
240,0,4,57.92,0.021879067,"1980-2004, 3C"
241,0,5,57.92,0.021879034,"1980-2004, 3C"
242,0,6,57.92,0.021879031,"1980-2004, 3C"
243,2,4,57.92,0.022625554,"1980-2004, 3C"
244,2,5,57.92,0.022625545,"1980-2004, 3C"
245,2,6,57.92,0.022625545,"1980-2004, 3C"
246,3,4,57.92,0.022074274,"1980-2004, 3C"
247,3,5,57.92,0.022074282,"1980-2004, 3C"
248,3,6,57.92,0.022074282,"1980-2004, 3C"
249,4,4,57.92,0.020725262,"1980-2004, 3C"
250,4,5,57.92,0.020725178,"1980-2004, 3C"
251,4,6,57.92,0.020725178,"1980-2004, 3C"
252,0,4,53.06,0.03632578,"1980-2004, 3C"
253,0,5,53.06,0.036325724,"1980-2004, 3C"
254,0,6,53.06,0.03632572,"1980-2004, 3C"
255,2,4,53.06,0.035716609,"1980-2004, 3C"
256,2,5,53.06,0.035716609,"1980-2004, 3C"
257,2,6,53.06,0.035716609,"1980-2004, 3C"
258,3,4,53.06,0.035638278,"1980-2004, 3C"
259,3,5,53.06,0.035638281,"1980-2004, 3C"
260,3,6,53.06,0.035638281,"1980-2004, 3C"
261,4,4,53.06,0.035015869,"1980-2004, 3C"
262,4,5,53.06,0.035015876,"1980-2004, 3C"
263,4,6,53.06,0.035015876,"1980-2004, 3C"
264,0,4,57.02,0.139336371,"1980-2004, 3C"
265,0,5,57.02,0.153911688,"1980-2004, 3C"
266,0,6,57.02,0.161490057,"1980-2004, 3C"
267,2,4,57.02,0.146284091,"1980-2004, 3C"
268,2,5,57.02,0.157136623,"1980-2004, 3C"
269,2,6,57.02,0.163691444,"1980-2004, 3C"
270,3,4,57.02,0.149140968,"1980-2004, 3C"
271,3,5,57.02,0.159162555,"1980-2004, 3C"
272,3,6,57.02,0.16317533,"1980-2004, 3C"
273,4,4,57.02,0.151021038,"1980-2004, 3C"
274,4,5,57.02,0.159823176,"1980-2004, 3C"
275,4,6,57.02,0.162690916,"1980-2004, 3C"
276,0,4,51.08,0.071307754,"1980-2004, 3C"
277,0,5,51.08,0.071306728,"1980-2004, 3C"
278,0,6,51.08,0.071305883,"1980-2004, 3C"
279,2,4,51.08,0.070575207,"1980-2004, 3C"
280,2,5,51.08,0.070573248,"1980-2004, 3C"
281,2,6,51.08,0.070572483,"1980-2004, 3C"
282,3,4,51.08,0.070580981,"1980-2004, 3C"
283,3,5,51.08,0.070579593,"1980-2004, 3C"
284,3,6,51.08,0.070579144,"1980-2004, 3C"
285,4,4,51.08,0.069991792,"1980-2004, 3C"
286,4,5,51.08,0.069990145,"1980-2004, 3C"
287,4,6,51.08,0.069989134,"1980-2004, 3C"
288,0,4,55.94,0.106661536,"1980-2004, 3C"
289,0,5,55.94,0.110873825,"1980-2004, 3C"
290,0,6,55.94,0.11087372,"1980-2004, 3C"
291,2,4,55.94,0.1093159,"1980-2004, 3C"
292,2,5,55.94,0.111275943,"1980-2004, 3C"
293,2,6,55.94,0.111275879,"1980-2004, 3C"
294,3,4,55.94,0.109846512,"1980-2004, 3C"
295,3,5,55.94,0.110516349,"1980-2004, 3C"
296,3,6,55.94,0.110516303,"1980-2004, 3C"
297,4,4,55.94,0.110422402,"1980-2004, 3C"
298,4,5,55.94,0.11042227,"1980-2004, 3C"
299,4,6,55.94,0.110422174,"1980-2004, 3C"
300,0,4,60.08,0.153340859,"1980-2004, 3C"
301,0,5,60.08,0.167497881,"1980-2004, 3C"
302,0,6,60.08,0.174261728,"1980-2004, 3C"
303,2,4,60.08,0.157698611,"1980-2004, 3C"
304,2,5,60.08,0.170486811,"1980-2004, 3C"
305,2,6,60.08,0.173876793,"1980-2004, 3C"
306,3,4,60.08,0.159753156,"1980-2004, 3C"
307,3,5,60.08,0.171502928,"1980-2004, 3C"
308,3,6,60.08,0.173487746,"1980-2004, 3C"
309,4,4,60.08,0.162810828,"1980-2004, 3C"
310,4,5,60.08,0.171954574,"1980-2004, 3C"
311,4,6,60.08,0.172414377,"1980-2004, 3C"
312,0,4,59,0.059025841,"1980-2004, 3C"
313,0,5,59,0.059024871,"1980-2004, 3C"
314,0,6,59,0.05902442,"1980-2004, 3C"
315,2,4,59,0.056830905,"1980-2004, 3C"
316,2,5,59,0.056826363,"1980-2004, 3C"
317,2,6,59,0.056825225,"1980-2004, 3C"
318,3,4,59,0.056300389,"1980-2004, 3C"
319,3,5,59,0.056297162,"1980-2004, 3C"
320,3,6,59,0.056296585,"1980-2004, 3C"
321,4,4,59,0.054600516,"1980-2004, 3C"
322,4,5,59,0.054597699,"1980-2004, 3C"
323,4,6,59,0.054597544,"1980-2004, 3C"
324,0,4,57.02,0.058311972,"1980-2004, 3C"
325,0,5,57.02,0.058312273,"1980-2004, 3C"
326,0,6,57.02,0.058312285,"1980-2004, 3C"
327,2,4,57.02,0.056599899,"1980-2004, 3C"
328,2,5,57.02,0.056599459,"1980-2004, 3C"
329,2,6,57.02,0.056599316,"1980-2004, 3C"
330,3,4,57.02,0.055360352,"1980-2004, 3C"
331,3,5,57.02,0.055360055,"1980-2004, 3C"
332,3,6,57.02,0.055360002,"1980-2004, 3C"
333,4,4,57.02,0.054345618,"1980-2004, 3C"
334,4,5,57.02,0.05434543,"1980-2004, 3C"
335,4,6,57.02,0.054345426,"1980-2004, 3C"
336,0,4,57.92,0.106736178,"1980-2004, 3C"
337,0,5,57.92,0.106736046,"1980-2004, 3C"
338,0,6,57.92,0.106736043,"1980-2004, 3C"
339,2,4,57.92,0.104926485,"1980-2004, 3C"
340,2,5,57.92,0.104926492,"1980-2004, 3C"
341,2,6,57.92,0.104926504,"1980-2004, 3C"
342,3,4,57.92,0.103993551,"1980-2004, 3C"
343,3,5,57.92,0.103993565,"1980-2004, 3C"
344,3,6,57.92,0.103993572,"1980-2004, 3C"
345,4,4,57.92,0.102819225,"1980-2004, 3C"
346,4,5,57.92,0.102819048,"1980-2004, 3C"
347,4,6,57.92,0.102819024,"1980-2004, 3C"
348,0,4,62.06,0.174256836,"1980-2004, 3C"
349,0,5,62.06,0.192141411,"1980-2004, 3C"
350,0,6,62.06,0.20189747,"1980-2004, 3C"
351,2,4,62.06,0.180651898,"1980-2004, 3C"
352,2,5,62.06,0.196793024,"1980-2004, 3C"
353,2,6,62.06,0.203254093,"1980-2004, 3C"
354,3,4,62.06,0.184902224,"1980-2004, 3C"
355,3,5,62.06,0.198875003,"1980-2004, 3C"
356,3,6,62.06,0.202889186,"1980-2004, 3C"
357,4,4,62.06,0.188189337,"1980-2004, 3C"
358,4,5,62.06,0.200175577,"1980-2004, 3C"
359,4,6,62.06,0.202257498,"1980-2004, 3C"
360,0,4,66.02,0.207749914,"1980-2004, 3C"
361,0,5,66.02,0.222978815,"1980-2004, 3C"
362,0,6,66.02,0.224020622,"1980-2004, 3C"
363,2,4,66.02,0.214401506,"1980-2004, 3C"
364,2,5,66.02,0.222277229,"1980-2004, 3C"
365,2,6,66.02,0.222277265,"1980-2004, 3C"
366,3,4,66.02,0.217115571,"1980-2004, 3C"
367,3,5,66.02,0.221654878,"1980-2004, 3C"
368,3,6,66.02,0.221654863,"1980-2004, 3C"
369,4,4,66.02,0.220812818,"1980-2004, 3C"
370,4,5,66.02,0.223368103,"1980-2004, 3C"
371,4,6,66.02,0.223368078,"1980-2004, 3C"
372,0,4,71.96,0.291283537,"1980-2004, 3C"
373,0,5,71.96,0.337513671,"1980-2004, 3C"
374,0,6,71.96,0.371031784,"1980-2004, 3C"
375,2,4,71.96,0.312841204,"1980-2004, 3C"
376,2,5,71.96,0.35186339,"1980-2004, 3C"
377,2,6,71.96,0.379324698,"1980-2004, 3C"
378,3,4,71.96,0.321341417,"1980-2004, 3C"
379,3,5,71.96,0.357381603,"1980-2004, 3C"
380,3,6,71.96,0.382387019,"1980-2004, 3C"
381,4,4,71.96,0.328474749,"1980-2004, 3C"
382,4,5,71.96,0.361948963,"1980-2004, 3C"
383,4,6,71.96,0.384958896,"1980-2004, 3C"
384,0,4,71.96,0.342987876,"1980-2004, 3C"
385,0,5,71.96,0.406440664,"1980-2004, 3C"
386,0,6,71.96,0.456447123,"1980-2004, 3C"
387,2,4,71.96,0.375187546,"1980-2004, 3C"
388,2,5,71.96,0.431109228,"1980-2004, 3C"
389,2,6,71.96,0.472802423,"1980-2004, 3C"
390,3,4,71.96,0.387709681,"1980-2004, 3C"
391,3,5,71.96,0.441016982,"1980-2004, 3C"
392,3,6,71.96,0.478279557,"1980-2004, 3C"
393,4,4,71.96,0.398992271,"1980-2004, 3C"
394,4,5,71.96,0.449030854,"1980-2004, 3C"
395,4,6,71.96,0.48325556,"1980-2004, 3C"
396,0,4,64.94,0.263862802,"1980-2004, 3C"
397,0,5,64.94,0.298919404,"1980-2004, 3C"
398,0,6,64.94,0.321591976,"1980-2004, 3C"
399,2,4,64.94,0.28440673,"1980-2004, 3C"
400,2,5,64.94,0.313350477,"1980-2004, 3C"
401,2,6,64.94,0.326426584,"1980-2004, 3C"
402,3,4,64.94,0.293077699,"1980-2004, 3C"
403,3,5,64.94,0.318712828,"1980-2004, 3C"
404,3,6,64.94,0.3285526,"1980-2004, 3C"
405,4,4,64.94,0.299287541,"1980-2004, 3C"
406,4,5,64.94,0.320512066,"1980-2004, 3C"
407,4,6,64.94,0.329231008,"1980-2004, 3C"
408,0,4,69.98,0.307926093,"1980-2004, 3C"
409,0,5,69.98,0.357393404,"1980-2004, 3C"
410,0,6,69.98,0.390563455,"1980-2004, 3C"
411,2,4,69.98,0.33599586,"1980-2004, 3C"
412,2,5,69.98,0.374544951,"1980-2004, 3C"
413,2,6,69.98,0.401880708,"1980-2004, 3C"
414,3,4,69.98,0.347342013,"1980-2004, 3C"
415,3,5,69.98,0.382610602,"1980-2004, 3C"
416,3,6,69.98,0.406385292,"1980-2004, 3C"
417,4,4,69.98,0.356683914,"1980-2004, 3C"
418,4,5,69.98,0.38811924,"1980-2004, 3C"
419,4,6,69.98,0.409585194,"1980-2004, 3C"
420,0,4,54.32,0.020691541,"1980-2004, 3C"
421,0,5,54.32,0.020690557,"1980-2004, 3C"
422,0,6,54.32,0.020689939,"1980-2004, 3C"
423,2,4,54.32,0.02041527,"1980-2004, 3C"
424,2,5,54.32,0.020413366,"1980-2004, 3C"
425,2,6,54.32,0.020412536,"1980-2004, 3C"
426,3,4,54.32,0.019946372,"1980-2004, 3C"
427,3,5,54.32,0.019946717,"1980-2004, 3C"
428,3,6,54.32,0.019946355,"1980-2004, 3C"
429,4,4,54.32,0.019157802,"1980-2004, 3C"
430,4,5,54.32,0.019157445,"1980-2004, 3C"
431,4,6,54.32,0.019157815,"1980-2004, 3C"
432,0,4,57.92,0.071444371,"1980-2004, 3C"
433,0,5,57.92,0.071442655,"1980-2004, 3C"
434,0,6,57.92,0.071442518,"1980-2004, 3C"
435,2,4,57.92,0.06928063,"1980-2004, 3C"
436,2,5,57.92,0.069281713,"1980-2004, 3C"
437,2,6,57.92,0.069282887,"1980-2004, 3C"
438,3,4,57.92,0.068556616,"1980-2004, 3C"
439,3,5,57.92,0.068557301,"1980-2004, 3C"
440,3,6,57.92,0.068557791,"1980-2004, 3C"
441,4,4,57.92,0.067421064,"1980-2004, 3C"
442,4,5,57.92,0.06741745,"1980-2004, 3C"
443,4,6,57.92,0.067417271,"1980-2004, 3C"
444,0,4,55.94,0.12797924,"1980-2004, 3C"
445,0,5,55.94,0.133097789,"1980-2004, 3C"
446,0,6,55.94,0.133097477,"1980-2004, 3C"
447,2,4,55.94,0.131080309,"1980-2004, 3C"
448,2,5,55.94,0.132115442,"1980-2004, 3C"
449,2,6,55.94,0.132115246,"1980-2004, 3C"
450,3,4,55.94,0.132000208,"1980-2004, 3C"
451,3,5,55.94,0.131987339,"1980-2004, 3C"
452,3,6,55.94,0.131987383,"1980-2004, 3C"
453,4,4,55.94,0.132004401,"1980-2004, 3C"
454,4,5,55.94,0.132004052,"1980-2004, 3C"
455,4,6,55.94,0.132003962,"1980-2004, 3C"
456,0,4,57.02,0.118058827,"1980-2004, 3C"
457,0,5,57.02,0.122538,"1980-2004, 3C"
458,0,6,57.02,0.122538655,"1980-2004, 3C"
459,2,4,57.02,0.120496859,"1980-2004, 3C"
460,2,5,57.02,0.121712213,"1980-2004, 3C"
461,2,6,57.02,0.121711823,"1980-2004, 3C"
462,3,4,57.02,0.121191412,"1980-2004, 3C"
463,3,5,57.02,0.121404437,"1980-2004, 3C"
464,3,6,57.02,0.121404364,"1980-2004, 3C"
465,4,4,57.02,0.120512244,"1980-2004, 3C"
466,4,5,57.02,0.12051159,"1980-2004, 3C"
467,4,6,57.02,0.120511401,"1980-2004, 3C"
468,0,4,55.94,0.085287526,"1980-2004, 3C"
469,0,5,55.94,0.085285801,"1980-2004, 3C"
470,0,6,55.94,0.085286639,"1980-2004, 3C"
471,2,4,55.94,0.083737446,"1980-2004, 3C"
472,2,5,55.94,0.083737535,"1980-2004, 3C"
473,2,6,55.94,0.083738067,"1980-2004, 3C"
474,3,4,55.94,0.083148589,"1980-2004, 3C"
475,3,5,55.94,0.083148667,"1980-2004, 3C"
476,3,6,55.94,0.083148833,"1980-2004, 3C"
477,4,4,55.94,0.081954436,"1980-2004, 3C"
478,4,5,55.94,0.081954877,"1980-2004, 3C"
479,4,6,55.94,0.081955273,"1980-2004, 3C"
480,0,4,62.06,0.199262271,"1980-2004, 3C"
481,0,5,62.06,0.221224799,"1980-2004, 3C"
482,0,6,62.06,0.234876659,"1980-2004, 3C"
483,2,4,62.06,0.210426964,"1980-2004, 3C"
484,2,5,62.06,0.226974325,"1980-2004, 3C"
485,2,6,62.06,0.239049974,"1980-2004, 3C"
486,3,4,62.06,0.213956423,"1980-2004, 3C"
487,3,5,62.06,0.22934651,"1980-2004, 3C"
488,3,6,62.06,0.240117509,"1980-2004, 3C"
489,4,4,62.06,0.21581852,"1980-2004, 3C"
490,4,5,62.06,0.230802184,"1980-2004, 3C"
491,4,6,62.06,0.240525795,"1980-2004, 3C"
492,0,4,55.04,0.117559321,"1980-2004, 3C"
493,0,5,55.04,0.121748157,"1980-2004, 3C"
494,0,6,55.04,0.121743416,"1980-2004, 3C"
495,2,4,55.04,0.120226181,"1980-2004, 3C"
496,2,5,55.04,0.121895713,"1980-2004, 3C"
497,2,6,55.04,0.121893587,"1980-2004, 3C"
498,3,4,55.04,0.121037447,"1980-2004, 3C"
499,3,5,55.04,0.121177146,"1980-2004, 3C"
500,3,6,55.04,0.121175894,"1980-2004, 3C"
501,4,4,55.04,0.120983564,"1980-2004, 3C"
502,4,5,55.04,0.12098073,"1980-2004, 3C"
503,4,6,55.04,0.120979318,"1980-2004, 3C"
504,0,4,69.08,0.28374853,"1980-2004, 3C"
505,0,5,69.08,0.323057058,"1980-2004, 3C"
506,0,6,69.08,0.35021847,"1980-2004, 3C"
507,2,4,69.08,0.300989264,"1980-2004, 3C"
508,2,5,69.08,0.335994423,"1980-2004, 3C"
509,2,6,69.08,0.35797227,"1980-2004, 3C"
510,3,4,69.08,0.310163196,"1980-2004, 3C"
511,3,5,69.08,0.341518639,"1980-2004, 3C"
512,3,6,69.08,0.362779239,"1980-2004, 3C"
513,4,4,69.08,0.317470197,"1980-2004, 3C"
514,4,5,69.08,0.345020856,"1980-2004, 3C"
515,4,6,69.08,0.365867318,"1980-2004, 3C"
516,0,4,69.98,0.339882105,"1980-2004, 3C"
517,0,5,69.98,0.399201245,"1980-2004, 3C"
518,0,6,69.98,0.440704354,"1980-2004, 3C"
519,2,4,69.98,0.371343712,"1980-2004, 3C"
520,2,5,69.98,0.421423844,"1980-2004, 3C"
521,2,6,69.98,0.455460089,"1980-2004, 3C"
522,3,4,69.98,0.385911767,"1980-2004, 3C"
523,3,5,69.98,0.430752255,"1980-2004, 3C"
524,3,6,69.98,0.461284216,"1980-2004, 3C"
525,4,4,69.98,0.397866305,"1980-2004, 3C"
526,4,5,69.98,0.438708673,"1980-2004, 3C"
527,4,6,69.98,0.465602058,"1980-2004, 3C"
528,0,4,66.02,0.270682433,"1980-2004, 3C"
529,0,5,66.02,0.303045646,"1980-2004, 3C"
530,0,6,66.02,0.324409607,"1980-2004, 3C"
531,2,4,66.02,0.288444428,"1980-2004, 3C"
532,2,5,66.02,0.315372718,"1980-2004, 3C"
533,2,6,66.02,0.32840411,"1980-2004, 3C"
534,3,4,66.02,0.295726585,"1980-2004, 3C"
535,3,5,66.02,0.320048046,"1980-2004, 3C"
536,3,6,66.02,0.329576635,"1980-2004, 3C"
537,4,4,66.02,0.302130452,"1980-2004, 3C"
538,4,5,66.02,0.323361492,"1980-2004, 3C"
539,4,6,66.02,0.329425843,"1980-2004, 3C"
540,0,4,68,0.276767925,"1980-2004, 3C"
541,0,5,68,0.31376975,"1980-2004, 3C"
542,0,6,68,0.341484421,"1980-2004, 3C"
543,2,4,68,0.295440739,"1980-2004, 3C"
544,2,5,68,0.327892873,"1980-2004, 3C"
545,2,6,68,0.350281911,"1980-2004, 3C"
546,3,4,68,0.303817267,"1980-2004, 3C"
547,3,5,68,0.333364717,"1980-2004, 3C"
548,3,6,68,0.355022258,"1980-2004, 3C"
549,4,4,68,0.310540479,"1980-2004, 3C"
550,4,5,68,0.337480171,"1980-2004, 3C"
551,4,6,68,0.358477288,"1980-2004, 3C"
552,0,4,71.06,0.300483099,"1980-2004, 3C"
553,0,5,71.06,0.349548606,"1980-2004, 3C"
554,0,6,71.06,0.384554807,"1980-2004, 3C"
555,2,4,71.06,0.326464178,"1980-2004, 3C"
556,2,5,71.06,0.367980092,"1980-2004, 3C"
557,2,6,71.06,0.39842577,"1980-2004, 3C"
558,3,4,71.06,0.33660274,"1980-2004, 3C"
559,3,5,71.06,0.374972059,"1980-2004, 3C"
560,3,6,71.06,0.402669002,"1980-2004, 3C"
561,4,4,71.06,0.345601933,"1980-2004, 3C"
562,4,5,71.06,0.381056105,"1980-2004, 3C"
563,4,6,71.06,0.405546472,"1980-2004, 3C"
564,0,4,62.06,0.224820252,"1980-2004, 3C"
565,0,5,62.06,0.254171575,"1980-2004, 3C"
566,0,6,62.06,0.268086343,"1980-2004, 3C"
567,2,4,62.06,0.240917741,"1980-2004, 3C"
568,2,5,62.06,0.263378971,"1980-2004, 3C"
569,2,6,62.06,0.268304282,"1980-2004, 3C"
570,3,4,62.06,0.248455897,"1980-2004, 3C"
571,3,5,62.06,0.265897766,"1980-2004, 3C"
572,3,6,62.06,0.26718411,"1980-2004, 3C"
573,4,4,62.06,0.254182068,"1980-2004, 3C"
574,4,5,62.06,0.266625676,"1980-2004, 3C"
575,4,6,62.06,0.266622898,"1980-2004, 3C"
576,0,4,60.08,0.17122655,"1980-2004, 3C"
577,0,5,60.08,0.179369338,"1980-2004, 3C"
578,0,6,60.08,0.179364309,"1980-2004, 3C"
579,2,4,60.08,0.176589798,"1980-2004, 3C"
580,2,5,60.08,0.178466752,"1980-2004, 3C"
581,2,6,60.08,0.178465138,"1980-2004, 3C"
582,3,4,60.08,0.176825825,"1980-2004, 3C"
583,3,5,60.08,0.177808587,"1980-2004, 3C"
584,3,6,60.08,0.177807705,"1980-2004, 3C"
585,4,4,60.08,0.176960636,"1980-2004, 3C"
586,4,5,60.08,0.177296971,"1980-2004, 3C"
587,4,6,60.08,0.177296537,"1980-2004, 3C"
588,0,4,60.08,0.072079646,"1980-2004, 3C"
589,0,5,60.08,0.072075967,"1980-2004, 3C"
590,0,6,60.08,0.072076818,"1980-2004, 3C"
591,2,4,60.08,0.069548526,"1980-2004, 3C"
592,2,5,60.08,0.069543461,"1980-2004, 3C"
593,2,6,60.08,0.069544392,"1980-2004, 3C"
594,3,4,60.08,0.068691251,"1980-2004, 3C"
595,3,5,60.08,0.06864345,"1980-2004, 3C"
596,3,6,60.08,0.068643941,"1980-2004, 3C"
597,4,4,60.08,0.067547669,"1980-2004, 3C"
598,4,5,60.08,0.067545133,"1980-2004, 3C"
599,4,6,60.08,0.067543102,"1980-2004, 3C"
600,0,4,75.02,0.352289024,"1980-2004, 3C"
601,0,5,75.02,0.428633971,"1980-2004, 3C"
602,0,6,75.02,0.494941287,"1980-2004, 3C"
603,2,4,75.02,0.387629162,"1980-2004, 3C"
604,2,5,75.02,0.460011461,"1980-2004, 3C"
605,2,6,75.02,0.520297839,"1980-2004, 3C"
606,3,4,75.02,0.405416438,"1980-2004, 3C"
607,3,5,75.02,0.473947935,"1980-2004, 3C"
608,3,6,75.02,0.532286283,"1980-2004, 3C"
609,4,4,75.02,0.420574432,"1980-2004, 3C"
610,4,5,75.02,0.48718722,"1980-2004, 3C"
611,4,6,75.02,0.541436338,"1980-2004, 3C"
612,0,4,71.96,0.326519367,"1980-2004, 3C"
613,0,5,71.96,0.389828353,"1980-2004, 3C"
614,0,6,71.96,0.436634954,"1980-2004, 3C"
615,2,4,71.96,0.359641817,"1980-2004, 3C"
616,2,5,71.96,0.415966904,"1980-2004, 3C"
617,2,6,71.96,0.454855267,"1980-2004, 3C"
618,3,4,71.96,0.375409033,"1980-2004, 3C"
619,3,5,71.96,0.426851779,"1980-2004, 3C"
620,3,6,71.96,0.463508416,"1980-2004, 3C"
621,4,4,71.96,0.39044206,"1980-2004, 3C"
622,4,5,71.96,0.43634624,"1980-2004, 3C"
623,4,6,71.96,0.470217442,"1980-2004, 3C"
624,0,4,62.96,0.254934316,"1980-2004, 3C"
625,0,5,62.96,0.283915058,"1980-2004, 3C"
626,0,6,62.96,0.298477073,"1980-2004, 3C"
627,2,4,62.96,0.270268626,"1980-2004, 3C"
628,2,5,62.96,0.292250514,"1980-2004, 3C"
629,2,6,62.96,0.297700314,"1980-2004, 3C"
630,3,4,62.96,0.276942583,"1980-2004, 3C"
631,3,5,62.96,0.295762056,"1980-2004, 3C"
632,3,6,62.96,0.297606313,"1980-2004, 3C"
633,4,4,62.96,0.282849726,"1980-2004, 3C"
634,4,5,62.96,0.297715918,"1980-2004, 3C"
635,4,6,62.96,0.297709577,"1980-2004, 3C"
636,0,4,57.92,0.179672428,"1980-2004, 3C"
637,0,5,57.92,0.189737526,"1980-2004, 3C"
638,0,6,57.92,0.189753145,"1980-2004, 3C"
639,2,4,57.92,0.184994948,"1980-2004, 3C"
640,2,5,57.92,0.18839238,"1980-2004, 3C"
641,2,6,57.92,0.188392046,"1980-2004, 3C"
642,3,4,57.92,0.186048521,"1980-2004, 3C"
643,3,5,57.92,0.187617973,"1980-2004, 3C"
644,3,6,57.92,0.187615673,"1980-2004, 3C"
645,4,4,57.92,0.187187058,"1980-2004, 3C"
646,4,5,57.92,0.187651272,"1980-2004, 3C"
647,4,6,57.92,0.187649303,"1980-2004, 3C"
648,0,4,64.04,0.221051509,"1980-2004, 3C"
649,0,5,64.04,0.250756755,"1980-2004, 3C"
650,0,6,64.04,0.26846898,"1980-2004, 3C"
651,2,4,64.04,0.235931221,"1980-2004, 3C"
652,2,5,64.04,0.259982641,"1980-2004, 3C"
653,2,6,64.04,0.272631926,"1980-2004, 3C"
654,3,4,64.04,0.243151596,"1980-2004, 3C"
655,3,5,64.04,0.264674472,"1980-2004, 3C"
656,3,6,64.04,0.274079065,"1980-2004, 3C"
657,4,4,64.04,0.24957554,"1980-2004, 3C"
658,4,5,64.04,0.267534948,"1980-2004, 3C"
659,4,6,64.04,0.276030495,"1980-2004, 3C"
660,0,4,60.08,0.187479056,"1980-2004, 3C"
661,0,5,60.08,0.205566013,"1980-2004, 3C"
662,0,6,60.08,0.218292076,"1980-2004, 3C"
663,2,4,60.08,0.194918201,"1980-2004, 3C"
664,2,5,60.08,0.210850911,"1980-2004, 3C"
665,2,6,60.08,0.220842163,"1980-2004, 3C"
666,3,4,60.08,0.197515263,"1980-2004, 3C"
667,3,5,60.08,0.213177757,"1980-2004, 3C"
668,3,6,60.08,0.221122228,"1980-2004, 3C"
669,4,4,60.08,0.201549261,"1980-2004, 3C"
670,4,5,60.08,0.215459467,"1980-2004, 3C"
671,4,6,60.08,0.220200401,"1980-2004, 3C"
672,0,4,60.08,0.168426417,"1980-2004, 3C"
673,0,5,60.08,0.184565764,"1980-2004, 3C"
674,0,6,60.08,0.188773103,"1980-2004, 3C"
675,2,4,60.08,0.176091395,"1980-2004, 3C"
676,2,5,60.08,0.187381838,"1980-2004, 3C"
677,2,6,60.08,0.18828057,"1980-2004, 3C"
678,3,4,60.08,0.179909702,"1980-2004, 3C"
679,3,5,60.08,0.188007402,"1980-2004, 3C"
680,3,6,60.08,0.188005996,"1980-2004, 3C"
681,4,4,60.08,0.182496094,"1980-2004, 3C"
682,4,5,60.08,0.188099715,"1980-2004, 3C"
683,4,6,60.08,0.188098955,"1980-2004, 3C"
684,0,4,51.98,0.070873236,"1980-2004, 3C"
685,0,5,51.98,0.070869942,"1980-2004, 3C"
686,0,6,51.98,0.070870991,"1980-2004, 3C"
687,2,4,51.98,0.070513452,"1980-2004, 3C"
688,2,5,51.98,0.0705126,"1980-2004, 3C"
689,2,6,51.98,0.07051075,"1980-2004, 3C"
690,3,4,51.98,0.070268924,"1980-2004, 3C"
691,3,5,51.98,0.070265506,"1980-2004, 3C"
692,3,6,51.98,0.070265344,"1980-2004, 3C"
693,4,4,51.98,0.069624909,"1980-2004, 3C"
694,4,5,51.98,0.069601415,"1980-2004, 3C"
695,4,6,51.98,0.069602644,"1980-2004, 3C"
696,0,4,57.02,0.048711212,"1980-2004, 3C"
697,0,5,57.02,0.048711066,"1980-2004, 3C"
698,0,6,57.02,0.048710888,"1980-2004, 3C"
699,2,4,57.02,0.047721697,"1980-2004, 3C"
700,2,5,57.02,0.047721913,"1980-2004, 3C"
701,2,6,57.02,0.047721385,"1980-2004, 3C"
702,3,4,57.02,0.046921625,"1980-2004, 3C"
703,3,5,57.02,0.046920719,"1980-2004, 3C"
704,3,6,57.02,0.046920836,"1980-2004, 3C"
705,4,4,57.02,0.046642149,"1980-2004, 3C"
706,4,5,57.02,0.046641698,"1980-2004, 3C"
707,4,6,57.02,0.046642131,"1980-2004, 3C"
708,0,4,57.02,0.034020888,"1980-2004, 3C"
709,0,5,57.02,0.034021363,"1980-2004, 3C"
710,0,6,57.02,0.03401965,"1980-2004, 3C"
711,2,4,57.02,0.032841744,"1980-2004, 3C"
712,2,5,57.02,0.032842243,"1980-2004, 3C"
713,2,6,57.02,0.032841316,"1980-2004, 3C"
714,3,4,57.02,0.031571838,"1980-2004, 3C"
715,3,5,57.02,0.031686677,"1980-2004, 3C"
716,3,6,57.02,0.031686852,"1980-2004, 3C"
717,4,4,57.02,0.030990966,"1980-2004, 3C"
718,4,5,57.02,0.030994471,"1980-2004, 3C"
719,4,6,57.02,0.030991374,"1980-2004, 3C"
720,0,4,66.92,0.306491181,"1980-2004, 3C"
721,0,5,66.92,0.350366845,"1980-2004, 3C"
722,0,6,66.92,0.379878805,"1980-2004, 3C"
723,2,4,66.92,0.324518335,"1980-2004, 3C"
724,2,5,66.92,0.362078598,"1980-2004, 3C"
725,2,6,66.92,0.386953341,"1980-2004, 3C"
726,3,4,66.92,0.333944726,"1980-2004, 3C"
727,3,5,66.92,0.367484359,"1980-2004, 3C"
728,3,6,66.92,0.391037683,"1980-2004, 3C"
729,4,4,66.92,0.341576208,"1980-2004, 3C"
730,4,5,66.92,0.372295701,"1980-2004, 3C"
731,4,6,66.92,0.394514599,"1980-2004, 3C"
732,0,4,64.04,0.295765716,"1980-2004, 3C"
733,0,5,64.04,0.343522373,"1980-2004, 3C"
734,0,6,64.04,0.375682851,"1980-2004, 3C"
735,2,4,64.04,0.319006113,"1980-2004, 3C"
736,2,5,64.04,0.358590787,"1980-2004, 3C"
737,2,6,64.04,0.38495057,"1980-2004, 3C"
738,3,4,64.04,0.33025649,"1980-2004, 3C"
739,3,5,64.04,0.365555259,"1980-2004, 3C"
740,3,6,64.04,0.389114169,"1980-2004, 3C"
741,4,4,64.04,0.339216864,"1980-2004, 3C"
742,4,5,64.04,0.370625053,"1980-2004, 3C"
743,4,6,64.04,0.392163951,"1980-2004, 3C"
744,0,4,64.04,0.258941099,"1980-2004, 3C"
745,0,5,64.04,0.28186476,"1980-2004, 3C"
746,0,6,64.04,0.286734256,"1980-2004, 3C"
747,2,4,64.04,0.273693482,"1980-2004, 3C"
748,2,5,64.04,0.28485915,"1980-2004, 3C"
749,2,6,64.04,0.285445855,"1980-2004, 3C"
750,3,4,64.04,0.278771362,"1980-2004, 3C"
751,3,5,64.04,0.284208772,"1980-2004, 3C"
752,3,6,64.04,0.285027817,"1980-2004, 3C"
753,4,4,64.04,0.280910492,"1980-2004, 3C"
754,4,5,64.04,0.285046227,"1980-2004, 3C"
755,4,6,64.04,0.285043889,"1980-2004, 3C"
756,0,4,60.98,0.249262542,"1980-2004, 3C"
757,0,5,60.98,0.282391566,"1980-2004, 3C"
758,0,6,60.98,0.302459749,"1980-2004, 3C"
759,2,4,60.98,0.266114463,"1980-2004, 3C"
760,2,5,60.98,0.29208878,"1980-2004, 3C"
761,2,6,60.98,0.308999702,"1980-2004, 3C"
762,3,4,60.98,0.274487971,"1980-2004, 3C"
763,3,5,60.98,0.297188692,"1980-2004, 3C"
764,3,6,60.98,0.311940134,"1980-2004, 3C"
765,4,4,60.98,0.280798936,"1980-2004, 3C"
766,4,5,60.98,0.300652746,"1980-2004, 3C"
767,4,6,60.98,0.314865881,"1980-2004, 3C"
768,0,4,66.02,0.278335097,"1980-2004, 3C"
769,0,5,66.02,0.321962664,"1980-2004, 3C"
770,0,6,66.02,0.355926955,"1980-2004, 3C"
771,2,4,66.02,0.302334241,"1980-2004, 3C"
772,2,5,66.02,0.340167056,"1980-2004, 3C"
773,2,6,66.02,0.365641163,"1980-2004, 3C"
774,3,4,66.02,0.312373701,"1980-2004, 3C"
775,3,5,66.02,0.347332627,"1980-2004, 3C"
776,3,6,66.02,0.36914643,"1980-2004, 3C"
777,4,4,66.02,0.320963713,"1980-2004, 3C"
778,4,5,66.02,0.352519483,"1980-2004, 3C"
779,4,6,66.02,0.372329927,"1980-2004, 3C"
780,0,4,66.92,0.361249866,"1980-2004, 3C"
781,0,5,66.92,0.429963598,"1980-2004, 3C"
782,0,6,66.92,0.478510158,"1980-2004, 3C"
783,2,4,66.92,0.397124132,"1980-2004, 3C"
784,2,5,66.92,0.454759689,"1980-2004, 3C"
785,2,6,66.92,0.496295868,"1980-2004, 3C"
786,3,4,66.92,0.410792196,"1980-2004, 3C"
787,3,5,66.92,0.466780284,"1980-2004, 3C"
788,3,6,66.92,0.503296305,"1980-2004, 3C"
789,4,4,66.92,0.425028672,"1980-2004, 3C"
790,4,5,66.92,0.476861476,"1980-2004, 3C"
791,4,6,66.92,0.510371782,"1980-2004, 3C"
792,0,4,60.98,0.216879311,"1980-2004, 3C"
793,0,5,60.98,0.235070224,"1980-2004, 3C"
794,0,6,60.98,0.24179658,"1980-2004, 3C"
795,2,4,60.98,0.225449436,"1980-2004, 3C"
796,2,5,60.98,0.238517946,"1980-2004, 3C"
797,2,6,60.98,0.240585874,"1980-2004, 3C"
798,3,4,60.98,0.231033435,"1980-2004, 3C"
799,3,5,60.98,0.240684659,"1980-2004, 3C"
800,3,6,60.98,0.241324154,"1980-2004, 3C"
801,4,4,60.98,0.233402178,"1980-2004, 3C"
802,4,5,60.98,0.240550069,"1980-2004, 3C"
803,4,6,60.98,0.240618322,"1980-2004, 3C"
804,0,4,60.08,0.149287067,"1980-2004, 3C"
805,0,5,60.08,0.15356187,"1980-2004, 3C"
806,0,6,60.08,0.153560459,"1980-2004, 3C"
807,2,4,60.08,0.15048318,"1980-2004, 3C"
808,2,5,60.08,0.151266173,"1980-2004, 3C"
809,2,6,60.08,0.151263755,"1980-2004, 3C"
810,3,4,60.08,0.149675973,"1980-2004, 3C"
811,3,5,60.08,0.149661536,"1980-2004, 3C"
812,3,6,60.08,0.149669593,"1980-2004, 3C"
813,4,4,60.08,0.149962394,"1980-2004, 3C"
814,4,5,60.08,0.149960591,"1980-2004, 3C"
815,4,6,60.08,0.14996019,"1980-2004, 3C"
816,0,4,60.08,0.180220848,"1980-2004, 3C"
817,0,5,60.08,0.191270264,"1980-2004, 3C"
818,0,6,60.08,0.194137205,"1980-2004, 3C"
819,2,4,60.08,0.184418642,"1980-2004, 3C"
820,2,5,60.08,0.191646758,"1980-2004, 3C"
821,2,6,60.08,0.193626965,"1980-2004, 3C"
822,3,4,60.08,0.186976706,"1980-2004, 3C"
823,3,5,60.08,0.192423052,"1980-2004, 3C"
824,3,6,60.08,0.193718636,"1980-2004, 3C"
825,4,4,60.08,0.188823197,"1980-2004, 3C"
826,4,5,60.08,0.193060127,"1980-2004, 3C"
827,4,6,60.08,0.19381186,"1980-2004, 3C"
828,0,4,64.04,0.254304551,"1980-2004, 3C"
829,0,5,64.04,0.287999335,"1980-2004, 3C"
830,0,6,64.04,0.300526074,"1980-2004, 3C"
831,2,4,64.04,0.27238722,"1980-2004, 3C"
832,2,5,64.04,0.29689378,"1980-2004, 3C"
833,2,6,64.04,0.299386083,"1980-2004, 3C"
834,3,4,64.04,0.280415951,"1980-2004, 3C"
835,3,5,64.04,0.297885884,"1980-2004, 3C"
836,3,6,64.04,0.298301989,"1980-2004, 3C"
837,4,4,64.04,0.286796425,"1980-2004, 3C"
838,4,5,64.04,0.298558662,"1980-2004, 3C"
839,4,6,64.04,0.298557603,"1980-2004, 3C"
840,0,4,60.98,0.18332965,"1980-2004, 3C"
841,0,5,60.98,0.19084939,"1980-2004, 3C"
842,0,6,60.98,0.193773819,"1980-2004, 3C"
843,2,4,60.98,0.185255005,"1980-2004, 3C"
844,2,5,60.98,0.190531733,"1980-2004, 3C"
845,2,6,60.98,0.192572856,"1980-2004, 3C"
846,3,4,60.98,0.185248973,"1980-2004, 3C"
847,3,5,60.98,0.190013796,"1980-2004, 3C"
848,3,6,60.98,0.191384394,"1980-2004, 3C"
849,4,4,60.98,0.186342118,"1980-2004, 3C"
850,4,5,60.98,0.190808359,"1980-2004, 3C"
851,4,6,60.98,0.191773433,"1980-2004, 3C"
852,0,4,69.98,0.293377384,"1980-2004, 3C"
853,0,5,69.98,0.338702333,"1980-2004, 3C"
854,0,6,69.98,0.362306613,"1980-2004, 3C"
855,2,4,69.98,0.312756903,"1980-2004, 3C"
856,2,5,69.98,0.348581455,"1980-2004, 3C"
857,2,6,69.98,0.364532958,"1980-2004, 3C"
858,3,4,69.98,0.323469485,"1980-2004, 3C"
859,3,5,69.98,0.35275313,"1980-2004, 3C"
860,3,6,69.98,0.364941407,"1980-2004, 3C"
861,4,4,69.98,0.33222434,"1980-2004, 3C"
862,4,5,69.98,0.356656586,"1980-2004, 3C"
863,4,6,69.98,0.366176713,"1980-2004, 3C"
864,0,4,71.06,0.290424609,"1980-2004, 3C"
865,0,5,71.06,0.341980824,"1980-2004, 3C"
866,0,6,71.06,0.368911939,"1980-2004, 3C"
867,2,4,71.06,0.318409974,"1980-2004, 3C"
868,2,5,71.06,0.3565399,"1980-2004, 3C"
869,2,6,71.06,0.370952078,"1980-2004, 3C"
870,3,4,71.06,0.33122095,"1980-2004, 3C"
871,3,5,71.06,0.363556725,"1980-2004, 3C"
872,3,6,71.06,0.372312287,"1980-2004, 3C"
873,4,4,71.06,0.342430779,"1980-2004, 3C"
874,4,5,71.06,0.367755529,"1980-2004, 3C"
875,4,6,71.06,0.37159679,"1980-2004, 3C"
876,0,4,66.02,0.31890922,"1980-2004, 3C"
877,0,5,66.02,0.366652739,"1980-2004, 3C"
878,0,6,66.02,0.401466204,"1980-2004, 3C"
879,2,4,66.02,0.347470285,"1980-2004, 3C"
880,2,5,66.02,0.385475912,"1980-2004, 3C"
881,2,6,66.02,0.412567239,"1980-2004, 3C"
882,3,4,66.02,0.358278521,"1980-2004, 3C"
883,3,5,66.02,0.393086529,"1980-2004, 3C"
884,3,6,66.02,0.415593407,"1980-2004, 3C"
885,4,4,66.02,0.369911787,"1980-2004, 3C"
886,4,5,66.02,0.40020094,"1980-2004, 3C"
887,4,6,66.02,0.416774149,"1980-2004, 3C"
888,0,4,60.98,0.295731075,"1980-2004, 3C"
889,0,5,60.98,0.33690827,"1980-2004, 3C"
890,0,6,60.98,0.366872416,"1980-2004, 3C"
891,2,4,60.98,0.318841963,"1980-2004, 3C"
892,2,5,60.98,0.352954139,"1980-2004, 3C"
893,2,6,60.98,0.375599072,"1980-2004, 3C"
894,3,4,60.98,0.329669796,"1980-2004, 3C"
895,3,5,60.98,0.359406605,"1980-2004, 3C"
896,3,6,60.98,0.377482816,"1980-2004, 3C"
897,4,4,60.98,0.33761457,"1980-2004, 3C"
898,4,5,60.98,0.364745346,"1980-2004, 3C"
899,4,6,60.98,0.379529926,"1980-2004, 3C"
900,0,4,62.96,0.236533111,"1980-2004, 3C"
901,0,5,62.96,0.265833681,"1980-2004, 3C"
902,0,6,62.96,0.280278353,"1980-2004, 3C"
903,2,4,62.96,0.248299969,"1980-2004, 3C"
904,2,5,62.96,0.271832821,"1980-2004, 3C"
905,2,6,62.96,0.280991003,"1980-2004, 3C"
906,3,4,62.96,0.253061847,"1980-2004, 3C"
907,3,5,62.96,0.274147463,"1980-2004, 3C"
908,3,6,62.96,0.281135592,"1980-2004, 3C"
909,4,4,62.96,0.258737324,"1980-2004, 3C"
910,4,5,62.96,0.274955451,"1980-2004, 3C"
911,4,6,62.96,0.281732563,"1980-2004, 3C"
912,0,4,62.96,0.268060085,"1980-2004, 3C"
913,0,5,62.96,0.305756416,"1980-2004, 3C"
914,0,6,62.96,0.333501048,"1980-2004, 3C"
915,2,4,62.96,0.286506569,"1980-2004, 3C"
916,2,5,62.96,0.319137796,"1980-2004, 3C"
917,2,6,62.96,0.338124788,"1980-2004, 3C"
918,3,4,62.96,0.297157282,"1980-2004, 3C"
919,3,5,62.96,0.325380601,"1980-2004, 3C"
920,3,6,62.96,0.33856484,"1980-2004, 3C"
921,4,4,62.96,0.304746795,"1980-2004, 3C"
922,4,5,62.96,0.33030631,"1980-2004, 3C"
923,4,6,62.96,0.340108906,"1980-2004, 3C"
924,0,4,62.96,0.274077028,"1980-2004, 3C"
925,0,5,62.96,0.312248692,"1980-2004, 3C"
926,0,6,62.96,0.340886229,"1980-2004, 3C"
927,2,4,62.96,0.293363186,"1980-2004, 3C"
928,2,5,62.96,0.32615945,"1980-2004, 3C"
929,2,6,62.96,0.349256647,"1980-2004, 3C"
930,3,4,62.96,0.303119291,"1980-2004, 3C"
931,3,5,62.96,0.332491126,"1980-2004, 3C"
932,3,6,62.96,0.350823518,"1980-2004, 3C"
933,4,4,62.96,0.311546569,"1980-2004, 3C"
934,4,5,62.96,0.338276812,"1980-2004, 3C"
935,4,6,62.96,0.35188083,"1980-2004, 3C"
936,0,4,66.02,0.305268673,"1980-2004, 3C"
937,0,5,66.02,0.352775956,"1980-2004, 3C"
938,0,6,66.02,0.386912089,"1980-2004, 3C"
939,2,4,66.02,0.332132076,"1980-2004, 3C"
940,2,5,66.02,0.371146426,"1980-2004, 3C"
941,2,6,66.02,0.399065209,"1980-2004, 3C"
942,3,4,66.02,0.34228864,"1980-2004, 3C"
943,3,5,66.02,0.379443073,"1980-2004, 3C"
944,3,6,66.02,0.403475635,"1980-2004, 3C"
945,4,4,66.02,0.353561589,"1980-2004, 3C"
946,4,5,66.02,0.385778024,"1980-2004, 3C"
947,4,6,66.02,0.405412529,"1980-2004, 3C"
948,0,4,60.08,0.12564054,"1980-2004, 3C"
949,0,5,60.08,0.129625511,"1980-2004, 3C"
950,0,6,60.08,0.129613275,"1980-2004, 3C"
951,2,4,60.08,0.127918574,"1980-2004, 3C"
952,2,5,60.08,0.128372666,"1980-2004, 3C"
953,2,6,60.08,0.128364765,"1980-2004, 3C"
954,3,4,60.08,0.12759113,"1980-2004, 3C"
955,3,5,60.08,0.127583139,"1980-2004, 3C"
956,3,6,60.08,0.127575545,"1980-2004, 3C"
957,4,4,60.08,0.128381396,"1980-2004, 3C"
958,4,5,60.08,0.128374908,"1980-2004, 3C"
959,4,6,60.08,0.128372147,"1980-2004, 3C"
960,0,4,64.04,0.234921388,"1980-2004, 3C"
961,0,5,64.04,0.258427531,"1980-2004, 3C"
962,0,6,64.04,0.264992049,"1980-2004, 3C"
963,2,4,64.04,0.245703948,"1980-2004, 3C"
964,2,5,64.04,0.25955821,"1980-2004, 3C"
965,2,6,64.04,0.264222749,"1980-2004, 3C"
966,3,4,64.04,0.250746294,"1980-2004, 3C"
967,3,5,64.04,0.261096274,"1980-2004, 3C"
968,3,6,64.04,0.264999139,"1980-2004, 3C"
969,4,4,64.04,0.254432084,"1980-2004, 3C"
970,4,5,64.04,0.262057476,"1980-2004, 3C"
971,4,6,64.04,0.26505146,"1980-2004, 3C"
972,0,4,64.04,0.224041528,"1980-2004, 3C"
973,0,5,64.04,0.23557069,"1980-2004, 3C"
974,0,6,64.04,0.236795519,"1980-2004, 3C"
975,2,4,64.04,0.229647146,"1980-2004, 3C"
976,2,5,64.04,0.235778367,"1980-2004, 3C"
977,2,6,64.04,0.235776286,"1980-2004, 3C"
978,3,4,64.04,0.232125246,"1980-2004, 3C"
979,3,5,64.04,0.235440954,"1980-2004, 3C"
980,3,6,64.04,0.235437936,"1980-2004, 3C"
981,4,4,64.04,0.23329147,"1980-2004, 3C"
982,4,5,64.04,0.234464623,"1980-2004, 3C"
983,4,6,64.04,0.234462283,"1980-2004, 3C"
984,0,4,75.92,0.357689413,"1980-2004, 3C"
985,0,5,75.92,0.43119738,"1980-2004, 3C"
986,0,6,75.92,0.491712642,"1980-2004, 3C"
987,2,4,75.92,0.397564506,"1980-2004, 3C"
988,2,5,75.92,0.465547916,"1980-2004, 3C"
989,2,6,75.92,0.512788683,"1980-2004, 3C"
990,3,4,75.92,0.416902539,"1980-2004, 3C"
991,3,5,75.92,0.479088212,"1980-2004, 3C"
992,3,6,75.92,0.523582561,"1980-2004, 3C"
993,4,4,75.92,0.435834239,"1980-2004, 3C"
994,4,5,75.92,0.492830411,"1980-2004, 3C"
995,4,6,75.92,0.532680109,"1980-2004, 3C"
996,0,4,62.96,0.192471138,"1980-2004, 3C"
997,0,5,62.96,0.202108572,"1980-2004, 3C"
998,0,6,62.96,0.202594313,"1980-2004, 3C"
999,2,4,62.96,0.195889624,"1980-2004, 3C"
1000,2,5,62.96,0.199907429,"1980-2004, 3C"
1001,2,6,62.96,0.199893768,"1980-2004, 3C"
1002,3,4,62.96,0.199082039,"1980-2004, 3C"
1003,3,5,62.96,0.200981404,"1980-2004, 3C"
1004,3,6,62.96,0.200970599,"1980-2004, 3C"
1005,4,4,62.96,0.199855795,"1980-2004, 3C"
1006,4,5,62.96,0.200286209,"1980-2004, 3C"
1007,4,6,62.96,0.200276332,"1980-2004, 3C"
1008,0,4,60.08,0.188446165,"1980-2004, 3C"
1009,0,5,60.08,0.203793073,"1980-2004, 3C"
1010,0,6,60.08,0.209333022,"1980-2004, 3C"
1011,2,4,60.08,0.193826716,"1980-2004, 3C"
1012,2,5,60.08,0.204434219,"1980-2004, 3C"
1013,2,6,60.08,0.208243478,"1980-2004, 3C"
1014,3,4,60.08,0.197156074,"1980-2004, 3C"
1015,3,5,60.08,0.205220557,"1980-2004, 3C"
1016,3,6,60.08,0.208075091,"1980-2004, 3C"
1017,4,4,60.08,0.200075413,"1980-2004, 3C"
1018,4,5,60.08,0.206463963,"1980-2004, 3C"
1019,4,6,60.08,0.208373174,"1980-2004, 3C"
1020,0,4,84.92,0.369681571,"1980-2004, 3C"
1021,0,5,84.92,0.453403314,"1980-2004, 3C"
1022,0,6,84.92,0.53128404,"1980-2004, 3C"
1023,2,4,84.92,0.41430076,"1980-2004, 3C"
1024,2,5,84.92,0.492785877,"1980-2004, 3C"
1025,2,6,84.92,0.563874823,"1980-2004, 3C"
1026,3,4,84.92,0.434093293,"1980-2004, 3C"
1027,3,5,84.92,0.512554066,"1980-2004, 3C"
1028,3,6,84.92,0.578578866,"1980-2004, 3C"
1029,4,4,84.92,0.4546431,"1980-2004, 3C"
1030,4,5,84.92,0.529438712,"1980-2004, 3C"
1031,4,6,84.92,0.592532663,"1980-2004, 3C"
1032,0,4,78.08,0.338995194,"1980-2004, 3C"
1033,0,5,78.08,0.411855107,"1980-2004, 3C"
1034,0,6,78.08,0.472530364,"1980-2004, 3C"
1035,2,4,78.08,0.378233711,"1980-2004, 3C"
1036,2,5,78.08,0.443372386,"1980-2004, 3C"
1037,2,6,78.08,0.499081791,"1980-2004, 3C"
1038,3,4,78.08,0.395569254,"1980-2004, 3C"
1039,3,5,78.08,0.45980904,"1980-2004, 3C"
1040,3,6,78.08,0.511094003,"1980-2004, 3C"
1041,4,4,78.08,0.413135058,"1980-2004, 3C"
1042,4,5,78.08,0.472823115,"1980-2004, 3C"
1043,4,6,78.08,0.520508335,"1980-2004, 3C"
1044,0,4,62.06,0.224332812,"1980-2004, 3C"
1045,0,5,62.06,0.24607595,"1980-2004, 3C"
1046,0,6,62.06,0.26104929,"1980-2004, 3C"
1047,2,4,62.06,0.235121582,"1980-2004, 3C"
1048,2,5,62.06,0.252953547,"1980-2004, 3C"
1049,2,6,62.06,0.26364892,"1980-2004, 3C"
1050,3,4,62.06,0.239645955,"1980-2004, 3C"
1051,3,5,62.06,0.256083584,"1980-2004, 3C"
1052,3,6,62.06,0.264338889,"1980-2004, 3C"
1053,4,4,62.06,0.244123785,"1980-2004, 3C"
1054,4,5,62.06,0.257948078,"1980-2004, 3C"
1055,4,6,62.06,0.264790415,"1980-2004, 3C"
1056,0,4,66.92,0.270308083,"1980-2004, 3C"
1057,0,5,66.92,0.310325078,"1980-2004, 3C"
1058,0,6,66.92,0.33346336,"1980-2004, 3C"
1059,2,4,66.92,0.291525401,"1980-2004, 3C"
1060,2,5,66.92,0.321963126,"1980-2004, 3C"
1061,2,6,66.92,0.338386113,"1980-2004, 3C"
1062,3,4,66.92,0.300801257,"1980-2004, 3C"
1063,3,5,66.92,0.326095981,"1980-2004, 3C"
1064,3,6,66.92,0.33936874,"1980-2004, 3C"
1065,4,4,66.92,0.309976268,"1980-2004, 3C"
1066,4,5,66.92,0.329769708,"1980-2004, 3C"
1067,4,6,66.92,0.340456892,"1980-2004, 3C"
1068,0,4,66.02,0.258467316,"1980-2004, 3C"
1069,0,5,66.02,0.293666916,"1980-2004, 3C"
1070,0,6,66.02,0.312557073,"1980-2004, 3C"
1071,2,4,66.02,0.278395952,"1980-2004, 3C"
1072,2,5,66.02,0.303450437,"1980-2004, 3C"
1073,2,6,66.02,0.315932258,"1980-2004, 3C"
1074,3,4,66.02,0.287134072,"1980-2004, 3C"
1075,3,5,66.02,0.306576651,"1980-2004, 3C"
1076,3,6,66.02,0.316313414,"1980-2004, 3C"
1077,4,4,66.02,0.294270319,"1980-2004, 3C"
1078,4,5,66.02,0.309821097,"1980-2004, 3C"
1079,4,6,66.02,0.316273415,"1980-2004, 3C"
1080,0,4,62.06,0.211956729,"1980-2004, 3C"
1081,0,5,62.06,0.228326361,"1980-2004, 3C"
1082,0,6,62.06,0.235577541,"1980-2004, 3C"
1083,2,4,62.06,0.218306241,"1980-2004, 3C"
1084,2,5,62.06,0.230628298,"1980-2004, 3C"
1085,2,6,62.06,0.236669674,"1980-2004, 3C"
1086,3,4,62.06,0.220824424,"1980-2004, 3C"
1087,3,5,62.06,0.231113214,"1980-2004, 3C"
1088,3,6,62.06,0.236319704,"1980-2004, 3C"
1089,4,4,62.06,0.223767206,"1980-2004, 3C"
1090,4,5,62.06,0.232019428,"1980-2004, 3C"
1091,4,6,62.06,0.237278768,"1980-2004, 3C"
1092,0,4,66.02,0.250708424,"1980-2004, 3C"
1093,0,5,66.02,0.276088344,"1980-2004, 3C"
1094,0,6,66.02,0.29352059,"1980-2004, 3C"
1095,2,4,66.02,0.264913119,"1980-2004, 3C"
1096,2,5,66.02,0.284275096,"1980-2004, 3C"
1097,2,6,66.02,0.295406255,"1980-2004, 3C"
1098,3,4,66.02,0.269710953,"1980-2004, 3C"
1099,3,5,66.02,0.287548736,"1980-2004, 3C"
1100,3,6,66.02,0.296148998,"1980-2004, 3C"
1101,4,4,66.02,0.273815131,"1980-2004, 3C"
1102,4,5,66.02,0.289758782,"1980-2004, 3C"
1103,4,6,66.02,0.296501634,"1980-2004, 3C"
1104,0,4,69.08,0.299349721,"1980-2004, 3C"
1105,0,5,69.08,0.352468515,"1980-2004, 3C"
1106,0,6,69.08,0.384560806,"1980-2004, 3C"
1107,2,4,69.08,0.327132619,"1980-2004, 3C"
1108,2,5,69.08,0.369192414,"1980-2004, 3C"
1109,2,6,69.08,0.391631046,"1980-2004, 3C"
1110,3,4,69.08,0.34088824,"1980-2004, 3C"
1111,3,5,69.08,0.376709968,"1980-2004, 3C"
1112,3,6,69.08,0.394474721,"1980-2004, 3C"
1113,4,4,69.08,0.350646043,"1980-2004, 3C"
1114,4,5,69.08,0.382549813,"1980-2004, 3C"
1115,4,6,69.08,0.396542195,"1980-2004, 3C"
1116,0,4,82.94,0.393598977,"1980-2004, 3C"
1117,0,5,82.94,0.479334715,"1980-2004, 3C"
1118,0,6,82.94,0.567054871,"1980-2004, 3C"
1119,2,4,82.94,0.442525302,"1980-2004, 3C"
1120,2,5,82.94,0.526547931,"1980-2004, 3C"
1121,2,6,82.94,0.605559184,"1980-2004, 3C"
1122,3,4,82.94,0.46580605,"1980-2004, 3C"
1123,3,5,82.94,0.543628076,"1980-2004, 3C"
1124,3,6,82.94,0.62714648,"1980-2004, 3C"
1125,4,4,82.94,0.486949117,"1980-2004, 3C"
1126,4,5,82.94,0.569396005,"1980-2004, 3C"
1127,4,6,82.94,0.64651175,"1980-2004, 3C"
1128,0,4,75.02,0.359521397,"1980-2004, 3C"
1129,0,5,75.02,0.430300546,"1980-2004, 3C"
1130,0,6,75.02,0.489089645,"1980-2004, 3C"
1131,2,4,75.02,0.400336238,"1980-2004, 3C"
1132,2,5,75.02,0.461842719,"1980-2004, 3C"
1133,2,6,75.02,0.511346219,"1980-2004, 3C"
1134,3,4,75.02,0.417636208,"1980-2004, 3C"
1135,3,5,75.02,0.478804192,"1980-2004, 3C"
1136,3,6,75.02,0.521601882,"1980-2004, 3C"
1137,4,4,75.02,0.435585054,"1980-2004, 3C"
1138,4,5,75.02,0.491152352,"1980-2004, 3C"
1139,4,6,75.02,0.528144327,"1980-2004, 3C"
1140,0,4,64.04,0.134794189,"1980-2004, 3C"
1141,0,5,64.04,0.138098533,"1980-2004, 3C"
1142,0,6,64.04,0.138095653,"1980-2004, 3C"
1143,2,4,64.04,0.135839218,"1980-2004, 3C"
1144,2,5,64.04,0.135844318,"1980-2004, 3C"
1145,2,6,64.04,0.135843847,"1980-2004, 3C"
1146,3,4,64.04,0.134590215,"1980-2004, 3C"
1147,3,5,64.04,0.134594607,"1980-2004, 3C"
1148,3,6,64.04,0.134590705,"1980-2004, 3C"
1149,4,4,64.04,0.13382372,"1980-2004, 3C"
1150,4,5,64.04,0.133825564,"1980-2004, 3C"
1151,4,6,64.04,0.133821456,"1980-2004, 3C"
1152,0,4,68,0.311646555,"1980-2004, 3C"
1153,0,5,68,0.34126572,"1980-2004, 3C"
1154,0,6,68,0.349205891,"1980-2004, 3C"
1155,2,4,68,0.328379739,"1980-2004, 3C"
1156,2,5,68,0.342583108,"1980-2004, 3C"
1157,2,6,68,0.344869435,"1980-2004, 3C"
1158,3,4,68,0.334365165,"1980-2004, 3C"
1159,3,5,68,0.344112938,"1980-2004, 3C"
1160,3,6,68,0.344824324,"1980-2004, 3C"
1161,4,4,68,0.339830481,"1980-2004, 3C"
1162,4,5,68,0.345959363,"1980-2004, 3C"
1163,4,6,68,0.34595724,"1980-2004, 3C"
1164,0,4,66.92,0.30100249,"1980-2004, 3C"
1165,0,5,66.92,0.334113701,"1980-2004, 3C"
1166,0,6,66.92,0.344206561,"1980-2004, 3C"
1167,2,4,66.92,0.322026823,"1980-2004, 3C"
1168,2,5,66.92,0.338247066,"1980-2004, 3C"
1169,2,6,66.92,0.341699263,"1980-2004, 3C"
1170,3,4,66.92,0.328173709,"1980-2004, 3C"
1171,3,5,66.92,0.340099274,"1980-2004, 3C"
1172,3,6,66.92,0.341419068,"1980-2004, 3C"
1173,4,4,66.92,0.333449008,"1980-2004, 3C"
1174,4,5,66.92,0.342431683,"1980-2004, 3C"
1175,4,6,66.92,0.342602997,"1980-2004, 3C"
1176,0,4,66.02,0.318134124,"1980-2004, 3C"
1177,0,5,66.02,0.366541256,"1980-2004, 3C"
1178,0,6,66.02,0.390276218,"1980-2004, 3C"
1179,2,4,66.02,0.344203005,"1980-2004, 3C"
1180,2,5,66.02,0.379762039,"1980-2004, 3C"
1181,2,6,66.02,0.395263741,"1980-2004, 3C"
1182,3,4,66.02,0.355765351,"1980-2004, 3C"
1183,3,5,66.02,0.384835935,"1980-2004, 3C"
1184,3,6,66.02,0.397049788,"1980-2004, 3C"
1185,4,4,66.02,0.365398989,"1980-2004, 3C"
1186,4,5,66.02,0.38815671,"1980-2004, 3C"
1187,4,6,66.02,0.396666044,"1980-2004, 3C"
1188,0,4,64.94,0.304943308,"1980-2004, 3C"
1189,0,5,64.94,0.351831417,"1980-2004, 3C"
1190,0,6,64.94,0.379950931,"1980-2004, 3C"
1191,2,4,64.94,0.33125278,"1980-2004, 3C"
1192,2,5,64.94,0.367693289,"1980-2004, 3C"
1193,2,6,64.94,0.386657855,"1980-2004, 3C"
1194,3,4,64.94,0.342924432,"1980-2004, 3C"
1195,3,5,64.94,0.37312584,"1980-2004, 3C"
1196,3,6,64.94,0.388392775,"1980-2004, 3C"
1197,4,4,64.94,0.352862888,"1980-2004, 3C"
1198,4,5,64.94,0.377268397,"1980-2004, 3C"
1199,4,6,64.94,0.390303052,"1980-2004, 3C"
1200,0,4,64.94,0.280342336,"1980-2004, 3C"
1201,0,5,64.94,0.307524565,"1980-2004, 3C"
1202,0,6,64.94,0.32030847,"1980-2004, 3C"
1203,2,4,64.94,0.293622456,"1980-2004, 3C"
1204,2,5,64.94,0.312868852,"1980-2004, 3C"
1205,2,6,64.94,0.321470625,"1980-2004, 3C"
1206,3,4,64.94,0.29934199,"1980-2004, 3C"
1207,3,5,64.94,0.315397848,"1980-2004, 3C"
1208,3,6,64.94,0.322239341,"1980-2004, 3C"
1209,4,4,64.94,0.304081263,"1980-2004, 3C"
1210,4,5,64.94,0.316955508,"1980-2004, 3C"
1211,4,6,64.94,0.322654286,"1980-2004, 3C"
1212,0,4,66.02,0.290833303,"1980-2004, 3C"
1213,0,5,66.02,0.332952823,"1980-2004, 3C"
1214,0,6,66.02,0.357321344,"1980-2004, 3C"
1215,2,4,66.02,0.313623821,"1980-2004, 3C"
1216,2,5,66.02,0.345716631,"1980-2004, 3C"
1217,2,6,66.02,0.362906426,"1980-2004, 3C"
1218,3,4,66.02,0.32356991,"1980-2004, 3C"
1219,3,5,66.02,0.350360166,"1980-2004, 3C"
1220,3,6,66.02,0.3649666,"1980-2004, 3C"
1221,4,4,66.02,0.331418135,"1980-2004, 3C"
1222,4,5,66.02,0.35516023,"1980-2004, 3C"
1223,4,6,66.02,0.366771833,"1980-2004, 3C"
1224,0,4,73.94,0.343490498,"1980-2004, 3C"
1225,0,5,73.94,0.417208696,"1980-2004, 3C"
1226,0,6,73.94,0.478804973,"1980-2004, 3C"
1227,2,4,73.94,0.38587286,"1980-2004, 3C"
1228,2,5,73.94,0.450788735,"1980-2004, 3C"
1229,2,6,73.94,0.506439113,"1980-2004, 3C"
1230,3,4,73.94,0.403395601,"1980-2004, 3C"
1231,3,5,73.94,0.469041556,"1980-2004, 3C"
1232,3,6,73.94,0.518809529,"1980-2004, 3C"
1233,4,4,73.94,0.419605656,"1980-2004, 3C"
1234,4,5,73.94,0.481031527,"1980-2004, 3C"
1235,4,6,73.94,0.526061418,"1980-2004, 3C"
1236,0,4,80.96,0.402362566,"1980-2004, 3C"
1237,0,5,80.96,0.489020964,"1980-2004, 3C"
1238,0,6,80.96,0.571358249,"1980-2004, 3C"
1239,2,4,80.96,0.455816025,"1980-2004, 3C"
1240,2,5,80.96,0.534836375,"1980-2004, 3C"
1241,2,6,80.96,0.611288977,"1980-2004, 3C"
1242,3,4,80.96,0.47919213,"1980-2004, 3C"
1243,3,5,80.96,0.554894741,"1980-2004, 3C"
1244,3,6,80.96,0.631100161,"1980-2004, 3C"
1245,4,4,80.96,0.494477588,"1980-2004, 3C"
1246,4,5,80.96,0.573782914,"1980-2004, 3C"
1247,4,6,80.96,0.647391138,"1980-2004, 3C"
1248,0,4,59,0.160610185,"1980-2004, 3C"
1249,0,5,59,0.170953636,"1980-2004, 3C"
1250,0,6,59,0.171937738,"1980-2004, 3C"
1251,2,4,59,0.166084655,"1980-2004, 3C"
1252,2,5,59,0.170723056,"1980-2004, 3C"
1253,2,6,59,0.170711959,"1980-2004, 3C"
1254,3,4,59,0.168276861,"1980-2004, 3C"
1255,3,5,59,0.170655298,"1980-2004, 3C"
1256,3,6,59,0.170646477,"1980-2004, 3C"
1257,4,4,59,0.169167664,"1980-2004, 3C"
1258,4,5,59,0.169986823,"1980-2004, 3C"
1259,4,6,59,0.169981765,"1980-2004, 3C"
1260,0,4,60.98,0.172103561,"1980-2004, 3C"
1261,0,5,60.98,0.183605901,"1980-2004, 3C"
1262,0,6,60.98,0.188722325,"1980-2004, 3C"
1263,2,4,60.98,0.175219557,"1980-2004, 3C"
1264,2,5,60.98,0.183570322,"1980-2004, 3C"
1265,2,6,60.98,0.188753569,"1980-2004, 3C"
1266,3,4,60.98,0.177745083,"1980-2004, 3C"
1267,3,5,60.98,0.184652748,"1980-2004, 3C"
1268,3,6,60.98,0.189649887,"1980-2004, 3C"
1269,4,4,60.98,0.17957214,"1980-2004, 3C"
1270,4,5,60.98,0.185315575,"1980-2004, 3C"
1271,4,6,60.98,0.190223377,"1980-2004, 3C"
1272,0,4,62.06,0.229396661,"1980-2004, 3C"
1273,0,5,62.06,0.247400484,"1980-2004, 3C"
1274,0,6,62.06,0.258776802,"1980-2004, 3C"
1275,2,4,62.06,0.23634054,"1980-2004, 3C"
1276,2,5,62.06,0.252150911,"1980-2004, 3C"
1277,2,6,62.06,0.258878917,"1980-2004, 3C"
1278,3,4,62.06,0.241614541,"1980-2004, 3C"
1279,3,5,62.06,0.254988448,"1980-2004, 3C"
1280,3,6,62.06,0.260635132,"1980-2004, 3C"
1281,4,4,62.06,0.244689187,"1980-2004, 3C"
1282,4,5,62.06,0.255520045,"1980-2004, 3C"
1283,4,6,62.06,0.260719279,"1980-2004, 3C"
1284,0,4,68,0.300009593,"1980-2004, 3C"
1285,0,5,68,0.347361264,"1980-2004, 3C"
1286,0,6,68,0.375686652,"1980-2004, 3C"
1287,2,4,68,0.324525383,"1980-2004, 3C"
1288,2,5,68,0.361855208,"1980-2004, 3C"
1289,2,6,68,0.381650008,"1980-2004, 3C"
1290,3,4,68,0.335434255,"1980-2004, 3C"
1291,3,5,68,0.367218468,"1980-2004, 3C"
1292,3,6,68,0.383542569,"1980-2004, 3C"
1293,4,4,68,0.346275355,"1980-2004, 3C"
1294,4,5,68,0.371903642,"1980-2004, 3C"
1295,4,6,68,0.38511914,"1980-2004, 3C"
1296,0,4,82.04,0.399653481,"1980-2004, 3C"
1297,0,5,82.04,0.48506823,"1980-2004, 3C"
1298,0,6,82.04,0.559487009,"1980-2004, 3C"
1299,2,4,82.04,0.450865241,"1980-2004, 3C"
1300,2,5,82.04,0.526893812,"1980-2004, 3C"
1301,2,6,82.04,0.597059263,"1980-2004, 3C"
1302,3,4,82.04,0.472597161,"1980-2004, 3C"
1303,3,5,82.04,0.547457141,"1980-2004, 3C"
1304,3,6,82.04,0.615356584,"1980-2004, 3C"
1305,4,4,82.04,0.490187361,"1980-2004, 3C"
1306,4,5,82.04,0.566259556,"1980-2004, 3C"
1307,4,6,82.04,0.630805022,"1980-2004, 3C"
1308,0,4,89.06,0.46762605,"1980-2004, 3C"
1309,0,5,89.06,0.572483106,"1980-2004, 3C"
1310,0,6,89.06,0.673452408,"1980-2004, 3C"
1311,2,4,89.06,0.527443296,"1980-2004, 3C"
1312,2,5,89.06,0.629228355,"1980-2004, 3C"
1313,2,6,89.06,0.72133091,"1980-2004, 3C"
1314,3,4,89.06,0.559246502,"1980-2004, 3C"
1315,3,5,89.06,0.653910545,"1980-2004, 3C"
1316,3,6,89.06,0.750357092,"1980-2004, 3C"
1317,4,4,89.06,0.578785736,"1980-2004, 3C"
1318,4,5,89.06,0.670602838,"1980-2004, 3C"
1319,4,6,89.06,0.763000084,"1980-2004, 3C"
1320,0,4,84.92,0.427349265,"1980-2004, 3C"
1321,0,5,84.92,0.523551821,"1980-2004, 3C"
1322,0,6,84.92,0.616900497,"1980-2004, 3C"
1323,2,4,84.92,0.485072887,"1980-2004, 3C"
1324,2,5,84.92,0.575061389,"1980-2004, 3C"
1325,2,6,84.92,0.658090551,"1980-2004, 3C"
1326,3,4,84.92,0.511068035,"1980-2004, 3C"
1327,3,5,84.92,0.600522165,"1980-2004, 3C"
1328,3,6,84.92,0.681848061,"1980-2004, 3C"
1329,4,4,84.92,0.532332638,"1980-2004, 3C"
1330,4,5,84.92,0.622431849,"1980-2004, 3C"
1331,4,6,84.92,0.697149293,"1980-2004, 3C"
1332,0,4,78.98,0.397033388,"1980-2004, 3C"
1333,0,5,78.98,0.478627245,"1980-2004, 3C"
1334,0,6,78.98,0.553359787,"1980-2004, 3C"
1335,2,4,78.98,0.448678216,"1980-2004, 3C"
1336,2,5,78.98,0.522588513,"1980-2004, 3C"
1337,2,6,78.98,0.593422422,"1980-2004, 3C"
1338,3,4,78.98,0.470091347,"1980-2004, 3C"
1339,3,5,78.98,0.54216671,"1980-2004, 3C"
1340,3,6,78.98,0.606833637,"1980-2004, 3C"
1341,4,4,78.98,0.486860408,"1980-2004, 3C"
1342,4,5,78.98,0.561281972,"1980-2004, 3C"
1343,4,6,78.98,0.62107842,"1980-2004, 3C"
1344,0,4,64.94,0.31005638,"1980-2004, 3C"
1345,0,5,64.94,0.35715773,"1980-2004, 3C"
1346,0,6,64.94,0.38492538,"1980-2004, 3C"
1347,2,4,64.94,0.33659092,"1980-2004, 3C"
1348,2,5,64.94,0.372367566,"1980-2004, 3C"
1349,2,6,64.94,0.391250121,"1980-2004, 3C"
1350,3,4,64.94,0.347011481,"1980-2004, 3C"
1351,3,5,64.94,0.378036071,"1980-2004, 3C"
1352,3,6,64.94,0.393712037,"1980-2004, 3C"
1353,4,4,64.94,0.355623897,"1980-2004, 3C"
1354,4,5,64.94,0.381306565,"1980-2004, 3C"
1355,4,6,64.94,0.394454778,"1980-2004, 3C"
1356,0,4,71.06,0.336974857,"1980-2004, 3C"
1357,0,5,71.06,0.398083375,"1980-2004, 3C"
1358,0,6,71.06,0.447443955,"1980-2004, 3C"
1359,2,4,71.06,0.368397752,"1980-2004, 3C"
1360,2,5,71.06,0.424587714,"1980-2004, 3C"
1361,2,6,71.06,0.461688207,"1980-2004, 3C"
1362,3,4,71.06,0.384645722,"1980-2004, 3C"
1363,3,5,71.06,0.43602284,"1980-2004, 3C"
1364,3,6,71.06,0.467103662,"1980-2004, 3C"
1365,4,4,71.06,0.399168144,"1980-2004, 3C"
1366,4,5,71.06,0.445457163,"1980-2004, 3C"
1367,4,6,71.06,0.471538253,"1980-2004, 3C"
1368,0,4,69.08,0.300097388,"1980-2004, 3C"
1369,0,5,69.08,0.35896915,"1980-2004, 3C"
1370,0,6,69.08,0.391728914,"1980-2004, 3C"
1371,2,4,69.08,0.333461532,"1980-2004, 3C"
1372,2,5,69.08,0.378163512,"1980-2004, 3C"
1373,2,6,69.08,0.401912099,"1980-2004, 3C"
1374,3,4,69.08,0.347837847,"1980-2004, 3C"
1375,3,5,69.08,0.385229878,"1980-2004, 3C"
1376,3,6,69.08,0.405465438,"1980-2004, 3C"
1377,4,4,69.08,0.358230293,"1980-2004, 3C"
1378,4,5,69.08,0.391085582,"1980-2004, 3C"
1379,4,6,69.08,0.40819945,"1980-2004, 3C"
1380,0,4,66.92,0.276313752,"1980-2004, 3C"
1381,0,5,66.92,0.302632817,"1980-2004, 3C"
1382,0,6,66.92,0.315494821,"1980-2004, 3C"
1383,2,4,66.92,0.289331934,"1980-2004, 3C"
1384,2,5,66.92,0.308101852,"1980-2004, 3C"
1385,2,6,66.92,0.315749779,"1980-2004, 3C"
1386,3,4,66.92,0.295193288,"1980-2004, 3C"
1387,3,5,66.92,0.31140039,"1980-2004, 3C"
1388,3,6,66.92,0.316807732,"1980-2004, 3C"
1389,4,4,66.92,0.30024136,"1980-2004, 3C"
1390,4,5,66.92,0.313157171,"1980-2004, 3C"
1391,4,6,66.92,0.316351387,"1980-2004, 3C"
1392,0,4,62.96,0.265773877,"1980-2004, 3C"
1393,0,5,62.96,0.293478486,"1980-2004, 3C"
1394,0,6,62.96,0.309650445,"1980-2004, 3C"
1395,2,4,62.96,0.280393375,"1980-2004, 3C"
1396,2,5,62.96,0.299981536,"1980-2004, 3C"
1397,2,6,62.96,0.310702024,"1980-2004, 3C"
1398,3,4,62.96,0.285839877,"1980-2004, 3C"
1399,3,5,62.96,0.303102881,"1980-2004, 3C"
1400,3,6,62.96,0.311828102,"1980-2004, 3C"
1401,4,4,62.96,0.29100591,"1980-2004, 3C"
1402,4,5,62.96,0.305235881,"1980-2004, 3C"
1403,4,6,62.96,0.312221962,"1980-2004, 3C"
1404,0,4,64.94,0.274841938,"1980-2004, 3C"
1405,0,5,64.94,0.30465589,"1980-2004, 3C"
1406,0,6,64.94,0.321802347,"1980-2004, 3C"
1407,2,4,64.94,0.29098173,"1980-2004, 3C"
1408,2,5,64.94,0.312257519,"1980-2004, 3C"
1409,2,6,64.94,0.325137886,"1980-2004, 3C"
1410,3,4,64.94,0.296943906,"1980-2004, 3C"
1411,3,5,64.94,0.316896203,"1980-2004, 3C"
1412,3,6,64.94,0.326999964,"1980-2004, 3C"
1413,4,4,64.94,0.302542516,"1980-2004, 3C"
1414,4,5,64.94,0.318872401,"1980-2004, 3C"
1415,4,6,64.94,0.326974502,"1980-2004, 3C"
1416,0,4,62.06,0.2316199,"1980-2004, 3C"
1417,0,5,62.06,0.251290059,"1980-2004, 3C"
1418,0,6,62.06,0.263862957,"1980-2004, 3C"
1419,2,4,62.06,0.239879071,"1980-2004, 3C"
1420,2,5,62.06,0.25683,"1980-2004, 3C"
1421,2,6,62.06,0.264418434,"1980-2004, 3C"
1422,3,4,62.06,0.243632675,"1980-2004, 3C"
1423,3,5,62.06,0.259079949,"1980-2004, 3C"
1424,3,6,62.06,0.264974397,"1980-2004, 3C"
1425,4,4,62.06,0.247850668,"1980-2004, 3C"
1426,4,5,62.06,0.260213696,"1980-2004, 3C"
1427,4,6,62.06,0.264611654,"1980-2004, 3C"
1428,0,4,57.02,0.069474906,"1980-2004, 3C"
1429,0,5,57.02,0.069471462,"1980-2004, 3C"
1430,0,6,57.02,0.06946977,"1980-2004, 3C"
1431,2,4,57.02,0.067692876,"1980-2004, 3C"
1432,2,5,57.02,0.067688756,"1980-2004, 3C"
1433,2,6,57.02,0.067684391,"1980-2004, 3C"
1434,3,4,57.02,0.065980435,"1980-2004, 3C"
1435,3,5,57.02,0.06597246,"1980-2004, 3C"
1436,3,6,57.02,0.065970505,"1980-2004, 3C"
1437,4,4,57.02,0.065187012,"1980-2004, 3C"
1438,4,5,57.02,0.065181978,"1980-2004, 3C"
1439,4,6,57.02,0.065179597,"1980-2004, 3C"
1440,0,4,73.04,0.306330263,"1980-2004, 3C"
1441,0,5,73.04,0.354094312,"1980-2004, 3C"
1442,0,6,73.04,0.379252899,"1980-2004, 3C"
1443,2,4,73.04,0.330437864,"1980-2004, 3C"
1444,2,5,73.04,0.3652158,"1980-2004, 3C"
1445,2,6,73.04,0.383084163,"1980-2004, 3C"
1446,3,4,73.04,0.340433144,"1980-2004, 3C"
1447,3,5,73.04,0.370916484,"1980-2004, 3C"
1448,3,6,73.04,0.385906635,"1980-2004, 3C"
1449,4,4,73.04,0.350034141,"1980-2004, 3C"
1450,4,5,73.04,0.376108425,"1980-2004, 3C"
1451,4,6,73.04,0.387331283,"1980-2004, 3C"
1452,0,4,60.98,0.201126902,"1980-2004, 3C"
1453,0,5,60.98,0.217683174,"1980-2004, 3C"
1454,0,6,60.98,0.222701165,"1980-2004, 3C"
1455,2,4,60.98,0.208012715,"1980-2004, 3C"
1456,2,5,60.98,0.221393516,"1980-2004, 3C"
1457,2,6,60.98,0.223427156,"1980-2004, 3C"
1458,3,4,60.98,0.211582961,"1980-2004, 3C"
1459,3,5,60.98,0.221282584,"1980-2004, 3C"
1460,3,6,60.98,0.222241882,"1980-2004, 3C"
1461,4,4,60.98,0.214559214,"1980-2004, 3C"
1462,4,5,60.98,0.221900482,"1980-2004, 3C"
1463,4,6,60.98,0.222406719,"1980-2004, 3C"
1464,0,4,60.98,0.201729168,"1980-2004, 3C"
1465,0,5,60.98,0.21778283,"1980-2004, 3C"
1466,0,6,60.98,0.223474725,"1980-2004, 3C"
1467,2,4,60.98,0.208347942,"1980-2004, 3C"
1468,2,5,60.98,0.22071386,"1980-2004, 3C"
1469,2,6,60.98,0.22377801,"1980-2004, 3C"
1470,3,4,60.98,0.212362289,"1980-2004, 3C"
1471,3,5,60.98,0.221465449,"1980-2004, 3C"
1472,3,6,60.98,0.224011969,"1980-2004, 3C"
1473,4,4,60.98,0.215870357,"1980-2004, 3C"
1474,4,5,60.98,0.222517487,"1980-2004, 3C"
1475,4,6,60.98,0.224899796,"1980-2004, 3C"
1476,0,4,69.98,0.3194018,"1980-2004, 3C"
1477,0,5,69.98,0.371283237,"1980-2004, 3C"
1478,0,6,69.98,0.404176893,"1980-2004, 3C"
1479,2,4,69.98,0.345806463,"1980-2004, 3C"
1480,2,5,69.98,0.388701899,"1980-2004, 3C"
1481,2,6,69.98,0.412332204,"1980-2004, 3C"
1482,3,4,69.98,0.36045575,"1980-2004, 3C"
1483,3,5,69.98,0.395711282,"1980-2004, 3C"
1484,3,6,69.98,0.414725445,"1980-2004, 3C"
1485,4,4,69.98,0.370915465,"1980-2004, 3C"
1486,4,5,69.98,0.401544438,"1980-2004, 3C"
1487,4,6,69.98,0.417390322,"1980-2004, 3C"
1488,0,4,71.06,0.341041012,"1980-2004, 3C"
1489,0,5,71.06,0.398744023,"1980-2004, 3C"
1490,0,6,71.06,0.434690529,"1980-2004, 3C"
1491,2,4,71.06,0.370694421,"1980-2004, 3C"
1492,2,5,71.06,0.419870581,"1980-2004, 3C"
1493,2,6,71.06,0.444642101,"1980-2004, 3C"
1494,3,4,71.06,0.385851697,"1980-2004, 3C"
1495,3,5,71.06,0.426873858,"1980-2004, 3C"
1496,3,6,71.06,0.448772752,"1980-2004, 3C"
1497,4,4,71.06,0.398088635,"1980-2004, 3C"
1498,4,5,71.06,0.432714922,"1980-2004, 3C"
1499,4,6,71.06,0.451120341,"1980-2004, 3C"
1500,0,4,60.08,0.134359094,"1980-2004, 3C"
1501,0,5,60.08,0.135302627,"1980-2004, 3C"
1502,0,6,60.08,0.135303398,"1980-2004, 3C"
1503,2,4,60.08,0.13199187,"1980-2004, 3C"
1504,2,5,60.08,0.131987331,"1980-2004, 3C"
1505,2,6,60.08,0.131992346,"1980-2004, 3C"
1506,3,4,60.08,0.130441317,"1980-2004, 3C"
1507,3,5,60.08,0.130436708,"1980-2004, 3C"
1508,3,6,60.08,0.130435945,"1980-2004, 3C"
1509,4,4,60.08,0.130072836,"1980-2004, 3C"
1510,4,5,60.08,0.13007296,"1980-2004, 3C"
1511,4,6,60.08,0.130072916,"1980-2004, 3C"
1512,0,4,68,0.331133203,"1980-2004, 3C"
1513,0,5,68,0.399543657,"1980-2004, 3C"
1514,0,6,68,0.44293525,"1980-2004, 3C"
1515,2,4,68,0.368897277,"1980-2004, 3C"
1516,2,5,68,0.421426435,"1980-2004, 3C"
1517,2,6,68,0.453969641,"1980-2004, 3C"
1518,3,4,68,0.384141025,"1980-2004, 3C"
1519,3,5,68,0.432660579,"1980-2004, 3C"
1520,3,6,68,0.458355657,"1980-2004, 3C"
1521,4,4,68,0.396846714,"1980-2004, 3C"
1522,4,5,68,0.440158252,"1980-2004, 3C"
1523,4,6,68,0.460695038,"1980-2004, 3C"
1524,0,4,75.02,0.37927176,"1980-2004, 3C"
1525,0,5,75.02,0.459186393,"1980-2004, 3C"
1526,0,6,75.02,0.525118604,"1980-2004, 3C"
1527,2,4,75.02,0.422715146,"1980-2004, 3C"
1528,2,5,75.02,0.492972392,"1980-2004, 3C"
1529,2,6,75.02,0.557078564,"1980-2004, 3C"
1530,3,4,75.02,0.444571804,"1980-2004, 3C"
1531,3,5,75.02,0.515725471,"1980-2004, 3C"
1532,3,6,75.02,0.571444888,"1980-2004, 3C"
1533,4,4,75.02,0.462068655,"1980-2004, 3C"
1534,4,5,75.02,0.527542634,"1980-2004, 3C"
1535,4,6,75.02,0.578508174,"1980-2004, 3C"
1536,0,4,84.02,0.43870097,"1980-2004, 3C"
1537,0,5,84.02,0.538251388,"1980-2004, 3C"
1538,0,6,84.02,0.629641635,"1980-2004, 3C"
1539,2,4,84.02,0.500418193,"1980-2004, 3C"
1540,2,5,84.02,0.591630871,"1980-2004, 3C"
1541,2,6,84.02,0.677465617,"1980-2004, 3C"
1542,3,4,84.02,0.525685128,"1980-2004, 3C"
1543,3,5,84.02,0.614295892,"1980-2004, 3C"
1544,3,6,84.02,0.699295858,"1980-2004, 3C"
1545,4,4,84.02,0.542876045,"1980-2004, 3C"
1546,4,5,84.02,0.627423787,"1980-2004, 3C"
1547,4,6,84.02,0.709423469,"1980-2004, 3C"
1548,0,4,91.04,0.49249985,"1980-2004, 3C"
1549,0,5,91.04,0.606481206,"1980-2004, 3C"
1550,0,6,91.04,0.708941563,"1980-2004, 3C"
1551,2,4,91.04,0.56028916,"1980-2004, 3C"
1552,2,5,91.04,0.669399485,"1980-2004, 3C"
1553,2,6,91.04,0.767870652,"1980-2004, 3C"
1554,3,4,91.04,0.587789134,"1980-2004, 3C"
1555,3,5,91.04,0.695092898,"1980-2004, 3C"
1556,3,6,91.04,0.792061918,"1980-2004, 3C"
1557,4,4,91.04,0.603649594,"1980-2004, 3C"
1558,4,5,91.04,0.710773942,"1980-2004, 3C"
1559,4,6,91.04,0.805456901,"1980-2004, 3C"
1560,0,4,62.06,0.25012275,"1980-2004, 3C"
1561,0,5,62.06,0.267643942,"1980-2004, 3C"
1562,0,6,62.06,0.274064831,"1980-2004, 3C"
1563,2,4,62.06,0.257706078,"1980-2004, 3C"
1564,2,5,62.06,0.269735832,"1980-2004, 3C"
1565,2,6,62.06,0.271467392,"1980-2004, 3C"
1566,3,4,62.06,0.261068422,"1980-2004, 3C"
1567,3,5,62.06,0.270643072,"1980-2004, 3C"
1568,3,6,62.06,0.270870611,"1980-2004, 3C"
1569,4,4,62.06,0.263422048,"1980-2004, 3C"
1570,4,5,62.06,0.269826101,"1980-2004, 3C"
1571,4,6,62.06,0.269827636,"1980-2004, 3C"
1572,0,4,68,0.348354522,"1980-2004, 3C"
1573,0,5,68,0.419035186,"1980-2004, 3C"
1574,0,6,68,0.46241572,"1980-2004, 3C"
1575,2,4,68,0.388496372,"1980-2004, 3C"
1576,2,5,68,0.442785833,"1980-2004, 3C"
1577,2,6,68,0.474450548,"1980-2004, 3C"
1578,3,4,68,0.406024755,"1980-2004, 3C"
1579,3,5,68,0.453067748,"1980-2004, 3C"
1580,3,6,68,0.477710259,"1980-2004, 3C"
1581,4,4,68,0.418415481,"1980-2004, 3C"
1582,4,5,68,0.460981579,"1980-2004, 3C"
1583,4,6,68,0.481328466,"1980-2004, 3C"
1584,0,4,62.96,0.296689724,"1980-2004, 3C"
1585,0,5,62.96,0.332471215,"1980-2004, 3C"
1586,0,6,62.96,0.352628919,"1980-2004, 3C"
1587,2,4,62.96,0.314900124,"1980-2004, 3C"
1588,2,5,62.96,0.343524979,"1980-2004, 3C"
1589,2,6,62.96,0.359571546,"1980-2004, 3C"
1590,3,4,62.96,0.323710856,"1980-2004, 3C"
1591,3,5,62.96,0.347557123,"1980-2004, 3C"
1592,3,6,62.96,0.361329061,"1980-2004, 3C"
1593,4,4,62.96,0.329436405,"1980-2004, 3C"
1594,4,5,62.96,0.35042383,"1980-2004, 3C"
1595,4,6,62.96,0.362079918,"1980-2004, 3C"
1596,0,4,69.08,0.35338463,"1980-2004, 3C"
1597,0,5,69.08,0.416552192,"1980-2004, 3C"
1598,0,6,69.08,0.467149595,"1980-2004, 3C"
1599,2,4,69.08,0.386064833,"1980-2004, 3C"
1600,2,5,69.08,0.444524197,"1980-2004, 3C"
1601,2,6,69.08,0.483195878,"1980-2004, 3C"
1602,3,4,69.08,0.402739105,"1980-2004, 3C"
1603,3,5,69.08,0.456212703,"1980-2004, 3C"
1604,3,6,69.08,0.489615918,"1980-2004, 3C"
1605,4,4,69.08,0.416920085,"1980-2004, 3C"
1606,4,5,69.08,0.465409071,"1980-2004, 3C"
1607,4,6,69.08,0.493085429,"1980-2004, 3C"
1608,0,4,66.02,0.332300677,"1980-2004, 3C"
1609,0,5,66.02,0.387312554,"1980-2004, 3C"
1610,0,6,66.02,0.427182882,"1980-2004, 3C"
1611,2,4,66.02,0.361581577,"1980-2004, 3C"
1612,2,5,66.02,0.409351049,"1980-2004, 3C"
1613,2,6,66.02,0.436098479,"1980-2004, 3C"
1614,3,4,66.02,0.376124949,"1980-2004, 3C"
1615,3,5,66.02,0.41817556,"1980-2004, 3C"
1616,3,6,66.02,0.438902124,"1980-2004, 3C"
1617,4,4,66.02,0.388164257,"1980-2004, 3C"
1618,4,5,66.02,0.424120682,"1980-2004, 3C"
1619,4,6,66.02,0.441453654,"1980-2004, 3C"
1620,0,4,69.08,0.336235627,"1980-2004, 3C"
1621,0,5,69.08,0.394045459,"1980-2004, 3C"
1622,0,6,69.08,0.432896031,"1980-2004, 3C"
1623,2,4,69.08,0.365065668,"1980-2004, 3C"
1624,2,5,69.08,0.414003275,"1980-2004, 3C"
1625,2,6,69.08,0.441837267,"1980-2004, 3C"
1626,3,4,69.08,0.380253133,"1980-2004, 3C"
1627,3,5,69.08,0.422037291,"1980-2004, 3C"
1628,3,6,69.08,0.444272573,"1980-2004, 3C"
1629,4,4,69.08,0.389912063,"1980-2004, 3C"
1630,4,5,69.08,0.428691626,"1980-2004, 3C"
1631,4,6,69.08,0.447548165,"1980-2004, 3C"
1632,0,4,68,0.363249323,"1980-2004, 3C"
1633,0,5,68,0.441206226,"1980-2004, 3C"
1634,0,6,68,0.494435716,"1980-2004, 3C"
1635,2,4,68,0.407609521,"1980-2004, 3C"
1636,2,5,68,0.470276934,"1980-2004, 3C"
1637,2,6,68,0.511737184,"1980-2004, 3C"
1638,3,4,68,0.427079502,"1980-2004, 3C"
1639,3,5,68,0.482475057,"1980-2004, 3C"
1640,3,6,68,0.518413956,"1980-2004, 3C"
1641,4,4,68,0.441535149,"1980-2004, 3C"
1642,4,5,68,0.492886896,"1980-2004, 3C"
1643,4,6,68,0.521493269,"1980-2004, 3C"
1644,0,4,80.06,0.412286252,"1980-2004, 3C"
1645,0,5,80.06,0.49996313,"1980-2004, 3C"
1646,0,6,80.06,0.583731346,"1980-2004, 3C"
1647,2,4,80.06,0.466625624,"1980-2004, 3C"
1648,2,5,80.06,0.547395966,"1980-2004, 3C"
1649,2,6,80.06,0.627381434,"1980-2004, 3C"
1650,3,4,80.06,0.490529161,"1980-2004, 3C"
1651,3,5,80.06,0.569074798,"1980-2004, 3C"
1652,3,6,80.06,0.642483779,"1980-2004, 3C"
1653,4,4,80.06,0.5069871,"1980-2004, 3C"
1654,4,5,80.06,0.582688174,"1980-2004, 3C"
1655,4,6,80.06,0.656067379,"1980-2004, 3C"
1656,0,4,69.98,0.356838482,"1980-2004, 3C"
1657,0,5,69.98,0.420403098,"1980-2004, 3C"
1658,0,6,69.98,0.47498154,"1980-2004, 3C"
1659,2,4,69.98,0.394622697,"1980-2004, 3C"
1660,2,5,69.98,0.451500647,"1980-2004, 3C"
1661,2,6,69.98,0.494931819,"1980-2004, 3C"
1662,3,4,69.98,0.408514776,"1980-2004, 3C"
1663,3,5,69.98,0.465205392,"1980-2004, 3C"
1664,3,6,69.98,0.501925415,"1980-2004, 3C"
1665,4,4,69.98,0.421750959,"1980-2004, 3C"
1666,4,5,69.98,0.473209846,"1980-2004, 3C"
1667,4,6,69.98,0.506391746,"1980-2004, 3C"
1668,0,4,73.04,0.39151191,"1980-2004, 3C"
1669,0,5,73.04,0.476977411,"1980-2004, 3C"
1670,0,6,73.04,0.551792097,"1980-2004, 3C"
1671,2,4,73.04,0.440357547,"1980-2004, 3C"
1672,2,5,73.04,0.515420658,"1980-2004, 3C"
1673,2,6,73.04,0.587828571,"1980-2004, 3C"
1674,3,4,73.04,0.458477991,"1980-2004, 3C"
1675,3,5,73.04,0.535328098,"1980-2004, 3C"
1676,3,6,73.04,0.602766511,"1980-2004, 3C"
1677,4,4,73.04,0.479619439,"1980-2004, 3C"
1678,4,5,73.04,0.54965787,"1980-2004, 3C"
1679,4,6,73.04,0.61493802,"1980-2004, 3C"
1680,0,4,68,0.347734306,"1980-2004, 3C"
1681,0,5,68,0.411608441,"1980-2004, 3C"
1682,0,6,68,0.457315774,"1980-2004, 3C"
1683,2,4,68,0.37786109,"1980-2004, 3C"
1684,2,5,68,0.434310701,"1980-2004, 3C"
1685,2,6,68,0.467286339,"1980-2004, 3C"
1686,3,4,68,0.394928992,"1980-2004, 3C"
1687,3,5,68,0.443995037,"1980-2004, 3C"
1688,3,6,68,0.470913583,"1980-2004, 3C"
1689,4,4,68,0.40697709,"1980-2004, 3C"
1690,4,5,68,0.452346322,"1980-2004, 3C"
1691,4,6,68,0.474070312,"1980-2004, 3C"
1692,0,4,62.06,0.253261158,"1980-2004, 3C"
1693,0,5,62.06,0.273576045,"1980-2004, 3C"
1694,0,6,62.06,0.283598653,"1980-2004, 3C"
1695,2,4,62.06,0.264159197,"1980-2004, 3C"
1696,2,5,62.06,0.277870274,"1980-2004, 3C"
1697,2,6,62.06,0.281746235,"1980-2004, 3C"
1698,3,4,62.06,0.268286322,"1980-2004, 3C"
1699,3,5,62.06,0.28004676,"1980-2004, 3C"
1700,3,6,62.06,0.281844101,"1980-2004, 3C"
1701,4,4,62.06,0.270821151,"1980-2004, 3C"
1702,4,5,62.06,0.28196297,"1980-2004, 3C"
1703,4,6,62.06,0.280094211,"1980-2004, 3C"
1704,0,4,64.04,0.286769913,"1980-2004, 3C"
1705,0,5,64.04,0.322881601,"1980-2004, 3C"
1706,0,6,64.04,0.341531038,"1980-2004, 3C"
1707,2,4,64.04,0.305115385,"1980-2004, 3C"
1708,2,5,64.04,0.332526439,"1980-2004, 3C"
1709,2,6,64.04,0.347454872,"1980-2004, 3C"
1710,3,4,64.04,0.314065784,"1980-2004, 3C"
1711,3,5,64.04,0.336151121,"1980-2004, 3C"
1712,3,6,64.04,0.348382269,"1980-2004, 3C"
1713,4,4,64.04,0.320974353,"1980-2004, 3C"
1714,4,5,64.04,0.338994008,"1980-2004, 3C"
1715,4,6,64.04,0.348573865,"1980-2004, 3C"
1716,0,4,66.02,0.318561598,"1980-2004, 3C"
1717,0,5,66.02,0.367633645,"1980-2004, 3C"
1718,0,6,66.02,0.393837015,"1980-2004, 3C"
1719,2,4,66.02,0.343288231,"1980-2004, 3C"
1720,2,5,66.02,0.381995546,"1980-2004, 3C"
1721,2,6,66.02,0.402330488,"1980-2004, 3C"
1722,3,4,66.02,0.355958852,"1980-2004, 3C"
1723,3,5,66.02,0.388209672,"1980-2004, 3C"
1724,3,6,66.02,0.404703355,"1980-2004, 3C"
1725,4,4,66.02,0.365405936,"1980-2004, 3C"
1726,4,5,66.02,0.392586088,"1980-2004, 3C"
1727,4,6,66.02,0.406126352,"1980-2004, 3C"
1728,0,4,64.04,0.290224246,"1980-2004, 3C"
1729,0,5,64.04,0.329776008,"1980-2004, 3C"
1730,0,6,64.04,0.351609405,"1980-2004, 3C"
1731,2,4,64.04,0.310285732,"1980-2004, 3C"
1732,2,5,64.04,0.341285735,"1980-2004, 3C"
1733,2,6,64.04,0.358779975,"1980-2004, 3C"
1734,3,4,64.04,0.320216181,"1980-2004, 3C"
1735,3,5,64.04,0.346449925,"1980-2004, 3C"
1736,3,6,64.04,0.360763057,"1980-2004, 3C"
1737,4,4,64.04,0.327316986,"1980-2004, 3C"
1738,4,5,64.04,0.349464801,"1980-2004, 3C"
1739,4,6,64.04,0.361639633,"1980-2004, 3C"
1740,0,4,69.98,0.345339565,"1980-2004, 3C"
1741,0,5,69.98,0.415776626,"1980-2004, 3C"
1742,0,6,69.98,0.459948503,"1980-2004, 3C"
1743,2,4,69.98,0.383696768,"1980-2004, 3C"
1744,2,5,69.98,0.439832625,"1980-2004, 3C"
1745,2,6,69.98,0.471699093,"1980-2004, 3C"
1746,3,4,69.98,0.398816374,"1980-2004, 3C"
1747,3,5,69.98,0.449125671,"1980-2004, 3C"
1748,3,6,69.98,0.476865767,"1980-2004, 3C"
1749,4,4,69.98,0.412621336,"1980-2004, 3C"
1750,4,5,69.98,0.456841405,"1980-2004, 3C"
1751,4,6,69.98,0.479616833,"1980-2004, 3C"
1752,0,4,73.04,0.375092244,"1980-2004, 3C"
1753,0,5,73.04,0.451724448,"1980-2004, 3C"
1754,0,6,73.04,0.514659946,"1980-2004, 3C"
1755,2,4,73.04,0.417594908,"1980-2004, 3C"
1756,2,5,73.04,0.48619629,"1980-2004, 3C"
1757,2,6,73.04,0.540343562,"1980-2004, 3C"
1758,3,4,73.04,0.436024901,"1980-2004, 3C"
1759,3,5,73.04,0.501398734,"1980-2004, 3C"
1760,3,6,73.04,0.550854493,"1980-2004, 3C"
1761,4,4,73.04,0.455110266,"1980-2004, 3C"
1762,4,5,73.04,0.516247584,"1980-2004, 3C"
1763,4,6,73.04,0.558622186,"1980-2004, 3C"
1764,0,4,73.04,0.376259704,"1980-2004, 3C"
1765,0,5,73.04,0.450735637,"1980-2004, 3C"
1766,0,6,73.04,0.512595489,"1980-2004, 3C"
1767,2,4,73.04,0.418585366,"1980-2004, 3C"
1768,2,5,73.04,0.484287957,"1980-2004, 3C"
1769,2,6,73.04,0.535307116,"1980-2004, 3C"
1770,3,4,73.04,0.436647427,"1980-2004, 3C"
1771,3,5,73.04,0.500246202,"1980-2004, 3C"
1772,3,6,73.04,0.5444677,"1980-2004, 3C"
1773,4,4,73.04,0.455508783,"1980-2004, 3C"
1774,4,5,73.04,0.514493358,"1980-2004, 3C"
1775,4,6,73.04,0.551560858,"1980-2004, 3C"
1776,0,4,71.96,0.37617258,"1980-2004, 3C"
1777,0,5,71.96,0.453215217,"1980-2004, 3C"
1778,0,6,71.96,0.516226308,"1980-2004, 3C"
1779,2,4,71.96,0.419618438,"1980-2004, 3C"
1780,2,5,71.96,0.487989107,"1980-2004, 3C"
1781,2,6,71.96,0.541299035,"1980-2004, 3C"
1782,3,4,71.96,0.438423628,"1980-2004, 3C"
1783,3,5,71.96,0.503938597,"1980-2004, 3C"
1784,3,6,71.96,0.551055143,"1980-2004, 3C"
1785,4,4,71.96,0.457398207,"1980-2004, 3C"
1786,4,5,71.96,0.518034702,"1980-2004, 3C"
1787,4,6,71.96,0.557967377,"1980-2004, 3C"
1788,0,4,64.04,0.300134805,"1980-2004, 3C"
1789,0,5,64.04,0.339517141,"1980-2004, 3C"
1790,0,6,64.04,0.35939349,"1980-2004, 3C"
1791,2,4,64.04,0.320968032,"1980-2004, 3C"
1792,2,5,64.04,0.349579384,"1980-2004, 3C"
1793,2,6,64.04,0.366798474,"1980-2004, 3C"
1794,3,4,64.04,0.330658391,"1980-2004, 3C"
1795,3,5,64.04,0.354882647,"1980-2004, 3C"
1796,3,6,64.04,0.368792173,"1980-2004, 3C"
1797,4,4,64.04,0.337183968,"1980-2004, 3C"
1798,4,5,64.04,0.357500796,"1980-2004, 3C"
1799,4,6,64.04,0.369181389,"1980-2004, 3C"
1800,0,4,68,0.343064856,"1980-2004, 3C"
1801,0,5,68,0.403773986,"1980-2004, 3C"
1802,0,6,68,0.442083539,"1980-2004, 3C"
1803,2,4,68,0.373835383,"1980-2004, 3C"
1804,2,5,68,0.422955572,"1980-2004, 3C"
1805,2,6,68,0.449875381,"1980-2004, 3C"
1806,3,4,68,0.385922376,"1980-2004, 3C"
1807,3,5,68,0.431029273,"1980-2004, 3C"
1808,3,6,68,0.451413219,"1980-2004, 3C"
1809,4,4,68,0.399238694,"1980-2004, 3C"
1810,4,5,68,0.437353655,"1980-2004, 3C"
1811,4,6,68,0.451739816,"1980-2004, 3C"
1812,0,4,68,0.359610845,"1980-2004, 3C"
1813,0,5,68,0.422727192,"1980-2004, 3C"
1814,0,6,68,0.468966339,"1980-2004, 3C"
1815,2,4,68,0.393008618,"1980-2004, 3C"
1816,2,5,68,0.449370714,"1980-2004, 3C"
1817,2,6,68,0.483896319,"1980-2004, 3C"
1818,3,4,68,0.40960444,"1980-2004, 3C"
1819,3,5,68,0.459322676,"1980-2004, 3C"
1820,3,6,68,0.488772842,"1980-2004, 3C"
1821,4,4,68,0.424099671,"1980-2004, 3C"
1822,4,5,68,0.468113062,"1980-2004, 3C"
1823,4,6,68,0.491218201,"1980-2004, 3C"
1824,0,4,84.92,0.447101073,"1980-2004, 3C"
1825,0,5,84.92,0.547277535,"1980-2004, 3C"
1826,0,6,84.92,0.644174854,"1980-2004, 3C"
1827,2,4,84.92,0.507460271,"1980-2004, 3C"
1828,2,5,84.92,0.604292155,"1980-2004, 3C"
1829,2,6,84.92,0.694820169,"1980-2004, 3C"
1830,3,4,84.92,0.536880469,"1980-2004, 3C"
1831,3,5,84.92,0.629686219,"1980-2004, 3C"
1832,3,6,84.92,0.717492015,"1980-2004, 3C"
1833,4,4,84.92,0.555075301,"1980-2004, 3C"
1834,4,5,84.92,0.646056215,"1980-2004, 3C"
1835,4,6,84.92,0.729132222,"1980-2004, 3C"
1836,0,4,80.96,0.446402023,"1980-2004, 3C"
1837,0,5,80.96,0.546406677,"1980-2004, 3C"
1838,0,6,80.96,0.642682103,"1980-2004, 3C"
1839,2,4,80.96,0.505822771,"1980-2004, 3C"
1840,2,5,80.96,0.601601124,"1980-2004, 3C"
1841,2,6,80.96,0.691782977,"1980-2004, 3C"
1842,3,4,80.96,0.536096211,"1980-2004, 3C"
1843,3,5,80.96,0.624380143,"1980-2004, 3C"
1844,3,6,80.96,0.711783171,"1980-2004, 3C"
1845,4,4,80.96,0.550267784,"1980-2004, 3C"
1846,4,5,80.96,0.636989713,"1980-2004, 3C"
1847,4,6,80.96,0.720882372,"1980-2004, 3C"
1848,0,4,73.94,0.391313999,"1980-2004, 3C"
1849,0,5,73.94,0.476235487,"1980-2004, 3C"
1850,0,6,73.94,0.548789142,"1980-2004, 3C"
1851,2,4,73.94,0.441101095,"1980-2004, 3C"
1852,2,5,73.94,0.516638479,"1980-2004, 3C"
1853,2,6,73.94,0.580601355,"1980-2004, 3C"
1854,3,4,73.94,0.463018918,"1980-2004, 3C"
1855,3,5,73.94,0.532339642,"1980-2004, 3C"
1856,3,6,73.94,0.593512506,"1980-2004, 3C"
1857,4,4,73.94,0.479387804,"1980-2004, 3C"
1858,4,5,73.94,0.545976356,"1980-2004, 3C"
1859,4,6,73.94,0.602390123,"1980-2004, 3C"
1860,0,4,69.08,0.364593975,"1980-2004, 3C"
1861,0,5,69.08,0.434320627,"1980-2004, 3C"
1862,0,6,69.08,0.484721901,"1980-2004, 3C"
1863,2,4,69.08,0.399432438,"1980-2004, 3C"
1864,2,5,69.08,0.460415444,"1980-2004, 3C"
1865,2,6,69.08,0.50111874,"1980-2004, 3C"
1866,3,4,69.08,0.41371486,"1980-2004, 3C"
1867,3,5,69.08,0.47139314,"1980-2004, 3C"
1868,3,6,69.08,0.508548921,"1980-2004, 3C"
1869,4,4,69.08,0.429282849,"1980-2004, 3C"
1870,4,5,69.08,0.481645774,"1980-2004, 3C"
1871,4,6,69.08,0.514305122,"1980-2004, 3C"
1872,0,4,77,0.387165023,"1980-2004, 3C"
1873,0,5,77,0.47124796,"1980-2004, 3C"
1874,0,6,77,0.548590233,"1980-2004, 3C"
1875,2,4,77,0.436219745,"1980-2004, 3C"
1876,2,5,77,0.51359741,"1980-2004, 3C"
1877,2,6,77,0.58314359,"1980-2004, 3C"
1878,3,4,77,0.457302104,"1980-2004, 3C"
1879,3,5,77,0.53376223,"1980-2004, 3C"
1880,3,6,77,0.599907009,"1980-2004, 3C"
1881,4,4,77,0.475546109,"1980-2004, 3C"
1882,4,5,77,0.550689193,"1980-2004, 3C"
1883,4,6,77,0.615100053,"1980-2004, 3C"
1884,0,4,84.02,0.430223897,"1980-2004, 3C"
1885,0,5,84.02,0.524894706,"1980-2004, 3C"
1886,0,6,84.02,0.616959593,"1980-2004, 3C"
1887,2,4,84.02,0.490359873,"1980-2004, 3C"
1888,2,5,84.02,0.577616131,"1980-2004, 3C"
1889,2,6,84.02,0.65955176,"1980-2004, 3C"
1890,3,4,84.02,0.516823535,"1980-2004, 3C"
1891,3,5,84.02,0.600570544,"1980-2004, 3C"
1892,3,6,84.02,0.685117345,"1980-2004, 3C"
1893,4,4,84.02,0.533149336,"1980-2004, 3C"
1894,4,5,84.02,0.618886605,"1980-2004, 3C"
1895,4,6,84.02,0.697045442,"1980-2004, 3C"
1896,0,4,75.02,0.400848092,"1980-2004, 3C"
1897,0,5,75.02,0.486548699,"1980-2004, 3C"
1898,0,6,75.02,0.566047589,"1980-2004, 3C"
1899,2,4,75.02,0.449622649,"1980-2004, 3C"
1900,2,5,75.02,0.525474323,"1980-2004, 3C"
1901,2,6,75.02,0.600078415,"1980-2004, 3C"
1902,3,4,75.02,0.47273669,"1980-2004, 3C"
1903,3,5,75.02,0.546771193,"1980-2004, 3C"
1904,3,6,75.02,0.618088307,"1980-2004, 3C"
1905,4,4,75.02,0.491050511,"1980-2004, 3C"
1906,4,5,75.02,0.563437655,"1980-2004, 3C"
1907,4,6,75.02,0.632438847,"1980-2004, 3C"
1908,0,4,75.02,0.401380206,"1980-2004, 3C"
1909,0,5,75.02,0.4875939,"1980-2004, 3C"
1910,0,6,75.02,0.56731119,"1980-2004, 3C"
1911,2,4,75.02,0.449892243,"1980-2004, 3C"
1912,2,5,75.02,0.530147472,"1980-2004, 3C"
1913,2,6,75.02,0.60480043,"1980-2004, 3C"
1914,3,4,75.02,0.47284581,"1980-2004, 3C"
1915,3,5,75.02,0.547560397,"1980-2004, 3C"
1916,3,6,75.02,0.621075011,"1980-2004, 3C"
1917,4,4,75.02,0.49093909,"1980-2004, 3C"
1918,4,5,75.02,0.564359083,"1980-2004, 3C"
1919,4,6,75.02,0.634339201,"1980-2004, 3C"
1920,0,4,64.94,0.311321722,"1980-2004, 3C"
1921,0,5,64.94,0.354070351,"1980-2004, 3C"
1922,0,6,64.94,0.375744316,"1980-2004, 3C"
1923,2,4,64.94,0.330595361,"1980-2004, 3C"
1924,2,5,64.94,0.365726656,"1980-2004, 3C"
1925,2,6,64.94,0.381079002,"1980-2004, 3C"
1926,3,4,64.94,0.340922887,"1980-2004, 3C"
1927,3,5,64.94,0.369220567,"1980-2004, 3C"
1928,3,6,64.94,0.381467767,"1980-2004, 3C"
1929,4,4,64.94,0.349862571,"1980-2004, 3C"
1930,4,5,64.94,0.371791915,"1980-2004, 3C"
1931,4,6,64.94,0.381730147,"1980-2004, 3C"
1932,0,4,64.94,0.295911047,"1980-2004, 3C"
1933,0,5,64.94,0.334822388,"1980-2004, 3C"
1934,0,6,64.94,0.352619528,"1980-2004, 3C"
1935,2,4,64.94,0.316935728,"1980-2004, 3C"
1936,2,5,64.94,0.342505734,"1980-2004, 3C"
1937,2,6,64.94,0.354025061,"1980-2004, 3C"
1938,3,4,64.94,0.32497584,"1980-2004, 3C"
1939,3,5,64.94,0.346472977,"1980-2004, 3C"
1940,3,6,64.94,0.355379612,"1980-2004, 3C"
1941,4,4,64.94,0.331833665,"1980-2004, 3C"
1942,4,5,64.94,0.349121928,"1980-2004, 3C"
1943,4,6,64.94,0.355690517,"1980-2004, 3C"
1944,0,4,66.92,0.307506799,"1980-2004, 3C"
1945,0,5,66.92,0.351054098,"1980-2004, 3C"
1946,0,6,66.92,0.371005637,"1980-2004, 3C"
1947,2,4,66.92,0.33166152,"1980-2004, 3C"
1948,2,5,66.92,0.361589789,"1980-2004, 3C"
1949,2,6,66.92,0.375789165,"1980-2004, 3C"
1950,3,4,66.92,0.340501462,"1980-2004, 3C"
1951,3,5,66.92,0.3660261,"1980-2004, 3C"
1952,3,6,66.92,0.375806714,"1980-2004, 3C"
1953,4,4,66.92,0.349570174,"1980-2004, 3C"
1954,4,5,66.92,0.369209629,"1980-2004, 3C"
1955,4,6,66.92,0.375436471,"1980-2004, 3C"
1956,0,4,69.08,0.334430409,"1980-2004, 3C"
1957,0,5,69.08,0.398433354,"1980-2004, 3C"
1958,0,6,69.08,0.443226386,"1980-2004, 3C"
1959,2,4,69.08,0.367380297,"1980-2004, 3C"
1960,2,5,69.08,0.42147744,"1980-2004, 3C"
1961,2,6,69.08,0.45522197,"1980-2004, 3C"
1962,3,4,69.08,0.382571414,"1980-2004, 3C"
1963,3,5,69.08,0.432128762,"1980-2004, 3C"
1964,3,6,69.08,0.459879601,"1980-2004, 3C"
1965,4,4,69.08,0.397033153,"1980-2004, 3C"
1966,4,5,69.08,0.441092224,"1980-2004, 3C"
1967,4,6,69.08,0.463072444,"1980-2004, 3C"
1968,0,4,73.94,0.373320831,"1980-2004, 3C"
1969,0,5,73.94,0.453623011,"1980-2004, 3C"
1970,0,6,73.94,0.524811729,"1980-2004, 3C"
1971,2,4,73.94,0.416918848,"1980-2004, 3C"
1972,2,5,73.94,0.488365893,"1980-2004, 3C"
1973,2,6,73.94,0.554837362,"1980-2004, 3C"
1974,3,4,73.94,0.438746399,"1980-2004, 3C"
1975,3,5,73.94,0.507404719,"1980-2004, 3C"
1976,3,6,73.94,0.570424674,"1980-2004, 3C"
1977,4,4,73.94,0.45645708,"1980-2004, 3C"
1978,4,5,73.94,0.523022515,"1980-2004, 3C"
1979,4,6,73.94,0.582532888,"1980-2004, 3C"
1980,0,4,68,0.334024346,"1980-2004, 3C"
1981,0,5,68,0.390446991,"1980-2004, 3C"
1982,0,6,68,0.431204945,"1980-2004, 3C"
1983,2,4,68,0.363256715,"1980-2004, 3C"
1984,2,5,68,0.409754404,"1980-2004, 3C"
1985,2,6,68,0.438721803,"1980-2004, 3C"
1986,3,4,68,0.378698532,"1980-2004, 3C"
1987,3,5,68,0.418769183,"1980-2004, 3C"
1988,3,6,68,0.440744116,"1980-2004, 3C"
1989,4,4,68,0.388914638,"1980-2004, 3C"
1990,4,5,68,0.425963141,"1980-2004, 3C"
1991,4,6,68,0.442970775,"1980-2004, 3C"
1992,0,4,69.08,0.348769311,"1980-2004, 3C"
1993,0,5,69.08,0.41199947,"1980-2004, 3C"
1994,0,6,69.08,0.457201237,"1980-2004, 3C"
1995,2,4,69.08,0.383026469,"1980-2004, 3C"
1996,2,5,69.08,0.438144005,"1980-2004, 3C"
1997,2,6,69.08,0.475210935,"1980-2004, 3C"
1998,3,4,69.08,0.396865317,"1980-2004, 3C"
1999,3,5,69.08,0.448521352,"1980-2004, 3C"
2000,3,6,69.08,0.481684079,"1980-2004, 3C"
2001,4,4,69.08,0.412439142,"1980-2004, 3C"
2002,4,5,69.08,0.457779077,"1980-2004, 3C"
2003,4,6,69.08,0.485717632,"1980-2004, 3C"
2004,0,4,71.96,0.362683947,"1980-2004, 3C"
2005,0,5,71.96,0.42872863,"1980-2004, 3C"
2006,0,6,71.96,0.489005632,"1980-2004, 3C"
2007,2,4,71.96,0.39770216,"1980-2004, 3C"
2008,2,5,71.96,0.462609101,"1980-2004, 3C"
2009,2,6,71.96,0.510246066,"1980-2004, 3C"
2010,3,4,71.96,0.416409705,"1980-2004, 3C"
2011,3,5,71.96,0.477134365,"1980-2004, 3C"
2012,3,6,71.96,0.51977321,"1980-2004, 3C"
2013,4,4,71.96,0.433756696,"1980-2004, 3C"
2014,4,5,71.96,0.489944029,"1980-2004, 3C"
2015,4,6,71.96,0.528081985,"1980-2004, 3C"
2016,0,4,71.06,0.37707443,"1980-2004, 3C"
2017,0,5,71.06,0.448353128,"1980-2004, 3C"
2018,0,6,71.06,0.512774239,"1980-2004, 3C"
2019,2,4,71.06,0.418013958,"1980-2004, 3C"
2020,2,5,71.06,0.483639316,"1980-2004, 3C"
2021,2,6,71.06,0.536865921,"1980-2004, 3C"
2022,3,4,71.06,0.434351519,"1980-2004, 3C"
2023,3,5,71.06,0.499094747,"1980-2004, 3C"
2024,3,6,71.06,0.546985578,"1980-2004, 3C"
2025,4,4,71.06,0.454311714,"1980-2004, 3C"
2026,4,5,71.06,0.515409279,"1980-2004, 3C"
2027,4,6,71.06,0.556280678,"1980-2004, 3C"
2028,0,4,66.92,0.325121727,"1980-2004, 3C"
2029,0,5,66.92,0.377230154,"1980-2004, 3C"
2030,0,6,66.92,0.41133153,"1980-2004, 3C"
2031,2,4,66.92,0.353925,"1980-2004, 3C"
2032,2,5,66.92,0.395116255,"1980-2004, 3C"
2033,2,6,66.92,0.418513622,"1980-2004, 3C"
2034,3,4,66.92,0.367122678,"1980-2004, 3C"
2035,3,5,66.92,0.402612339,"1980-2004, 3C"
2036,3,6,66.92,0.420565021,"1980-2004, 3C"
2037,4,4,66.92,0.377425073,"1980-2004, 3C"
2038,4,5,66.92,0.40912651,"1980-2004, 3C"
2039,4,6,66.92,0.422155564,"1980-2004, 3C"
2040,0,4,69.98,0.344417288,"1980-2004, 3C"
2041,0,5,69.98,0.406988002,"1980-2004, 3C"
2042,0,6,69.98,0.451062852,"1980-2004, 3C"
2043,2,4,69.98,0.376232634,"1980-2004, 3C"
2044,2,5,69.98,0.429798153,"1980-2004, 3C"
2045,2,6,69.98,0.463290696,"1980-2004, 3C"
2046,3,4,69.98,0.391010134,"1980-2004, 3C"
2047,3,5,69.98,0.438747705,"1980-2004, 3C"
2048,3,6,69.98,0.468096799,"1980-2004, 3C"
2049,4,4,69.98,0.404307426,"1980-2004, 3C"
2050,4,5,69.98,0.446719624,"1980-2004, 3C"
2051,4,6,69.98,0.46979135,"1980-2004, 3C"
2052,0,4,64.94,0.201681427,"1980-2004, 3C"
2053,0,5,64.94,0.212476092,"1980-2004, 3C"
2054,0,6,64.94,0.21419809,"1980-2004, 3C"
2055,2,4,64.94,0.207310197,"1980-2004, 3C"
2056,2,5,64.94,0.212929892,"1980-2004, 3C"
2057,2,6,64.94,0.21292392,"1980-2004, 3C"
2058,3,4,64.94,0.209862937,"1980-2004, 3C"
2059,3,5,64.94,0.212873093,"1980-2004, 3C"
2060,3,6,64.94,0.212869509,"1980-2004, 3C"
2061,4,4,64.94,0.210396051,"1980-2004, 3C"
2062,4,5,64.94,0.211537822,"1980-2004, 3C"
2063,4,6,64.94,0.211539321,"1980-2004, 3C"
2064,0,4,78.98,0.371133972,"1980-2004, 3C"
2065,0,5,78.98,0.452932006,"1980-2004, 3C"
2066,0,6,78.98,0.525591207,"1980-2004, 3C"
2067,2,4,78.98,0.417559016,"1980-2004, 3C"
2068,2,5,78.98,0.493049149,"1980-2004, 3C"
2069,2,6,78.98,0.558187313,"1980-2004, 3C"
2070,3,4,78.98,0.437670111,"1980-2004, 3C"
2071,3,5,78.98,0.512553018,"1980-2004, 3C"
2072,3,6,78.98,0.573693969,"1980-2004, 3C"
2073,4,4,78.98,0.457369196,"1980-2004, 3C"
2074,4,5,78.98,0.526048971,"1980-2004, 3C"
2075,4,6,78.98,0.58439249,"1980-2004, 3C"
2076,0,4,82.04,0.397733966,"1980-2004, 3C"
2077,0,5,82.04,0.482349512,"1980-2004, 3C"
2078,0,6,82.04,0.56461589,"1980-2004, 3C"
2079,2,4,82.04,0.448665457,"1980-2004, 3C"
2080,2,5,82.04,0.52959677,"1980-2004, 3C"
2081,2,6,82.04,0.60568883,"1980-2004, 3C"
2082,3,4,82.04,0.471001837,"1980-2004, 3C"
2083,3,5,82.04,0.551240778,"1980-2004, 3C"
2084,3,6,82.04,0.621453548,"1980-2004, 3C"
2085,4,4,82.04,0.48564045,"1980-2004, 3C"
2086,4,5,82.04,0.565967995,"1980-2004, 3C"
2087,4,6,82.04,0.632992691,"1980-2004, 3C"
2088,0,4,66.92,0.348829428,"1980-2004, 3C"
2089,0,5,66.92,0.412116202,"1980-2004, 3C"
2090,0,6,66.92,0.460088086,"1980-2004, 3C"
2091,2,4,66.92,0.385421191,"1980-2004, 3C"
2092,2,5,66.92,0.439521095,"1980-2004, 3C"
2093,2,6,66.92,0.47812075,"1980-2004, 3C"
2094,3,4,66.92,0.401875086,"1980-2004, 3C"
2095,3,5,66.92,0.452060476,"1980-2004, 3C"
2096,3,6,66.92,0.485110836,"1980-2004, 3C"
2097,4,4,66.92,0.411974244,"1980-2004, 3C"
2098,4,5,66.92,0.4572752,"1980-2004, 3C"
2099,4,6,66.92,0.489640416,"1980-2004, 3C"
2100,0,4,80.96,0.444042766,"1980-2004, 3C"
2101,0,5,80.96,0.539737113,"1980-2004, 3C"
2102,0,6,80.96,0.634853083,"1980-2004, 3C"
2103,2,4,80.96,0.498028327,"1980-2004, 3C"
2104,2,5,80.96,0.589721274,"1980-2004, 3C"
2105,2,6,80.96,0.680580896,"1980-2004, 3C"
2106,3,4,80.96,0.520671548,"1980-2004, 3C"
2107,3,5,80.96,0.612754671,"1980-2004, 3C"
2108,3,6,80.96,0.699818529,"1980-2004, 3C"
2109,4,4,80.96,0.536929378,"1980-2004, 3C"
2110,4,5,80.96,0.629947402,"1980-2004, 3C"
2111,4,6,80.96,0.714433144,"1980-2004, 3C"
2112,0,4,71.96,0.383745593,"1980-2004, 3C"
2113,0,5,71.96,0.461894061,"1980-2004, 3C"
2114,0,6,71.96,0.531372975,"1980-2004, 3C"
2115,2,4,71.96,0.428236755,"1980-2004, 3C"
2116,2,5,71.96,0.501388356,"1980-2004, 3C"
2117,2,6,71.96,0.560215001,"1980-2004, 3C"
2118,3,4,71.96,0.449892486,"1980-2004, 3C"
2119,3,5,71.96,0.517246292,"1980-2004, 3C"
2120,3,6,71.96,0.572234188,"1980-2004, 3C"
2121,4,4,71.96,0.4636094,"1980-2004, 3C"
2122,4,5,71.96,0.52940214,"1980-2004, 3C"
2123,4,6,71.96,0.579649407,"1980-2004, 3C"
2124,0,4,68,0.344307052,"1980-2004, 3C"
2125,0,5,68,0.405973201,"1980-2004, 3C"
2126,0,6,68,0.452581373,"1980-2004, 3C"
2127,2,4,68,0.380660823,"1980-2004, 3C"
2128,2,5,68,0.433881028,"1980-2004, 3C"
2129,2,6,68,0.470627504,"1980-2004, 3C"
2130,3,4,68,0.39759851,"1980-2004, 3C"
2131,3,5,68,0.443263697,"1980-2004, 3C"
2132,3,6,68,0.477777081,"1980-2004, 3C"
2133,4,4,68,0.408604661,"1980-2004, 3C"
2134,4,5,68,0.452810425,"1980-2004, 3C"
2135,4,6,68,0.482769912,"1980-2004, 3C"
2136,0,4,68,0.320280249,"1980-2004, 3C"
2137,0,5,68,0.369369693,"1980-2004, 3C"
2138,0,6,68,0.402230408,"1980-2004, 3C"
2139,2,4,68,0.348116587,"1980-2004, 3C"
2140,2,5,68,0.386239521,"1980-2004, 3C"
2141,2,6,68,0.415989257,"1980-2004, 3C"
2142,3,4,68,0.360981411,"1980-2004, 3C"
2143,3,5,68,0.395436901,"1980-2004, 3C"
2144,3,6,68,0.421185749,"1980-2004, 3C"
2145,4,4,68,0.370105673,"1980-2004, 3C"
2146,4,5,68,0.402144328,"1980-2004, 3C"
2147,4,6,68,0.424824625,"1980-2004, 3C"
2148,0,4,71.96,0.407912947,"1980-2004, 3C"
2149,0,5,71.96,0.491142479,"1980-2004, 3C"
2150,0,6,71.96,0.568776735,"1980-2004, 3C"
2151,2,4,71.96,0.455665833,"1980-2004, 3C"
2152,2,5,71.96,0.534961818,"1980-2004, 3C"
2153,2,6,71.96,0.601178505,"1980-2004, 3C"
2154,3,4,71.96,0.476794952,"1980-2004, 3C"
2155,3,5,71.96,0.551560129,"1980-2004, 3C"
2156,3,6,71.96,0.614722278,"1980-2004, 3C"
2157,4,4,71.96,0.491891448,"1980-2004, 3C"
2158,4,5,71.96,0.564581852,"1980-2004, 3C"
2159,4,6,71.96,0.623480757,"1980-2004, 3C"
2160,0,4,66.02,0.342133406,"1980-2004, 3C"
2161,0,5,66.02,0.397082535,"1980-2004, 3C"
2162,0,6,66.02,0.4364291,"1980-2004, 3C"
2163,2,4,66.02,0.37304509,"1980-2004, 3C"
2164,2,5,66.02,0.416779834,"1980-2004, 3C"
2165,2,6,66.02,0.449658176,"1980-2004, 3C"
2166,3,4,66.02,0.385358458,"1980-2004, 3C"
2167,3,5,66.02,0.42639544,"1980-2004, 3C"
2168,3,6,66.02,0.455562105,"1980-2004, 3C"
2169,4,4,66.02,0.394965368,"1980-2004, 3C"
2170,4,5,66.02,0.433642852,"1980-2004, 3C"
2171,4,6,66.02,0.459688766,"1980-2004, 3C"
2172,0,4,71.96,0.386170915,"1980-2004, 3C"
2173,0,5,71.96,0.463260264,"1980-2004, 3C"
2174,0,6,71.96,0.535232378,"1980-2004, 3C"
2175,2,4,71.96,0.43074914,"1980-2004, 3C"
2176,2,5,71.96,0.503324097,"1980-2004, 3C"
2177,2,6,71.96,0.565969674,"1980-2004, 3C"
2178,3,4,71.96,0.450466257,"1980-2004, 3C"
2179,3,5,71.96,0.521531851,"1980-2004, 3C"
2180,3,6,71.96,0.579524096,"1980-2004, 3C"
2181,4,4,71.96,0.464387794,"1980-2004, 3C"
2182,4,5,71.96,0.533745161,"1980-2004, 3C"
2183,4,6,71.96,0.588054316,"1980-2004, 3C"
2184,0,4,71.06,0.368294961,"1980-2004, 3C"
2185,0,5,71.06,0.440013138,"1980-2004, 3C"
2186,0,6,71.06,0.50398676,"1980-2004, 3C"
2187,2,4,71.06,0.409175872,"1980-2004, 3C"
2188,2,5,71.06,0.476205001,"1980-2004, 3C"
2189,2,6,71.06,0.526883117,"1980-2004, 3C"
2190,3,4,71.06,0.427889118,"1980-2004, 3C"
2191,3,5,71.06,0.491409464,"1980-2004, 3C"
2192,3,6,71.06,0.537447357,"1980-2004, 3C"
2193,4,4,71.06,0.442665736,"1980-2004, 3C"
2194,4,5,71.06,0.502945223,"1980-2004, 3C"
2195,4,6,71.06,0.54472534,"1980-2004, 3C"
2196,0,4,71.06,0.375315295,"1980-2004, 3C"
2197,0,5,71.06,0.449245295,"1980-2004, 3C"
2198,0,6,71.06,0.51373315,"1980-2004, 3C"
2199,2,4,71.06,0.417179454,"1980-2004, 3C"
2200,2,5,71.06,0.485974367,"1980-2004, 3C"
2201,2,6,71.06,0.539824582,"1980-2004, 3C"
2202,3,4,71.06,0.435658819,"1980-2004, 3C"
2203,3,5,71.06,0.500842696,"1980-2004, 3C"
2204,3,6,71.06,0.550042384,"1980-2004, 3C"
2205,4,4,71.06,0.449856267,"1980-2004, 3C"
2206,4,5,71.06,0.512301504,"1980-2004, 3C"
2207,4,6,71.06,0.557274046,"1980-2004, 3C"
2208,0,4,86,0.454907746,"1980-2004, 3C"
2209,0,5,86,0.558652767,"1980-2004, 3C"
2210,0,6,86,0.654424127,"1980-2004, 3C"
2211,2,4,86,0.516334799,"1980-2004, 3C"
2212,2,5,86,0.611420654,"1980-2004, 3C"
2213,2,6,86,0.704339712,"1980-2004, 3C"
2214,3,4,86,0.541682305,"1980-2004, 3C"
2215,3,5,86,0.635769874,"1980-2004, 3C"
2216,3,6,86,0.727031413,"1980-2004, 3C"
2217,4,4,86,0.559519096,"1980-2004, 3C"
2218,4,5,86,0.652704874,"1980-2004, 3C"
2219,4,6,86,0.741530281,"1980-2004, 3C"
2220,0,4,66.92,0.326944652,"1980-2004, 3C"
2221,0,5,66.92,0.377368074,"1980-2004, 3C"
2222,0,6,66.92,0.410196851,"1980-2004, 3C"
2223,2,4,66.92,0.356242526,"1980-2004, 3C"
2224,2,5,66.92,0.394908799,"1980-2004, 3C"
2225,2,6,66.92,0.422345925,"1980-2004, 3C"
2226,3,4,66.92,0.368343825,"1980-2004, 3C"
2227,3,5,66.92,0.403882939,"1980-2004, 3C"
2228,3,6,66.92,0.425934048,"1980-2004, 3C"
2229,4,4,66.92,0.377736305,"1980-2004, 3C"
2230,4,5,66.92,0.409456433,"1980-2004, 3C"
2231,4,6,66.92,0.429069367,"1980-2004, 3C"
2232,0,4,68,0.357941903,"1980-2004, 3C"
2233,0,5,68,0.421883572,"1980-2004, 3C"
2234,0,6,68,0.470861691,"1980-2004, 3C"
2235,2,4,68,0.395220041,"1980-2004, 3C"
2236,2,5,68,0.450097414,"1980-2004, 3C"
2237,2,6,68,0.488836544,"1980-2004, 3C"
2238,3,4,68,0.412651071,"1980-2004, 3C"
2239,3,5,68,0.462551743,"1980-2004, 3C"
2240,3,6,68,0.496322216,"1980-2004, 3C"
2241,4,4,68,0.425080622,"1980-2004, 3C"
2242,4,5,68,0.471369724,"1980-2004, 3C"
2243,4,6,68,0.502248706,"1980-2004, 3C"
2244,0,4,69.98,0.368215895,"1980-2004, 3C"
2245,0,5,69.98,0.43890468,"1980-2004, 3C"
2246,0,6,69.98,0.49393216,"1980-2004, 3C"
2247,2,4,69.98,0.409303463,"1980-2004, 3C"
2248,2,5,69.98,0.47198385,"1980-2004, 3C"
2249,2,6,69.98,0.514349823,"1980-2004, 3C"
2250,3,4,69.98,0.427413453,"1980-2004, 3C"
2251,3,5,69.98,0.484718309,"1980-2004, 3C"
2252,3,6,69.98,0.5233844,"1980-2004, 3C"
2253,4,4,69.98,0.441070858,"1980-2004, 3C"
2254,4,5,69.98,0.494036568,"1980-2004, 3C"
2255,4,6,69.98,0.529145656,"1980-2004, 3C"
2256,0,4,69.08,0.379949087,"1980-2004, 3C"
2257,0,5,69.08,0.453255675,"1980-2004, 3C"
2258,0,6,69.08,0.515156592,"1980-2004, 3C"
2259,2,4,69.08,0.422080656,"1980-2004, 3C"
2260,2,5,69.08,0.489226654,"1980-2004, 3C"
2261,2,6,69.08,0.538961012,"1980-2004, 3C"
2262,3,4,69.08,0.440874652,"1980-2004, 3C"
2263,3,5,69.08,0.503969842,"1980-2004, 3C"
2264,3,6,69.08,0.549035151,"1980-2004, 3C"
2265,4,4,69.08,0.454807707,"1980-2004, 3C"
2266,4,5,69.08,0.514264545,"1980-2004, 3C"
2267,4,6,69.08,0.554823587,"1980-2004, 3C"
2268,0,4,69.08,0.371804716,"1980-2004, 3C"
2269,0,5,69.08,0.442208957,"1980-2004, 3C"
2270,0,6,69.08,0.501608718,"1980-2004, 3C"
2271,2,4,69.08,0.413807942,"1980-2004, 3C"
2272,2,5,69.08,0.478300012,"1980-2004, 3C"
2273,2,6,69.08,0.524142825,"1980-2004, 3C"
2274,3,4,69.08,0.433167702,"1980-2004, 3C"
2275,3,5,69.08,0.492439341,"1980-2004, 3C"
2276,3,6,69.08,0.533067256,"1980-2004, 3C"
2277,4,4,69.08,0.444973173,"1980-2004, 3C"
2278,4,5,69.08,0.50206878,"1980-2004, 3C"
2279,4,6,69.08,0.538207532,"1980-2004, 3C"
2280,0,4,71.96,0.402313213,"1980-2004, 3C"
2281,0,5,71.96,0.481516449,"1980-2004, 3C"
2282,0,6,71.96,0.551408726,"1980-2004, 3C"
2283,2,4,71.96,0.444935127,"1980-2004, 3C"
2284,2,5,71.96,0.517913859,"1980-2004, 3C"
2285,2,6,71.96,0.577580011,"1980-2004, 3C"
2286,3,4,71.96,0.465916193,"1980-2004, 3C"
2287,3,5,71.96,0.536553016,"1980-2004, 3C"
2288,3,6,71.96,0.588541104,"1980-2004, 3C"
2289,4,4,71.96,0.48155421,"1980-2004, 3C"
2290,4,5,71.96,0.54999668,"1980-2004, 3C"
2291,4,6,71.96,0.596336818,"1980-2004, 3C"
2292,0,4,66.92,0.342472402,"1980-2004, 3C"
2293,0,5,66.92,0.400366836,"1980-2004, 3C"
2294,0,6,66.92,0.438995021,"1980-2004, 3C"
2295,2,4,66.92,0.375805595,"1980-2004, 3C"
2296,2,5,66.92,0.421570375,"1980-2004, 3C"
2297,2,6,66.92,0.455092211,"1980-2004, 3C"
2298,3,4,66.92,0.389942769,"1980-2004, 3C"
2299,3,5,66.92,0.431331035,"1980-2004, 3C"
2300,3,6,66.92,0.462296572,"1980-2004, 3C"
2301,4,4,66.92,0.398925037,"1980-2004, 3C"
2302,4,5,66.92,0.437947111,"1980-2004, 3C"
2303,4,6,66.92,0.467643075,"1980-2004, 3C"
2304,0,4,66.92,0.343473815,"1980-2004, 3C"
2305,0,5,66.92,0.399067659,"1980-2004, 3C"
2306,0,6,66.92,0.434233647,"1980-2004, 3C"
2307,2,4,66.92,0.375717607,"1980-2004, 3C"
2308,2,5,66.92,0.418459811,"1980-2004, 3C"
2309,2,6,66.92,0.45048851,"1980-2004, 3C"
2310,3,4,66.92,0.389736156,"1980-2004, 3C"
2311,3,5,66.92,0.42838261,"1980-2004, 3C"
2312,3,6,66.92,0.457540808,"1980-2004, 3C"
2313,4,4,66.92,0.398770797,"1980-2004, 3C"
2314,4,5,66.92,0.435498363,"1980-2004, 3C"
2315,4,6,66.92,0.462195292,"1980-2004, 3C"
2316,0,4,73.04,0.383985627,"1980-2004, 3C"
2317,0,5,73.04,0.461397889,"1980-2004, 3C"
2318,0,6,73.04,0.533725979,"1980-2004, 3C"
2319,2,4,73.04,0.42703879,"1980-2004, 3C"
2320,2,5,73.04,0.502363373,"1980-2004, 3C"
2321,2,6,73.04,0.563803067,"1980-2004, 3C"
2322,3,4,73.04,0.45097928,"1980-2004, 3C"
2323,3,5,73.04,0.520031786,"1980-2004, 3C"
2324,3,6,73.04,0.578274887,"1980-2004, 3C"
2325,4,4,73.04,0.466939392,"1980-2004, 3C"
2326,4,5,73.04,0.533216922,"1980-2004, 3C"
2327,4,6,73.04,0.58490662,"1980-2004, 3C"
2328,0,4,73.04,0.386310286,"1980-2004, 3C"
2329,0,5,73.04,0.466117334,"1980-2004, 3C"
2330,0,6,73.04,0.537858047,"1980-2004, 3C"
2331,2,4,73.04,0.427130418,"1980-2004, 3C"
2332,2,5,73.04,0.501066867,"1980-2004, 3C"
2333,2,6,73.04,0.563115428,"1980-2004, 3C"
2334,3,4,73.04,0.44431696,"1980-2004, 3C"
2335,3,5,73.04,0.515691753,"1980-2004, 3C"
2336,3,6,73.04,0.572669044,"1980-2004, 3C"
2337,4,4,73.04,0.456139192,"1980-2004, 3C"
2338,4,5,73.04,0.525288285,"1980-2004, 3C"
2339,4,6,73.04,0.579226641,"1980-2004, 3C"
2340,0,4,62.96,0.280672238,"1980-2004, 3C"
2341,0,5,62.96,0.318224021,"1980-2004, 3C"
2342,0,6,62.96,0.342234075,"1980-2004, 3C"
2343,2,4,62.96,0.298606548,"1980-2004, 3C"
2344,2,5,62.96,0.329503096,"1980-2004, 3C"
2345,2,6,62.96,0.349836973,"1980-2004, 3C"
2346,3,4,62.96,0.306443528,"1980-2004, 3C"
2347,3,5,62.96,0.334293235,"1980-2004, 3C"
2348,3,6,62.96,0.352950839,"1980-2004, 3C"
2349,4,4,62.96,0.312402864,"1980-2004, 3C"
2350,4,5,62.96,0.337278692,"1980-2004, 3C"
2351,4,6,62.96,0.355412439,"1980-2004, 3C"
2352,0,4,64.04,0.292264676,"1980-2004, 3C"
2353,0,5,64.04,0.337037103,"1980-2004, 3C"
2354,0,6,64.04,0.3712195,"1980-2004, 3C"
2355,2,4,64.04,0.31769803,"1980-2004, 3C"
2356,2,5,64.04,0.354705178,"1980-2004, 3C"
2357,2,6,64.04,0.381346586,"1980-2004, 3C"
2358,3,4,64.04,0.327334889,"1980-2004, 3C"
2359,3,5,64.04,0.361242167,"1980-2004, 3C"
2360,3,6,64.04,0.38449595,"1980-2004, 3C"
2361,4,4,64.04,0.335230898,"1980-2004, 3C"
2362,4,5,64.04,0.366757785,"1980-2004, 3C"
2363,4,6,64.04,0.387779802,"1980-2004, 3C"
2364,0,4,71.06,0.344503365,"1980-2004, 3C"
2365,0,5,71.06,0.412430602,"1980-2004, 3C"
2366,0,6,71.06,0.463725116,"1980-2004, 3C"
2367,2,4,71.06,0.381413069,"1980-2004, 3C"
2368,2,5,71.06,0.440935539,"1980-2004, 3C"
2369,2,6,71.06,0.485749783,"1980-2004, 3C"
2370,3,4,71.06,0.39721908,"1980-2004, 3C"
2371,3,5,71.06,0.451895685,"1980-2004, 3C"
2372,3,6,71.06,0.492714238,"1980-2004, 3C"
2373,4,4,71.06,0.410562835,"1980-2004, 3C"
2374,4,5,71.06,0.461423059,"1980-2004, 3C"
2375,4,6,71.06,0.497603771,"1980-2004, 3C"
2376,0,4,77,0.386450027,"1980-2004, 3C"
2377,0,5,77,0.468685033,"1980-2004, 3C"
2378,0,6,77,0.544689616,"1980-2004, 3C"
2379,2,4,77,0.428126334,"1980-2004, 3C"
2380,2,5,77,0.505839966,"1980-2004, 3C"
2381,2,6,77,0.576383862,"1980-2004, 3C"
2382,3,4,77,0.446133719,"1980-2004, 3C"
2383,3,5,77,0.521694272,"1980-2004, 3C"
2384,3,6,77,0.589406886,"1980-2004, 3C"
2385,4,4,77,0.461622111,"1980-2004, 3C"
2386,4,5,77,0.536889733,"1980-2004, 3C"
2387,4,6,77,0.601838986,"1980-2004, 3C"
2388,0,4,78.08,0.397977385,"1980-2004, 3C"
2389,0,5,78.08,0.486132624,"1980-2004, 3C"
2390,0,6,78.08,0.565864904,"1980-2004, 3C"
2391,2,4,78.08,0.443209825,"1980-2004, 3C"
2392,2,5,78.08,0.527109256,"1980-2004, 3C"
2393,2,6,78.08,0.602884378,"1980-2004, 3C"
2394,3,4,78.08,0.465923838,"1980-2004, 3C"
2395,3,5,78.08,0.544452444,"1980-2004, 3C"
2396,3,6,78.08,0.619800967,"1980-2004, 3C"
2397,4,4,78.08,0.481844488,"1980-2004, 3C"
2398,4,5,78.08,0.558481392,"1980-2004, 3C"
2399,4,6,78.08,0.631257743,"1980-2004, 3C"
2400,0,4,68,0.30328116,"1980-2004, 3C"
2401,0,5,68,0.3478837,"1980-2004, 3C"
2402,0,6,68,0.378802716,"1980-2004, 3C"
2403,2,4,68,0.326965611,"1980-2004, 3C"
2404,2,5,68,0.363436625,"1980-2004, 3C"
2405,2,6,68,0.387000157,"1980-2004, 3C"
2406,3,4,68,0.335469307,"1980-2004, 3C"
2407,3,5,68,0.36852607,"1980-2004, 3C"
2408,3,6,68,0.389513611,"1980-2004, 3C"
2409,4,4,68,0.342264118,"1980-2004, 3C"
2410,4,5,68,0.372510068,"1980-2004, 3C"
2411,4,6,68,0.391583943,"1980-2004, 3C"
2412,0,4,66.02,0.304077077,"1980-2004, 3C"
2413,0,5,66.02,0.353539132,"1980-2004, 3C"
2414,0,6,66.02,0.390677575,"1980-2004, 3C"
2415,2,4,66.02,0.332260439,"1980-2004, 3C"
2416,2,5,66.02,0.374433017,"1980-2004, 3C"
2417,2,6,66.02,0.403586383,"1980-2004, 3C"
2418,3,4,66.02,0.343197728,"1980-2004, 3C"
2419,3,5,66.02,0.381726709,"1980-2004, 3C"
2420,3,6,66.02,0.407745375,"1980-2004, 3C"
2421,4,4,66.02,0.351173748,"1980-2004, 3C"
2422,4,5,66.02,0.386901473,"1980-2004, 3C"
2423,4,6,66.02,0.410274152,"1980-2004, 3C"
2424,0,4,66.92,0.304424474,"1980-2004, 3C"
2425,0,5,66.92,0.355038622,"1980-2004, 3C"
2426,0,6,66.92,0.39142383,"1980-2004, 3C"
2427,2,4,66.92,0.33235583,"1980-2004, 3C"
2428,2,5,66.92,0.37440888,"1980-2004, 3C"
2429,2,6,66.92,0.404189868,"1980-2004, 3C"
2430,3,4,66.92,0.343194168,"1980-2004, 3C"
2431,3,5,66.92,0.381479606,"1980-2004, 3C"
2432,3,6,66.92,0.408090679,"1980-2004, 3C"
2433,4,4,66.92,0.351268906,"1980-2004, 3C"
2434,4,5,66.92,0.387520271,"1980-2004, 3C"
2435,4,6,66.92,0.410871038,"1980-2004, 3C"
2436,0,4,69.98,0.324215464,"1980-2004, 3C"
2437,0,5,69.98,0.381243229,"1980-2004, 3C"
2438,0,6,69.98,0.418128837,"1980-2004, 3C"
2439,2,4,69.98,0.355979338,"1980-2004, 3C"
2440,2,5,69.98,0.402587121,"1980-2004, 3C"
2441,2,6,69.98,0.431920991,"1980-2004, 3C"
2442,3,4,69.98,0.371137323,"1980-2004, 3C"
2443,3,5,69.98,0.411635036,"1980-2004, 3C"
2444,3,6,69.98,0.4382523,"1980-2004, 3C"
2445,4,4,69.98,0.384771022,"1980-2004, 3C"
2446,4,5,69.98,0.419349092,"1980-2004, 3C"
2447,4,6,69.98,0.443687945,"1980-2004, 3C"
2448,0,4,66.02,0.302554387,"1980-2004, 3C"
2449,0,5,66.02,0.341564852,"1980-2004, 3C"
2450,0,6,66.02,0.372251299,"1980-2004, 3C"
2451,2,4,66.02,0.324893854,"1980-2004, 3C"
2452,2,5,66.02,0.356474538,"1980-2004, 3C"
2453,2,6,66.02,0.379406869,"1980-2004, 3C"
2454,3,4,66.02,0.334170908,"1980-2004, 3C"
2455,3,5,66.02,0.36450151,"1980-2004, 3C"
2456,3,6,66.02,0.381052689,"1980-2004, 3C"
2457,4,4,66.02,0.342189541,"1980-2004, 3C"
2458,4,5,66.02,0.370350446,"1980-2004, 3C"
2459,4,6,66.02,0.38217041,"1980-2004, 3C"
2460,0,4,71.06,0.318560594,"1980-2004, 3C"
2461,0,5,71.06,0.380202452,"1980-2004, 3C"
2462,0,6,71.06,0.42552575,"1980-2004, 3C"
2463,2,4,71.06,0.348609261,"1980-2004, 3C"
2464,2,5,71.06,0.402222232,"1980-2004, 3C"
2465,2,6,71.06,0.440545058,"1980-2004, 3C"
2466,3,4,71.06,0.361262431,"1980-2004, 3C"
2467,3,5,71.06,0.410913421,"1980-2004, 3C"
2468,3,6,71.06,0.444999965,"1980-2004, 3C"
2469,4,4,71.06,0.372081204,"1980-2004, 3C"
2470,4,5,71.06,0.417568026,"1980-2004, 3C"
2471,4,6,71.06,0.448427011,"1980-2004, 3C"
2472,0,4,71.96,0.330645147,"1980-2004, 3C"
2473,0,5,71.96,0.40012845,"1980-2004, 3C"
2474,0,6,71.96,0.458650623,"1980-2004, 3C"
2475,2,4,71.96,0.364044684,"1980-2004, 3C"
2476,2,5,71.96,0.429439526,"1980-2004, 3C"
2477,2,6,71.96,0.479730246,"1980-2004, 3C"
2478,3,4,71.96,0.379075279,"1980-2004, 3C"
2479,3,5,71.96,0.441467572,"1980-2004, 3C"
2480,3,6,71.96,0.488653706,"1980-2004, 3C"
2481,4,4,71.96,0.38925435,"1980-2004, 3C"
2482,4,5,71.96,0.450563978,"1980-2004, 3C"
2483,4,6,71.96,0.495618518,"1980-2004, 3C"
2484,0,4,69.08,0.295567044,"1980-2004, 3C"
2485,0,5,69.08,0.33874739,"1980-2004, 3C"
2486,0,6,69.08,0.370469896,"1980-2004, 3C"
2487,2,4,69.08,0.32028402,"1980-2004, 3C"
2488,2,5,69.08,0.35521498,"1980-2004, 3C"
2489,2,6,69.08,0.381298385,"1980-2004, 3C"
2490,3,4,69.08,0.331131671,"1980-2004, 3C"
2491,3,5,69.08,0.362608232,"1980-2004, 3C"
2492,3,6,69.08,0.386064631,"1980-2004, 3C"
2493,4,4,69.08,0.340625198,"1980-2004, 3C"
2494,4,5,69.08,0.370177969,"1980-2004, 3C"
2495,4,6,69.08,0.390399511,"1980-2004, 3C"
2496,0,4,78.08,0.353297536,"1980-2004, 3C"
2497,0,5,78.08,0.431653809,"1980-2004, 3C"
2498,0,6,78.08,0.503106571,"1980-2004, 3C"
2499,2,4,78.08,0.391808363,"1980-2004, 3C"
2500,2,5,78.08,0.465183994,"1980-2004, 3C"
2501,2,6,78.08,0.5312926,"1980-2004, 3C"
2502,3,4,78.08,0.409065731,"1980-2004, 3C"
2503,3,5,78.08,0.480547027,"1980-2004, 3C"
2504,3,6,78.08,0.543180019,"1980-2004, 3C"
2505,4,4,78.08,0.425232286,"1980-2004, 3C"
2506,4,5,78.08,0.495825468,"1980-2004, 3C"
2507,4,6,78.08,0.552891688,"1980-2004, 3C"
2508,0,4,80.06,0.382823957,"1980-2004, 3C"
2509,0,5,80.06,0.470125941,"1980-2004, 3C"
2510,0,6,80.06,0.553273243,"1980-2004, 3C"
2511,2,4,80.06,0.429038981,"1980-2004, 3C"
2512,2,5,80.06,0.511808811,"1980-2004, 3C"
2513,2,6,80.06,0.593484737,"1980-2004, 3C"
2514,3,4,80.06,0.447962377,"1980-2004, 3C"
2515,3,5,80.06,0.532191947,"1980-2004, 3C"
2516,3,6,80.06,0.611287185,"1980-2004, 3C"
2517,4,4,80.06,0.464849185,"1980-2004, 3C"
2518,4,5,80.06,0.548964233,"1980-2004, 3C"
2519,4,6,80.06,0.625613655,"1980-2004, 3C"
2520,0,4,64.04,0.214410522,"1980-2004, 3C"
2521,0,5,64.04,0.232303771,"1980-2004, 3C"
2522,0,6,64.04,0.237481217,"1980-2004, 3C"
2523,2,4,64.04,0.222090914,"1980-2004, 3C"
2524,2,5,64.04,0.235735523,"1980-2004, 3C"
2525,2,6,64.04,0.237020467,"1980-2004, 3C"
2526,3,4,64.04,0.225780505,"1980-2004, 3C"
2527,3,5,64.04,0.236867103,"1980-2004, 3C"
2528,3,6,64.04,0.237056232,"1980-2004, 3C"
2529,4,4,64.04,0.228415566,"1980-2004, 3C"
2530,4,5,64.04,0.236122643,"1980-2004, 3C"
2531,4,6,64.04,0.236123334,"1980-2004, 3C"
2532,0,4,62.96,0.270387295,"1980-2004, 3C"
2533,0,5,62.96,0.305691689,"1980-2004, 3C"
2534,0,6,62.96,0.327688499,"1980-2004, 3C"
2535,2,4,62.96,0.285415045,"1980-2004, 3C"
2536,2,5,62.96,0.314991219,"1980-2004, 3C"
2537,2,6,62.96,0.332734786,"1980-2004, 3C"
2538,3,4,62.96,0.292341981,"1980-2004, 3C"
2539,3,5,62.96,0.319537878,"1980-2004, 3C"
2540,3,6,62.96,0.3342563,"1980-2004, 3C"
2541,4,4,62.96,0.300238258,"1980-2004, 3C"
2542,4,5,62.96,0.323572582,"1980-2004, 3C"
2543,4,6,62.96,0.335865466,"1980-2004, 3C"
2544,0,4,64.94,0.292427834,"1980-2004, 3C"
2545,0,5,64.94,0.33443531,"1980-2004, 3C"
2546,0,6,64.94,0.365937148,"1980-2004, 3C"
2547,2,4,64.94,0.317157852,"1980-2004, 3C"
2548,2,5,64.94,0.351441397,"1980-2004, 3C"
2549,2,6,64.94,0.37521767,"1980-2004, 3C"
2550,3,4,64.94,0.327256194,"1980-2004, 3C"
2551,3,5,64.94,0.358132752,"1980-2004, 3C"
2552,3,6,64.94,0.378534704,"1980-2004, 3C"
2553,4,4,64.94,0.33445487,"1980-2004, 3C"
2554,4,5,64.94,0.363183285,"1980-2004, 3C"
2555,4,6,64.94,0.38080454,"1980-2004, 3C"
2556,0,4,73.04,0.340767046,"1980-2004, 3C"
2557,0,5,73.04,0.407954872,"1980-2004, 3C"
2558,0,6,73.04,0.460654842,"1980-2004, 3C"
2559,2,4,73.04,0.377121517,"1980-2004, 3C"
2560,2,5,73.04,0.43888476,"1980-2004, 3C"
2561,2,6,73.04,0.482850779,"1980-2004, 3C"
2562,3,4,73.04,0.393232233,"1980-2004, 3C"
2563,3,5,73.04,0.450988423,"1980-2004, 3C"
2564,3,6,73.04,0.491481366,"1980-2004, 3C"
2565,4,4,73.04,0.407349012,"1980-2004, 3C"
2566,4,5,73.04,0.460758974,"1980-2004, 3C"
2567,4,6,73.04,0.49774792,"1980-2004, 3C"
2568,0,4,62.96,0.19753123,"1980-2004, 3C"
2569,0,5,62.96,0.209019202,"1980-2004, 3C"
2570,0,6,62.96,0.210576671,"1980-2004, 3C"
2571,2,4,62.96,0.2025898,"1980-2004, 3C"
2572,2,5,62.96,0.209242654,"1980-2004, 3C"
2573,2,6,62.96,0.209232701,"1980-2004, 3C"
2574,3,4,62.96,0.205420523,"1980-2004, 3C"
2575,3,5,62.96,0.209269034,"1980-2004, 3C"
2576,3,6,62.96,0.209261962,"1980-2004, 3C"
2577,4,4,62.96,0.206996309,"1980-2004, 3C"
2578,4,5,62.96,0.208347895,"1980-2004, 3C"
2579,4,6,62.96,0.208341755,"1980-2004, 3C"
2580,0,4,64.04,0.226541534,"1980-2004, 3C"
2581,0,5,64.04,0.255811853,"1980-2004, 3C"
2582,0,6,64.04,0.274224593,"1980-2004, 3C"
2583,2,4,64.04,0.240472403,"1980-2004, 3C"
2584,2,5,64.04,0.263615492,"1980-2004, 3C"
2585,2,6,64.04,0.280469938,"1980-2004, 3C"
2586,3,4,64.04,0.244709344,"1980-2004, 3C"
2587,3,5,64.04,0.266316626,"1980-2004, 3C"
2588,3,6,64.04,0.282305133,"1980-2004, 3C"
2589,4,4,64.04,0.249096154,"1980-2004, 3C"
2590,4,5,64.04,0.26830841,"1980-2004, 3C"
2591,4,6,64.04,0.283687671,"1980-2004, 3C"
2592,0,4,62.06,0.114581353,"1980-2004, 3C"
2593,0,5,62.06,0.114574182,"1980-2004, 3C"
2594,0,6,62.06,0.114569443,"1980-2004, 3C"
2595,2,4,62.06,0.113406655,"1980-2004, 3C"
2596,2,5,62.06,0.113401943,"1980-2004, 3C"
2597,2,6,62.06,0.113397792,"1980-2004, 3C"
2598,3,4,62.06,0.1127246,"1980-2004, 3C"
2599,3,5,62.06,0.112719943,"1980-2004, 3C"
2600,3,6,62.06,0.112716907,"1980-2004, 3C"
2601,4,4,62.06,0.112672835,"1980-2004, 3C"
2602,4,5,62.06,0.112669157,"1980-2004, 3C"
2603,4,6,62.06,0.112667042,"1980-2004, 3C"
2604,0,4,69.08,0.30394734,"1980-2004, 3C"
2605,0,5,69.08,0.361280483,"1980-2004, 3C"
2606,0,6,69.08,0.404585309,"1980-2004, 3C"
2607,2,4,69.08,0.330198512,"1980-2004, 3C"
2608,2,5,69.08,0.38034863,"1980-2004, 3C"
2609,2,6,69.08,0.416836213,"1980-2004, 3C"
2610,3,4,69.08,0.341544041,"1980-2004, 3C"
2611,3,5,69.08,0.388478906,"1980-2004, 3C"
2612,3,6,69.08,0.422082786,"1980-2004, 3C"
2613,4,4,69.08,0.351170818,"1980-2004, 3C"
2614,4,5,69.08,0.394803754,"1980-2004, 3C"
2615,4,6,69.08,0.425380901,"1980-2004, 3C"
2616,0,4,66.92,0.292183266,"1980-2004, 3C"
2617,0,5,66.92,0.342110323,"1980-2004, 3C"
2618,0,6,66.92,0.379747409,"1980-2004, 3C"
2619,2,4,66.92,0.314124928,"1980-2004, 3C"
2620,2,5,66.92,0.35904539,"1980-2004, 3C"
2621,2,6,66.92,0.390534504,"1980-2004, 3C"
2622,3,4,66.92,0.323492218,"1980-2004, 3C"
2623,3,5,66.92,0.365162752,"1980-2004, 3C"
2624,3,6,66.92,0.394565706,"1980-2004, 3C"
2625,4,4,66.92,0.332468984,"1980-2004, 3C"
2626,4,5,66.92,0.370287486,"1980-2004, 3C"
2627,4,6,66.92,0.397380904,"1980-2004, 3C"
2628,0,4,57.92,0.114980848,"1980-2004, 3C"
2629,0,5,57.92,0.117665265,"1980-2004, 3C"
2630,0,6,57.92,0.117655626,"1980-2004, 3C"
2631,2,4,57.92,0.116676353,"1980-2004, 3C"
2632,2,5,57.92,0.116666418,"1980-2004, 3C"
2633,2,6,57.92,0.116660208,"1980-2004, 3C"
2634,3,4,57.92,0.115855575,"1980-2004, 3C"
2635,3,5,57.92,0.115847786,"1980-2004, 3C"
2636,3,6,57.92,0.115840534,"1980-2004, 3C"
2637,4,4,57.92,0.114571063,"1980-2004, 3C"
2638,4,5,57.92,0.114562839,"1980-2004, 3C"
2639,4,6,57.92,0.114556234,"1980-2004, 3C"
2640,0,4,60.98,0.067146512,"1980-2004, 3C"
2641,0,5,60.98,0.067146459,"1980-2004, 3C"
2642,0,6,60.98,0.067146534,"1980-2004, 3C"
2643,2,4,60.98,0.065404795,"1980-2004, 3C"
2644,2,5,60.98,0.065404803,"1980-2004, 3C"
2645,2,6,60.98,0.065405369,"1980-2004, 3C"
2646,3,4,60.98,0.065234925,"1980-2004, 3C"
2647,3,5,60.98,0.065235731,"1980-2004, 3C"
2648,3,6,60.98,0.065235617,"1980-2004, 3C"
2649,4,4,60.98,0.064484498,"1980-2004, 3C"
2650,4,5,60.98,0.064483831,"1980-2004, 3C"
2651,4,6,60.98,0.064483948,"1980-2004, 3C"
2652,0,4,60.98,0.174252129,"1980-2004, 3C"
2653,0,5,60.98,0.180541148,"1980-2004, 3C"
2654,0,6,60.98,0.180541305,"1980-2004, 3C"
2655,2,4,60.98,0.177955503,"1980-2004, 3C"
2656,2,5,60.98,0.178185562,"1980-2004, 3C"
2657,2,6,60.98,0.178186154,"1980-2004, 3C"
2658,3,4,60.98,0.177863907,"1980-2004, 3C"
2659,3,5,60.98,0.17786368,"1980-2004, 3C"
2660,3,6,60.98,0.17786365,"1980-2004, 3C"
2661,4,4,60.98,0.178474014,"1980-2004, 3C"
2662,4,5,60.98,0.178473274,"1980-2004, 3C"
2663,4,6,60.98,0.178472654,"1980-2004, 3C"
2664,0,4,59,0.04690765,"1980-2004, 3C"
2665,0,5,59,0.046905112,"1980-2004, 3C"
2666,0,6,59,0.046906361,"1980-2004, 3C"
2667,2,4,59,0.045916985,"1980-2004, 3C"
2668,2,5,59,0.04591682,"1980-2004, 3C"
2669,2,6,59,0.045916465,"1980-2004, 3C"
2670,3,4,59,0.044863804,"1980-2004, 3C"
2671,3,5,59,0.045357746,"1980-2004, 3C"
2672,3,6,59,0.045357667,"1980-2004, 3C"
2673,4,4,59,0.043354317,"1980-2004, 3C"
2674,4,5,59,0.043351942,"1980-2004, 3C"
2675,4,6,59,0.043349782,"1980-2004, 3C"
2676,0,4,60.98,0.135498184,"1980-2004, 3C"
2677,0,5,60.98,0.137041058,"1980-2004, 3C"
2678,0,6,60.98,0.137041126,"1980-2004, 3C"
2679,2,4,60.98,0.135999886,"1980-2004, 3C"
2680,2,5,60.98,0.135999878,"1980-2004, 3C"
2681,2,6,60.98,0.136000354,"1980-2004, 3C"
2682,3,4,60.98,0.135387668,"1980-2004, 3C"
2683,3,5,60.98,0.135387042,"1980-2004, 3C"
2684,3,6,60.98,0.135387127,"1980-2004, 3C"
2685,4,4,60.98,0.133442667,"1980-2004, 3C"
2686,4,5,60.98,0.133439735,"1980-2004, 3C"
2687,4,6,60.98,0.133441719,"1980-2004, 3C"
2688,0,4,62.96,0.211908673,"1980-2004, 3C"
2689,0,5,62.96,0.229351863,"1980-2004, 3C"
2690,0,6,62.96,0.229351679,"1980-2004, 3C"
2691,2,4,62.96,0.221675442,"1980-2004, 3C"
2692,2,5,62.96,0.228234887,"1980-2004, 3C"
2693,2,6,62.96,0.228235019,"1980-2004, 3C"
2694,3,4,62.96,0.226083385,"1980-2004, 3C"
2695,3,5,62.96,0.227931495,"1980-2004, 3C"
2696,3,6,62.96,0.22793153,"1980-2004, 3C"
2697,4,4,62.96,0.227414593,"1980-2004, 3C"
2698,4,5,62.96,0.227414558,"1980-2004, 3C"
2699,4,6,62.96,0.227413111,"1980-2004, 3C"
2700,0,4,66.92,0.264228575,"1980-2004, 3C"
2701,0,5,66.92,0.299593308,"1980-2004, 3C"
2702,0,6,66.92,0.321007039,"1980-2004, 3C"
2703,2,4,66.92,0.282662547,"1980-2004, 3C"
2704,2,5,66.92,0.311415311,"1980-2004, 3C"
2705,2,6,66.92,0.329292887,"1980-2004, 3C"
2706,3,4,66.92,0.290220692,"1980-2004, 3C"
2707,3,5,66.92,0.314900013,"1980-2004, 3C"
2708,3,6,66.92,0.331980937,"1980-2004, 3C"
2709,4,4,66.92,0.296749826,"1980-2004, 3C"
2710,4,5,66.92,0.318177644,"1980-2004, 3C"
2711,4,6,66.92,0.334588814,"1980-2004, 3C"
2712,0,4,62.96,0.246196087,"1980-2004, 3C"
2713,0,5,62.96,0.27467625,"1980-2004, 3C"
2714,0,6,62.96,0.283224307,"1980-2004, 3C"
2715,2,4,62.96,0.262711241,"1980-2004, 3C"
2716,2,5,62.96,0.281310763,"1980-2004, 3C"
2717,2,6,62.96,0.282365711,"1980-2004, 3C"
2718,3,4,62.96,0.269117827,"1980-2004, 3C"
2719,3,5,62.96,0.282607753,"1980-2004, 3C"
2720,3,6,62.96,0.282604712,"1980-2004, 3C"
2721,4,4,62.96,0.274911537,"1980-2004, 3C"
2722,4,5,62.96,0.281475973,"1980-2004, 3C"
2723,4,6,62.96,0.281474726,"1980-2004, 3C"
2724,0,4,60.08,0.21252567,"1980-2004, 3C"
2725,0,5,60.08,0.226849179,"1980-2004, 3C"
2726,0,6,60.08,0.227050516,"1980-2004, 3C"
2727,2,4,60.08,0.221640239,"1980-2004, 3C"
2728,2,5,60.08,0.225710376,"1980-2004, 3C"
2729,2,6,60.08,0.225711837,"1980-2004, 3C"
2730,3,4,60.08,0.223559627,"1980-2004, 3C"
2731,3,5,60.08,0.225405304,"1980-2004, 3C"
2732,3,6,60.08,0.225404649,"1980-2004, 3C"
2733,4,4,60.08,0.22511888,"1980-2004, 3C"
2734,4,5,60.08,0.225412229,"1980-2004, 3C"
2735,4,6,60.08,0.225413048,"1980-2004, 3C"
2736,0,4,60.08,0.175326845,"1980-2004, 3C"
2737,0,5,60.08,0.1819445,"1980-2004, 3C"
2738,0,6,60.08,0.181944527,"1980-2004, 3C"
2739,2,4,60.08,0.179489518,"1980-2004, 3C"
2740,2,5,60.08,0.180786776,"1980-2004, 3C"
2741,2,6,60.08,0.180785676,"1980-2004, 3C"
2742,3,4,60.08,0.179800608,"1980-2004, 3C"
2743,3,5,60.08,0.179802123,"1980-2004, 3C"
2744,3,6,60.08,0.179802128,"1980-2004, 3C"
2745,4,4,60.08,0.179720093,"1980-2004, 3C"
2746,4,5,60.08,0.179247581,"1980-2004, 3C"
2747,4,6,60.08,0.179720488,"1980-2004, 3C"
2748,0,4,64.94,0.255806965,"1980-2004, 3C"
2749,0,5,64.94,0.29170224,"1980-2004, 3C"
2750,0,6,64.94,0.31355253,"1980-2004, 3C"
2751,2,4,64.94,0.275699402,"1980-2004, 3C"
2752,2,5,64.94,0.304648719,"1980-2004, 3C"
2753,2,6,64.94,0.320436355,"1980-2004, 3C"
2754,3,4,64.94,0.283607072,"1980-2004, 3C"
2755,3,5,64.94,0.308242765,"1980-2004, 3C"
2756,3,6,64.94,0.322179344,"1980-2004, 3C"
2757,4,4,64.94,0.290121938,"1980-2004, 3C"
2758,4,5,64.94,0.31118846,"1980-2004, 3C"
2759,4,6,64.94,0.323243404,"1980-2004, 3C"
2760,0,4,66.92,0.231361845,"1980-2004, 3C"
2761,0,5,66.92,0.262928428,"1980-2004, 3C"
2762,0,6,66.92,0.283408302,"1980-2004, 3C"
2763,2,4,66.92,0.246839552,"1980-2004, 3C"
2764,2,5,66.92,0.27301145,"1980-2004, 3C"
2765,2,6,66.92,0.290680387,"1980-2004, 3C"
2766,3,4,66.92,0.252665299,"1980-2004, 3C"
2767,3,5,66.92,0.276011945,"1980-2004, 3C"
2768,3,6,66.92,0.293072491,"1980-2004, 3C"
2769,4,4,66.92,0.257610179,"1980-2004, 3C"
2770,4,5,66.92,0.278710195,"1980-2004, 3C"
2771,4,6,66.92,0.29536737,"1980-2004, 3C"
2772,0,4,60.98,0.181370936,"1980-2004, 3C"
2773,0,5,60.98,0.206510986,"1980-2004, 3C"
2774,0,6,60.98,0.21479515,"1980-2004, 3C"
2775,2,4,60.98,0.195261513,"1980-2004, 3C"
2776,2,5,60.98,0.211112755,"1980-2004, 3C"
2777,2,6,60.98,0.217293135,"1980-2004, 3C"
2778,3,4,60.98,0.201279537,"1980-2004, 3C"
2779,3,5,60.98,0.213305997,"1980-2004, 3C"
2780,3,6,60.98,0.216341299,"1980-2004, 3C"
2781,4,4,60.98,0.204413741,"1980-2004, 3C"
2782,4,5,60.98,0.213635647,"1980-2004, 3C"
2783,4,6,60.98,0.215875719,"1980-2004, 3C"
2784,0,4,60.98,0.173596591,"1980-2004, 3C"
2785,0,5,60.98,0.192889517,"1980-2004, 3C"
2786,0,6,60.98,0.198680311,"1980-2004, 3C"
2787,2,4,60.98,0.185748579,"1980-2004, 3C"
2788,2,5,60.98,0.195961786,"1980-2004, 3C"
2789,2,6,60.98,0.198768065,"1980-2004, 3C"
2790,3,4,60.98,0.189144743,"1980-2004, 3C"
2791,3,5,60.98,0.196443616,"1980-2004, 3C"
2792,3,6,60.98,0.198197774,"1980-2004, 3C"
2793,4,4,60.98,0.190238175,"1980-2004, 3C"
2794,4,5,60.98,0.196404877,"1980-2004, 3C"
2795,4,6,60.98,0.1976327,"1980-2004, 3C"
2796,0,4,60.08,0.164941276,"1980-2004, 3C"
2797,0,5,60.08,0.180673374,"1980-2004, 3C"
2798,0,6,60.08,0.186433584,"1980-2004, 3C"
2799,2,4,60.08,0.174694489,"1980-2004, 3C"
2800,2,5,60.08,0.18305338,"1980-2004, 3C"
2801,2,6,60.08,0.185505168,"1980-2004, 3C"
2802,3,4,60.08,0.177003035,"1980-2004, 3C"
2803,3,5,60.08,0.18481669,"1980-2004, 3C"
2804,3,6,60.08,0.185758672,"1980-2004, 3C"
2805,4,4,60.08,0.180002681,"1980-2004, 3C"
2806,4,5,60.08,0.18527493,"1980-2004, 3C"
2807,4,6,60.08,0.185274101,"1980-2004, 3C"
2808,0,4,60.98,0.176385469,"1980-2004, 3C"
2809,0,5,60.98,0.193238099,"1980-2004, 3C"
2810,0,6,60.98,0.200188598,"1980-2004, 3C"
2811,2,4,60.98,0.186593706,"1980-2004, 3C"
2812,2,5,60.98,0.19676893,"1980-2004, 3C"
2813,2,6,60.98,0.200068832,"1980-2004, 3C"
2814,3,4,60.98,0.189632924,"1980-2004, 3C"
2815,3,5,60.98,0.198437828,"1980-2004, 3C"
2816,3,6,60.98,0.200238645,"1980-2004, 3C"
2817,4,4,60.98,0.192816331,"1980-2004, 3C"
2818,4,5,60.98,0.198945442,"1980-2004, 3C"
2819,4,6,60.98,0.199366049,"1980-2004, 3C"
2820,0,4,59,0.140644812,"1980-2004, 3C"
2821,0,5,59,0.147693157,"1980-2004, 3C"
2822,0,6,59,0.148600459,"1980-2004, 3C"
2823,2,4,59,0.144467065,"1980-2004, 3C"
2824,2,5,59,0.148164499,"1980-2004, 3C"
2825,2,6,59,0.14816406,"1980-2004, 3C"
2826,3,4,59,0.145288149,"1980-2004, 3C"
2827,3,5,59,0.147011922,"1980-2004, 3C"
2828,3,6,59,0.14701159,"1980-2004, 3C"
2829,4,4,59,0.147170831,"1980-2004, 3C"
2830,4,5,59,0.147479433,"1980-2004, 3C"
2831,4,6,59,0.147478153,"1980-2004, 3C"
2832,0,4,57.02,0.13000777,"1980-2004, 3C"
2833,0,5,57.02,0.138610281,"1980-2004, 3C"
2834,0,6,57.02,0.143351071,"1980-2004, 3C"
2835,2,4,57.02,0.135250826,"1980-2004, 3C"
2836,2,5,57.02,0.141405413,"1980-2004, 3C"
2837,2,6,57.02,0.142275621,"1980-2004, 3C"
2838,3,4,57.02,0.136304076,"1980-2004, 3C"
2839,3,5,57.02,0.142232752,"1980-2004, 3C"
2840,3,6,57.02,0.142416281,"1980-2004, 3C"
2841,4,4,57.02,0.137426163,"1980-2004, 3C"
2842,4,5,57.02,0.140756681,"1980-2004, 3C"
2843,4,6,57.02,0.140759766,"1980-2004, 3C"
2844,0,4,53.96,0.072449897,"1980-2004, 3C"
2845,0,5,53.96,0.07244961,"1980-2004, 3C"
2846,0,6,53.96,0.072448963,"1980-2004, 3C"
2847,2,4,53.96,0.071806131,"1980-2004, 3C"
2848,2,5,53.96,0.071805277,"1980-2004, 3C"
2849,2,6,53.96,0.071805597,"1980-2004, 3C"
2850,3,4,53.96,0.071716423,"1980-2004, 3C"
2851,3,5,53.96,0.071715941,"1980-2004, 3C"
2852,3,6,53.96,0.07171586,"1980-2004, 3C"
2853,4,4,53.96,0.070650194,"1980-2004, 3C"
2854,4,5,53.96,0.070650765,"1980-2004, 3C"
2855,4,6,53.96,0.070650445,"1980-2004, 3C"
2856,0,4,53.06,0.069543356,"1980-2004, 3C"
2857,0,5,53.06,0.069729155,"1980-2004, 3C"
2858,0,6,53.06,0.069728727,"1980-2004, 3C"
2859,2,4,53.06,0.069002843,"1980-2004, 3C"
2860,2,5,53.06,0.069002967,"1980-2004, 3C"
2861,2,6,53.06,0.06900044,"1980-2004, 3C"
2862,3,4,53.06,0.068734895,"1980-2004, 3C"
2863,3,5,53.06,0.06873531,"1980-2004, 3C"
2864,3,6,53.06,0.068735129,"1980-2004, 3C"
2865,4,4,53.06,0.06856966,"1980-2004, 3C"
2866,4,5,53.06,0.068569645,"1980-2004, 3C"
2867,4,6,53.06,0.068569725,"1980-2004, 3C"
2868,0,4,60.98,0.170261376,"1980-2004, 3C"
2869,0,5,60.98,0.190115682,"1980-2004, 3C"
2870,0,6,60.98,0.202730388,"1980-2004, 3C"
2871,2,4,60.98,0.180520448,"1980-2004, 3C"
2872,2,5,60.98,0.196855986,"1980-2004, 3C"
2873,2,6,60.98,0.206756515,"1980-2004, 3C"
2874,3,4,60.98,0.183075738,"1980-2004, 3C"
2875,3,5,60.98,0.198424428,"1980-2004, 3C"
2876,3,6,60.98,0.207636568,"1980-2004, 3C"
2877,4,4,60.98,0.185298088,"1980-2004, 3C"
2878,4,5,60.98,0.199039083,"1980-2004, 3C"
2879,4,6,60.98,0.208106732,"1980-2004, 3C"
2880,0,4,59,0.071801321,"1980-2004, 3C"
2881,0,5,59,0.071800474,"1980-2004, 3C"
2882,0,6,59,0.071800531,"1980-2004, 3C"
2883,2,4,59,0.069029218,"1980-2004, 3C"
2884,2,5,59,0.069031418,"1980-2004, 3C"
2885,2,6,59,0.069027521,"1980-2004, 3C"
2886,3,4,59,0.067633839,"1980-2004, 3C"
2887,3,5,59,0.067635292,"1980-2004, 3C"
2888,3,6,59,0.067633515,"1980-2004, 3C"
2889,4,4,59,0.066740946,"1980-2004, 3C"
2890,4,5,59,0.066738336,"1980-2004, 3C"
2891,4,6,59,0.06674259,"1980-2004, 3C"
2892,0,4,60.98,0.121962919,"1980-2004, 3C"
2893,0,5,60.98,0.121966769,"1980-2004, 3C"
2894,0,6,60.98,0.121966584,"1980-2004, 3C"
2895,2,4,60.98,0.119690315,"1980-2004, 3C"
2896,2,5,60.98,0.11969223,"1980-2004, 3C"
2897,2,6,60.98,0.119688825,"1980-2004, 3C"
2898,3,4,60.98,0.118413628,"1980-2004, 3C"
2899,3,5,60.98,0.118417042,"1980-2004, 3C"
2900,3,6,60.98,0.118415374,"1980-2004, 3C"
2901,4,4,60.98,0.117394906,"1980-2004, 3C"
2902,4,5,60.98,0.118313193,"1980-2004, 3C"
2903,4,6,60.98,0.117398447,"1980-2004, 3C"
2904,0,4,57.92,0.090148738,"1980-2004, 3C"
2905,0,5,57.92,0.090148663,"1980-2004, 3C"
2906,0,6,57.92,0.090148939,"1980-2004, 3C"
2907,2,4,57.92,0.087752646,"1980-2004, 3C"
2908,2,5,57.92,0.087751,"1980-2004, 3C"
2909,2,6,57.92,0.087750429,"1980-2004, 3C"
2910,3,4,57.92,0.087174773,"1980-2004, 3C"
2911,3,5,57.92,0.087177979,"1980-2004, 3C"
2912,3,6,57.92,0.087176286,"1980-2004, 3C"
2913,4,4,57.92,0.08597422,"1980-2004, 3C"
2914,4,5,57.92,0.085973935,"1980-2004, 3C"
2915,4,6,57.92,0.085977582,"1980-2004, 3C"
2916,0,4,60.08,0.048935292,"1980-2004, 3C"
2917,0,5,60.08,0.048935274,"1980-2004, 3C"
2918,0,6,60.08,0.048934892,"1980-2004, 3C"
2919,2,4,60.08,0.047266676,"1980-2004, 3C"
2920,2,5,60.08,0.047265296,"1980-2004, 3C"
2921,2,6,60.08,0.047266087,"1980-2004, 3C"
2922,3,4,60.08,0.046699771,"1980-2004, 3C"
2923,3,5,60.08,0.046703705,"1980-2004, 3C"
2924,3,6,60.08,0.046702233,"1980-2004, 3C"
2925,4,4,60.08,0.045748034,"1980-2004, 3C"
2926,4,5,60.08,0.045748274,"1980-2004, 3C"
2927,4,6,60.08,0.04575032,"1980-2004, 3C"
2928,0,4,53.96,0.033753573,"1980-2004, 3C"
2929,0,5,53.96,0.033752174,"1980-2004, 3C"
2930,0,6,53.96,0.033752466,"1980-2004, 3C"
2931,2,4,53.96,0.033099122,"1980-2004, 3C"
2932,2,5,53.96,0.033045032,"1980-2004, 3C"
2933,2,6,53.96,0.033044603,"1980-2004, 3C"
2934,3,4,53.96,0.032305392,"1980-2004, 3C"
2935,3,5,53.96,0.032359074,"1980-2004, 3C"
2936,3,6,53.96,0.032358863,"1980-2004, 3C"
2937,4,4,53.96,0.031958986,"1980-2004, 3C"
2938,4,5,53.96,0.031957437,"1980-2004, 3C"
2939,4,6,53.96,0.031957638,"1980-2004, 3C"
2940,0,4,60.08,0.130548261,"1980-2004, 3C"
2941,0,5,60.08,0.141409424,"1980-2004, 3C"
2942,0,6,60.08,0.148572565,"1980-2004, 3C"
2943,2,4,60.08,0.136747078,"1980-2004, 3C"
2944,2,5,60.08,0.144983172,"1980-2004, 3C"
2945,2,6,60.08,0.15177613,"1980-2004, 3C"
2946,3,4,60.08,0.138294151,"1980-2004, 3C"
2947,3,5,60.08,0.146448686,"1980-2004, 3C"
2948,3,6,60.08,0.152166758,"1980-2004, 3C"
2949,4,4,60.08,0.138717429,"1980-2004, 3C"
2950,4,5,60.08,0.146765811,"1980-2004, 3C"
2951,4,6,60.08,0.151996073,"1980-2004, 3C"
2952,0,4,51.98,0.072591707,"1980-2004, 3C"
2953,0,5,51.98,0.07258867,"1980-2004, 3C"
2954,0,6,51.98,0.072583171,"1980-2004, 3C"
2955,2,4,51.98,0.072230393,"1980-2004, 3C"
2956,2,5,51.98,0.072229714,"1980-2004, 3C"
2957,2,6,51.98,0.07222974,"1980-2004, 3C"
2958,3,4,51.98,0.072072786,"1980-2004, 3C"
2959,3,5,51.98,0.072071437,"1980-2004, 3C"
2960,3,6,51.98,0.072070652,"1980-2004, 3C"
2961,4,4,51.98,0.071425586,"1980-2004, 3C"
2962,4,5,51.98,0.071425882,"1980-2004, 3C"
2963,4,6,51.98,0.071424558,"1980-2004, 3C"
2964,0,4,54.86,0.020954869,"1980-2004, 3C"
2965,0,5,54.86,0.020955636,"1980-2004, 3C"
2966,0,6,54.86,0.020955372,"1980-2004, 3C"
2967,2,4,54.86,0.020542338,"1980-2004, 3C"
2968,2,5,54.86,0.020540978,"1980-2004, 3C"
2969,2,6,54.86,0.020542776,"1980-2004, 3C"
2970,3,4,54.86,0.020198605,"1980-2004, 3C"
2971,3,5,54.86,0.020253375,"1980-2004, 3C"
2972,3,6,54.86,0.020253162,"1980-2004, 3C"
2973,4,4,54.86,0.019671228,"1980-2004, 3C"
2974,4,5,54.86,0.019671262,"1980-2004, 3C"
2975,4,6,54.86,0.019617121,"1980-2004, 3C"
2976,0,4,59,0.055446484,"1980-2004, 3C"
2977,0,5,59,0.055443039,"1980-2004, 3C"
2978,0,6,59,0.055443209,"1980-2004, 3C"
2979,2,4,59,0.053442062,"1980-2004, 3C"
2980,2,5,59,0.053442514,"1980-2004, 3C"
2981,2,6,59,0.053441588,"1980-2004, 3C"
2982,3,4,59,0.051818071,"1980-2004, 3C"
2983,3,5,59,0.05181507,"1980-2004, 3C"
2984,3,6,59,0.051815115,"1980-2004, 3C"
2985,4,4,59,0.050894958,"1980-2004, 3C"
2986,4,5,59,0.0508982,"1980-2004, 3C"
2987,4,6,59,0.050896809,"1980-2004, 3C"
2988,0,4,53.06,0.08933568,"1980-2004, 3C"
2989,0,5,53.06,0.090068204,"1980-2004, 3C"
2990,0,6,53.06,0.090068227,"1980-2004, 3C"
2991,2,4,53.06,0.089733993,"1980-2004, 3C"
2992,2,5,53.06,0.089734994,"1980-2004, 3C"
2993,2,6,53.06,0.089734134,"1980-2004, 3C"
2994,3,4,53.06,0.089045212,"1980-2004, 3C"
2995,3,5,53.06,0.089045029,"1980-2004, 3C"
2996,3,6,53.06,0.08904516,"1980-2004, 3C"
2997,4,4,53.06,0.088580802,"1980-2004, 3C"
2998,4,5,53.06,0.088580792,"1980-2004, 3C"
2999,4,6,53.06,0.088580647,"1980-2004, 3C"
3000,0,4,59,0.110904553,"1980-2004, 3C"
3001,0,5,59,0.116813659,"1980-2004, 3C"
3002,0,6,59,0.116891603,"1980-2004, 3C"
3003,2,4,59,0.114070999,"1980-2004, 3C"
3004,2,5,59,0.116044905,"1980-2004, 3C"
3005,2,6,59,0.116046111,"1980-2004, 3C"
3006,3,4,59,0.115212501,"1980-2004, 3C"
3007,3,5,59,0.115773875,"1980-2004, 3C"
3008,3,6,59,0.115774001,"1980-2004, 3C"
3009,4,4,59,0.11571445,"1980-2004, 3C"
3010,4,5,59,0.115714826,"1980-2004, 3C"
3011,4,6,59,0.115714125,"1980-2004, 3C"
3012,0,4,59,0.158497937,"1980-2004, 3C"
3013,0,5,59,0.178519548,"1980-2004, 3C"
3014,0,6,59,0.189368145,"1980-2004, 3C"
3015,2,4,59,0.169647422,"1980-2004, 3C"
3016,2,5,59,0.184152412,"1980-2004, 3C"
3017,2,6,59,0.193115509,"1980-2004, 3C"
3018,3,4,59,0.172048893,"1980-2004, 3C"
3019,3,5,59,0.184995579,"1980-2004, 3C"
3020,3,6,59,0.193598613,"1980-2004, 3C"
3021,4,4,59,0.173908643,"1980-2004, 3C"
3022,4,5,59,0.185557387,"1980-2004, 3C"
3023,4,6,59,0.193966993,"1980-2004, 3C"
3024,0,4,57.02,0.039112619,"1980-2004, 3C"
3025,0,5,57.02,0.039111842,"1980-2004, 3C"
3026,0,6,57.02,0.039111147,"1980-2004, 3C"
3027,2,4,57.02,0.037701667,"1980-2004, 3C"
3028,2,5,57.02,0.037699346,"1980-2004, 3C"
3029,2,6,57.02,0.037694884,"1980-2004, 3C"
3030,3,4,57.02,0.036270236,"1980-2004, 3C"
3031,3,5,57.02,0.036269456,"1980-2004, 3C"
3032,3,6,57.02,0.036267896,"1980-2004, 3C"
3033,4,4,57.02,0.035628083,"1980-2004, 3C"
3034,4,5,57.02,0.035624427,"1980-2004, 3C"
3035,4,6,57.02,0.035627089,"1980-2004, 3C"
3036,0,4,55.94,0.07662803,"1980-2004, 3C"
3037,0,5,55.94,0.076626342,"1980-2004, 3C"
3038,0,6,55.94,0.076626278,"1980-2004, 3C"
3039,2,4,55.94,0.075767396,"1980-2004, 3C"
3040,2,5,55.94,0.075766868,"1980-2004, 3C"
3041,2,6,55.94,0.075764691,"1980-2004, 3C"
3042,3,4,55.94,0.075388302,"1980-2004, 3C"
3043,3,5,55.94,0.075387319,"1980-2004, 3C"
3044,3,6,55.94,0.075387009,"1980-2004, 3C"
3045,4,4,55.94,0.075289576,"1980-2004, 3C"
3046,4,5,55.94,0.075289866,"1980-2004, 3C"
3047,4,6,55.94,0.075289498,"1980-2004, 3C"
3048,0,4,55.94,0.104874997,"1980-2004, 3C"
3049,0,5,55.94,0.112525738,"1980-2004, 3C"
3050,0,6,55.94,0.115368333,"1980-2004, 3C"
3051,2,4,55.94,0.108955254,"1980-2004, 3C"
3052,2,5,55.94,0.115223962,"1980-2004, 3C"
3053,2,6,55.94,0.115408736,"1980-2004, 3C"
3054,3,4,55.94,0.110769527,"1980-2004, 3C"
3055,3,5,55.94,0.115326681,"1980-2004, 3C"
3056,3,6,55.94,0.115326378,"1980-2004, 3C"
3057,4,4,55.94,0.111953469,"1980-2004, 3C"
3058,4,5,55.94,0.114877662,"1980-2004, 3C"
3059,4,6,55.94,0.114875245,"1980-2004, 3C"
3060,0,4,53.96,0.094068744,"1980-2004, 3C"
3061,0,5,53.96,0.101006456,"1980-2004, 3C"
3062,0,6,53.96,0.102967642,"1980-2004, 3C"
3063,2,4,53.96,0.098314694,"1980-2004, 3C"
3064,2,5,53.96,0.102809416,"1980-2004, 3C"
3065,2,6,53.96,0.102871232,"1980-2004, 3C"
3066,3,4,53.96,0.099504452,"1980-2004, 3C"
3067,3,5,53.96,0.102192948,"1980-2004, 3C"
3068,3,6,53.96,0.102192811,"1980-2004, 3C"
3069,4,4,53.96,0.100003441,"1980-2004, 3C"
3070,4,5,53.96,0.101637977,"1980-2004, 3C"
3071,4,6,53.96,0.101637444,"1980-2004, 3C"
3072,0,4,53.96,0.079625219,"1980-2004, 3C"
3073,0,5,53.96,0.083932054,"1980-2004, 3C"
3074,0,6,53.96,0.08393199,"1980-2004, 3C"
3075,2,4,53.96,0.082073727,"1980-2004, 3C"
3076,2,5,53.96,0.083312524,"1980-2004, 3C"
3077,2,6,53.96,0.083311707,"1980-2004, 3C"
3078,3,4,53.96,0.08281514,"1980-2004, 3C"
3079,3,5,53.96,0.083010015,"1980-2004, 3C"
3080,3,6,53.96,0.083009543,"1980-2004, 3C"
3081,4,4,53.96,0.082547758,"1980-2004, 3C"
3082,4,5,53.96,0.082548142,"1980-2004, 3C"
3083,4,6,53.96,0.082548068,"1980-2004, 3C"
3084,0,4,53.06,0.080062303,"1980-2004, 3C"
3085,0,5,53.06,0.08440829,"1980-2004, 3C"
3086,0,6,53.06,0.08435529,"1980-2004, 3C"
3087,2,4,53.06,0.082422949,"1980-2004, 3C"
3088,2,5,53.06,0.084003903,"1980-2004, 3C"
3089,2,6,53.06,0.084004784,"1980-2004, 3C"
3090,3,4,53.06,0.083216592,"1980-2004, 3C"
3091,3,5,53.06,0.083703161,"1980-2004, 3C"
3092,3,6,53.06,0.083703074,"1980-2004, 3C"
3093,4,4,53.06,0.083252196,"1980-2004, 3C"
3094,4,5,53.06,0.083302882,"1980-2004, 3C"
3095,4,6,53.06,0.083251706,"1980-2004, 3C"
3096,0,4,57.02,0.092085787,"1980-2004, 3C"
3097,0,5,57.02,0.094090033,"1980-2004, 3C"
3098,0,6,57.02,0.094090352,"1980-2004, 3C"
3099,2,4,57.02,0.093000151,"1980-2004, 3C"
3100,2,5,57.02,0.093002116,"1980-2004, 3C"
3101,2,6,57.02,0.092998896,"1980-2004, 3C"
3102,3,4,57.02,0.092274132,"1980-2004, 3C"
3103,3,5,57.02,0.092277233,"1980-2004, 3C"
3104,3,6,57.02,0.092277488,"1980-2004, 3C"
3105,4,4,57.02,0.091339191,"1980-2004, 3C"
3106,4,5,57.02,0.09133851,"1980-2004, 3C"
3107,4,6,57.02,0.09143872,"1980-2004, 3C"
3108,0,4,59,0.140785345,"1980-2004, 3C"
3109,0,5,59,0.15315175,"1980-2004, 3C"
3110,0,6,59,0.161881359,"1980-2004, 3C"
3111,2,4,59,0.147870435,"1980-2004, 3C"
3112,2,5,59,0.157681765,"1980-2004, 3C"
3113,2,6,59,0.165260813,"1980-2004, 3C"
3114,3,4,59,0.149948071,"1980-2004, 3C"
3115,3,5,59,0.159304262,"1980-2004, 3C"
3116,3,6,59,0.1662398,"1980-2004, 3C"
3117,4,4,59,0.15099787,"1980-2004, 3C"
3118,4,5,59,0.160162679,"1980-2004, 3C"
3119,4,6,59,0.166285991,"1980-2004, 3C"