site_name,data_source,Baseline,DR-Program,DR-Event-Day,DR-StartTime,DR-EndTime,max_oat,kW_Max,kW_Ave,kW_Min,WBP%_Max,WBP%_Avg,WBP%_Min,W/ft2_Max,W/ft2_Avg,W/ft2_Min,source
300 Capitol Mall,field-testing,OAT_MA_CBL,,10/13/04,12:45,13:45,,82,74,,0.07,0.06,,0.21,0.19,,"Piette, M. A., Watson, D. S., Motegi, N., & Bourassa, N. (2005). Automated Demand Response and Commissioning."
300 Capitol Mall,field-testing,OAT_MA_CBL,,10/13/04,13:45,14:45,,154,109,,0.12,0.09,,0.4,0.28,,"Piette, M. A., Watson, D. S., Motegi, N., & Bourassa, N. (2005). Automated Demand Response and Commissioning."
300 Capitol Mall,field-testing,OAT_MA_CBL,,10/13/04,14:45,15:45,,232,143,,0.18,0.11,,0.61,0.37,,"Piette, M. A., Watson, D. S., Motegi, N., & Bourassa, N. (2005). Automated Demand Response and Commissioning."
300 Capitol Mall,field-testing,OAT_MA_CBL,,11/5/04,12:45,13:45,,60,-21,,0.06,-0.02,,0.16,-0.06,,"Piette, M. A., Watson, D. S., Motegi, N., & Bourassa, N. (2005). Automated Demand Response and Commissioning."
300 Capitol Mall,field-testing,OAT_MA_CBL,,11/5/04,13:45,14:45,,18,-2,,0.02,0,,0.05,-0.01,,"Piette, M. A., Watson, D. S., Motegi, N., & Bourassa, N. (2005). Automated Demand Response and Commissioning."
300 Capitol Mall,field-testing,OAT_MA_CBL,,11/5/04,14:45,15:45,,54,31,,0.05,0.03,,0.14,0.08,,"Piette, M. A., Watson, D. S., Motegi, N., & Bourassa, N. (2005). Automated Demand Response and Commissioning."
Albertsons,field-testing,OAT_MA_CBL,,9/8/04,12:45,13:45,,67,44,,0.16,0.1,,1.33,0.88,,"Piette, M. A., Watson, D. S., Motegi, N., & Bourassa, N. (2005). Automated Demand Response and Commissioning."
Albertsons,field-testing,OAT_MA_CBL,,9/8/04,13:45,14:45,,48,44,,0.11,0.1,,0.97,0.87,,"Piette, M. A., Watson, D. S., Motegi, N., & Bourassa, N. (2005). Automated Demand Response and Commissioning."
Albertsons,field-testing,OAT_MA_CBL,,9/8/04,14:45,15:45,,31,26,,0.07,0.06,,0.62,0.53,,"Piette, M. A., Watson, D. S., Motegi, N., & Bourassa, N. (2005). Automated Demand Response and Commissioning."
Albertsons,field-testing,OAT_MA_CBL,,9/21/04,13:15,14:15,,46,39,,0.12,0.11,,0.92,0.78,,"Piette, M. A., Watson, D. S., Motegi, N., & Bourassa, N. (2005). Automated Demand Response and Commissioning."
Albertsons,field-testing,OAT_MA_CBL,,9/21/04,14:15,15:15,,52,47,,0.15,0.13,,1.03,0.93,,"Piette, M. A., Watson, D. S., Motegi, N., & Bourassa, N. (2005). Automated Demand Response and Commissioning."
Albertsons,field-testing,OAT_MA_CBL,,9/21/04,15:15,16:15,,59,53,,0.16,0.14,,1.17,1.06,,"Piette, M. A., Watson, D. S., Motegi, N., & Bourassa, N. (2005). Automated Demand Response and Commissioning."
Albertsons,field-testing,OAT_MA_CBL,,10/13/04,12:45,13:45,,23,20,,0.07,0.05,,0.46,0.39,,"Piette, M. A., Watson, D. S., Motegi, N., & Bourassa, N. (2005). Automated Demand Response and Commissioning."
Albertsons,field-testing,OAT_MA_CBL,,10/13/04,13:45,14:45,,26,19,,0.07,0.05,,0.51,0.39,,"Piette, M. A., Watson, D. S., Motegi, N., & Bourassa, N. (2005). Automated Demand Response and Commissioning."
Albertsons,field-testing,OAT_MA_CBL,,10/13/04,14:45,15:45,,30,25,,0.08,0.07,,0.61,0.49,,"Piette, M. A., Watson, D. S., Motegi, N., & Bourassa, N. (2005). Automated Demand Response and Commissioning."
Albertsons,field-testing,OAT_MA_CBL,,11/5/04,12:45,13:45,,28,18,,0.09,0.05,,0.57,0.36,,"Piette, M. A., Watson, D. S., Motegi, N., & Bourassa, N. (2005). Automated Demand Response and Commissioning."
Albertsons,field-testing,OAT_MA_CBL,,11/5/04,13:45,14:45,,24,20,,0.07,0.06,,0.47,0.41,,"Piette, M. A., Watson, D. S., Motegi, N., & Bourassa, N. (2005). Automated Demand Response and Commissioning."
Albertsons,field-testing,OAT_MA_CBL,,11/5/04,14:45,15:45,,32,29,,0.1,0.09,,0.63,0.58,,"Piette, M. A., Watson, D. S., Motegi, N., & Bourassa, N. (2005). Automated Demand Response and Commissioning."
Bank of America Concord Data Center,field-testing,OAT_MA_CBL,,9/8/04,12:45,13:45,,110,54,,0.1,0.05,,0.62,0.3,,"Piette, M. A., Watson, D. S., Motegi, N., & Bourassa, N. (2005). Automated Demand Response and Commissioning."
Bank of America Concord Data Center,field-testing,OAT_MA_CBL,,9/8/04,13:45,14:45,,104,51,,0.1,0.05,,0.59,0.29,,"Piette, M. A., Watson, D. S., Motegi, N., & Bourassa, N. (2005). Automated Demand Response and Commissioning."
Bank of America Concord Data Center,field-testing,OAT_MA_CBL,,9/8/04,14:45,15:45,,141,96,,0.12,0.09,,0.8,0.54,,"Piette, M. A., Watson, D. S., Motegi, N., & Bourassa, N. (2005). Automated Demand Response and Commissioning."
Bank of America Concord Data Center,field-testing,OAT_MA_CBL,,9/21/04,13:15,14:15,,67,-34,,0.07,-0.04,,0.38,-0.2,,"Piette, M. A., Watson, D. S., Motegi, N., & Bourassa, N. (2005). Automated Demand Response and Commissioning."
Bank of America Concord Data Center,field-testing,OAT_MA_CBL,,9/21/04,14:15,15:15,,0,-40,,0,-0.04,,0,-0.23,,"Piette, M. A., Watson, D. S., Motegi, N., & Bourassa, N. (2005). Automated Demand Response and Commissioning."
Bank of America Concord Data Center,field-testing,OAT_MA_CBL,,9/21/04,15:15,16:15,,89,6,,0.1,0.01,,0.51,0.03,,"Piette, M. A., Watson, D. S., Motegi, N., & Bourassa, N. (2005). Automated Demand Response and Commissioning."
Bank of America Concord Data Center,field-testing,OAT_MA_CBL,,10/13/04,12:45,13:45,,66,17,,0.01,0,,0.09,0.02,,"Piette, M. A., Watson, D. S., Motegi, N., & Bourassa, N. (2005). Automated Demand Response and Commissioning."
Bank of America Concord Data Center,field-testing,OAT_MA_CBL,,10/13/04,13:45,14:45,,50,-12,,0.01,0,,0.07,-0.02,,"Piette, M. A., Watson, D. S., Motegi, N., & Bourassa, N. (2005). Automated Demand Response and Commissioning."
Bank of America Concord Data Center,field-testing,OAT_MA_CBL,,10/13/04,14:45,15:45,,-61,-103,,-0.01,-0.02,,-0.09,-0.15,,"Piette, M. A., Watson, D. S., Motegi, N., & Bourassa, N. (2005). Automated Demand Response and Commissioning."
Bank of America Concord Data Center,field-testing,OAT_MA_CBL,,11/5/04,12:45,13:45,,230,174,,0.05,0.04,,0.32,0.25,,"Piette, M. A., Watson, D. S., Motegi, N., & Bourassa, N. (2005). Automated Demand Response and Commissioning."
Bank of America Concord Data Center,field-testing,OAT_MA_CBL,,11/5/04,13:45,14:45,,224,186,,0.05,0.04,,0.32,0.26,,"Piette, M. A., Watson, D. S., Motegi, N., & Bourassa, N. (2005). Automated Demand Response and Commissioning."
Bank of America Concord Data Center,field-testing,OAT_MA_CBL,,11/5/04,14:45,15:45,,172,117,,0.04,0.03,,0.24,0.16,,"Piette, M. A., Watson, D. S., Motegi, N., & Bourassa, N. (2005). Automated Demand Response and Commissioning."
Joe Serna Jr. Cal/EPA Headquarters Building,field-testing,OAT_MA_CBL,,11/5/04,12:45,13:45,,271,138,,0.16,0.08,,0.29,0.15,,"Piette, M. A., Watson, D. S., Motegi, N., & Bourassa, N. (2005). Automated Demand Response and Commissioning."
Joe Serna Jr. Cal/EPA Headquarters Building,field-testing,OAT_MA_CBL,,11/5/04,13:45,14:45,,295,237,,0.17,0.14,,0.31,0.25,,"Piette, M. A., Watson, D. S., Motegi, N., & Bourassa, N. (2005). Automated Demand Response and Commissioning."
Joe Serna Jr. Cal/EPA Headquarters Building,field-testing,OAT_MA_CBL,,11/5/04,14:45,15:45,,108,35,,0.07,0.02,,0.11,0.04,,"Piette, M. A., Watson, D. S., Motegi, N., & Bourassa, N. (2005). Automated Demand Response and Commissioning."
Cisco Systems,field-testing,OAT_MA_CBL,,11/5/04,12:45,13:45,,271,138,,0.04,0.03,,0.23,0.18,,"Piette, M. A., Watson, D. S., Motegi, N., & Bourassa, N. (2005). Automated Demand Response and Commissioning."
Cisco Systems,field-testing,OAT_MA_CBL,,11/5/04,13:45,14:45,,295,237,,0.03,0.03,,0.22,0.19,,"Piette, M. A., Watson, D. S., Motegi, N., & Bourassa, N. (2005). Automated Demand Response and Commissioning."
Cisco Systems,field-testing,OAT_MA_CBL,,11/5/04,14:45,15:45,,108,35,,0.03,0.03,,0.19,0.16,,"Piette, M. A., Watson, D. S., Motegi, N., & Bourassa, N. (2005). Automated Demand Response and Commissioning."
Contra Costa County 50 Douglas,field-testing,OAT_MA_CBL,,10/13/04,12:45,13:45,,93,66,,0.25,0.18,,1.04,0.73,,"Piette, M. A., Watson, D. S., Motegi, N., & Bourassa, N. (2005). Automated Demand Response and Commissioning."
Contra Costa County 50 Douglas,field-testing,OAT_MA_CBL,,10/13/04,13:45,14:45,,120,102,,0.31,0.27,,1.34,1.13,,"Piette, M. A., Watson, D. S., Motegi, N., & Bourassa, N. (2005). Automated Demand Response and Commissioning."
Contra Costa County 50 Douglas,field-testing,OAT_MA_CBL,,10/13/04,14:45,15:45,,60,47,,0.17,0.12,,0.67,0.53,,"Piette, M. A., Watson, D. S., Motegi, N., & Bourassa, N. (2005). Automated Demand Response and Commissioning."
Contra Costa County 50 Douglas,field-testing,OAT_MA_CBL,,11/5/04,12:45,13:45,,35,27,,0.15,0.12,,0.39,0.29,,"Piette, M. A., Watson, D. S., Motegi, N., & Bourassa, N. (2005). Automated Demand Response and Commissioning."
Contra Costa County 50 Douglas,field-testing,OAT_MA_CBL,,11/5/04,13:45,14:45,,45,41,,0.19,0.18,,0.51,0.45,,"Piette, M. A., Watson, D. S., Motegi, N., & Bourassa, N. (2005). Automated Demand Response and Commissioning."
Contra Costa County 50 Douglas,field-testing,OAT_MA_CBL,,11/5/04,14:45,15:45,,31,29,,0.14,0.13,,0.34,0.32,,"Piette, M. A., Watson, D. S., Motegi, N., & Bourassa, N. (2005). Automated Demand Response and Commissioning."
Contra Costa County Summit Center,field-testing,OAT_MA_CBL,,10/13/04,12:45,13:45,,54,38,,0.14,0.1,,0.41,0.29,,"Piette, M. A., Watson, D. S., Motegi, N., & Bourassa, N. (2005). Automated Demand Response and Commissioning."
Contra Costa County Summit Center,field-testing,OAT_MA_CBL,,10/13/04,13:45,14:45,,68,62,,0.17,0.16,,0.52,0.47,,"Piette, M. A., Watson, D. S., Motegi, N., & Bourassa, N. (2005). Automated Demand Response and Commissioning."
Contra Costa County Summit Center,field-testing,OAT_MA_CBL,,10/13/04,14:45,15:45,,-3,-16,,-0.01,-0.04,,-0.03,-0.12,,"Piette, M. A., Watson, D. S., Motegi, N., & Bourassa, N. (2005). Automated Demand Response and Commissioning."
Contra Costa County Summit Center,field-testing,OAT_MA_CBL,,11/5/04,12:45,13:45,,63,50,,0.19,0.15,,0.48,0.38,,"Piette, M. A., Watson, D. S., Motegi, N., & Bourassa, N. (2005). Automated Demand Response and Commissioning."
Contra Costa County Summit Center,field-testing,OAT_MA_CBL,,11/5/04,13:45,14:45,,87,70,,0.27,0.22,,0.67,0.54,,"Piette, M. A., Watson, D. S., Motegi, N., & Bourassa, N. (2005). Automated Demand Response and Commissioning."
Contra Costa County Summit Center,field-testing,OAT_MA_CBL,,11/5/04,14:45,15:45,,41,31,,0.14,0.11,,0.32,0.24,,"Piette, M. A., Watson, D. S., Motegi, N., & Bourassa, N. (2005). Automated Demand Response and Commissioning."
Echelon San Jose Headquarter,field-testing,OAT_MA_CBL,,10/13/04,12:45,13:45,,21,3,,0.03,0.02,,0.1,0.05,,"Piette, M. A., Watson, D. S., Motegi, N., & Bourassa, N. (2005). Automated Demand Response and Commissioning."
Echelon San Jose Headquarter,field-testing,OAT_MA_CBL,,10/13/04,13:45,14:45,,47,33,,0.56,0.42,,1.81,1.34,,"Piette, M. A., Watson, D. S., Motegi, N., & Bourassa, N. (2005). Automated Demand Response and Commissioning."
Echelon San Jose Headquarter,field-testing,OAT_MA_CBL,,10/13/04,14:45,15:45,,42,-8,,0.48,0.11,,1.52,0.36,,"Piette, M. A., Watson, D. S., Motegi, N., & Bourassa, N. (2005). Automated Demand Response and Commissioning."
Echelon San Jose Headquarter,field-testing,OAT_MA_CBL,,11/5/04,12:45,13:45,,7,4,,0.03,0.02,,0.1,0.05,,"Piette, M. A., Watson, D. S., Motegi, N., & Bourassa, N. (2005). Automated Demand Response and Commissioning."
Echelon San Jose Headquarter,field-testing,OAT_MA_CBL,,11/5/04,13:45,14:45,,136,100,,0.56,0.42,,1.81,1.34,,"Piette, M. A., Watson, D. S., Motegi, N., & Bourassa, N. (2005). Automated Demand Response and Commissioning."
Echelon San Jose Headquarter,field-testing,OAT_MA_CBL,,11/5/04,14:45,15:45,,114,27,,0.48,0.11,,1.52,0.36,,"Piette, M. A., Watson, D. S., Motegi, N., & Bourassa, N. (2005). Automated Demand Response and Commissioning."
GSA Phillip Burton San Francisco Federal Building,field-testing,OAT_MA_CBL,,11/5/04,12:45,13:45,,-111,-162,,-0.07,-0.1,,-0.08,-0.11,,"Piette, M. A., Watson, D. S., Motegi, N., & Bourassa, N. (2005). Automated Demand Response and Commissioning."
GSA Phillip Burton San Francisco Federal Building,field-testing,OAT_MA_CBL,,11/5/04,13:45,14:45,,-38,-124,,-0.03,-0.08,,-0.03,-0.09,,"Piette, M. A., Watson, D. S., Motegi, N., & Bourassa, N. (2005). Automated Demand Response and Commissioning."
GSA Phillip Burton San Francisco Federal Building,field-testing,OAT_MA_CBL,,11/5/04,14:45,15:45,,87,22,,0.06,0.02,,0.06,0.02,,"Piette, M. A., Watson, D. S., Motegi, N., & Bourassa, N. (2005). Automated Demand Response and Commissioning."
GSA National Archives & Records Administration,field-testing,OAT_MA_CBL,,11/5/04,12:45,13:45,,1,-5,,0,-0.02,,0,-0.02,,"Piette, M. A., Watson, D. S., Motegi, N., & Bourassa, N. (2005). Automated Demand Response and Commissioning."
GSA National Archives & Records Administration,field-testing,OAT_MA_CBL,,11/5/04,13:45,14:45,,15,6,,0.08,0.03,,0.08,0.03,,"Piette, M. A., Watson, D. S., Motegi, N., & Bourassa, N. (2005). Automated Demand Response and Commissioning."
GSA National Archives & Records Administration,field-testing,OAT_MA_CBL,,11/5/04,14:45,15:45,,29,23,,0.28,0.19,,0.14,0.11,,"Piette, M. A., Watson, D. S., Motegi, N., & Bourassa, N. (2005). Automated Demand Response and Commissioning."
GSA Ronald V. Dellums Oakland Federal Building,field-testing,OAT_MA_CBL,,9/8/04,12:45,13:45,,975,528,,0.28,0.15,,1,0.54,,"Piette, M. A., Watson, D. S., Motegi, N., & Bourassa, N. (2005). Automated Demand Response and Commissioning."
GSA Ronald V. Dellums Oakland Federal Building,field-testing,OAT_MA_CBL,,9/8/04,13:45,14:45,,1080,1058,,0.3,0.29,,1.1,1.08,,"Piette, M. A., Watson, D. S., Motegi, N., & Bourassa, N. (2005). Automated Demand Response and Commissioning."
GSA Ronald V. Dellums Oakland Federal Building,field-testing,OAT_MA_CBL,,9/8/04,14:45,15:45,,1043,847,,0.29,0.24,,1.07,0.87,,"Piette, M. A., Watson, D. S., Motegi, N., & Bourassa, N. (2005). Automated Demand Response and Commissioning."
GSA Ronald V. Dellums Oakland Federal Building,field-testing,OAT_MA_CBL,,9/21/04,13:15,14:15,,221,172,,0.09,0.07,,0.23,0.18,,"Piette, M. A., Watson, D. S., Motegi, N., & Bourassa, N. (2005). Automated Demand Response and Commissioning."
GSA Ronald V. Dellums Oakland Federal Building,field-testing,OAT_MA_CBL,,9/21/04,14:15,15:15,,162,150,,0.07,0.06,,0.17,0.15,,"Piette, M. A., Watson, D. S., Motegi, N., & Bourassa, N. (2005). Automated Demand Response and Commissioning."
GSA Ronald V. Dellums Oakland Federal Building,field-testing,OAT_MA_CBL,,9/21/04,15:15,16:15,,221,190,,0.09,0.08,,0.23,0.19,,"Piette, M. A., Watson, D. S., Motegi, N., & Bourassa, N. (2005). Automated Demand Response and Commissioning."
GSA Ronald V. Dellums Oakland Federal Building,field-testing,OAT_MA_CBL,,11/5/04,12:45,13:45,,102,63,,0.05,0.03,,0.1,0.06,,"Piette, M. A., Watson, D. S., Motegi, N., & Bourassa, N. (2005). Automated Demand Response and Commissioning."
GSA Ronald V. Dellums Oakland Federal Building,field-testing,OAT_MA_CBL,,11/5/04,13:45,14:45,,214,179,,0.1,0.09,,0.22,0.18,,"Piette, M. A., Watson, D. S., Motegi, N., & Bourassa, N. (2005). Automated Demand Response and Commissioning."
GSA Ronald V. Dellums Oakland Federal Building,field-testing,OAT_MA_CBL,,11/5/04,14:45,15:45,,133,103,,0.06,0.05,,0.14,0.11,,"Piette, M. A., Watson, D. S., Motegi, N., & Bourassa, N. (2005). Automated Demand Response and Commissioning."
OSIsoft,field-testing,OAT_MA_CBL,,11/5/04,12:45,13:45,,-1,-4,,-0.01,-0.02,,-0.02,-0.07,,"Piette, M. A., Watson, D. S., Motegi, N., & Bourassa, N. (2005). Automated Demand Response and Commissioning."
OSIsoft,field-testing,OAT_MA_CBL,,11/5/04,13:45,14:45,,12,3,,0.06,0.01,,0.2,0.05,,"Piette, M. A., Watson, D. S., Motegi, N., & Bourassa, N. (2005). Automated Demand Response and Commissioning."
OSIsoft,field-testing,OAT_MA_CBL,,11/5/04,14:45,15:45,,10,-2,,0.05,-0.01,,0.16,-0.03,,"Piette, M. A., Watson, D. S., Motegi, N., & Bourassa, N. (2005). Automated Demand Response and Commissioning."
Roche Palo Alto,field-testing,OAT_MA_CBL,,9/21/04,13:15,14:15,,108,99,,0.15,0.14,,0.56,0.51,,"Piette, M. A., Watson, D. S., Motegi, N., & Bourassa, N. (2005). Automated Demand Response and Commissioning."
Roche Palo Alto,field-testing,OAT_MA_CBL,,9/21/04,14:15,15:15,,120,108,,0.19,0.17,,0.63,0.56,,"Piette, M. A., Watson, D. S., Motegi, N., & Bourassa, N. (2005). Automated Demand Response and Commissioning."
Roche Palo Alto,field-testing,OAT_MA_CBL,,9/21/04,15:15,16:15,,101,94,,0.17,0.16,,0.52,0.49,,"Piette, M. A., Watson, D. S., Motegi, N., & Bourassa, N. (2005). Automated Demand Response and Commissioning."
Roche Palo Alto,field-testing,OAT_MA_CBL,,10/13/04,12:45,13:45,,63,39,,0.09,0.06,,0.33,0.2,,"Piette, M. A., Watson, D. S., Motegi, N., & Bourassa, N. (2005). Automated Demand Response and Commissioning."
Roche Palo Alto,field-testing,OAT_MA_CBL,,10/13/04,13:45,14:45,,123,102,,0.2,0.16,,0.64,0.53,,"Piette, M. A., Watson, D. S., Motegi, N., & Bourassa, N. (2005). Automated Demand Response and Commissioning."
Roche Palo Alto,field-testing,OAT_MA_CBL,,10/13/04,14:45,15:45,,74,53,,0.12,0.09,,0.39,0.28,,"Piette, M. A., Watson, D. S., Motegi, N., & Bourassa, N. (2005). Automated Demand Response and Commissioning."
Roche Palo Alto,field-testing,OAT_MA_CBL,,11/5/04,12:45,13:45,,124,88,,0.2,0.14,,0.65,0.46,,"Piette, M. A., Watson, D. S., Motegi, N., & Bourassa, N. (2005). Automated Demand Response and Commissioning."
Roche Palo Alto,field-testing,OAT_MA_CBL,,11/5/04,13:45,14:45,,136,96,,0.22,0.17,,0.71,0.5,,"Piette, M. A., Watson, D. S., Motegi, N., & Bourassa, N. (2005). Automated Demand Response and Commissioning."
Roche Palo Alto,field-testing,OAT_MA_CBL,,11/5/04,14:45,15:45,,83,77,,0.16,0.15,,0.43,0.4,,"Piette, M. A., Watson, D. S., Motegi, N., & Bourassa, N. (2005). Automated Demand Response and Commissioning."
UC Santa Barbara Davidson Library,field-testing,OAT_MA_CBL,,9/8/04,12:45,13:45,,62,24,,0.07,0.03,,0.22,0.08,,"Piette, M. A., Watson, D. S., Motegi, N., & Bourassa, N. (2005). Automated Demand Response and Commissioning."
UC Santa Barbara Davidson Library,field-testing,OAT_MA_CBL,,9/8/04,13:45,14:45,,274,263,,0.31,0.3,,0.95,0.91,,"Piette, M. A., Watson, D. S., Motegi, N., & Bourassa, N. (2005). Automated Demand Response and Commissioning."
UC Santa Barbara Davidson Library,field-testing,OAT_MA_CBL,,9/8/04,14:45,15:45,,46,-44,,0.05,-0.05,,0.16,-0.15,,"Piette, M. A., Watson, D. S., Motegi, N., & Bourassa, N. (2005). Automated Demand Response and Commissioning."
"US Postal Service, San Jose Process & Distribution Center",field-testing,OAT_MA_CBL,,10/13/04,12:45,13:45,,333,205,,0.23,0.14,,0.85,0.53,,"Piette, M. A., Watson, D. S., Motegi, N., & Bourassa, N. (2005). Automated Demand Response and Commissioning."
"US Postal Service, San Jose Process & Distribution Center",field-testing,OAT_MA_CBL,,10/13/04,13:45,14:45,,321,272,,0.22,0.19,,0.82,0.7,,"Piette, M. A., Watson, D. S., Motegi, N., & Bourassa, N. (2005). Automated Demand Response and Commissioning."
"US Postal Service, San Jose Process & Distribution Center",field-testing,OAT_MA_CBL,,10/13/04,14:45,15:45,,219,83,,0.15,0.06,,0.56,0.21,,"Piette, M. A., Watson, D. S., Motegi, N., & Bourassa, N. (2005). Automated Demand Response and Commissioning."
"US Postal Service, San Jose Process & Distribution Center",field-testing,OAT_MA_CBL,,11/5/04,12:45,13:45,,33,18,,0.03,0.02,,0.08,0.05,,"Piette, M. A., Watson, D. S., Motegi, N., & Bourassa, N. (2005). Automated Demand Response and Commissioning."
"US Postal Service, San Jose Process & Distribution Center",field-testing,OAT_MA_CBL,,11/5/04,13:45,14:45,,196,132,,0.17,0.12,,0.5,0.34,,"Piette, M. A., Watson, D. S., Motegi, N., & Bourassa, N. (2005). Automated Demand Response and Commissioning."
"US Postal Service, San Jose Process & Distribution Center",field-testing,OAT_MA_CBL,,11/5/04,14:45,15:45,,111,74,,0.1,0.07,,0.29,0.19,,"Piette, M. A., Watson, D. S., Motegi, N., & Bourassa, N. (2005). Automated Demand Response and Commissioning."
Alameda County Water,field-testing,,,9/29/05,12:00,15:00,,101,67,,0.38,0.24,,2.3,1.53,,"Piette, M. A., D. Watson, N. Motegi, S. Kiliccote, and P. Xu. 2006. Automated Critical Peak Pricing Field Tests: Program Description and Results."
Alameda County Water,field-testing,,,9/29/05,15:00,18:00,,72,57,,0.23,0.19,,1.63,1.29,,"Piette, M. A., D. Watson, N. Motegi, S. Kiliccote, and P. Xu. 2006. Automated Critical Peak Pricing Field Tests: Program Description and Results."
Alameda County Water,field-testing,,,10/6/05,12:00,15:00,,74,55,,0.31,0.22,,1.69,1.25,,"Piette, M. A., D. Watson, N. Motegi, S. Kiliccote, and P. Xu. 2006. Automated Critical Peak Pricing Field Tests: Program Description and Results."
Alameda County Water,field-testing,,,10/6/05,15:00,18:00,,47,28,,0.19,0.12,,1.06,0.63,,"Piette, M. A., D. Watson, N. Motegi, S. Kiliccote, and P. Xu. 2006. Automated Critical Peak Pricing Field Tests: Program Description and Results."
Alameda County Water,field-testing,,,10/13/05,12:00,15:00,,73,53,,0.31,0.21,,1.66,1.2,,"Piette, M. A., D. Watson, N. Motegi, S. Kiliccote, and P. Xu. 2006. Automated Critical Peak Pricing Field Tests: Program Description and Results."
Alameda County Water,field-testing,,,10/13/05,15:00,18:00,,83,66,,0.29,0.24,,1.89,1.49,,"Piette, M. A., D. Watson, N. Motegi, S. Kiliccote, and P. Xu. 2006. Automated Critical Peak Pricing Field Tests: Program Description and Results."
Alameda County Water,field-testing,,,10/25/05,12:00,15:00,,77,69,,0.35,0.3,,1.76,1.57,,"Piette, M. A., D. Watson, N. Motegi, S. Kiliccote, and P. Xu. 2006. Automated Critical Peak Pricing Field Tests: Program Description and Results."
Alameda County Water,field-testing,,,10/25/05,15:00,18:00,,66,57,,0.3,0.26,,1.5,1.29,,"Piette, M. A., D. Watson, N. Motegi, S. Kiliccote, and P. Xu. 2006. Automated Critical Peak Pricing Field Tests: Program Description and Results."
"Bank of America, Concord Technology Center",field-testing,,,9/29/05,12:00,15:00,,132,22,,0.03,0,,0.21,0.04,,"Piette, M. A., D. Watson, N. Motegi, S. Kiliccote, and P. Xu. 2006. Automated Critical Peak Pricing Field Tests: Program Description and Results."
"Bank of America, Concord Technology Center",field-testing,,,9/29/05,15:00,18:00,,291,184,,0.06,0.04,,0.47,0.3,,"Piette, M. A., D. Watson, N. Motegi, S. Kiliccote, and P. Xu. 2006. Automated Critical Peak Pricing Field Tests: Program Description and Results."
"Bank of America, Concord Technology Center",field-testing,,,10/13/05,12:00,15:00,,-30,-89,,-0.01,-0.02,,-0.05,-0.14,,"Piette, M. A., D. Watson, N. Motegi, S. Kiliccote, and P. Xu. 2006. Automated Critical Peak Pricing Field Tests: Program Description and Results."
"Bank of America, Concord Technology Center",field-testing,,,10/13/05,15:00,18:00,,219,111,,0.04,0.02,,0.35,0.18,,"Piette, M. A., D. Watson, N. Motegi, S. Kiliccote, and P. Xu. 2006. Automated Critical Peak Pricing Field Tests: Program Description and Results."
"Bank of America, Concord Technology Center",field-testing,,,10/25/05,12:00,15:00,,461,279,,0.09,0.06,,0.75,0.45,,"Piette, M. A., D. Watson, N. Motegi, S. Kiliccote, and P. Xu. 2006. Automated Critical Peak Pricing Field Tests: Program Description and Results."
"Bank of America, Concord Technology Center",field-testing,,,10/25/05,15:00,18:00,,552,291,,0.11,0.06,,0.9,0.47,,"Piette, M. A., D. Watson, N. Motegi, S. Kiliccote, and P. Xu. 2006. Automated Critical Peak Pricing Field Tests: Program Description and Results."
"Chabot Space and Science Center, Building 1&2",field-testing,,,9/22/05,12:00,15:00,,-23,-38,,-0.1,-0.18,,-0.27,-0.44,,"Piette, M. A., D. Watson, N. Motegi, S. Kiliccote, and P. Xu. 2006. Automated Critical Peak Pricing Field Tests: Program Description and Results."
"Chabot Space and Science Center, Building 1&2",field-testing,,,9/22/05,15:00,18:00,,19,-16,,0.11,-0.07,,0.22,-0.18,,"Piette, M. A., D. Watson, N. Motegi, S. Kiliccote, and P. Xu. 2006. Automated Critical Peak Pricing Field Tests: Program Description and Results."
"Chabot Space and Science Center, Building 1&2",field-testing,,,9/29/05,12:00,15:00,,31,2,,0.1,0,,0.35,0.02,,"Piette, M. A., D. Watson, N. Motegi, S. Kiliccote, and P. Xu. 2006. Automated Critical Peak Pricing Field Tests: Program Description and Results."
"Chabot Space and Science Center, Building 1&2",field-testing,,,9/29/05,15:00,18:00,,88,32,,0.28,0.03,,1.02,0.37,,"Piette, M. A., D. Watson, N. Motegi, S. Kiliccote, and P. Xu. 2006. Automated Critical Peak Pricing Field Tests: Program Description and Results."
"Chabot Space and Science Center, Building 1&2",field-testing,,,10/6/05,12:00,15:00,,24,2,,0.1,0.01,,0.28,0.03,,"Piette, M. A., D. Watson, N. Motegi, S. Kiliccote, and P. Xu. 2006. Automated Critical Peak Pricing Field Tests: Program Description and Results."
"Chabot Space and Science Center, Building 1&2",field-testing,,,10/6/05,15:00,18:00,,36,23,,0.15,0.1,,0.42,0.27,,"Piette, M. A., D. Watson, N. Motegi, S. Kiliccote, and P. Xu. 2006. Automated Critical Peak Pricing Field Tests: Program Description and Results."
"Chabot Space and Science Center, Building 1&2",field-testing,,,10/13/05,12:00,15:00,,20,-2,,0.08,-0.01,,0.23,-0.02,,"Piette, M. A., D. Watson, N. Motegi, S. Kiliccote, and P. Xu. 2006. Automated Critical Peak Pricing Field Tests: Program Description and Results."
"Chabot Space and Science Center, Building 1&2",field-testing,,,10/13/05,15:00,18:00,,42,33,,0.19,0.13,,0.49,0.38,,"Piette, M. A., D. Watson, N. Motegi, S. Kiliccote, and P. Xu. 2006. Automated Critical Peak Pricing Field Tests: Program Description and Results."
"Contra Costa County, 2530 Arnold",field-testing,,,9/22/05,12:00,15:00,,99,63,,0.24,0.15,,0.76,0.48,,"Piette, M. A., D. Watson, N. Motegi, S. Kiliccote, and P. Xu. 2006. Automated Critical Peak Pricing Field Tests: Program Description and Results."
"Contra Costa County, 2530 Arnold",field-testing,,,9/22/05,15:00,18:00,,119,93,,0.28,0.24,,0.91,0.71,,"Piette, M. A., D. Watson, N. Motegi, S. Kiliccote, and P. Xu. 2006. Automated Critical Peak Pricing Field Tests: Program Description and Results."
"Contra Costa County, 2530 Arnold",field-testing,,,9/29/05,12:00,15:00,,90,34,,0.21,0.08,,0.69,0.26,,"Piette, M. A., D. Watson, N. Motegi, S. Kiliccote, and P. Xu. 2006. Automated Critical Peak Pricing Field Tests: Program Description and Results."
"Contra Costa County, 2530 Arnold",field-testing,,,9/29/05,15:00,18:00,,89,58,,0.21,0.14,,0.68,0.44,,"Piette, M. A., D. Watson, N. Motegi, S. Kiliccote, and P. Xu. 2006. Automated Critical Peak Pricing Field Tests: Program Description and Results."
"Contra Costa County, 2530 Arnold",field-testing,,,10/6/05,12:00,15:00,,44,22,,0.11,0.06,,0.33,0.17,,"Piette, M. A., D. Watson, N. Motegi, S. Kiliccote, and P. Xu. 2006. Automated Critical Peak Pricing Field Tests: Program Description and Results."
"Contra Costa County, 2530 Arnold",field-testing,,,10/6/05,15:00,18:00,,63,34,,0.17,0.09,,0.48,0.26,,"Piette, M. A., D. Watson, N. Motegi, S. Kiliccote, and P. Xu. 2006. Automated Critical Peak Pricing Field Tests: Program Description and Results."
"Contra Costa County, 2530 Arnold",field-testing,,,10/13/05,12:00,15:00,,60,22,,0.15,0.06,,0.46,0.17,,"Piette, M. A., D. Watson, N. Motegi, S. Kiliccote, and P. Xu. 2006. Automated Critical Peak Pricing Field Tests: Program Description and Results."
"Contra Costa County, 2530 Arnold",field-testing,,,10/13/05,15:00,18:00,,89,47,,0.22,0.13,,0.68,0.36,,"Piette, M. A., D. Watson, N. Motegi, S. Kiliccote, and P. Xu. 2006. Automated Critical Peak Pricing Field Tests: Program Description and Results."
"Contra Costa County, 2530 Arnold",field-testing,,,10/25/05,12:00,15:00,,40,28,,0.12,0.08,,0.31,0.21,,"Piette, M. A., D. Watson, N. Motegi, S. Kiliccote, and P. Xu. 2006. Automated Critical Peak Pricing Field Tests: Program Description and Results."
"Contra Costa County, 2530 Arnold",field-testing,,,10/25/05,15:00,18:00,,39,17,,0.12,0.06,,0.3,0.13,,"Piette, M. A., D. Watson, N. Motegi, S. Kiliccote, and P. Xu. 2006. Automated Critical Peak Pricing Field Tests: Program Description and Results."
"Contra Costa County, 50 Douglas",field-testing,,,10/25/05,12:00,15:00,,75,41,,0.3,0.17,,0.83,0.46,,"Piette, M. A., D. Watson, N. Motegi, S. Kiliccote, and P. Xu. 2006. Automated Critical Peak Pricing Field Tests: Program Description and Results."
"Contra Costa County, 50 Douglas",field-testing,,,10/25/05,15:00,18:00,,78,42,,0.32,0.2,,0.87,0.47,,"Piette, M. A., D. Watson, N. Motegi, S. Kiliccote, and P. Xu. 2006. Automated Critical Peak Pricing Field Tests: Program Description and Results."
"Echelon, San Jose Headquarter",field-testing,,,9/22/05,12:00,15:00,,38,29,,0.12,0.1,,0.51,0.39,,"Piette, M. A., D. Watson, N. Motegi, S. Kiliccote, and P. Xu. 2006. Automated Critical Peak Pricing Field Tests: Program Description and Results."
"Echelon, San Jose Headquarter",field-testing,,,9/22/05,15:00,18:00,,115,74,,0.35,0.23,,1.53,0.99,,"Piette, M. A., D. Watson, N. Motegi, S. Kiliccote, and P. Xu. 2006. Automated Critical Peak Pricing Field Tests: Program Description and Results."
"Echelon, San Jose Headquarter",field-testing,,,9/29/05,12:00,15:00,,42,32,,0.12,0.09,,0.56,0.43,,"Piette, M. A., D. Watson, N. Motegi, S. Kiliccote, and P. Xu. 2006. Automated Critical Peak Pricing Field Tests: Program Description and Results."
"Echelon, San Jose Headquarter",field-testing,,,9/29/05,15:00,18:00,,143,109,,0.37,0.28,,1.91,1.45,,"Piette, M. A., D. Watson, N. Motegi, S. Kiliccote, and P. Xu. 2006. Automated Critical Peak Pricing Field Tests: Program Description and Results."
"Echelon, San Jose Headquarter",field-testing,,,10/6/05,12:00,15:00,,72,60,,0.2,0.17,,0.96,0.81,,"Piette, M. A., D. Watson, N. Motegi, S. Kiliccote, and P. Xu. 2006. Automated Critical Peak Pricing Field Tests: Program Description and Results."
"Echelon, San Jose Headquarter",field-testing,,,10/6/05,15:00,18:00,,132,89,,0.37,0.26,,1.76,1.19,,"Piette, M. A., D. Watson, N. Motegi, S. Kiliccote, and P. Xu. 2006. Automated Critical Peak Pricing Field Tests: Program Description and Results."
"Echelon, San Jose Headquarter",field-testing,,,10/13/05,12:00,15:00,,49,35,,0.15,0.11,,0.65,0.47,,"Piette, M. A., D. Watson, N. Motegi, S. Kiliccote, and P. Xu. 2006. Automated Critical Peak Pricing Field Tests: Program Description and Results."
"Echelon, San Jose Headquarter",field-testing,,,10/13/05,15:00,18:00,,117,83,,0.17,0.24,,1.56,1.1,,"Piette, M. A., D. Watson, N. Motegi, S. Kiliccote, and P. Xu. 2006. Automated Critical Peak Pricing Field Tests: Program Description and Results."
"Echelon, San Jose Headquarter",field-testing,,,10/25/05,12:00,15:00,,45,33,,0.16,0.11,,0.6,0.43,,"Piette, M. A., D. Watson, N. Motegi, S. Kiliccote, and P. Xu. 2006. Automated Critical Peak Pricing Field Tests: Program Description and Results."
"Echelon, San Jose Headquarter",field-testing,,,10/25/05,15:00,18:00,,84,60,,0.28,0.21,,1.11,0.8,,"Piette, M. A., D. Watson, N. Motegi, S. Kiliccote, and P. Xu. 2006. Automated Critical Peak Pricing Field Tests: Program Description and Results."
"Gilead Science, 342 Lake",field-testing,,,9/22/05,12:00,15:00,,94,72,,0.33,0.25,,2.93,2.25,,"Piette, M. A., D. Watson, N. Motegi, S. Kiliccote, and P. Xu. 2006. Automated Critical Peak Pricing Field Tests: Program Description and Results."
"Gilead Science, 342 Lake",field-testing,,,9/22/05,15:00,18:00,,56,42,,0.21,0.16,,1.76,1.31,,"Piette, M. A., D. Watson, N. Motegi, S. Kiliccote, and P. Xu. 2006. Automated Critical Peak Pricing Field Tests: Program Description and Results."
"Gilead Science, 342 Lake",field-testing,,,9/29/05,12:00,15:00,,73,45,,0.19,0.13,,2.3,1.39,,"Piette, M. A., D. Watson, N. Motegi, S. Kiliccote, and P. Xu. 2006. Automated Critical Peak Pricing Field Tests: Program Description and Results."
"Gilead Science, 342 Lake",field-testing,,,9/29/05,15:00,18:00,,75,55,,0.2,0.15,,2.36,1.72,,"Piette, M. A., D. Watson, N. Motegi, S. Kiliccote, and P. Xu. 2006. Automated Critical Peak Pricing Field Tests: Program Description and Results."
"Gilead Science, 342 Lake",field-testing,,,10/6/05,12:00,15:00,,45,24,,0.16,0.09,,1.4,0.75,,"Piette, M. A., D. Watson, N. Motegi, S. Kiliccote, and P. Xu. 2006. Automated Critical Peak Pricing Field Tests: Program Description and Results."
"Gilead Science, 342 Lake",field-testing,,,10/6/05,15:00,18:00,,32,21,,0.12,0.08,,0.98,0.65,,"Piette, M. A., D. Watson, N. Motegi, S. Kiliccote, and P. Xu. 2006. Automated Critical Peak Pricing Field Tests: Program Description and Results."
"Gilead Science, 342 Lake",field-testing,,,10/13/05,12:00,15:00,,55,32,,0.11,0.11,,1.72,1.01,,"Piette, M. A., D. Watson, N. Motegi, S. Kiliccote, and P. Xu. 2006. Automated Critical Peak Pricing Field Tests: Program Description and Results."
"Gilead Science, 342 Lake",field-testing,,,10/13/05,15:00,18:00,,55,34,,0.17,0.1,,1.73,1.06,,"Piette, M. A., D. Watson, N. Motegi, S. Kiliccote, and P. Xu. 2006. Automated Critical Peak Pricing Field Tests: Program Description and Results."
"Gilead Science, 342 Lake",field-testing,,,10/25/05,12:00,15:00,,80,60,,0.3,0.22,,2.51,1.89,,"Piette, M. A., D. Watson, N. Motegi, S. Kiliccote, and P. Xu. 2006. Automated Critical Peak Pricing Field Tests: Program Description and Results."
"Gilead Science, 342 Lake",field-testing,,,10/25/05,15:00,18:00,,70,53,,0.26,0.2,,2.2,1.64,,"Piette, M. A., D. Watson, N. Motegi, S. Kiliccote, and P. Xu. 2006. Automated Critical Peak Pricing Field Tests: Program Description and Results."
"Gilead Science, 357 Lake",field-testing,,,9/29/05,12:00,15:00,,94,48,,0.16,0.09,,2.95,1.5,,"Piette, M. A., D. Watson, N. Motegi, S. Kiliccote, and P. Xu. 2006. Automated Critical Peak Pricing Field Tests: Program Description and Results."
"Gilead Science, 357 Lake",field-testing,,,9/29/05,15:00,18:00,,150,62,,0.25,0.11,,4.68,1.95,,"Piette, M. A., D. Watson, N. Motegi, S. Kiliccote, and P. Xu. 2006. Automated Critical Peak Pricing Field Tests: Program Description and Results."
"Gilead Science, 357 Lake",field-testing,,,10/13/05,12:00,15:00,,24,12,,0.07,0.04,,0.72,0.37,,"Piette, M. A., D. Watson, N. Motegi, S. Kiliccote, and P. Xu. 2006. Automated Critical Peak Pricing Field Tests: Program Description and Results."
"Gilead Science, 357 Lake",field-testing,,,10/13/05,15:00,18:00,,119,68,,0.17,0.17,,3.6,2.07,,"Piette, M. A., D. Watson, N. Motegi, S. Kiliccote, and P. Xu. 2006. Automated Critical Peak Pricing Field Tests: Program Description and Results."
"Gilead Science, 357 Lake",field-testing,,,10/25/05,12:00,15:00,,145,66,,0.35,0.16,,4.38,2,,"Piette, M. A., D. Watson, N. Motegi, S. Kiliccote, and P. Xu. 2006. Automated Critical Peak Pricing Field Tests: Program Description and Results."
"Gilead Science, 357 Lake",field-testing,,,10/25/05,15:00,18:00,,-11,-40,,-0.03,-0.11,,-0.34,-1.2,,"Piette, M. A., D. Watson, N. Motegi, S. Kiliccote, and P. Xu. 2006. Automated Critical Peak Pricing Field Tests: Program Description and Results."
"IKEA, East Palo Alto Store",field-testing,,,10/13/05,12:00,15:00,,296,253,,0.16,0.13,,0.99,0.84,,"Piette, M. A., D. Watson, N. Motegi, S. Kiliccote, and P. Xu. 2006. Automated Critical Peak Pricing Field Tests: Program Description and Results."
"IKEA, East Palo Alto Store",field-testing,,,10/13/05,15:00,18:00,,321,268,,0.17,0.14,,1.07,0.89,,"Piette, M. A., D. Watson, N. Motegi, S. Kiliccote, and P. Xu. 2006. Automated Critical Peak Pricing Field Tests: Program Description and Results."
"IKEA, East Palo Alto Store",field-testing,,,10/25/05,12:00,15:00,,223,204,,0.12,0.12,,0.74,0.68,,"Piette, M. A., D. Watson, N. Motegi, S. Kiliccote, and P. Xu. 2006. Automated Critical Peak Pricing Field Tests: Program Description and Results."
"IKEA, East Palo Alto Store",field-testing,,,10/25/05,15:00,18:00,,207,169,,0.12,0.1,,0.69,0.56,,"Piette, M. A., D. Watson, N. Motegi, S. Kiliccote, and P. Xu. 2006. Automated Critical Peak Pricing Field Tests: Program Description and Results."
"Target, Hayward Store",field-testing,,,9/22/05,12:00,15:00,,18,7,,0.06,0.02,,0.14,0.05,,"Piette, M. A., D. Watson, N. Motegi, S. Kiliccote, and P. Xu. 2006. Automated Critical Peak Pricing Field Tests: Program Description and Results."
"Target, Hayward Store",field-testing,,,9/22/05,15:00,18:00,,52,35,,0.17,0.11,,0.4,0.27,,"Piette, M. A., D. Watson, N. Motegi, S. Kiliccote, and P. Xu. 2006. Automated Critical Peak Pricing Field Tests: Program Description and Results."
"Target, Hayward Store",field-testing,,,9/29/05,12:00,15:00,,53,14,,0.15,0.04,,0.41,0.11,,"Piette, M. A., D. Watson, N. Motegi, S. Kiliccote, and P. Xu. 2006. Automated Critical Peak Pricing Field Tests: Program Description and Results."
"Target, Hayward Store",field-testing,,,9/29/05,15:00,18:00,,44,33,,0.12,0.09,,0.34,0.25,,"Piette, M. A., D. Watson, N. Motegi, S. Kiliccote, and P. Xu. 2006. Automated Critical Peak Pricing Field Tests: Program Description and Results."
"Target, Hayward Store",field-testing,,,10/6/05,12:00,15:00,,60,22,,0.18,0.07,,0.46,0.17,,"Piette, M. A., D. Watson, N. Motegi, S. Kiliccote, and P. Xu. 2006. Automated Critical Peak Pricing Field Tests: Program Description and Results."
"Target, Hayward Store",field-testing,,,10/6/05,15:00,18:00,,39,24,,0.13,0.08,,0.3,0.19,,"Piette, M. A., D. Watson, N. Motegi, S. Kiliccote, and P. Xu. 2006. Automated Critical Peak Pricing Field Tests: Program Description and Results."
"Target, Hayward Store",field-testing,,,10/13/05,12:00,15:00,,20,12,,0.07,0.04,,0.16,0.09,,"Piette, M. A., D. Watson, N. Motegi, S. Kiliccote, and P. Xu. 2006. Automated Critical Peak Pricing Field Tests: Program Description and Results."
"Target, Hayward Store",field-testing,,,10/13/05,15:00,18:00,,64,55,,0.19,0.17,,0.49,0.43,,"Piette, M. A., D. Watson, N. Motegi, S. Kiliccote, and P. Xu. 2006. Automated Critical Peak Pricing Field Tests: Program Description and Results."
"Target, Hayward Store",field-testing,,,10/25/05,12:00,15:00,,33,15,,0.12,0.05,,0.25,0.11,,"Piette, M. A., D. Watson, N. Motegi, S. Kiliccote, and P. Xu. 2006. Automated Critical Peak Pricing Field Tests: Program Description and Results."
"United States Postal Service, San Jose Process and Distribution Center",field-testing,,,10/25/05,15:00,18:00,,49,16,,0.18,0.06,,0.38,0.12,,"Piette, M. A., D. Watson, N. Motegi, S. Kiliccote, and P. Xu. 2006. Automated Critical Peak Pricing Field Tests: Program Description and Results."
Alameda County Water,field-testing,,,6/23/06,12:00,15:00,,,77,,,0.27,,,1.51,,"Piette, M A, D Watson, N Motegi, S Kiliccote, Mary Ann Piette, David Watson, Naoya Motegi, and Sila Kiliccote. 2007. Automated Critical Peak Pricing Field Tests: 2006 Pilot Program Description and Results."
Alameda County Water,field-testing,,,6/23/06,15:00,18:00,,,95,,,0.33,,,1.85,,"Piette, M A, D Watson, N Motegi, S Kiliccote, Mary Ann Piette, David Watson, Naoya Motegi, and Sila Kiliccote. 2007. Automated Critical Peak Pricing Field Tests: 2006 Pilot Program Description and Results."
Alameda County Water,field-testing,,,6/23/06,12:00,18:00,,,86,,,0.3,,,1.67,,"Piette, M A, D Watson, N Motegi, S Kiliccote, Mary Ann Piette, David Watson, Naoya Motegi, and Sila Kiliccote. 2007. Automated Critical Peak Pricing Field Tests: 2006 Pilot Program Description and Results."
Alameda County Water,field-testing,,,6/26/06,12:00,15:00,,,78,,,0.28,,,1.53,,"Piette, M A, D Watson, N Motegi, S Kiliccote, Mary Ann Piette, David Watson, Naoya Motegi, and Sila Kiliccote. 2007. Automated Critical Peak Pricing Field Tests: 2006 Pilot Program Description and Results."
Alameda County Water,field-testing,,,6/26/06,15:00,18:00,,,91,,,0.32,,,1.78,,"Piette, M A, D Watson, N Motegi, S Kiliccote, Mary Ann Piette, David Watson, Naoya Motegi, and Sila Kiliccote. 2007. Automated Critical Peak Pricing Field Tests: 2006 Pilot Program Description and Results."
Alameda County Water,field-testing,,,6/26/06,12:00,18:00,,,85,,,0.3,,,1.66,,"Piette, M A, D Watson, N Motegi, S Kiliccote, Mary Ann Piette, David Watson, Naoya Motegi, and Sila Kiliccote. 2007. Automated Critical Peak Pricing Field Tests: 2006 Pilot Program Description and Results."
Alameda County Water,field-testing,,,7/17/06,12:00,15:00,,,58,,,0.19,,,1.14,,"Piette, M A, D Watson, N Motegi, S Kiliccote, Mary Ann Piette, David Watson, Naoya Motegi, and Sila Kiliccote. 2007. Automated Critical Peak Pricing Field Tests: 2006 Pilot Program Description and Results."
Alameda County Water,field-testing,,,7/17/06,15:00,18:00,,,95,,,0.28,,,1.85,,"Piette, M A, D Watson, N Motegi, S Kiliccote, Mary Ann Piette, David Watson, Naoya Motegi, and Sila Kiliccote. 2007. Automated Critical Peak Pricing Field Tests: 2006 Pilot Program Description and Results."
Alameda County Water,field-testing,,,7/17/06,12:00,18:00,,,77,,,0.24,,,1.5,,"Piette, M A, D Watson, N Motegi, S Kiliccote, Mary Ann Piette, David Watson, Naoya Motegi, and Sila Kiliccote. 2007. Automated Critical Peak Pricing Field Tests: 2006 Pilot Program Description and Results."
Alameda County Water,field-testing,,,7/18/06,12:00,15:00,,,58,,,0.19,,,1.12,,"Piette, M A, D Watson, N Motegi, S Kiliccote, Mary Ann Piette, David Watson, Naoya Motegi, and Sila Kiliccote. 2007. Automated Critical Peak Pricing Field Tests: 2006 Pilot Program Description and Results."
Alameda County Water,field-testing,,,7/18/06,15:00,18:00,,,79,,,0.24,,,1.54,,"Piette, M A, D Watson, N Motegi, S Kiliccote, Mary Ann Piette, David Watson, Naoya Motegi, and Sila Kiliccote. 2007. Automated Critical Peak Pricing Field Tests: 2006 Pilot Program Description and Results."
Alameda County Water,field-testing,,,7/18/06,12:00,18:00,,,68,,,0.22,,,1.33,,"Piette, M A, D Watson, N Motegi, S Kiliccote, Mary Ann Piette, David Watson, Naoya Motegi, and Sila Kiliccote. 2007. Automated Critical Peak Pricing Field Tests: 2006 Pilot Program Description and Results."
Alameda County Water,field-testing,,,7/24/06,12:00,15:00,,,87,,,0.24,,,1.7,,"Piette, M A, D Watson, N Motegi, S Kiliccote, Mary Ann Piette, David Watson, Naoya Motegi, and Sila Kiliccote. 2007. Automated Critical Peak Pricing Field Tests: 2006 Pilot Program Description and Results."
Alameda County Water,field-testing,,,7/24/06,15:00,18:00,,,133,,,0.33,,,2.6,,"Piette, M A, D Watson, N Motegi, S Kiliccote, Mary Ann Piette, David Watson, Naoya Motegi, and Sila Kiliccote. 2007. Automated Critical Peak Pricing Field Tests: 2006 Pilot Program Description and Results."
Alameda County Water,field-testing,,,7/24/06,12:00,18:00,,,110,,,0.29,,,2.15,,"Piette, M A, D Watson, N Motegi, S Kiliccote, Mary Ann Piette, David Watson, Naoya Motegi, and Sila Kiliccote. 2007. Automated Critical Peak Pricing Field Tests: 2006 Pilot Program Description and Results."
Alameda County Water,field-testing,,,6/21/06,12:00,18:00,,,83,,,0.26,,,1.62,,"Piette, M A, D Watson, N Motegi, S Kiliccote, Mary Ann Piette, David Watson, Naoya Motegi, and Sila Kiliccote. 2007. Automated Critical Peak Pricing Field Tests: 2006 Pilot Program Description and Results."
Alameda County Water,field-testing,,,6/22/06,12:00,18:00,,,112,,,0.3,,,2.19,,"Piette, M A, D Watson, N Motegi, S Kiliccote, Mary Ann Piette, David Watson, Naoya Motegi, and Sila Kiliccote. 2007. Automated Critical Peak Pricing Field Tests: 2006 Pilot Program Description and Results."
Alameda County Water,field-testing,,,7/20/06,12:00,18:00,,,63,,,0.21,,,1.23,,"Piette, M A, D Watson, N Motegi, S Kiliccote, Mary Ann Piette, David Watson, Naoya Motegi, and Sila Kiliccote. 2007. Automated Critical Peak Pricing Field Tests: 2006 Pilot Program Description and Results."
Alameda County Water,field-testing,,,7/21/06,12:00,18:00,,,74,,,0.23,,,1.45,,"Piette, M A, D Watson, N Motegi, S Kiliccote, Mary Ann Piette, David Watson, Naoya Motegi, and Sila Kiliccote. 2007. Automated Critical Peak Pricing Field Tests: 2006 Pilot Program Description and Results."
Alameda County Water,field-testing,,,7/25/06,12:00,18:00,,,93,,,0.27,,,1.82,,"Piette, M A, D Watson, N Motegi, S Kiliccote, Mary Ann Piette, David Watson, Naoya Motegi, and Sila Kiliccote. 2007. Automated Critical Peak Pricing Field Tests: 2006 Pilot Program Description and Results."
Alameda County Water,field-testing,,,7/26/06,12:00,18:00,,,101,,,0.33,,,1.97,,"Piette, M A, D Watson, N Motegi, S Kiliccote, Mary Ann Piette, David Watson, Naoya Motegi, and Sila Kiliccote. 2007. Automated Critical Peak Pricing Field Tests: 2006 Pilot Program Description and Results."
"Bank of America, Concord Technology Center",field-testing,,,6/23/06,12:00,15:00,,,337,,,0.07,,,0.38,,"Piette, M A, D Watson, N Motegi, S Kiliccote, Mary Ann Piette, David Watson, Naoya Motegi, and Sila Kiliccote. 2007. Automated Critical Peak Pricing Field Tests: 2006 Pilot Program Description and Results."
"Bank of America, Concord Technology Center",field-testing,,,6/23/06,15:00,18:00,,,388,,,0.12,,,0.59,,"Piette, M A, D Watson, N Motegi, S Kiliccote, Mary Ann Piette, David Watson, Naoya Motegi, and Sila Kiliccote. 2007. Automated Critical Peak Pricing Field Tests: 2006 Pilot Program Description and Results."
"Bank of America, Concord Technology Center",field-testing,,,6/23/06,12:00,18:00,,,363,,,0.07,,,0.55,,"Piette, M A, D Watson, N Motegi, S Kiliccote, Mary Ann Piette, David Watson, Naoya Motegi, and Sila Kiliccote. 2007. Automated Critical Peak Pricing Field Tests: 2006 Pilot Program Description and Results."
"Bank of America, Concord Technology Center",field-testing,,,7/18/06,12:00,15:00,,,849,,,0.05,,,0.45,,"Piette, M A, D Watson, N Motegi, S Kiliccote, Mary Ann Piette, David Watson, Naoya Motegi, and Sila Kiliccote. 2007. Automated Critical Peak Pricing Field Tests: 2006 Pilot Program Description and Results."
"Bank of America, Concord Technology Center",field-testing,,,7/18/06,15:00,18:00,,,961,,,0.04,,,0.5,,"Piette, M A, D Watson, N Motegi, S Kiliccote, Mary Ann Piette, David Watson, Naoya Motegi, and Sila Kiliccote. 2007. Automated Critical Peak Pricing Field Tests: 2006 Pilot Program Description and Results."
"Bank of America, Concord Technology Center",field-testing,,,7/18/06,12:00,18:00,,,214,,,0.04,,,0.11,,"Piette, M A, D Watson, N Motegi, S Kiliccote, Mary Ann Piette, David Watson, Naoya Motegi, and Sila Kiliccote. 2007. Automated Critical Peak Pricing Field Tests: 2006 Pilot Program Description and Results."
"Bank of America, Concord Technology Center",field-testing,,,6/26/06,12:00,15:00,,,478,,,0.09,,,0.67,,"Piette, M A, D Watson, N Motegi, S Kiliccote, Mary Ann Piette, David Watson, Naoya Motegi, and Sila Kiliccote. 2007. Automated Critical Peak Pricing Field Tests: 2006 Pilot Program Description and Results."
"Bank of America, Concord Technology Center",field-testing,,,6/26/06,15:00,18:00,,,604,,,0.12,,,0.85,,"Piette, M A, D Watson, N Motegi, S Kiliccote, Mary Ann Piette, David Watson, Naoya Motegi, and Sila Kiliccote. 2007. Automated Critical Peak Pricing Field Tests: 2006 Pilot Program Description and Results."
"Bank of America, Concord Technology Center",field-testing,,,6/26/06,12:00,18:00,,,541,,,0.1,,,0.76,,"Piette, M A, D Watson, N Motegi, S Kiliccote, Mary Ann Piette, David Watson, Naoya Motegi, and Sila Kiliccote. 2007. Automated Critical Peak Pricing Field Tests: 2006 Pilot Program Description and Results."
"Bank of America, Concord Technology Center",field-testing,,,6/21/06,12:00,18:00,,,310,,,0.06,,,0.44,,"Piette, M A, D Watson, N Motegi, S Kiliccote, Mary Ann Piette, David Watson, Naoya Motegi, and Sila Kiliccote. 2007. Automated Critical Peak Pricing Field Tests: 2006 Pilot Program Description and Results."
"Bank of America, Concord Technology Center",field-testing,,,6/22/06,12:00,18:00,,,152,,,0.03,,,0.21,,"Piette, M A, D Watson, N Motegi, S Kiliccote, Mary Ann Piette, David Watson, Naoya Motegi, and Sila Kiliccote. 2007. Automated Critical Peak Pricing Field Tests: 2006 Pilot Program Description and Results."
"Bank of America, Concord Technology Center",field-testing,,,7/20/06,12:00,18:00,,,259,,,0.05,,,0.36,,"Piette, M A, D Watson, N Motegi, S Kiliccote, Mary Ann Piette, David Watson, Naoya Motegi, and Sila Kiliccote. 2007. Automated Critical Peak Pricing Field Tests: 2006 Pilot Program Description and Results."
"Bank of America, Concord Technology Center",field-testing,,,7/25/06,12:00,18:00,,,264,,,0.05,,,0.37,,"Piette, M A, D Watson, N Motegi, S Kiliccote, Mary Ann Piette, David Watson, Naoya Motegi, and Sila Kiliccote. 2007. Automated Critical Peak Pricing Field Tests: 2006 Pilot Program Description and Results."
"Bank of America, Concord Technology Center",field-testing,,,7/26/06,12:00,18:00,,,251,,,0.05,,,0.35,,"Piette, M A, D Watson, N Motegi, S Kiliccote, Mary Ann Piette, David Watson, Naoya Motegi, and Sila Kiliccote. 2007. Automated Critical Peak Pricing Field Tests: 2006 Pilot Program Description and Results."
"Chabot Space and Science Center, Building 1&2",field-testing,,,6/23/06,12:00,15:00,,,-36,,,-0.17,,,-0.42,,"Piette, M A, D Watson, N Motegi, S Kiliccote, Mary Ann Piette, David Watson, Naoya Motegi, and Sila Kiliccote. 2007. Automated Critical Peak Pricing Field Tests: 2006 Pilot Program Description and Results."
"Chabot Space and Science Center, Building 1&2",field-testing,,,6/23/06,15:00,18:00,,,-43,,,-0.22,,,-0.5,,"Piette, M A, D Watson, N Motegi, S Kiliccote, Mary Ann Piette, David Watson, Naoya Motegi, and Sila Kiliccote. 2007. Automated Critical Peak Pricing Field Tests: 2006 Pilot Program Description and Results."
"Chabot Space and Science Center, Building 1&2",field-testing,,,6/23/06,12:00,18:00,,,-39,,,-0.19,,,-0.45,,"Piette, M A, D Watson, N Motegi, S Kiliccote, Mary Ann Piette, David Watson, Naoya Motegi, and Sila Kiliccote. 2007. Automated Critical Peak Pricing Field Tests: 2006 Pilot Program Description and Results."
"Chabot Space and Science Center, Building 1&2",field-testing,,,6/21/06,12:00,18:00,,,37,,,0.14,,,0.43,,"Piette, M A, D Watson, N Motegi, S Kiliccote, Mary Ann Piette, David Watson, Naoya Motegi, and Sila Kiliccote. 2007. Automated Critical Peak Pricing Field Tests: 2006 Pilot Program Description and Results."
"Chabot Space and Science Center, Building 1&2",field-testing,,,6/22/06,12:00,18:00,,,29,,,0.11,,,0.34,,"Piette, M A, D Watson, N Motegi, S Kiliccote, Mary Ann Piette, David Watson, Naoya Motegi, and Sila Kiliccote. 2007. Automated Critical Peak Pricing Field Tests: 2006 Pilot Program Description and Results."
"Chabot Space and Science Center, Building 1&2",field-testing,,,7/20/06,12:00,18:00,,,6,,,0.03,,,0.07,,"Piette, M A, D Watson, N Motegi, S Kiliccote, Mary Ann Piette, David Watson, Naoya Motegi, and Sila Kiliccote. 2007. Automated Critical Peak Pricing Field Tests: 2006 Pilot Program Description and Results."
"Chabot Space and Science Center, Building 1&2",field-testing,,,7/21/06,12:00,18:00,,,-30,,,-0.11,,,-0.35,,"Piette, M A, D Watson, N Motegi, S Kiliccote, Mary Ann Piette, David Watson, Naoya Motegi, and Sila Kiliccote. 2007. Automated Critical Peak Pricing Field Tests: 2006 Pilot Program Description and Results."
"Chabot Space and Science Center, Building 1&2",field-testing,,,7/26/06,12:00,18:00,,,-43,,,-0.21,,,-0.5,,"Piette, M A, D Watson, N Motegi, S Kiliccote, Mary Ann Piette, David Watson, Naoya Motegi, and Sila Kiliccote. 2007. Automated Critical Peak Pricing Field Tests: 2006 Pilot Program Description and Results."
"Contra Costa County, 2530 Arnold",field-testing,,,6/23/06,12:00,15:00,,,78,,,0.17,,,0.59,,"Piette, M A, D Watson, N Motegi, S Kiliccote, Mary Ann Piette, David Watson, Naoya Motegi, and Sila Kiliccote. 2007. Automated Critical Peak Pricing Field Tests: 2006 Pilot Program Description and Results."
"Contra Costa County, 2530 Arnold",field-testing,,,6/23/06,15:00,18:00,,,113,,,0.25,,,0.86,,"Piette, M A, D Watson, N Motegi, S Kiliccote, Mary Ann Piette, David Watson, Naoya Motegi, and Sila Kiliccote. 2007. Automated Critical Peak Pricing Field Tests: 2006 Pilot Program Description and Results."
"Contra Costa County, 2530 Arnold",field-testing,,,6/23/06,12:00,18:00,,,95,,,0.21,,,0.72,,"Piette, M A, D Watson, N Motegi, S Kiliccote, Mary Ann Piette, David Watson, Naoya Motegi, and Sila Kiliccote. 2007. Automated Critical Peak Pricing Field Tests: 2006 Pilot Program Description and Results."
"Contra Costa County, 2530 Arnold",field-testing,,,6/26/06,12:00,15:00,,,102,,,0.2,,,0.78,,"Piette, M A, D Watson, N Motegi, S Kiliccote, Mary Ann Piette, David Watson, Naoya Motegi, and Sila Kiliccote. 2007. Automated Critical Peak Pricing Field Tests: 2006 Pilot Program Description and Results."
"Contra Costa County, 2530 Arnold",field-testing,,,6/26/06,15:00,18:00,,,140,,,0.29,,,1.07,,"Piette, M A, D Watson, N Motegi, S Kiliccote, Mary Ann Piette, David Watson, Naoya Motegi, and Sila Kiliccote. 2007. Automated Critical Peak Pricing Field Tests: 2006 Pilot Program Description and Results."
"Contra Costa County, 2530 Arnold",field-testing,,,6/26/06,12:00,18:00,,,121,,,0.24,,,0.92,,"Piette, M A, D Watson, N Motegi, S Kiliccote, Mary Ann Piette, David Watson, Naoya Motegi, and Sila Kiliccote. 2007. Automated Critical Peak Pricing Field Tests: 2006 Pilot Program Description and Results."
"Contra Costa County, 2530 Arnold",field-testing,,,7/17/06,12:00,15:00,,,48,,,0.09,,,0.37,,"Piette, M A, D Watson, N Motegi, S Kiliccote, Mary Ann Piette, David Watson, Naoya Motegi, and Sila Kiliccote. 2007. Automated Critical Peak Pricing Field Tests: 2006 Pilot Program Description and Results."
"Contra Costa County, 2530 Arnold",field-testing,,,7/17/06,15:00,18:00,,,105,,,0.2,,,0.8,,"Piette, M A, D Watson, N Motegi, S Kiliccote, Mary Ann Piette, David Watson, Naoya Motegi, and Sila Kiliccote. 2007. Automated Critical Peak Pricing Field Tests: 2006 Pilot Program Description and Results."
"Contra Costa County, 2530 Arnold",field-testing,,,7/17/06,12:00,18:00,,,76,,,0.14,,,0.58,,"Piette, M A, D Watson, N Motegi, S Kiliccote, Mary Ann Piette, David Watson, Naoya Motegi, and Sila Kiliccote. 2007. Automated Critical Peak Pricing Field Tests: 2006 Pilot Program Description and Results."
"Contra Costa County, 2530 Arnold",field-testing,,,7/18/06,12:00,15:00,,,62,,,0.13,,,0.47,,"Piette, M A, D Watson, N Motegi, S Kiliccote, Mary Ann Piette, David Watson, Naoya Motegi, and Sila Kiliccote. 2007. Automated Critical Peak Pricing Field Tests: 2006 Pilot Program Description and Results."
"Contra Costa County, 2530 Arnold",field-testing,,,7/18/06,15:00,18:00,,,101,,,0.22,,,0.77,,"Piette, M A, D Watson, N Motegi, S Kiliccote, Mary Ann Piette, David Watson, Naoya Motegi, and Sila Kiliccote. 2007. Automated Critical Peak Pricing Field Tests: 2006 Pilot Program Description and Results."
"Contra Costa County, 2530 Arnold",field-testing,,,7/18/06,12:00,18:00,,,81,,,0.17,,,0.62,,"Piette, M A, D Watson, N Motegi, S Kiliccote, Mary Ann Piette, David Watson, Naoya Motegi, and Sila Kiliccote. 2007. Automated Critical Peak Pricing Field Tests: 2006 Pilot Program Description and Results."
"Contra Costa County, 2530 Arnold",field-testing,,,7/24/06,12:00,15:00,,,56,,,0.1,,,0.43,,"Piette, M A, D Watson, N Motegi, S Kiliccote, Mary Ann Piette, David Watson, Naoya Motegi, and Sila Kiliccote. 2007. Automated Critical Peak Pricing Field Tests: 2006 Pilot Program Description and Results."
"Contra Costa County, 2530 Arnold",field-testing,,,7/24/06,15:00,18:00,,,99,,,0.18,,,0.76,,"Piette, M A, D Watson, N Motegi, S Kiliccote, Mary Ann Piette, David Watson, Naoya Motegi, and Sila Kiliccote. 2007. Automated Critical Peak Pricing Field Tests: 2006 Pilot Program Description and Results."
"Contra Costa County, 2530 Arnold",field-testing,,,7/24/06,12:00,18:00,,,78,,,0.14,,,0.6,,"Piette, M A, D Watson, N Motegi, S Kiliccote, Mary Ann Piette, David Watson, Naoya Motegi, and Sila Kiliccote. 2007. Automated Critical Peak Pricing Field Tests: 2006 Pilot Program Description and Results."
"Contra Costa County, 2530 Arnold",field-testing,,,6/21/06,12:00,18:00,,,100,,,0.21,,,0.77,,"Piette, M A, D Watson, N Motegi, S Kiliccote, Mary Ann Piette, David Watson, Naoya Motegi, and Sila Kiliccote. 2007. Automated Critical Peak Pricing Field Tests: 2006 Pilot Program Description and Results."
"Contra Costa County, 2530 Arnold",field-testing,,,6/22/06,12:00,18:00,,,83,,,0.17,,,0.64,,"Piette, M A, D Watson, N Motegi, S Kiliccote, Mary Ann Piette, David Watson, Naoya Motegi, and Sila Kiliccote. 2007. Automated Critical Peak Pricing Field Tests: 2006 Pilot Program Description and Results."
"Contra Costa County, 2530 Arnold",field-testing,,,7/20/06,12:00,18:00,,,74,,,0.16,,,0.57,,"Piette, M A, D Watson, N Motegi, S Kiliccote, Mary Ann Piette, David Watson, Naoya Motegi, and Sila Kiliccote. 2007. Automated Critical Peak Pricing Field Tests: 2006 Pilot Program Description and Results."
"Contra Costa County, 2530 Arnold",field-testing,,,7/21/06,12:00,18:00,,,71,,,0.15,,,0.55,,"Piette, M A, D Watson, N Motegi, S Kiliccote, Mary Ann Piette, David Watson, Naoya Motegi, and Sila Kiliccote. 2007. Automated Critical Peak Pricing Field Tests: 2006 Pilot Program Description and Results."
"Contra Costa County, 2530 Arnold",field-testing,,,7/25/06,12:00,18:00,,,80,,,0.15,,,0.61,,"Piette, M A, D Watson, N Motegi, S Kiliccote, Mary Ann Piette, David Watson, Naoya Motegi, and Sila Kiliccote. 2007. Automated Critical Peak Pricing Field Tests: 2006 Pilot Program Description and Results."
"Contra Costa County, 2530 Arnold",field-testing,,,7/26/06,12:00,18:00,,,76,,,0.17,,,0.58,,"Piette, M A, D Watson, N Motegi, S Kiliccote, Mary Ann Piette, David Watson, Naoya Motegi, and Sila Kiliccote. 2007. Automated Critical Peak Pricing Field Tests: 2006 Pilot Program Description and Results."
"Contra Costa County, 50 Douglas",field-testing,,,6/23/06,12:00,15:00,,,59,,,0.14,,,0.66,,"Piette, M A, D Watson, N Motegi, S Kiliccote, Mary Ann Piette, David Watson, Naoya Motegi, and Sila Kiliccote. 2007. Automated Critical Peak Pricing Field Tests: 2006 Pilot Program Description and Results."
"Contra Costa County, 50 Douglas",field-testing,,,6/23/06,15:00,18:00,,,92,,,0.23,,,1.02,,"Piette, M A, D Watson, N Motegi, S Kiliccote, Mary Ann Piette, David Watson, Naoya Motegi, and Sila Kiliccote. 2007. Automated Critical Peak Pricing Field Tests: 2006 Pilot Program Description and Results."
"Contra Costa County, 50 Douglas",field-testing,,,6/23/06,12:00,18:00,,,48,,,0.11,,,0.53,,"Piette, M A, D Watson, N Motegi, S Kiliccote, Mary Ann Piette, David Watson, Naoya Motegi, and Sila Kiliccote. 2007. Automated Critical Peak Pricing Field Tests: 2006 Pilot Program Description and Results."
"Contra Costa County, 50 Douglas",field-testing,,,6/26/06,12:00,15:00,,,57,,,0.13,,,0.63,,"Piette, M A, D Watson, N Motegi, S Kiliccote, Mary Ann Piette, David Watson, Naoya Motegi, and Sila Kiliccote. 2007. Automated Critical Peak Pricing Field Tests: 2006 Pilot Program Description and Results."
"Contra Costa County, 50 Douglas",field-testing,,,6/26/06,15:00,18:00,,,94,,,0.22,,,1.04,,"Piette, M A, D Watson, N Motegi, S Kiliccote, Mary Ann Piette, David Watson, Naoya Motegi, and Sila Kiliccote. 2007. Automated Critical Peak Pricing Field Tests: 2006 Pilot Program Description and Results."
"Contra Costa County, 50 Douglas",field-testing,,,6/26/06,12:00,18:00,,,75,,,0.17,,,0.83,,"Piette, M A, D Watson, N Motegi, S Kiliccote, Mary Ann Piette, David Watson, Naoya Motegi, and Sila Kiliccote. 2007. Automated Critical Peak Pricing Field Tests: 2006 Pilot Program Description and Results."
"Contra Costa County, 50 Douglas",field-testing,,,7/17/06,12:00,15:00,,,22,,,0.05,,,0.25,,"Piette, M A, D Watson, N Motegi, S Kiliccote, Mary Ann Piette, David Watson, Naoya Motegi, and Sila Kiliccote. 2007. Automated Critical Peak Pricing Field Tests: 2006 Pilot Program Description and Results."
"Contra Costa County, 50 Douglas",field-testing,,,7/17/06,15:00,18:00,,,51,,,0.1,,,0.56,,"Piette, M A, D Watson, N Motegi, S Kiliccote, Mary Ann Piette, David Watson, Naoya Motegi, and Sila Kiliccote. 2007. Automated Critical Peak Pricing Field Tests: 2006 Pilot Program Description and Results."
"Contra Costa County, 50 Douglas",field-testing,,,7/17/06,12:00,18:00,,,36,,,0.08,,,0.4,,"Piette, M A, D Watson, N Motegi, S Kiliccote, Mary Ann Piette, David Watson, Naoya Motegi, and Sila Kiliccote. 2007. Automated Critical Peak Pricing Field Tests: 2006 Pilot Program Description and Results."
"Contra Costa County, 50 Douglas",field-testing,,,7/18/06,12:00,15:00,,,29,,,0.06,,,0.32,,"Piette, M A, D Watson, N Motegi, S Kiliccote, Mary Ann Piette, David Watson, Naoya Motegi, and Sila Kiliccote. 2007. Automated Critical Peak Pricing Field Tests: 2006 Pilot Program Description and Results."
"Contra Costa County, 50 Douglas",field-testing,,,7/18/06,15:00,18:00,,,49,,,0.11,,,0.54,,"Piette, M A, D Watson, N Motegi, S Kiliccote, Mary Ann Piette, David Watson, Naoya Motegi, and Sila Kiliccote. 2007. Automated Critical Peak Pricing Field Tests: 2006 Pilot Program Description and Results."
"Contra Costa County, 50 Douglas",field-testing,,,7/18/06,12:00,18:00,,,39,,,0.09,,,0.43,,"Piette, M A, D Watson, N Motegi, S Kiliccote, Mary Ann Piette, David Watson, Naoya Motegi, and Sila Kiliccote. 2007. Automated Critical Peak Pricing Field Tests: 2006 Pilot Program Description and Results."
"Contra Costa County, 50 Douglas",field-testing,,,7/24/06,12:00,15:00,,,16,,,0.03,,,0.18,,"Piette, M A, D Watson, N Motegi, S Kiliccote, Mary Ann Piette, David Watson, Naoya Motegi, and Sila Kiliccote. 2007. Automated Critical Peak Pricing Field Tests: 2006 Pilot Program Description and Results."
"Contra Costa County, 50 Douglas",field-testing,,,7/24/06,15:00,18:00,,,57,,,0.11,,,0.64,,"Piette, M A, D Watson, N Motegi, S Kiliccote, Mary Ann Piette, David Watson, Naoya Motegi, and Sila Kiliccote. 2007. Automated Critical Peak Pricing Field Tests: 2006 Pilot Program Description and Results."
"Contra Costa County, 50 Douglas",field-testing,,,7/24/06,12:00,18:00,,,37,,,0.07,,,0.42,,"Piette, M A, D Watson, N Motegi, S Kiliccote, Mary Ann Piette, David Watson, Naoya Motegi, and Sila Kiliccote. 2007. Automated Critical Peak Pricing Field Tests: 2006 Pilot Program Description and Results."
"Contra Costa County, 50 Douglas",field-testing,,,6/21/06,12:00,18:00,,,37,,,0.09,,,0.42,,"Piette, M A, D Watson, N Motegi, S Kiliccote, Mary Ann Piette, David Watson, Naoya Motegi, and Sila Kiliccote. 2007. Automated Critical Peak Pricing Field Tests: 2006 Pilot Program Description and Results."
"Contra Costa County, 50 Douglas",field-testing,,,6/22/06,12:00,18:00,,,48,,,0.11,,,0.54,,"Piette, M A, D Watson, N Motegi, S Kiliccote, Mary Ann Piette, David Watson, Naoya Motegi, and Sila Kiliccote. 2007. Automated Critical Peak Pricing Field Tests: 2006 Pilot Program Description and Results."
"Contra Costa County, 50 Douglas",field-testing,,,7/20/06,12:00,18:00,,,41,,,0.1,,,0.46,,"Piette, M A, D Watson, N Motegi, S Kiliccote, Mary Ann Piette, David Watson, Naoya Motegi, and Sila Kiliccote. 2007. Automated Critical Peak Pricing Field Tests: 2006 Pilot Program Description and Results."
"Contra Costa County, 50 Douglas",field-testing,,,7/21/06,12:00,18:00,,,69,,,0.15,,,0.77,,"Piette, M A, D Watson, N Motegi, S Kiliccote, Mary Ann Piette, David Watson, Naoya Motegi, and Sila Kiliccote. 2007. Automated Critical Peak Pricing Field Tests: 2006 Pilot Program Description and Results."
"Contra Costa County, 50 Douglas",field-testing,,,7/25/06,12:00,18:00,,,78,,,0.15,,,0.88,,"Piette, M A, D Watson, N Motegi, S Kiliccote, Mary Ann Piette, David Watson, Naoya Motegi, and Sila Kiliccote. 2007. Automated Critical Peak Pricing Field Tests: 2006 Pilot Program Description and Results."
"Contra Costa County, 50 Douglas",field-testing,,,7/26/06,12:00,18:00,,,35,,,0.08,,,0.39,,"Piette, M A, D Watson, N Motegi, S Kiliccote, Mary Ann Piette, David Watson, Naoya Motegi, and Sila Kiliccote. 2007. Automated Critical Peak Pricing Field Tests: 2006 Pilot Program Description and Results."
MDF,field-testing,,,6/23/06,12:00,15:00,,,-75,,,-0.17,,,-0.44,,"Piette, M A, D Watson, N Motegi, S Kiliccote, Mary Ann Piette, David Watson, Naoya Motegi, and Sila Kiliccote. 2007. Automated Critical Peak Pricing Field Tests: 2006 Pilot Program Description and Results."
MDF,field-testing,,,6/23/06,15:00,18:00,,,1,,,0,,,0.01,,"Piette, M A, D Watson, N Motegi, S Kiliccote, Mary Ann Piette, David Watson, Naoya Motegi, and Sila Kiliccote. 2007. Automated Critical Peak Pricing Field Tests: 2006 Pilot Program Description and Results."
MDF,field-testing,,,6/23/06,12:00,18:00,,,-37,,,-0.08,,,-0.37,,"Piette, M A, D Watson, N Motegi, S Kiliccote, Mary Ann Piette, David Watson, Naoya Motegi, and Sila Kiliccote. 2007. Automated Critical Peak Pricing Field Tests: 2006 Pilot Program Description and Results."
MDF,field-testing,,,6/26/06,12:00,15:00,,,90,,,0.17,,,0.52,,"Piette, M A, D Watson, N Motegi, S Kiliccote, Mary Ann Piette, David Watson, Naoya Motegi, and Sila Kiliccote. 2007. Automated Critical Peak Pricing Field Tests: 2006 Pilot Program Description and Results."
MDF,field-testing,,,6/26/06,15:00,18:00,,,155,,,0.3,,,0.9,,"Piette, M A, D Watson, N Motegi, S Kiliccote, Mary Ann Piette, David Watson, Naoya Motegi, and Sila Kiliccote. 2007. Automated Critical Peak Pricing Field Tests: 2006 Pilot Program Description and Results."
MDF,field-testing,,,6/26/06,12:00,18:00,,,122,,,0.24,,,0.71,,"Piette, M A, D Watson, N Motegi, S Kiliccote, Mary Ann Piette, David Watson, Naoya Motegi, and Sila Kiliccote. 2007. Automated Critical Peak Pricing Field Tests: 2006 Pilot Program Description and Results."
MDF,field-testing,,,7/17/06,12:00,15:00,,,86,,,0.16,,,0.5,,"Piette, M A, D Watson, N Motegi, S Kiliccote, Mary Ann Piette, David Watson, Naoya Motegi, and Sila Kiliccote. 2007. Automated Critical Peak Pricing Field Tests: 2006 Pilot Program Description and Results."
MDF,field-testing,,,7/17/06,15:00,18:00,,,186,,,0.33,,,1.08,,"Piette, M A, D Watson, N Motegi, S Kiliccote, Mary Ann Piette, David Watson, Naoya Motegi, and Sila Kiliccote. 2007. Automated Critical Peak Pricing Field Tests: 2006 Pilot Program Description and Results."
MDF,field-testing,,,7/17/06,12:00,18:00,,,136,,,0.25,,,0.79,,"Piette, M A, D Watson, N Motegi, S Kiliccote, Mary Ann Piette, David Watson, Naoya Motegi, and Sila Kiliccote. 2007. Automated Critical Peak Pricing Field Tests: 2006 Pilot Program Description and Results."
MDF,field-testing,,,7/18/06,12:00,15:00,,,69,,,0.12,,,0.4,,"Piette, M A, D Watson, N Motegi, S Kiliccote, Mary Ann Piette, David Watson, Naoya Motegi, and Sila Kiliccote. 2007. Automated Critical Peak Pricing Field Tests: 2006 Pilot Program Description and Results."
MDF,field-testing,,,7/18/06,15:00,18:00,,,149,,,0.27,,,0.87,,"Piette, M A, D Watson, N Motegi, S Kiliccote, Mary Ann Piette, David Watson, Naoya Motegi, and Sila Kiliccote. 2007. Automated Critical Peak Pricing Field Tests: 2006 Pilot Program Description and Results."
MDF,field-testing,,,7/18/06,12:00,18:00,,,109,,,0.2,,,0.64,,"Piette, M A, D Watson, N Motegi, S Kiliccote, Mary Ann Piette, David Watson, Naoya Motegi, and Sila Kiliccote. 2007. Automated Critical Peak Pricing Field Tests: 2006 Pilot Program Description and Results."
MDF,field-testing,,,7/24/06,12:00,15:00,,,72,,,0.11,,,0.42,,"Piette, M A, D Watson, N Motegi, S Kiliccote, Mary Ann Piette, David Watson, Naoya Motegi, and Sila Kiliccote. 2007. Automated Critical Peak Pricing Field Tests: 2006 Pilot Program Description and Results."
MDF,field-testing,,,7/24/06,15:00,18:00,,,127,,,0.18,,,0.73,,"Piette, M A, D Watson, N Motegi, S Kiliccote, Mary Ann Piette, David Watson, Naoya Motegi, and Sila Kiliccote. 2007. Automated Critical Peak Pricing Field Tests: 2006 Pilot Program Description and Results."
MDF,field-testing,,,7/24/06,12:00,18:00,,,99,,,0.15,,,0.57,,"Piette, M A, D Watson, N Motegi, S Kiliccote, Mary Ann Piette, David Watson, Naoya Motegi, and Sila Kiliccote. 2007. Automated Critical Peak Pricing Field Tests: 2006 Pilot Program Description and Results."
MDF,field-testing,,,6/21/06,12:00,18:00,,,75,,,0.18,,,0.43,,"Piette, M A, D Watson, N Motegi, S Kiliccote, Mary Ann Piette, David Watson, Naoya Motegi, and Sila Kiliccote. 2007. Automated Critical Peak Pricing Field Tests: 2006 Pilot Program Description and Results."
MDF,field-testing,,,6/22/06,12:00,18:00,,,69,,,0.16,,,0.4,,"Piette, M A, D Watson, N Motegi, S Kiliccote, Mary Ann Piette, David Watson, Naoya Motegi, and Sila Kiliccote. 2007. Automated Critical Peak Pricing Field Tests: 2006 Pilot Program Description and Results."
MDF,field-testing,,,7/20/06,12:00,18:00,,,56,,,0.13,,,0.32,,"Piette, M A, D Watson, N Motegi, S Kiliccote, Mary Ann Piette, David Watson, Naoya Motegi, and Sila Kiliccote. 2007. Automated Critical Peak Pricing Field Tests: 2006 Pilot Program Description and Results."
MDF,field-testing,,,7/21/06,12:00,18:00,,,67,,,0.15,,,0.39,,"Piette, M A, D Watson, N Motegi, S Kiliccote, Mary Ann Piette, David Watson, Naoya Motegi, and Sila Kiliccote. 2007. Automated Critical Peak Pricing Field Tests: 2006 Pilot Program Description and Results."
MDF,field-testing,,,7/25/06,12:00,18:00,,,93,,,0.19,,,0.53,,"Piette, M A, D Watson, N Motegi, S Kiliccote, Mary Ann Piette, David Watson, Naoya Motegi, and Sila Kiliccote. 2007. Automated Critical Peak Pricing Field Tests: 2006 Pilot Program Description and Results."
MDF,field-testing,,,7/26/06,12:00,18:00,,,66,,,0.16,,,0.38,,"Piette, M A, D Watson, N Motegi, S Kiliccote, Mary Ann Piette, David Watson, Naoya Motegi, and Sila Kiliccote. 2007. Automated Critical Peak Pricing Field Tests: 2006 Pilot Program Description and Results."
Echelon San Jose Headquarter,field-testing,,,6/23/06,12:00,15:00,,,29,,,0.07,,,0.38,,"Piette, M A, D Watson, N Motegi, S Kiliccote, Mary Ann Piette, David Watson, Naoya Motegi, and Sila Kiliccote. 2007. Automated Critical Peak Pricing Field Tests: 2006 Pilot Program Description and Results."
Echelon San Jose Headquarter,field-testing,,,6/23/06,15:00,18:00,,,118,,,0.31,,,1.57,,"Piette, M A, D Watson, N Motegi, S Kiliccote, Mary Ann Piette, David Watson, Naoya Motegi, and Sila Kiliccote. 2007. Automated Critical Peak Pricing Field Tests: 2006 Pilot Program Description and Results."
Echelon San Jose Headquarter,field-testing,,,6/23/06,12:00,18:00,,,73,,,0.19,,,0.97,,"Piette, M A, D Watson, N Motegi, S Kiliccote, Mary Ann Piette, David Watson, Naoya Motegi, and Sila Kiliccote. 2007. Automated Critical Peak Pricing Field Tests: 2006 Pilot Program Description and Results."
Echelon San Jose Headquarter,field-testing,,,6/26/06,12:00,15:00,,,-2,,,0,,,-0.02,,"Piette, M A, D Watson, N Motegi, S Kiliccote, Mary Ann Piette, David Watson, Naoya Motegi, and Sila Kiliccote. 2007. Automated Critical Peak Pricing Field Tests: 2006 Pilot Program Description and Results."
Echelon San Jose Headquarter,field-testing,,,6/26/06,15:00,18:00,,,80,,,0.22,,,1.07,,"Piette, M A, D Watson, N Motegi, S Kiliccote, Mary Ann Piette, David Watson, Naoya Motegi, and Sila Kiliccote. 2007. Automated Critical Peak Pricing Field Tests: 2006 Pilot Program Description and Results."
Echelon San Jose Headquarter,field-testing,,,6/26/06,12:00,18:00,,,39,,,0.11,,,0.52,,"Piette, M A, D Watson, N Motegi, S Kiliccote, Mary Ann Piette, David Watson, Naoya Motegi, and Sila Kiliccote. 2007. Automated Critical Peak Pricing Field Tests: 2006 Pilot Program Description and Results."
Echelon San Jose Headquarter,field-testing,,,7/17/06,12:00,15:00,,,81,,,0.17,,,1.08,,"Piette, M A, D Watson, N Motegi, S Kiliccote, Mary Ann Piette, David Watson, Naoya Motegi, and Sila Kiliccote. 2007. Automated Critical Peak Pricing Field Tests: 2006 Pilot Program Description and Results."
Echelon San Jose Headquarter,field-testing,,,7/17/06,15:00,18:00,,,124,,,0.26,,,1.65,,"Piette, M A, D Watson, N Motegi, S Kiliccote, Mary Ann Piette, David Watson, Naoya Motegi, and Sila Kiliccote. 2007. Automated Critical Peak Pricing Field Tests: 2006 Pilot Program Description and Results."
Echelon San Jose Headquarter,field-testing,,,7/17/06,12:00,18:00,,,102,,,0.21,,,1.36,,"Piette, M A, D Watson, N Motegi, S Kiliccote, Mary Ann Piette, David Watson, Naoya Motegi, and Sila Kiliccote. 2007. Automated Critical Peak Pricing Field Tests: 2006 Pilot Program Description and Results."
Echelon San Jose Headquarter,field-testing,,,7/18/06,12:00,15:00,,,47,,,0.11,,,0.62,,"Piette, M A, D Watson, N Motegi, S Kiliccote, Mary Ann Piette, David Watson, Naoya Motegi, and Sila Kiliccote. 2007. Automated Critical Peak Pricing Field Tests: 2006 Pilot Program Description and Results."
Echelon San Jose Headquarter,field-testing,,,7/18/06,15:00,18:00,,,72,,,0.16,,,0.97,,"Piette, M A, D Watson, N Motegi, S Kiliccote, Mary Ann Piette, David Watson, Naoya Motegi, and Sila Kiliccote. 2007. Automated Critical Peak Pricing Field Tests: 2006 Pilot Program Description and Results."
Echelon San Jose Headquarter,field-testing,,,7/18/06,12:00,18:00,,,59,,,0.14,,,0.79,,"Piette, M A, D Watson, N Motegi, S Kiliccote, Mary Ann Piette, David Watson, Naoya Motegi, and Sila Kiliccote. 2007. Automated Critical Peak Pricing Field Tests: 2006 Pilot Program Description and Results."
Echelon San Jose Headquarter,field-testing,,,7/24/06,12:00,15:00,,,51,,,0.1,,,0.68,,"Piette, M A, D Watson, N Motegi, S Kiliccote, Mary Ann Piette, David Watson, Naoya Motegi, and Sila Kiliccote. 2007. Automated Critical Peak Pricing Field Tests: 2006 Pilot Program Description and Results."
Echelon San Jose Headquarter,field-testing,,,7/24/06,15:00,18:00,,,84,,,0.16,,,1.12,,"Piette, M A, D Watson, N Motegi, S Kiliccote, Mary Ann Piette, David Watson, Naoya Motegi, and Sila Kiliccote. 2007. Automated Critical Peak Pricing Field Tests: 2006 Pilot Program Description and Results."
Echelon San Jose Headquarter,field-testing,,,7/24/06,12:00,18:00,,,68,,,0.13,,,0.91,,"Piette, M A, D Watson, N Motegi, S Kiliccote, Mary Ann Piette, David Watson, Naoya Motegi, and Sila Kiliccote. 2007. Automated Critical Peak Pricing Field Tests: 2006 Pilot Program Description and Results."
Echelon San Jose Headquarter,field-testing,,,6/21/06,12:00,18:00,,,75,,,0.18,,,1,,"Piette, M A, D Watson, N Motegi, S Kiliccote, Mary Ann Piette, David Watson, Naoya Motegi, and Sila Kiliccote. 2007. Automated Critical Peak Pricing Field Tests: 2006 Pilot Program Description and Results."
Echelon San Jose Headquarter,field-testing,,,6/22/06,12:00,18:00,,,69,,,0.16,,,0.92,,"Piette, M A, D Watson, N Motegi, S Kiliccote, Mary Ann Piette, David Watson, Naoya Motegi, and Sila Kiliccote. 2007. Automated Critical Peak Pricing Field Tests: 2006 Pilot Program Description and Results."
Echelon San Jose Headquarter,field-testing,,,7/20/06,12:00,18:00,,,56,,,0.13,,,0.75,,"Piette, M A, D Watson, N Motegi, S Kiliccote, Mary Ann Piette, David Watson, Naoya Motegi, and Sila Kiliccote. 2007. Automated Critical Peak Pricing Field Tests: 2006 Pilot Program Description and Results."
Echelon San Jose Headquarter,field-testing,,,7/21/06,12:00,18:00,,,67,,,0.15,,,0.89,,"Piette, M A, D Watson, N Motegi, S Kiliccote, Mary Ann Piette, David Watson, Naoya Motegi, and Sila Kiliccote. 2007. Automated Critical Peak Pricing Field Tests: 2006 Pilot Program Description and Results."
Echelon San Jose Headquarter,field-testing,,,7/25/06,12:00,18:00,,,93,,,0.19,,,1.24,,"Piette, M A, D Watson, N Motegi, S Kiliccote, Mary Ann Piette, David Watson, Naoya Motegi, and Sila Kiliccote. 2007. Automated Critical Peak Pricing Field Tests: 2006 Pilot Program Description and Results."
Echelon San Jose Headquarter,field-testing,,,7/26/06,12:00,18:00,,,66,,,0.16,,,0.88,,"Piette, M A, D Watson, N Motegi, S Kiliccote, Mary Ann Piette, David Watson, Naoya Motegi, and Sila Kiliccote. 2007. Automated Critical Peak Pricing Field Tests: 2006 Pilot Program Description and Results."
"Gilead Science, 300 Lake",field-testing,,,6/23/06,12:00,15:00,,,19,,,0.09,,,0.23,,"Piette, M A, D Watson, N Motegi, S Kiliccote, Mary Ann Piette, David Watson, Naoya Motegi, and Sila Kiliccote. 2007. Automated Critical Peak Pricing Field Tests: 2006 Pilot Program Description and Results."
"Gilead Science, 300 Lake",field-testing,,,6/23/06,15:00,18:00,,,16,,,0.08,,,0.19,,"Piette, M A, D Watson, N Motegi, S Kiliccote, Mary Ann Piette, David Watson, Naoya Motegi, and Sila Kiliccote. 2007. Automated Critical Peak Pricing Field Tests: 2006 Pilot Program Description and Results."
"Gilead Science, 300 Lake",field-testing,,,6/23/06,12:00,18:00,,,17,,,0.09,,,0.2,,"Piette, M A, D Watson, N Motegi, S Kiliccote, Mary Ann Piette, David Watson, Naoya Motegi, and Sila Kiliccote. 2007. Automated Critical Peak Pricing Field Tests: 2006 Pilot Program Description and Results."
"Gilead Science, 300 Lake",field-testing,,,7/17/06,12:00,15:00,,,13,,,0.05,,,0.16,,"Piette, M A, D Watson, N Motegi, S Kiliccote, Mary Ann Piette, David Watson, Naoya Motegi, and Sila Kiliccote. 2007. Automated Critical Peak Pricing Field Tests: 2006 Pilot Program Description and Results."
"Gilead Science, 300 Lake",field-testing,,,7/17/06,15:00,18:00,,,14,,,0.05,,,0.16,,"Piette, M A, D Watson, N Motegi, S Kiliccote, Mary Ann Piette, David Watson, Naoya Motegi, and Sila Kiliccote. 2007. Automated Critical Peak Pricing Field Tests: 2006 Pilot Program Description and Results."
"Gilead Science, 300 Lake",field-testing,,,7/17/06,12:00,18:00,,,13,,,0.05,,,0.15,,"Piette, M A, D Watson, N Motegi, S Kiliccote, Mary Ann Piette, David Watson, Naoya Motegi, and Sila Kiliccote. 2007. Automated Critical Peak Pricing Field Tests: 2006 Pilot Program Description and Results."
"Gilead Science, 300 Lake",field-testing,,,7/18/06,12:00,15:00,,,30,,,0.12,,,0.36,,"Piette, M A, D Watson, N Motegi, S Kiliccote, Mary Ann Piette, David Watson, Naoya Motegi, and Sila Kiliccote. 2007. Automated Critical Peak Pricing Field Tests: 2006 Pilot Program Description and Results."
"Gilead Science, 300 Lake",field-testing,,,7/18/06,15:00,18:00,,,14,,,0.06,,,0.17,,"Piette, M A, D Watson, N Motegi, S Kiliccote, Mary Ann Piette, David Watson, Naoya Motegi, and Sila Kiliccote. 2007. Automated Critical Peak Pricing Field Tests: 2006 Pilot Program Description and Results."
"Gilead Science, 300 Lake",field-testing,,,7/18/06,12:00,18:00,,,22,,,0.09,,,0.27,,"Piette, M A, D Watson, N Motegi, S Kiliccote, Mary Ann Piette, David Watson, Naoya Motegi, and Sila Kiliccote. 2007. Automated Critical Peak Pricing Field Tests: 2006 Pilot Program Description and Results."
"Gilead Science, 300 Lake",field-testing,,,7/24/06,12:00,15:00,,,20,,,0.08,,,0.24,,"Piette, M A, D Watson, N Motegi, S Kiliccote, Mary Ann Piette, David Watson, Naoya Motegi, and Sila Kiliccote. 2007. Automated Critical Peak Pricing Field Tests: 2006 Pilot Program Description and Results."
"Gilead Science, 300 Lake",field-testing,,,7/24/06,15:00,18:00,,,14,,,0.06,,,0.16,,"Piette, M A, D Watson, N Motegi, S Kiliccote, Mary Ann Piette, David Watson, Naoya Motegi, and Sila Kiliccote. 2007. Automated Critical Peak Pricing Field Tests: 2006 Pilot Program Description and Results."
"Gilead Science, 300 Lake",field-testing,,,7/24/06,12:00,18:00,,,17,,,0.07,,,0.19,,"Piette, M A, D Watson, N Motegi, S Kiliccote, Mary Ann Piette, David Watson, Naoya Motegi, and Sila Kiliccote. 2007. Automated Critical Peak Pricing Field Tests: 2006 Pilot Program Description and Results."
"Gilead Science, 300 Lake",field-testing,,,7/21/06,12:00,18:00,,,6,,,0.03,,,0.07,,"Piette, M A, D Watson, N Motegi, S Kiliccote, Mary Ann Piette, David Watson, Naoya Motegi, and Sila Kiliccote. 2007. Automated Critical Peak Pricing Field Tests: 2006 Pilot Program Description and Results."
"Gilead Science, 300 Lake",field-testing,,,8/9/06,12:00,18:00,,,-8,,,0.03,,,-0.09,,"Piette, M A, D Watson, N Motegi, S Kiliccote, Mary Ann Piette, David Watson, Naoya Motegi, and Sila Kiliccote. 2007. Automated Critical Peak Pricing Field Tests: 2006 Pilot Program Description and Results."
"Gilead Science, 300 Lake",field-testing,,,8/31/06,12:00,18:00,,,4,,,0.02,,,0.05,,"Piette, M A, D Watson, N Motegi, S Kiliccote, Mary Ann Piette, David Watson, Naoya Motegi, and Sila Kiliccote. 2007. Automated Critical Peak Pricing Field Tests: 2006 Pilot Program Description and Results."
"Gilead Science, 300 Lake",field-testing,,,9/1/06,12:00,18:00,,,31,,,0.15,,,0.35,,"Piette, M A, D Watson, N Motegi, S Kiliccote, Mary Ann Piette, David Watson, Naoya Motegi, and Sila Kiliccote. 2007. Automated Critical Peak Pricing Field Tests: 2006 Pilot Program Description and Results."
"Gilead Science, 300 Lake",field-testing,,,9/22/06,12:00,18:00,,,39,,,0.14,,,0.45,,"Piette, M A, D Watson, N Motegi, S Kiliccote, Mary Ann Piette, David Watson, Naoya Motegi, and Sila Kiliccote. 2007. Automated Critical Peak Pricing Field Tests: 2006 Pilot Program Description and Results."
"Gilead Science, 342 Lake",field-testing,,,6/23/06,12:00,15:00,,,62,,,0.18,,,1.94,,"Piette, M A, D Watson, N Motegi, S Kiliccote, Mary Ann Piette, David Watson, Naoya Motegi, and Sila Kiliccote. 2007. Automated Critical Peak Pricing Field Tests: 2006 Pilot Program Description and Results."
"Gilead Science, 342 Lake",field-testing,,,6/23/06,15:00,18:00,,,77,,,0.22,,,2.39,,"Piette, M A, D Watson, N Motegi, S Kiliccote, Mary Ann Piette, David Watson, Naoya Motegi, and Sila Kiliccote. 2007. Automated Critical Peak Pricing Field Tests: 2006 Pilot Program Description and Results."
"Gilead Science, 342 Lake",field-testing,,,6/23/06,12:00,18:00,,,69,,,0.2,,,2.14,,"Piette, M A, D Watson, N Motegi, S Kiliccote, Mary Ann Piette, David Watson, Naoya Motegi, and Sila Kiliccote. 2007. Automated Critical Peak Pricing Field Tests: 2006 Pilot Program Description and Results."
"Gilead Science, 342 Lake",field-testing,,,7/17/06,12:00,15:00,,,5,,,0.01,,,0.14,,"Piette, M A, D Watson, N Motegi, S Kiliccote, Mary Ann Piette, David Watson, Naoya Motegi, and Sila Kiliccote. 2007. Automated Critical Peak Pricing Field Tests: 2006 Pilot Program Description and Results."
"Gilead Science, 342 Lake",field-testing,,,7/17/06,15:00,18:00,,,38,,,0.1,,,1.18,,"Piette, M A, D Watson, N Motegi, S Kiliccote, Mary Ann Piette, David Watson, Naoya Motegi, and Sila Kiliccote. 2007. Automated Critical Peak Pricing Field Tests: 2006 Pilot Program Description and Results."
"Gilead Science, 342 Lake",field-testing,,,7/17/06,12:00,18:00,,,21,,,0.06,,,0.65,,"Piette, M A, D Watson, N Motegi, S Kiliccote, Mary Ann Piette, David Watson, Naoya Motegi, and Sila Kiliccote. 2007. Automated Critical Peak Pricing Field Tests: 2006 Pilot Program Description and Results."
"Gilead Science, 342 Lake",field-testing,,,7/18/06,12:00,15:00,,,29,,,0.08,,,0.91,,"Piette, M A, D Watson, N Motegi, S Kiliccote, Mary Ann Piette, David Watson, Naoya Motegi, and Sila Kiliccote. 2007. Automated Critical Peak Pricing Field Tests: 2006 Pilot Program Description and Results."
"Gilead Science, 342 Lake",field-testing,,,7/18/06,15:00,18:00,,,27,,,0.08,,,0.86,,"Piette, M A, D Watson, N Motegi, S Kiliccote, Mary Ann Piette, David Watson, Naoya Motegi, and Sila Kiliccote. 2007. Automated Critical Peak Pricing Field Tests: 2006 Pilot Program Description and Results."
"Gilead Science, 342 Lake",field-testing,,,7/18/06,12:00,18:00,,,28,,,0.08,,,0.89,,"Piette, M A, D Watson, N Motegi, S Kiliccote, Mary Ann Piette, David Watson, Naoya Motegi, and Sila Kiliccote. 2007. Automated Critical Peak Pricing Field Tests: 2006 Pilot Program Description and Results."
"Gilead Science, 342 Lake",field-testing,,,7/21/06,12:00,15:00,,,12,,,0.03,,,0.37,,"Piette, M A, D Watson, N Motegi, S Kiliccote, Mary Ann Piette, David Watson, Naoya Motegi, and Sila Kiliccote. 2007. Automated Critical Peak Pricing Field Tests: 2006 Pilot Program Description and Results."
"Gilead Science, 342 Lake",field-testing,,,7/21/06,15:00,18:00,,,21,,,0.06,,,0.66,,"Piette, M A, D Watson, N Motegi, S Kiliccote, Mary Ann Piette, David Watson, Naoya Motegi, and Sila Kiliccote. 2007. Automated Critical Peak Pricing Field Tests: 2006 Pilot Program Description and Results."
"Gilead Science, 342 Lake",field-testing,,,7/21/06,12:00,18:00,,,2,,,0,,,0.06,,"Piette, M A, D Watson, N Motegi, S Kiliccote, Mary Ann Piette, David Watson, Naoya Motegi, and Sila Kiliccote. 2007. Automated Critical Peak Pricing Field Tests: 2006 Pilot Program Description and Results."
"Gilead Science, 342 Lake",field-testing,,,7/24/06,12:00,18:00,,,16,,,0.05,,,0.5,,"Piette, M A, D Watson, N Motegi, S Kiliccote, Mary Ann Piette, David Watson, Naoya Motegi, and Sila Kiliccote. 2007. Automated Critical Peak Pricing Field Tests: 2006 Pilot Program Description and Results."
"Gilead Science, 342 Lake",field-testing,,,8/9/06,12:00,18:00,,,-1,,,0,,,-0.03,,"Piette, M A, D Watson, N Motegi, S Kiliccote, Mary Ann Piette, David Watson, Naoya Motegi, and Sila Kiliccote. 2007. Automated Critical Peak Pricing Field Tests: 2006 Pilot Program Description and Results."
"Gilead Science, 342 Lake",field-testing,,,8/31/06,12:00,18:00,,,33,,,0.1,,,1.04,,"Piette, M A, D Watson, N Motegi, S Kiliccote, Mary Ann Piette, David Watson, Naoya Motegi, and Sila Kiliccote. 2007. Automated Critical Peak Pricing Field Tests: 2006 Pilot Program Description and Results."
"Gilead Science, 342 Lake",field-testing,,,9/1/06,12:00,18:00,,,93,,,0.28,,,2.92,,"Piette, M A, D Watson, N Motegi, S Kiliccote, Mary Ann Piette, David Watson, Naoya Motegi, and Sila Kiliccote. 2007. Automated Critical Peak Pricing Field Tests: 2006 Pilot Program Description and Results."
"Gilead Science, 342 Lake",field-testing,,,9/22/06,12:00,18:00,,,69,,,0.18,,,2.17,,"Piette, M A, D Watson, N Motegi, S Kiliccote, Mary Ann Piette, David Watson, Naoya Motegi, and Sila Kiliccote. 2007. Automated Critical Peak Pricing Field Tests: 2006 Pilot Program Description and Results."
"Gilead Science, 357 Lake",field-testing,,,6/23/06,12:00,15:00,,,-14,,,-0.03,,,-0.42,,"Piette, M A, D Watson, N Motegi, S Kiliccote, Mary Ann Piette, David Watson, Naoya Motegi, and Sila Kiliccote. 2007. Automated Critical Peak Pricing Field Tests: 2006 Pilot Program Description and Results."
"Gilead Science, 357 Lake",field-testing,,,6/23/06,15:00,18:00,,,44,,,0.12,,,1.32,,"Piette, M A, D Watson, N Motegi, S Kiliccote, Mary Ann Piette, David Watson, Naoya Motegi, and Sila Kiliccote. 2007. Automated Critical Peak Pricing Field Tests: 2006 Pilot Program Description and Results."
"Gilead Science, 357 Lake",field-testing,,,6/23/06,12:00,18:00,,,15,,,0.04,,,0.45,,"Piette, M A, D Watson, N Motegi, S Kiliccote, Mary Ann Piette, David Watson, Naoya Motegi, and Sila Kiliccote. 2007. Automated Critical Peak Pricing Field Tests: 2006 Pilot Program Description and Results."
"Gilead Science, 357 Lake",field-testing,,,7/17/06,12:00,15:00,,,30,,,0.05,,,0.92,,"Piette, M A, D Watson, N Motegi, S Kiliccote, Mary Ann Piette, David Watson, Naoya Motegi, and Sila Kiliccote. 2007. Automated Critical Peak Pricing Field Tests: 2006 Pilot Program Description and Results."
"Gilead Science, 357 Lake",field-testing,,,7/17/06,15:00,18:00,,,86,,,0.14,,,2.59,,"Piette, M A, D Watson, N Motegi, S Kiliccote, Mary Ann Piette, David Watson, Naoya Motegi, and Sila Kiliccote. 2007. Automated Critical Peak Pricing Field Tests: 2006 Pilot Program Description and Results."
"Gilead Science, 357 Lake",field-testing,,,7/17/06,12:00,18:00,,,58,,,0.09,,,1.75,,"Piette, M A, D Watson, N Motegi, S Kiliccote, Mary Ann Piette, David Watson, Naoya Motegi, and Sila Kiliccote. 2007. Automated Critical Peak Pricing Field Tests: 2006 Pilot Program Description and Results."
"Gilead Science, 357 Lake",field-testing,,,7/18/06,12:00,15:00,,,94,,,0.19,,,2.84,,"Piette, M A, D Watson, N Motegi, S Kiliccote, Mary Ann Piette, David Watson, Naoya Motegi, and Sila Kiliccote. 2007. Automated Critical Peak Pricing Field Tests: 2006 Pilot Program Description and Results."
"Gilead Science, 357 Lake",field-testing,,,7/18/06,15:00,18:00,,,-5,,,-0.01,,,-0.15,,"Piette, M A, D Watson, N Motegi, S Kiliccote, Mary Ann Piette, David Watson, Naoya Motegi, and Sila Kiliccote. 2007. Automated Critical Peak Pricing Field Tests: 2006 Pilot Program Description and Results."
"Gilead Science, 357 Lake",field-testing,,,7/18/06,12:00,18:00,,,44,,,0.09,,,1.32,,"Piette, M A, D Watson, N Motegi, S Kiliccote, Mary Ann Piette, David Watson, Naoya Motegi, and Sila Kiliccote. 2007. Automated Critical Peak Pricing Field Tests: 2006 Pilot Program Description and Results."
"Gilead Science, 357 Lake",field-testing,,,7/24/06,12:00,15:00,,,77,,,0.16,,,2.33,,"Piette, M A, D Watson, N Motegi, S Kiliccote, Mary Ann Piette, David Watson, Naoya Motegi, and Sila Kiliccote. 2007. Automated Critical Peak Pricing Field Tests: 2006 Pilot Program Description and Results."
"Gilead Science, 357 Lake",field-testing,,,7/24/06,15:00,18:00,,,35,,,0.08,,,1.06,,"Piette, M A, D Watson, N Motegi, S Kiliccote, Mary Ann Piette, David Watson, Naoya Motegi, and Sila Kiliccote. 2007. Automated Critical Peak Pricing Field Tests: 2006 Pilot Program Description and Results."
"Gilead Science, 357 Lake",field-testing,,,7/24/06,12:00,18:00,,,56,,,0.04,,,1.7,,"Piette, M A, D Watson, N Motegi, S Kiliccote, Mary Ann Piette, David Watson, Naoya Motegi, and Sila Kiliccote. 2007. Automated Critical Peak Pricing Field Tests: 2006 Pilot Program Description and Results."
"Gilead Science, 357 Lake",field-testing,,,7/21/06,,,,,19,,,0.04,,,0.58,,"Piette, M A, D Watson, N Motegi, S Kiliccote, Mary Ann Piette, David Watson, Naoya Motegi, and Sila Kiliccote. 2007. Automated Critical Peak Pricing Field Tests: 2006 Pilot Program Description and Results."
"Gilead Science, 357 Lake",field-testing,,,8/9/06,12:00,18:00,,,-28,,,-0.06,,,-0.85,,"Piette, M A, D Watson, N Motegi, S Kiliccote, Mary Ann Piette, David Watson, Naoya Motegi, and Sila Kiliccote. 2007. Automated Critical Peak Pricing Field Tests: 2006 Pilot Program Description and Results."
"Gilead Science, 357 Lake",field-testing,,,8/31/06,12:00,18:00,,,1,,,0,,,0.03,,"Piette, M A, D Watson, N Motegi, S Kiliccote, Mary Ann Piette, David Watson, Naoya Motegi, and Sila Kiliccote. 2007. Automated Critical Peak Pricing Field Tests: 2006 Pilot Program Description and Results."
"Gilead Science, 357 Lake",field-testing,,,9/1/06,12:00,18:00,,,61,,,0.08,,,1.85,,"Piette, M A, D Watson, N Motegi, S Kiliccote, Mary Ann Piette, David Watson, Naoya Motegi, and Sila Kiliccote. 2007. Automated Critical Peak Pricing Field Tests: 2006 Pilot Program Description and Results."
"Gilead Science, 357 Lake",field-testing,,,9/22/06,12:00,18:00,,,31,,,0.06,,,0.94,,"Piette, M A, D Watson, N Motegi, S Kiliccote, Mary Ann Piette, David Watson, Naoya Motegi, and Sila Kiliccote. 2007. Automated Critical Peak Pricing Field Tests: 2006 Pilot Program Description and Results."
"IKEA, East Palo Alto Store",field-testing,,,6/23/06,12:00,15:00,,,137,,,0.12,,,0.46,,"Piette, M A, D Watson, N Motegi, S Kiliccote, Mary Ann Piette, David Watson, Naoya Motegi, and Sila Kiliccote. 2007. Automated Critical Peak Pricing Field Tests: 2006 Pilot Program Description and Results."
"IKEA, East Palo Alto Store",field-testing,,,6/23/06,15:00,18:00,,,120,,,0.11,,,0.4,,"Piette, M A, D Watson, N Motegi, S Kiliccote, Mary Ann Piette, David Watson, Naoya Motegi, and Sila Kiliccote. 2007. Automated Critical Peak Pricing Field Tests: 2006 Pilot Program Description and Results."
"IKEA, East Palo Alto Store",field-testing,,,6/23/06,12:00,18:00,,,128,,,0.12,,,0.43,,"Piette, M A, D Watson, N Motegi, S Kiliccote, Mary Ann Piette, David Watson, Naoya Motegi, and Sila Kiliccote. 2007. Automated Critical Peak Pricing Field Tests: 2006 Pilot Program Description and Results."
"IKEA, East Palo Alto Store",field-testing,,,7/17/06,12:00,15:00,,,184,,,0.16,,,0.61,,"Piette, M A, D Watson, N Motegi, S Kiliccote, Mary Ann Piette, David Watson, Naoya Motegi, and Sila Kiliccote. 2007. Automated Critical Peak Pricing Field Tests: 2006 Pilot Program Description and Results."
"IKEA, East Palo Alto Store",field-testing,,,7/17/06,15:00,18:00,,,175,,,0.15,,,0.58,,"Piette, M A, D Watson, N Motegi, S Kiliccote, Mary Ann Piette, David Watson, Naoya Motegi, and Sila Kiliccote. 2007. Automated Critical Peak Pricing Field Tests: 2006 Pilot Program Description and Results."
"IKEA, East Palo Alto Store",field-testing,,,7/17/06,12:00,18:00,,,180,,,0.16,,,0.6,,"Piette, M A, D Watson, N Motegi, S Kiliccote, Mary Ann Piette, David Watson, Naoya Motegi, and Sila Kiliccote. 2007. Automated Critical Peak Pricing Field Tests: 2006 Pilot Program Description and Results."
"IKEA, East Palo Alto Store",field-testing,,,7/18/06,12:00,15:00,,,74,,,0.06,,,0.25,,"Piette, M A, D Watson, N Motegi, S Kiliccote, Mary Ann Piette, David Watson, Naoya Motegi, and Sila Kiliccote. 2007. Automated Critical Peak Pricing Field Tests: 2006 Pilot Program Description and Results."
"IKEA, East Palo Alto Store",field-testing,,,7/18/06,15:00,18:00,,,90,,,0.08,,,0.3,,"Piette, M A, D Watson, N Motegi, S Kiliccote, Mary Ann Piette, David Watson, Naoya Motegi, and Sila Kiliccote. 2007. Automated Critical Peak Pricing Field Tests: 2006 Pilot Program Description and Results."
"IKEA, East Palo Alto Store",field-testing,,,7/18/06,12:00,18:00,,,82,,,0.07,,,0.27,,"Piette, M A, D Watson, N Motegi, S Kiliccote, Mary Ann Piette, David Watson, Naoya Motegi, and Sila Kiliccote. 2007. Automated Critical Peak Pricing Field Tests: 2006 Pilot Program Description and Results."
"IKEA, East Palo Alto Store",field-testing,,,7/24/06,12:00,15:00,,,82,,,0.07,,,0.27,,"Piette, M A, D Watson, N Motegi, S Kiliccote, Mary Ann Piette, David Watson, Naoya Motegi, and Sila Kiliccote. 2007. Automated Critical Peak Pricing Field Tests: 2006 Pilot Program Description and Results."
"IKEA, East Palo Alto Store",field-testing,,,7/24/06,15:00,18:00,,,93,,,0.07,,,0.31,,"Piette, M A, D Watson, N Motegi, S Kiliccote, Mary Ann Piette, David Watson, Naoya Motegi, and Sila Kiliccote. 2007. Automated Critical Peak Pricing Field Tests: 2006 Pilot Program Description and Results."
"IKEA, East Palo Alto Store",field-testing,,,7/24/06,12:00,18:00,,,88,,,0.07,,,0.29,,"Piette, M A, D Watson, N Motegi, S Kiliccote, Mary Ann Piette, David Watson, Naoya Motegi, and Sila Kiliccote. 2007. Automated Critical Peak Pricing Field Tests: 2006 Pilot Program Description and Results."
"IKEA, East Palo Alto Store",field-testing,,,7/21/06,12:00,18:00,,,91,,,0.08,,,0.3,,"Piette, M A, D Watson, N Motegi, S Kiliccote, Mary Ann Piette, David Watson, Naoya Motegi, and Sila Kiliccote. 2007. Automated Critical Peak Pricing Field Tests: 2006 Pilot Program Description and Results."
"IKEA, East Palo Alto Store",field-testing,,,8/9/06,12:00,18:00,,,-3,,,0,,,-0.01,,"Piette, M A, D Watson, N Motegi, S Kiliccote, Mary Ann Piette, David Watson, Naoya Motegi, and Sila Kiliccote. 2007. Automated Critical Peak Pricing Field Tests: 2006 Pilot Program Description and Results."
"IKEA, East Palo Alto Store",field-testing,,,8/31/06,12:00,18:00,,,-17,,,-0.02,,,-0.06,,"Piette, M A, D Watson, N Motegi, S Kiliccote, Mary Ann Piette, David Watson, Naoya Motegi, and Sila Kiliccote. 2007. Automated Critical Peak Pricing Field Tests: 2006 Pilot Program Description and Results."
"IKEA, East Palo Alto Store",field-testing,,,9/1/06,12:00,18:00,,,2,,,0,,,0.01,,"Piette, M A, D Watson, N Motegi, S Kiliccote, Mary Ann Piette, David Watson, Naoya Motegi, and Sila Kiliccote. 2007. Automated Critical Peak Pricing Field Tests: 2006 Pilot Program Description and Results."
"IKEA, East Palo Alto Store",field-testing,,,9/22/06,12:00,18:00,,,97,,,0.1,,,0.32,,"Piette, M A, D Watson, N Motegi, S Kiliccote, Mary Ann Piette, David Watson, Naoya Motegi, and Sila Kiliccote. 2007. Automated Critical Peak Pricing Field Tests: 2006 Pilot Program Description and Results."
"Oracle Corporation, Rocklin",field-testing,,,6/23/06,12:00,15:00,,,23,,,0.05,,,0.23,,"Piette, M A, D Watson, N Motegi, S Kiliccote, Mary Ann Piette, David Watson, Naoya Motegi, and Sila Kiliccote. 2007. Automated Critical Peak Pricing Field Tests: 2006 Pilot Program Description and Results."
"Oracle Corporation, Rocklin",field-testing,,,6/23/06,15:00,18:00,,,101,,,0.26,,,1.01,,"Piette, M A, D Watson, N Motegi, S Kiliccote, Mary Ann Piette, David Watson, Naoya Motegi, and Sila Kiliccote. 2007. Automated Critical Peak Pricing Field Tests: 2006 Pilot Program Description and Results."
"Oracle Corporation, Rocklin",field-testing,,,6/23/06,12:00,18:00,,,62,,,0.15,,,0.62,,"Piette, M A, D Watson, N Motegi, S Kiliccote, Mary Ann Piette, David Watson, Naoya Motegi, and Sila Kiliccote. 2007. Automated Critical Peak Pricing Field Tests: 2006 Pilot Program Description and Results."
"Oracle Corporation, Rocklin",field-testing,,,6/26/06,12:00,15:00,,,85,,,0.17,,,0.85,,"Piette, M A, D Watson, N Motegi, S Kiliccote, Mary Ann Piette, David Watson, Naoya Motegi, and Sila Kiliccote. 2007. Automated Critical Peak Pricing Field Tests: 2006 Pilot Program Description and Results."
"Oracle Corporation, Rocklin",field-testing,,,6/26/06,15:00,18:00,,,60,,,0.14,,,0.6,,"Piette, M A, D Watson, N Motegi, S Kiliccote, Mary Ann Piette, David Watson, Naoya Motegi, and Sila Kiliccote. 2007. Automated Critical Peak Pricing Field Tests: 2006 Pilot Program Description and Results."
"Oracle Corporation, Rocklin",field-testing,,,6/26/06,12:00,18:00,,,73,,,0.16,,,0.73,,"Piette, M A, D Watson, N Motegi, S Kiliccote, Mary Ann Piette, David Watson, Naoya Motegi, and Sila Kiliccote. 2007. Automated Critical Peak Pricing Field Tests: 2006 Pilot Program Description and Results."
"Oracle Corporation, Rocklin",field-testing,,,7/17/06,12:00,15:00,,,9,,,0.02,,,0.09,,"Piette, M A, D Watson, N Motegi, S Kiliccote, Mary Ann Piette, David Watson, Naoya Motegi, and Sila Kiliccote. 2007. Automated Critical Peak Pricing Field Tests: 2006 Pilot Program Description and Results."
"Oracle Corporation, Rocklin",field-testing,,,7/17/06,15:00,18:00,,,103,,,0.25,,,1.03,,"Piette, M A, D Watson, N Motegi, S Kiliccote, Mary Ann Piette, David Watson, Naoya Motegi, and Sila Kiliccote. 2007. Automated Critical Peak Pricing Field Tests: 2006 Pilot Program Description and Results."
"Oracle Corporation, Rocklin",field-testing,,,7/17/06,12:00,18:00,,,56,,,0.13,,,0.56,,"Piette, M A, D Watson, N Motegi, S Kiliccote, Mary Ann Piette, David Watson, Naoya Motegi, and Sila Kiliccote. 2007. Automated Critical Peak Pricing Field Tests: 2006 Pilot Program Description and Results."
"Oracle Corporation, Rocklin",field-testing,,,7/18/06,12:00,15:00,,,46,,,0.1,,,0.46,,"Piette, M A, D Watson, N Motegi, S Kiliccote, Mary Ann Piette, David Watson, Naoya Motegi, and Sila Kiliccote. 2007. Automated Critical Peak Pricing Field Tests: 2006 Pilot Program Description and Results."
"Oracle Corporation, Rocklin",field-testing,,,7/18/06,15:00,18:00,,,110,,,0.28,,,1.1,,"Piette, M A, D Watson, N Motegi, S Kiliccote, Mary Ann Piette, David Watson, Naoya Motegi, and Sila Kiliccote. 2007. Automated Critical Peak Pricing Field Tests: 2006 Pilot Program Description and Results."
"Oracle Corporation, Rocklin",field-testing,,,7/18/06,12:00,18:00,,,78,,,0.19,,,0.78,,"Piette, M A, D Watson, N Motegi, S Kiliccote, Mary Ann Piette, David Watson, Naoya Motegi, and Sila Kiliccote. 2007. Automated Critical Peak Pricing Field Tests: 2006 Pilot Program Description and Results."
"Oracle Corporation, Rocklin",field-testing,,,7/24/06,12:00,15:00,,,33,,,0.06,,,0.33,,"Piette, M A, D Watson, N Motegi, S Kiliccote, Mary Ann Piette, David Watson, Naoya Motegi, and Sila Kiliccote. 2007. Automated Critical Peak Pricing Field Tests: 2006 Pilot Program Description and Results."
"Oracle Corporation, Rocklin",field-testing,,,7/24/06,15:00,18:00,,,151,,,0.31,,,1.51,,"Piette, M A, D Watson, N Motegi, S Kiliccote, Mary Ann Piette, David Watson, Naoya Motegi, and Sila Kiliccote. 2007. Automated Critical Peak Pricing Field Tests: 2006 Pilot Program Description and Results."
"Oracle Corporation, Rocklin",field-testing,,,7/24/06,12:00,18:00,,,92,,,0.18,,,0.92,,"Piette, M A, D Watson, N Motegi, S Kiliccote, Mary Ann Piette, David Watson, Naoya Motegi, and Sila Kiliccote. 2007. Automated Critical Peak Pricing Field Tests: 2006 Pilot Program Description and Results."
"Oracle Corporation, Rocklin",field-testing,,,6/21/06,12:00,18:00,,,43,,,0.12,,,0.43,,"Piette, M A, D Watson, N Motegi, S Kiliccote, Mary Ann Piette, David Watson, Naoya Motegi, and Sila Kiliccote. 2007. Automated Critical Peak Pricing Field Tests: 2006 Pilot Program Description and Results."
"Oracle Corporation, Rocklin",field-testing,,,6/22/06,12:00,18:00,,,40,,,0.11,,,0.4,,"Piette, M A, D Watson, N Motegi, S Kiliccote, Mary Ann Piette, David Watson, Naoya Motegi, and Sila Kiliccote. 2007. Automated Critical Peak Pricing Field Tests: 2006 Pilot Program Description and Results."
"Oracle Corporation, Rocklin",field-testing,,,7/20/06,12:00,18:00,,,53,,,0.13,,,0.53,,"Piette, M A, D Watson, N Motegi, S Kiliccote, Mary Ann Piette, David Watson, Naoya Motegi, and Sila Kiliccote. 2007. Automated Critical Peak Pricing Field Tests: 2006 Pilot Program Description and Results."
"Oracle Corporation, Rocklin",field-testing,,,7/21/06,12:00,18:00,,,21,,,0.05,,,0.21,,"Piette, M A, D Watson, N Motegi, S Kiliccote, Mary Ann Piette, David Watson, Naoya Motegi, and Sila Kiliccote. 2007. Automated Critical Peak Pricing Field Tests: 2006 Pilot Program Description and Results."
"Oracle Corporation, Rocklin",field-testing,,,7/24/06,12:00,18:00,,,92,,,0.18,,,0.92,,"Piette, M A, D Watson, N Motegi, S Kiliccote, Mary Ann Piette, David Watson, Naoya Motegi, and Sila Kiliccote. 2007. Automated Critical Peak Pricing Field Tests: 2006 Pilot Program Description and Results."
"Oracle Corporation, Rocklin",field-testing,,,7/25/06,12:00,18:00,,,21,,,0.05,,,0.21,,"Piette, M A, D Watson, N Motegi, S Kiliccote, Mary Ann Piette, David Watson, Naoya Motegi, and Sila Kiliccote. 2007. Automated Critical Peak Pricing Field Tests: 2006 Pilot Program Description and Results."
"Oracle Corporation, Rocklin",field-testing,,,7/26/06,12:00,18:00,,,54,,,0.12,,,0.54,,"Piette, M A, D Watson, N Motegi, S Kiliccote, Mary Ann Piette, David Watson, Naoya Motegi, and Sila Kiliccote. 2007. Automated Critical Peak Pricing Field Tests: 2006 Pilot Program Description and Results."
"Target, Hayward Store",field-testing,,,6/23/06,12:00,15:00,,,53,,,0.13,,,0.41,,"Piette, M A, D Watson, N Motegi, S Kiliccote, Mary Ann Piette, David Watson, Naoya Motegi, and Sila Kiliccote. 2007. Automated Critical Peak Pricing Field Tests: 2006 Pilot Program Description and Results."
"Target, Hayward Store",field-testing,,,6/23/06,15:00,18:00,,,52,,,0.13,,,0.4,,"Piette, M A, D Watson, N Motegi, S Kiliccote, Mary Ann Piette, David Watson, Naoya Motegi, and Sila Kiliccote. 2007. Automated Critical Peak Pricing Field Tests: 2006 Pilot Program Description and Results."
"Target, Hayward Store",field-testing,,,6/23/06,12:00,18:00,,,52,,,0.14,,,0.4,,"Piette, M A, D Watson, N Motegi, S Kiliccote, Mary Ann Piette, David Watson, Naoya Motegi, and Sila Kiliccote. 2007. Automated Critical Peak Pricing Field Tests: 2006 Pilot Program Description and Results."
"Target, Hayward Store",field-testing,,,6/26/06,12:00,18:00,,,59,,,0.15,,,0.45,,"Piette, M A, D Watson, N Motegi, S Kiliccote, Mary Ann Piette, David Watson, Naoya Motegi, and Sila Kiliccote. 2007. Automated Critical Peak Pricing Field Tests: 2006 Pilot Program Description and Results."
"Target, Hayward Store",field-testing,,,6/26/06,12:00,15:00,,,56,,,0.15,,,0.43,,"Piette, M A, D Watson, N Motegi, S Kiliccote, Mary Ann Piette, David Watson, Naoya Motegi, and Sila Kiliccote. 2007. Automated Critical Peak Pricing Field Tests: 2006 Pilot Program Description and Results."
"Target, Hayward Store",field-testing,,,6/26/06,15:00,18:00,,,57,,,0.15,,,0.44,,"Piette, M A, D Watson, N Motegi, S Kiliccote, Mary Ann Piette, David Watson, Naoya Motegi, and Sila Kiliccote. 2007. Automated Critical Peak Pricing Field Tests: 2006 Pilot Program Description and Results."
"Target, Hayward Store",field-testing,,,7/17/06,12:00,15:00,,,68,,,0.16,,,0.52,,"Piette, M A, D Watson, N Motegi, S Kiliccote, Mary Ann Piette, David Watson, Naoya Motegi, and Sila Kiliccote. 2007. Automated Critical Peak Pricing Field Tests: 2006 Pilot Program Description and Results."
"Target, Hayward Store",field-testing,,,7/17/06,15:00,18:00,,,76,,,0.18,,,0.58,,"Piette, M A, D Watson, N Motegi, S Kiliccote, Mary Ann Piette, David Watson, Naoya Motegi, and Sila Kiliccote. 2007. Automated Critical Peak Pricing Field Tests: 2006 Pilot Program Description and Results."
"Target, Hayward Store",field-testing,,,7/17/06,12:00,18:00,,,72,,,0.17,,,0.55,,"Piette, M A, D Watson, N Motegi, S Kiliccote, Mary Ann Piette, David Watson, Naoya Motegi, and Sila Kiliccote. 2007. Automated Critical Peak Pricing Field Tests: 2006 Pilot Program Description and Results."
"Target, Hayward Store",field-testing,,,7/18/06,12:00,15:00,,,85,,,0.21,,,0.65,,"Piette, M A, D Watson, N Motegi, S Kiliccote, Mary Ann Piette, David Watson, Naoya Motegi, and Sila Kiliccote. 2007. Automated Critical Peak Pricing Field Tests: 2006 Pilot Program Description and Results."
"Target, Hayward Store",field-testing,,,7/18/06,15:00,18:00,,,74,,,0.18,,,0.57,,"Piette, M A, D Watson, N Motegi, S Kiliccote, Mary Ann Piette, David Watson, Naoya Motegi, and Sila Kiliccote. 2007. Automated Critical Peak Pricing Field Tests: 2006 Pilot Program Description and Results."
"Target, Hayward Store",field-testing,,,7/18/06,12:00,18:00,,,79,,,0.2,,,0.61,,"Piette, M A, D Watson, N Motegi, S Kiliccote, Mary Ann Piette, David Watson, Naoya Motegi, and Sila Kiliccote. 2007. Automated Critical Peak Pricing Field Tests: 2006 Pilot Program Description and Results."
"Target, Hayward Store",field-testing,,,7/24/06,12:00,15:00,,,98,,,0.23,,,0.75,,"Piette, M A, D Watson, N Motegi, S Kiliccote, Mary Ann Piette, David Watson, Naoya Motegi, and Sila Kiliccote. 2007. Automated Critical Peak Pricing Field Tests: 2006 Pilot Program Description and Results."
"Target, Hayward Store",field-testing,,,7/24/06,15:00,18:00,,,102,,,0.23,,,0.79,,"Piette, M A, D Watson, N Motegi, S Kiliccote, Mary Ann Piette, David Watson, Naoya Motegi, and Sila Kiliccote. 2007. Automated Critical Peak Pricing Field Tests: 2006 Pilot Program Description and Results."
"Target, Hayward Store",field-testing,,,7/24/06,12:00,18:00,,,100,,,0.23,,,0.77,,"Piette, M A, D Watson, N Motegi, S Kiliccote, Mary Ann Piette, David Watson, Naoya Motegi, and Sila Kiliccote. 2007. Automated Critical Peak Pricing Field Tests: 2006 Pilot Program Description and Results."
"Target, Hayward Store",field-testing,,,6/21/06,12:00,18:00,,,55,,,0.13,,,0.43,,"Piette, M A, D Watson, N Motegi, S Kiliccote, Mary Ann Piette, David Watson, Naoya Motegi, and Sila Kiliccote. 2007. Automated Critical Peak Pricing Field Tests: 2006 Pilot Program Description and Results."
"Target, Hayward Store",field-testing,,,6/22/06,12:00,18:00,,,67,,,0.15,,,0.52,,"Piette, M A, D Watson, N Motegi, S Kiliccote, Mary Ann Piette, David Watson, Naoya Motegi, and Sila Kiliccote. 2007. Automated Critical Peak Pricing Field Tests: 2006 Pilot Program Description and Results."
"Target, Hayward Store",field-testing,,,7/20/06,12:00,18:00,,,62,,,0.16,,,0.48,,"Piette, M A, D Watson, N Motegi, S Kiliccote, Mary Ann Piette, David Watson, Naoya Motegi, and Sila Kiliccote. 2007. Automated Critical Peak Pricing Field Tests: 2006 Pilot Program Description and Results."
"Target, Hayward Store",field-testing,,,7/21/06,12:00,18:00,,,75,,,0.18,,,0.58,,"Piette, M A, D Watson, N Motegi, S Kiliccote, Mary Ann Piette, David Watson, Naoya Motegi, and Sila Kiliccote. 2007. Automated Critical Peak Pricing Field Tests: 2006 Pilot Program Description and Results."
"Target, Hayward Store",field-testing,,,7/24/06,12:00,18:00,,,100,,,0.23,,,0.77,,"Piette, M A, D Watson, N Motegi, S Kiliccote, Mary Ann Piette, David Watson, Naoya Motegi, and Sila Kiliccote. 2007. Automated Critical Peak Pricing Field Tests: 2006 Pilot Program Description and Results."
"Target, Hayward Store",field-testing,,,7/25/06,12:00,18:00,,,78,,,0.19,,,0.6,,"Piette, M A, D Watson, N Motegi, S Kiliccote, Mary Ann Piette, David Watson, Naoya Motegi, and Sila Kiliccote. 2007. Automated Critical Peak Pricing Field Tests: 2006 Pilot Program Description and Results."
"Target, Hayward Store",field-testing,,,7/26/06,12:00,18:00,,,75,,,0.2,,,0.58,,"Piette, M A, D Watson, N Motegi, S Kiliccote, Mary Ann Piette, David Watson, Naoya Motegi, and Sila Kiliccote. 2007. Automated Critical Peak Pricing Field Tests: 2006 Pilot Program Description and Results."
Trane,field-testing,OAT_MA_CBL,,9/24/10,14:00,15:00,,7.73,-3.4,-20.56,0.04,-0.02,-0.11,0.31,-0.14,-0.82,"Page, Janie, Sila Kiliccote, Han Dudley, Mary Ann Piette, Albert K. Chiu, Bashar Kellow, Ed Koch, and Paul Lipkin Akuacom. 2011. Automated Demand Response Technology Demonstration for Small and Medium Commercial Buildings."
Trane,field-testing,OAT_MA_CBL,,9/24/10,15:00,16:00,,-22.28,-30.28,-36.63,-0.12,-0.16,-0.19,-0.89,-1.21,-1.47,"Page, Janie, Sila Kiliccote, Han Dudley, Mary Ann Piette, Albert K. Chiu, Bashar Kellow, Ed Koch, and Paul Lipkin Akuacom. 2011. Automated Demand Response Technology Demonstration for Small and Medium Commercial Buildings."
Trane,field-testing,OAT_MA_CBL,,9/24/10,16:00,17:00,,-14.42,-40.9,-71.6,-0.07,-0.22,-0.4,-0.58,-1.64,-2.86,"Page, Janie, Sila Kiliccote, Han Dudley, Mary Ann Piette, Albert K. Chiu, Bashar Kellow, Ed Koch, and Paul Lipkin Akuacom. 2011. Automated Demand Response Technology Demonstration for Small and Medium Commercial Buildings."
Trane,field-testing,OAT_MA_CBL,,9/24/10,17:00,18:00,,-21.27,-36.09,-53.59,-0.11,-0.21,-0.33,-0.85,-1.44,-2.14,"Page, Janie, Sila Kiliccote, Han Dudley, Mary Ann Piette, Albert K. Chiu, Bashar Kellow, Ed Koch, and Paul Lipkin Akuacom. 2011. Automated Demand Response Technology Demonstration for Small and Medium Commercial Buildings."
Trane,field-testing,OAT_MA_CBL,,9/24/10,14:00,18:00,,7.73,-27.67,-71.6,0.04,-0.15,-0.4,0.31,-1.11,-2.86,"Page, Janie, Sila Kiliccote, Han Dudley, Mary Ann Piette, Albert K. Chiu, Bashar Kellow, Ed Koch, and Paul Lipkin Akuacom. 2011. Automated Demand Response Technology Demonstration for Small and Medium Commercial Buildings."
Trane,field-testing,10/10_CBL,,9/24/10,14:00,15:00,,18.91,7.61,-15.72,0.1,0.04,-0.08,0.76,0.3,-0.63,"Page, Janie, Sila Kiliccote, Han Dudley, Mary Ann Piette, Albert K. Chiu, Bashar Kellow, Ed Koch, and Paul Lipkin Akuacom. 2011. Automated Demand Response Technology Demonstration for Small and Medium Commercial Buildings."
Trane,field-testing,10/10_CBL,,9/24/10,15:00,16:00,,-5.16,-13.71,-26.37,-0.02,-0.07,-0.13,-0.21,-0.55,-1.05,"Page, Janie, Sila Kiliccote, Han Dudley, Mary Ann Piette, Albert K. Chiu, Bashar Kellow, Ed Koch, and Paul Lipkin Akuacom. 2011. Automated Demand Response Technology Demonstration for Small and Medium Commercial Buildings."
Trane,field-testing,10/10_CBL,,9/24/10,16:00,17:00,,-0.95,-22.59,-39.59,0,-0.11,-0.19,-0.04,-0.9,-1.58,"Page, Janie, Sila Kiliccote, Han Dudley, Mary Ann Piette, Albert K. Chiu, Bashar Kellow, Ed Koch, and Paul Lipkin Akuacom. 2011. Automated Demand Response Technology Demonstration for Small and Medium Commercial Buildings."
Trane,field-testing,10/10_CBL,,9/24/10,17:00,18:00,,-6.89,-24.18,-42.59,-0.03,-0.13,-0.24,-0.28,-0.97,-1.7,"Page, Janie, Sila Kiliccote, Han Dudley, Mary Ann Piette, Albert K. Chiu, Bashar Kellow, Ed Koch, and Paul Lipkin Akuacom. 2011. Automated Demand Response Technology Demonstration for Small and Medium Commercial Buildings."
Trane,field-testing,10/10_CBL,,9/24/10,14:00,18:00,,18.91,-13.22,-42.59,0.1,-0.07,-0.24,0.76,-0.53,-1.7,"Page, Janie, Sila Kiliccote, Han Dudley, Mary Ann Piette, Albert K. Chiu, Bashar Kellow, Ed Koch, and Paul Lipkin Akuacom. 2011. Automated Demand Response Technology Demonstration for Small and Medium Commercial Buildings."
Trane,field-testing,OAT_MA_CBL,,9/27/10,14:00,15:00,,32.66,-2.69,-21.06,0.11,-0.01,-0.07,1.31,-0.11,-0.84,"Page, Janie, Sila Kiliccote, Han Dudley, Mary Ann Piette, Albert K. Chiu, Bashar Kellow, Ed Koch, and Paul Lipkin Akuacom. 2011. Automated Demand Response Technology Demonstration for Small and Medium Commercial Buildings."
Trane,field-testing,OAT_MA_CBL,,9/27/10,15:00,16:00,,-1.85,-15.53,-31.64,-0.01,-0.06,-0.12,-0.07,-0.62,-1.27,"Page, Janie, Sila Kiliccote, Han Dudley, Mary Ann Piette, Albert K. Chiu, Bashar Kellow, Ed Koch, and Paul Lipkin Akuacom. 2011. Automated Demand Response Technology Demonstration for Small and Medium Commercial Buildings."
Trane,field-testing,OAT_MA_CBL,,9/27/10,16:00,17:00,,72.14,28.65,-47.04,0.24,0.09,-0.2,2.89,1.15,-1.88,"Page, Janie, Sila Kiliccote, Han Dudley, Mary Ann Piette, Albert K. Chiu, Bashar Kellow, Ed Koch, and Paul Lipkin Akuacom. 2011. Automated Demand Response Technology Demonstration for Small and Medium Commercial Buildings."
Trane,field-testing,OAT_MA_CBL,,9/27/10,17:00,18:00,,73.44,58.33,50.94,0.25,0.22,0.21,2.94,2.33,2.04,"Page, Janie, Sila Kiliccote, Han Dudley, Mary Ann Piette, Albert K. Chiu, Bashar Kellow, Ed Koch, and Paul Lipkin Akuacom. 2011. Automated Demand Response Technology Demonstration for Small and Medium Commercial Buildings."
Trane,field-testing,OAT_MA_CBL,,9/27/10,14:00,18:00,,73.44,17.19,-47.04,0.25,0.06,-0.2,2.94,0.69,-1.88,"Page, Janie, Sila Kiliccote, Han Dudley, Mary Ann Piette, Albert K. Chiu, Bashar Kellow, Ed Koch, and Paul Lipkin Akuacom. 2011. Automated Demand Response Technology Demonstration for Small and Medium Commercial Buildings."
Trane,field-testing,10/10_CBL,,9/27/10,14:00,15:00,,-41.61,-55.37,-70.53,-0.19,-0.24,-0.3,-1.66,-2.21,-2.82,"Page, Janie, Sila Kiliccote, Han Dudley, Mary Ann Piette, Albert K. Chiu, Bashar Kellow, Ed Koch, and Paul Lipkin Akuacom. 2011. Automated Demand Response Technology Demonstration for Small and Medium Commercial Buildings."
Trane,field-testing,10/10_CBL,,9/27/10,15:00,16:00,,-38.8,-52.71,-64.79,-0.17,-0.22,-0.28,-1.55,-2.11,-2.59,"Page, Janie, Sila Kiliccote, Han Dudley, Mary Ann Piette, Albert K. Chiu, Bashar Kellow, Ed Koch, and Paul Lipkin Akuacom. 2011. Automated Demand Response Technology Demonstration for Small and Medium Commercial Buildings."
Trane,field-testing,10/10_CBL,,9/27/10,16:00,17:00,,19.7,-4.82,-36.84,0.08,-0.02,-0.15,0.79,-0.19,-1.47,"Page, Janie, Sila Kiliccote, Han Dudley, Mary Ann Piette, Albert K. Chiu, Bashar Kellow, Ed Koch, and Paul Lipkin Akuacom. 2011. Automated Demand Response Technology Demonstration for Small and Medium Commercial Buildings."
Trane,field-testing,10/10_CBL,,9/27/10,17:00,18:00,,32.28,19.79,0.97,0.14,0.09,0,1.29,0.79,0.04,"Page, Janie, Sila Kiliccote, Han Dudley, Mary Ann Piette, Albert K. Chiu, Bashar Kellow, Ed Koch, and Paul Lipkin Akuacom. 2011. Automated Demand Response Technology Demonstration for Small and Medium Commercial Buildings."
Trane,field-testing,10/10_CBL,,9/27/10,14:00,18:00,,32.28,-23.28,-70.53,0.14,-0.1,-0.3,1.29,-0.93,-2.82,"Page, Janie, Sila Kiliccote, Han Dudley, Mary Ann Piette, Albert K. Chiu, Bashar Kellow, Ed Koch, and Paul Lipkin Akuacom. 2011. Automated Demand Response Technology Demonstration for Small and Medium Commercial Buildings."
Trane,field-testing,OAT_MA_CBL,,9/28/10,14:00,15:00,,18.86,-12.61,-38.76,0.07,-0.05,-0.16,0.75,-0.5,-1.55,"Page, Janie, Sila Kiliccote, Han Dudley, Mary Ann Piette, Albert K. Chiu, Bashar Kellow, Ed Koch, and Paul Lipkin Akuacom. 2011. Automated Demand Response Technology Demonstration for Small and Medium Commercial Buildings."
Trane,field-testing,OAT_MA_CBL,,9/28/10,15:00,16:00,,-27.91,-50.26,-66.99,-0.1,-0.2,-0.27,-1.12,-2.01,-2.68,"Page, Janie, Sila Kiliccote, Han Dudley, Mary Ann Piette, Albert K. Chiu, Bashar Kellow, Ed Koch, and Paul Lipkin Akuacom. 2011. Automated Demand Response Technology Demonstration for Small and Medium Commercial Buildings."
Trane,field-testing,OAT_MA_CBL,,9/28/10,16:00,17:00,,37.34,-0.33,-73.81,0.13,-0.02,-0.35,1.49,-0.01,-2.95,"Page, Janie, Sila Kiliccote, Han Dudley, Mary Ann Piette, Albert K. Chiu, Bashar Kellow, Ed Koch, and Paul Lipkin Akuacom. 2011. Automated Demand Response Technology Demonstration for Small and Medium Commercial Buildings."
Trane,field-testing,OAT_MA_CBL,,9/28/10,17:00,18:00,,56.26,25.93,1.85,0.25,0.11,0.01,2.25,1.04,0.07,"Page, Janie, Sila Kiliccote, Han Dudley, Mary Ann Piette, Albert K. Chiu, Bashar Kellow, Ed Koch, and Paul Lipkin Akuacom. 2011. Automated Demand Response Technology Demonstration for Small and Medium Commercial Buildings."
Trane,field-testing,OAT_MA_CBL,,9/28/10,14:00,18:00,,56.26,-9.32,-73.81,0.25,-0.04,-0.35,2.25,-0.37,-2.95,"Page, Janie, Sila Kiliccote, Han Dudley, Mary Ann Piette, Albert K. Chiu, Bashar Kellow, Ed Koch, and Paul Lipkin Akuacom. 2011. Automated Demand Response Technology Demonstration for Small and Medium Commercial Buildings."
Trane,field-testing,10/10_CBL,,9/28/10,14:00,15:00,,-39.97,-48.77,-58.62,-0.18,-0.21,-0.25,-1.6,-1.95,-2.34,"Page, Janie, Sila Kiliccote, Han Dudley, Mary Ann Piette, Albert K. Chiu, Bashar Kellow, Ed Koch, and Paul Lipkin Akuacom. 2011. Automated Demand Response Technology Demonstration for Small and Medium Commercial Buildings."
Trane,field-testing,10/10_CBL,,9/28/10,15:00,16:00,,-57.04,-67.77,-85.18,-0.24,-0.28,-0.36,-2.28,-2.71,-3.41,"Page, Janie, Sila Kiliccote, Han Dudley, Mary Ann Piette, Albert K. Chiu, Bashar Kellow, Ed Koch, and Paul Lipkin Akuacom. 2011. Automated Demand Response Technology Demonstration for Small and Medium Commercial Buildings."
Trane,field-testing,10/10_CBL,,9/28/10,16:00,17:00,,4.32,-12.45,-37.97,0.02,-0.05,-0.15,0.17,-0.5,-1.52,"Page, Janie, Sila Kiliccote, Han Dudley, Mary Ann Piette, Albert K. Chiu, Bashar Kellow, Ed Koch, and Paul Lipkin Akuacom. 2011. Automated Demand Response Technology Demonstration for Small and Medium Commercial Buildings."
Trane,field-testing,10/10_CBL,,9/28/10,17:00,18:00,,27.63,8.14,-14.77,0.14,0.04,-0.07,1.11,0.33,-0.59,"Page, Janie, Sila Kiliccote, Han Dudley, Mary Ann Piette, Albert K. Chiu, Bashar Kellow, Ed Koch, and Paul Lipkin Akuacom. 2011. Automated Demand Response Technology Demonstration for Small and Medium Commercial Buildings."
Trane,field-testing,10/10_CBL,,9/28/10,14:00,18:00,,27.63,-30.21,-85.18,0.14,-0.13,-0.36,1.11,-1.21,-3.41,"Page, Janie, Sila Kiliccote, Han Dudley, Mary Ann Piette, Albert K. Chiu, Bashar Kellow, Ed Koch, and Paul Lipkin Akuacom. 2011. Automated Demand Response Technology Demonstration for Small and Medium Commercial Buildings."
Trane,field-testing,OAT_MA_CBL,,10/12/10,14:00,15:00,,-19.6,-27.4,-39.84,-0.11,-0.15,-0.22,-0.78,-1.1,-1.59,"Page, Janie, Sila Kiliccote, Han Dudley, Mary Ann Piette, Albert K. Chiu, Bashar Kellow, Ed Koch, and Paul Lipkin Akuacom. 2011. Automated Demand Response Technology Demonstration for Small and Medium Commercial Buildings."
Trane,field-testing,OAT_MA_CBL,,10/12/10,15:00,16:00,,-29.75,-42.06,-56.88,-0.17,-0.23,-0.31,-1.19,-1.68,-2.28,"Page, Janie, Sila Kiliccote, Han Dudley, Mary Ann Piette, Albert K. Chiu, Bashar Kellow, Ed Koch, and Paul Lipkin Akuacom. 2011. Automated Demand Response Technology Demonstration for Small and Medium Commercial Buildings."
Trane,field-testing,OAT_MA_CBL,,10/12/10,16:00,17:00,,-33.24,-40.67,-46.4,-0.19,-0.23,-0.26,-1.33,-1.63,-1.86,"Page, Janie, Sila Kiliccote, Han Dudley, Mary Ann Piette, Albert K. Chiu, Bashar Kellow, Ed Koch, and Paul Lipkin Akuacom. 2011. Automated Demand Response Technology Demonstration for Small and Medium Commercial Buildings."
Trane,field-testing,OAT_MA_CBL,,10/12/10,17:00,18:00,,-15.4,-33.39,-43.41,-0.12,-0.23,-0.32,-0.62,-1.34,-1.74,"Page, Janie, Sila Kiliccote, Han Dudley, Mary Ann Piette, Albert K. Chiu, Bashar Kellow, Ed Koch, and Paul Lipkin Akuacom. 2011. Automated Demand Response Technology Demonstration for Small and Medium Commercial Buildings."
Trane,field-testing,OAT_MA_CBL,,10/12/10,14:00,18:00,,-15.4,-35.88,-56.88,-0.11,-0.21,-0.32,-0.62,-1.44,-2.28,"Page, Janie, Sila Kiliccote, Han Dudley, Mary Ann Piette, Albert K. Chiu, Bashar Kellow, Ed Koch, and Paul Lipkin Akuacom. 2011. Automated Demand Response Technology Demonstration for Small and Medium Commercial Buildings."
Trane,field-testing,10/10_CBL,,10/12/10,14:00,15:00,,-20.15,-26.81,-36.54,-0.12,-0.15,-0.2,-0.81,-1.07,-1.46,"Page, Janie, Sila Kiliccote, Han Dudley, Mary Ann Piette, Albert K. Chiu, Bashar Kellow, Ed Koch, and Paul Lipkin Akuacom. 2011. Automated Demand Response Technology Demonstration for Small and Medium Commercial Buildings."
Trane,field-testing,10/10_CBL,,10/12/10,15:00,16:00,,-24.72,-39.28,-52.95,-0.13,-0.21,-0.28,-0.99,-1.57,-2.12,"Page, Janie, Sila Kiliccote, Han Dudley, Mary Ann Piette, Albert K. Chiu, Bashar Kellow, Ed Koch, and Paul Lipkin Akuacom. 2011. Automated Demand Response Technology Demonstration for Small and Medium Commercial Buildings."
Trane,field-testing,10/10_CBL,,10/12/10,16:00,17:00,,-30.29,-37.5,-47.08,-0.17,-0.21,-0.26,-1.21,-1.5,-1.88,"Page, Janie, Sila Kiliccote, Han Dudley, Mary Ann Piette, Albert K. Chiu, Bashar Kellow, Ed Koch, and Paul Lipkin Akuacom. 2011. Automated Demand Response Technology Demonstration for Small and Medium Commercial Buildings."
Trane,field-testing,10/10_CBL,,10/12/10,17:00,18:00,,-13.99,-34.03,-44.62,-0.11,-0.23,-0.28,-0.56,-1.36,-1.78,"Page, Janie, Sila Kiliccote, Han Dudley, Mary Ann Piette, Albert K. Chiu, Bashar Kellow, Ed Koch, and Paul Lipkin Akuacom. 2011. Automated Demand Response Technology Demonstration for Small and Medium Commercial Buildings."
Trane,field-testing,10/10_CBL,,10/12/10,14:00,18:00,,-13.99,-34.41,-52.95,-0.11,-0.2,-0.28,-0.56,-1.38,-2.12,"Page, Janie, Sila Kiliccote, Han Dudley, Mary Ann Piette, Albert K. Chiu, Bashar Kellow, Ed Koch, and Paul Lipkin Akuacom. 2011. Automated Demand Response Technology Demonstration for Small and Medium Commercial Buildings."
Trane,field-testing,OAT_MA_CBL,,10/13/10,14:00,15:00,,31.22,-3.25,-45.16,0.16,-0.01,-0.23,1.25,-0.13,-1.81,"Page, Janie, Sila Kiliccote, Han Dudley, Mary Ann Piette, Albert K. Chiu, Bashar Kellow, Ed Koch, and Paul Lipkin Akuacom. 2011. Automated Demand Response Technology Demonstration for Small and Medium Commercial Buildings."
Trane,field-testing,OAT_MA_CBL,,10/13/10,15:00,16:00,,-22.15,-33.88,-49.48,-0.11,-0.17,-0.24,-0.89,-1.36,-1.98,"Page, Janie, Sila Kiliccote, Han Dudley, Mary Ann Piette, Albert K. Chiu, Bashar Kellow, Ed Koch, and Paul Lipkin Akuacom. 2011. Automated Demand Response Technology Demonstration for Small and Medium Commercial Buildings."
Trane,field-testing,OAT_MA_CBL,,10/13/10,16:00,17:00,,-25.31,-40.08,-63.9,-0.13,-0.21,-0.34,-1.01,-1.6,-2.56,"Page, Janie, Sila Kiliccote, Han Dudley, Mary Ann Piette, Albert K. Chiu, Bashar Kellow, Ed Koch, and Paul Lipkin Akuacom. 2011. Automated Demand Response Technology Demonstration for Small and Medium Commercial Buildings."
Trane,field-testing,OAT_MA_CBL,,10/13/10,17:00,18:00,,-32.63,-43.19,-50.94,-0.18,-0.27,-0.35,-1.31,-1.73,-2.04,"Page, Janie, Sila Kiliccote, Han Dudley, Mary Ann Piette, Albert K. Chiu, Bashar Kellow, Ed Koch, and Paul Lipkin Akuacom. 2011. Automated Demand Response Technology Demonstration for Small and Medium Commercial Buildings."
Trane,field-testing,OAT_MA_CBL,,10/13/10,14:00,18:00,,31.22,-30.1,-63.9,0.16,-0.17,-0.35,1.25,-1.2,-2.56,"Page, Janie, Sila Kiliccote, Han Dudley, Mary Ann Piette, Albert K. Chiu, Bashar Kellow, Ed Koch, and Paul Lipkin Akuacom. 2011. Automated Demand Response Technology Demonstration for Small and Medium Commercial Buildings."
Trane,field-testing,10/10_CBL,,10/13/10,14:00,15:00,,34.7,-5.01,-51.24,0.18,-0.03,-0.27,1.39,-0.2,-2.05,"Page, Janie, Sila Kiliccote, Han Dudley, Mary Ann Piette, Albert K. Chiu, Bashar Kellow, Ed Koch, and Paul Lipkin Akuacom. 2011. Automated Demand Response Technology Demonstration for Small and Medium Commercial Buildings."
Trane,field-testing,10/10_CBL,,10/13/10,15:00,16:00,,-25.6,-34.79,-48.69,-0.13,-0.17,-0.24,-1.02,-1.39,-1.95,"Page, Janie, Sila Kiliccote, Han Dudley, Mary Ann Piette, Albert K. Chiu, Bashar Kellow, Ed Koch, and Paul Lipkin Akuacom. 2011. Automated Demand Response Technology Demonstration for Small and Medium Commercial Buildings."
Trane,field-testing,10/10_CBL,,10/13/10,16:00,17:00,,-26.84,-39.01,-58.76,-0.14,-0.2,-0.3,-1.07,-1.56,-2.35,"Page, Janie, Sila Kiliccote, Han Dudley, Mary Ann Piette, Albert K. Chiu, Bashar Kellow, Ed Koch, and Paul Lipkin Akuacom. 2011. Automated Demand Response Technology Demonstration for Small and Medium Commercial Buildings."
Trane,field-testing,10/10_CBL,,10/13/10,17:00,18:00,,-38.48,-47.12,-53.28,-0.22,-0.3,-0.37,-1.54,-1.88,-2.13,"Page, Janie, Sila Kiliccote, Han Dudley, Mary Ann Piette, Albert K. Chiu, Bashar Kellow, Ed Koch, and Paul Lipkin Akuacom. 2011. Automated Demand Response Technology Demonstration for Small and Medium Commercial Buildings."
Trane,field-testing,10/10_CBL,,10/13/10,14:00,18:00,,34.7,-31.48,-58.76,0.18,-0.18,-0.37,1.39,-1.26,-2.35,"Page, Janie, Sila Kiliccote, Han Dudley, Mary Ann Piette, Albert K. Chiu, Bashar Kellow, Ed Koch, and Paul Lipkin Akuacom. 2011. Automated Demand Response Technology Demonstration for Small and Medium Commercial Buildings."
Trane,field-testing,OAT_MA_CBL,,10/15/10,14:00,15:00,,15.73,-8.89,-20.93,0.09,-0.04,-0.11,0.63,-0.36,-0.84,"Page, Janie, Sila Kiliccote, Han Dudley, Mary Ann Piette, Albert K. Chiu, Bashar Kellow, Ed Koch, and Paul Lipkin Akuacom. 2011. Automated Demand Response Technology Demonstration for Small and Medium Commercial Buildings."
Trane,field-testing,OAT_MA_CBL,,10/15/10,15:00,16:00,,-13.63,-28.64,-38.62,-0.07,-0.14,-0.19,-0.55,-1.15,-1.54,"Page, Janie, Sila Kiliccote, Han Dudley, Mary Ann Piette, Albert K. Chiu, Bashar Kellow, Ed Koch, and Paul Lipkin Akuacom. 2011. Automated Demand Response Technology Demonstration for Small and Medium Commercial Buildings."
Trane,field-testing,OAT_MA_CBL,,10/15/10,16:00,17:00,,-31.35,-38.71,-44.21,-0.16,-0.2,-0.23,-1.25,-1.55,-1.77,"Page, Janie, Sila Kiliccote, Han Dudley, Mary Ann Piette, Albert K. Chiu, Bashar Kellow, Ed Koch, and Paul Lipkin Akuacom. 2011. Automated Demand Response Technology Demonstration for Small and Medium Commercial Buildings."
Trane,field-testing,OAT_MA_CBL,,10/15/10,17:00,18:00,,-21.22,-31.23,-42.52,-0.14,-0.19,-0.26,-0.85,-1.25,-1.7,"Page, Janie, Sila Kiliccote, Han Dudley, Mary Ann Piette, Albert K. Chiu, Bashar Kellow, Ed Koch, and Paul Lipkin Akuacom. 2011. Automated Demand Response Technology Demonstration for Small and Medium Commercial Buildings."
Trane,field-testing,OAT_MA_CBL,,10/15/10,14:00,18:00,,15.73,-26.87,-44.21,0.09,-0.14,-0.26,0.63,-1.07,-1.77,"Page, Janie, Sila Kiliccote, Han Dudley, Mary Ann Piette, Albert K. Chiu, Bashar Kellow, Ed Koch, and Paul Lipkin Akuacom. 2011. Automated Demand Response Technology Demonstration for Small and Medium Commercial Buildings."
Trane,field-testing,10/10_CBL,,10/15/10,14:00,15:00,,22.18,-7.07,-24.98,0.12,-0.04,-0.13,0.89,-0.28,-1,"Page, Janie, Sila Kiliccote, Han Dudley, Mary Ann Piette, Albert K. Chiu, Bashar Kellow, Ed Koch, and Paul Lipkin Akuacom. 2011. Automated Demand Response Technology Demonstration for Small and Medium Commercial Buildings."
Trane,field-testing,10/10_CBL,,10/15/10,15:00,16:00,,-7.98,-25.67,-37.44,-0.04,-0.13,-0.18,-0.32,-1.03,-1.5,"Page, Janie, Sila Kiliccote, Han Dudley, Mary Ann Piette, Albert K. Chiu, Bashar Kellow, Ed Koch, and Paul Lipkin Akuacom. 2011. Automated Demand Response Technology Demonstration for Small and Medium Commercial Buildings."
Trane,field-testing,10/10_CBL,,10/15/10,16:00,17:00,,-31.83,-37.48,-46.85,-0.16,-0.19,-0.24,-1.27,-1.5,-1.87,"Page, Janie, Sila Kiliccote, Han Dudley, Mary Ann Piette, Albert K. Chiu, Bashar Kellow, Ed Koch, and Paul Lipkin Akuacom. 2011. Automated Demand Response Technology Demonstration for Small and Medium Commercial Buildings."
Trane,field-testing,10/10_CBL,,10/15/10,17:00,18:00,,-25.74,-38.22,-53.26,-0.18,-0.24,-0.34,-1.03,-1.53,-2.13,"Page, Janie, Sila Kiliccote, Han Dudley, Mary Ann Piette, Albert K. Chiu, Bashar Kellow, Ed Koch, and Paul Lipkin Akuacom. 2011. Automated Demand Response Technology Demonstration for Small and Medium Commercial Buildings."
Trane,field-testing,10/10_CBL,,10/15/10,14:00,18:00,,22.18,-27.11,-53.26,0.12,-0.15,-0.34,0.89,-1.08,-2.13,"Page, Janie, Sila Kiliccote, Han Dudley, Mary Ann Piette, Albert K. Chiu, Bashar Kellow, Ed Koch, and Paul Lipkin Akuacom. 2011. Automated Demand Response Technology Demonstration for Small and Medium Commercial Buildings."
LimeAmps,field-testing,OAT_MA_CBL,,8/24/10,14:00,15:00,,12.15,5.77,2.08,0.43,0.22,0.07,3.44,1.63,0.59,"Page, Janie, Sila Kiliccote, Han Dudley, Mary Ann Piette, Albert K. Chiu, Bashar Kellow, Ed Koch, and Paul Lipkin Akuacom. 2011. Automated Demand Response Technology Demonstration for Small and Medium Commercial Buildings."
LimeAmps,field-testing,OAT_MA_CBL,,8/24/10,15:00,16:00,,1.78,-0.92,-7.85,0.06,-0.05,-0.34,0.5,-0.26,-2.22,"Page, Janie, Sila Kiliccote, Han Dudley, Mary Ann Piette, Albert K. Chiu, Bashar Kellow, Ed Koch, and Paul Lipkin Akuacom. 2011. Automated Demand Response Technology Demonstration for Small and Medium Commercial Buildings."
LimeAmps,field-testing,OAT_MA_CBL,,8/24/10,16:00,17:00,,2.61,0.08,-1.99,0.08,0,-0.07,0.74,0.02,-0.56,"Page, Janie, Sila Kiliccote, Han Dudley, Mary Ann Piette, Albert K. Chiu, Bashar Kellow, Ed Koch, and Paul Lipkin Akuacom. 2011. Automated Demand Response Technology Demonstration for Small and Medium Commercial Buildings."
LimeAmps,field-testing,OAT_MA_CBL,,8/24/10,17:00,18:00,,4.51,2.9,0.3,0.15,0.1,0.01,1.28,0.82,0.09,"Page, Janie, Sila Kiliccote, Han Dudley, Mary Ann Piette, Albert K. Chiu, Bashar Kellow, Ed Koch, and Paul Lipkin Akuacom. 2011. Automated Demand Response Technology Demonstration for Small and Medium Commercial Buildings."
LimeAmps,field-testing,OAT_MA_CBL,,8/24/10,14:00,18:00,,12.15,1.96,-7.85,0.43,0.07,-0.34,3.44,0.55,-2.22,"Page, Janie, Sila Kiliccote, Han Dudley, Mary Ann Piette, Albert K. Chiu, Bashar Kellow, Ed Koch, and Paul Lipkin Akuacom. 2011. Automated Demand Response Technology Demonstration for Small and Medium Commercial Buildings."
LimeAmps,field-testing,10/10_CBL,,8/24/10,14:00,15:00,,11.95,6.73,2.39,0.42,0.24,0.08,3.38,1.91,0.68,"Page, Janie, Sila Kiliccote, Han Dudley, Mary Ann Piette, Albert K. Chiu, Bashar Kellow, Ed Koch, and Paul Lipkin Akuacom. 2011. Automated Demand Response Technology Demonstration for Small and Medium Commercial Buildings."
LimeAmps,field-testing,10/10_CBL,,8/24/10,15:00,16:00,,0.68,-1.27,-6.2,0.03,-0.05,-0.25,0.19,-0.36,-1.76,"Page, Janie, Sila Kiliccote, Han Dudley, Mary Ann Piette, Albert K. Chiu, Bashar Kellow, Ed Koch, and Paul Lipkin Akuacom. 2011. Automated Demand Response Technology Demonstration for Small and Medium Commercial Buildings."
LimeAmps,field-testing,10/10_CBL,,8/24/10,16:00,17:00,,1.16,-1.15,-2.66,0.04,-0.04,-0.09,0.33,-0.33,-0.75,"Page, Janie, Sila Kiliccote, Han Dudley, Mary Ann Piette, Albert K. Chiu, Bashar Kellow, Ed Koch, and Paul Lipkin Akuacom. 2011. Automated Demand Response Technology Demonstration for Small and Medium Commercial Buildings."
LimeAmps,field-testing,10/10_CBL,,8/24/10,17:00,18:00,,2.62,1.28,-1.1,0.09,0.05,-0.05,0.74,0.36,-0.31,"Page, Janie, Sila Kiliccote, Han Dudley, Mary Ann Piette, Albert K. Chiu, Bashar Kellow, Ed Koch, and Paul Lipkin Akuacom. 2011. Automated Demand Response Technology Demonstration for Small and Medium Commercial Buildings."
LimeAmps,field-testing,10/10_CBL,,8/24/10,14:00,18:00,,11.95,1.4,-6.2,0.42,0.05,-0.25,3.38,0.4,-1.76,"Page, Janie, Sila Kiliccote, Han Dudley, Mary Ann Piette, Albert K. Chiu, Bashar Kellow, Ed Koch, and Paul Lipkin Akuacom. 2011. Automated Demand Response Technology Demonstration for Small and Medium Commercial Buildings."
LimeAmps,field-testing,OAT_MA_CBL,,9/1/10,14:00,15:00,,7.71,2.52,-1.59,2.18,0.71,-0.45,0.38,0.13,-0.08,"Page, Janie, Sila Kiliccote, Han Dudley, Mary Ann Piette, Albert K. Chiu, Bashar Kellow, Ed Koch, and Paul Lipkin Akuacom. 2011. Automated Demand Response Technology Demonstration for Small and Medium Commercial Buildings."
LimeAmps,field-testing,OAT_MA_CBL,,9/1/10,15:00,16:00,,5.15,3.09,-1.05,1.46,0.87,-0.3,0.28,0.16,-0.06,"Page, Janie, Sila Kiliccote, Han Dudley, Mary Ann Piette, Albert K. Chiu, Bashar Kellow, Ed Koch, and Paul Lipkin Akuacom. 2011. Automated Demand Response Technology Demonstration for Small and Medium Commercial Buildings."
LimeAmps,field-testing,OAT_MA_CBL,,9/1/10,16:00,17:00,,4.29,0.27,-6.57,1.21,0.08,-1.86,0.18,0,-0.33,"Page, Janie, Sila Kiliccote, Han Dudley, Mary Ann Piette, Albert K. Chiu, Bashar Kellow, Ed Koch, and Paul Lipkin Akuacom. 2011. Automated Demand Response Technology Demonstration for Small and Medium Commercial Buildings."
LimeAmps,field-testing,OAT_MA_CBL,,9/1/10,17:00,18:00,,3.77,-0.27,-6.43,1.07,-0.08,-1.82,0.17,-0.02,-0.33,"Page, Janie, Sila Kiliccote, Han Dudley, Mary Ann Piette, Albert K. Chiu, Bashar Kellow, Ed Koch, and Paul Lipkin Akuacom. 2011. Automated Demand Response Technology Demonstration for Small and Medium Commercial Buildings."
LimeAmps,field-testing,OAT_MA_CBL,,9/1/10,14:00,18:00,,7.71,1.4,-6.57,2.18,0.4,-1.86,0.38,0.07,-0.33,"Page, Janie, Sila Kiliccote, Han Dudley, Mary Ann Piette, Albert K. Chiu, Bashar Kellow, Ed Koch, and Paul Lipkin Akuacom. 2011. Automated Demand Response Technology Demonstration for Small and Medium Commercial Buildings."
LimeAmps,field-testing,10/10_CBL,,9/1/10,14:00,15:00,,8.96,3.26,-0.78,2.54,0.92,-0.22,0.42,0.16,-0.04,"Page, Janie, Sila Kiliccote, Han Dudley, Mary Ann Piette, Albert K. Chiu, Bashar Kellow, Ed Koch, and Paul Lipkin Akuacom. 2011. Automated Demand Response Technology Demonstration for Small and Medium Commercial Buildings."
LimeAmps,field-testing,10/10_CBL,,9/1/10,15:00,16:00,,5.96,3.27,-0.63,1.69,0.93,-0.18,0.31,0.17,-0.03,"Page, Janie, Sila Kiliccote, Han Dudley, Mary Ann Piette, Albert K. Chiu, Bashar Kellow, Ed Koch, and Paul Lipkin Akuacom. 2011. Automated Demand Response Technology Demonstration for Small and Medium Commercial Buildings."
LimeAmps,field-testing,10/10_CBL,,9/1/10,16:00,17:00,,3.44,-0.11,-6.07,0.97,-0.03,-1.72,0.15,-0.01,-0.3,"Page, Janie, Sila Kiliccote, Han Dudley, Mary Ann Piette, Albert K. Chiu, Bashar Kellow, Ed Koch, and Paul Lipkin Akuacom. 2011. Automated Demand Response Technology Demonstration for Small and Medium Commercial Buildings."
LimeAmps,field-testing,10/10_CBL,,9/1/10,17:00,18:00,,1.72,-1.33,-6.11,0.49,-0.38,-1.73,0.08,-0.07,-0.31,"Page, Janie, Sila Kiliccote, Han Dudley, Mary Ann Piette, Albert K. Chiu, Bashar Kellow, Ed Koch, and Paul Lipkin Akuacom. 2011. Automated Demand Response Technology Demonstration for Small and Medium Commercial Buildings."
LimeAmps,field-testing,10/10_CBL,,9/1/10,14:00,18:00,,8.96,1.27,-6.11,2.54,0.36,-1.73,0.42,0.06,-0.31,"Page, Janie, Sila Kiliccote, Han Dudley, Mary Ann Piette, Albert K. Chiu, Bashar Kellow, Ed Koch, and Paul Lipkin Akuacom. 2011. Automated Demand Response Technology Demonstration for Small and Medium Commercial Buildings."
LimeAmps,field-testing,OAT_MA_CBL,,9/2/10,14:00,15:00,,3.46,0.11,-2.95,0.17,0.01,-0.13,0.98,0.03,-0.84,"Page, Janie, Sila Kiliccote, Han Dudley, Mary Ann Piette, Albert K. Chiu, Bashar Kellow, Ed Koch, and Paul Lipkin Akuacom. 2011. Automated Demand Response Technology Demonstration for Small and Medium Commercial Buildings."
LimeAmps,field-testing,OAT_MA_CBL,,9/2/10,15:00,16:00,,6.83,2.81,0.88,0.35,0.14,0.04,1.93,0.8,0.25,"Page, Janie, Sila Kiliccote, Han Dudley, Mary Ann Piette, Albert K. Chiu, Bashar Kellow, Ed Koch, and Paul Lipkin Akuacom. 2011. Automated Demand Response Technology Demonstration for Small and Medium Commercial Buildings."
LimeAmps,field-testing,OAT_MA_CBL,,9/2/10,16:00,17:00,,2.12,1.45,0.38,0.1,0.07,0.02,0.6,0.41,0.11,"Page, Janie, Sila Kiliccote, Han Dudley, Mary Ann Piette, Albert K. Chiu, Bashar Kellow, Ed Koch, and Paul Lipkin Akuacom. 2011. Automated Demand Response Technology Demonstration for Small and Medium Commercial Buildings."
LimeAmps,field-testing,OAT_MA_CBL,,9/2/10,17:00,18:00,,1.99,-1.62,-6.11,0.09,-0.09,-0.32,0.56,-0.46,-1.73,"Page, Janie, Sila Kiliccote, Han Dudley, Mary Ann Piette, Albert K. Chiu, Bashar Kellow, Ed Koch, and Paul Lipkin Akuacom. 2011. Automated Demand Response Technology Demonstration for Small and Medium Commercial Buildings."
LimeAmps,field-testing,OAT_MA_CBL,,9/2/10,14:00,18:00,,6.83,0.69,-6.11,0.35,0.03,-0.32,1.93,0.2,-1.73,"Page, Janie, Sila Kiliccote, Han Dudley, Mary Ann Piette, Albert K. Chiu, Bashar Kellow, Ed Koch, and Paul Lipkin Akuacom. 2011. Automated Demand Response Technology Demonstration for Small and Medium Commercial Buildings."
LimeAmps,field-testing,10/10_CBL,,9/2/10,14:00,15:00,,3.78,1.02,-2,0.18,0.05,-0.08,1.07,0.29,-0.57,"Page, Janie, Sila Kiliccote, Han Dudley, Mary Ann Piette, Albert K. Chiu, Bashar Kellow, Ed Koch, and Paul Lipkin Akuacom. 2011. Automated Demand Response Technology Demonstration for Small and Medium Commercial Buildings."
LimeAmps,field-testing,10/10_CBL,,9/2/10,15:00,16:00,,7.24,3.63,1.6,0.36,0.18,0.08,2.05,1.03,0.45,"Page, Janie, Sila Kiliccote, Han Dudley, Mary Ann Piette, Albert K. Chiu, Bashar Kellow, Ed Koch, and Paul Lipkin Akuacom. 2011. Automated Demand Response Technology Demonstration for Small and Medium Commercial Buildings."
LimeAmps,field-testing,10/10_CBL,,9/2/10,16:00,17:00,,3.67,2.88,2.21,0.17,0.12,0.1,1.04,0.82,0.63,"Page, Janie, Sila Kiliccote, Han Dudley, Mary Ann Piette, Albert K. Chiu, Bashar Kellow, Ed Koch, and Paul Lipkin Akuacom. 2011. Automated Demand Response Technology Demonstration for Small and Medium Commercial Buildings."
LimeAmps,field-testing,10/10_CBL,,9/2/10,17:00,18:00,,2.81,-0.13,-3.57,0.13,-0.01,-0.17,0.8,-0.04,-1.01,"Page, Janie, Sila Kiliccote, Han Dudley, Mary Ann Piette, Albert K. Chiu, Bashar Kellow, Ed Koch, and Paul Lipkin Akuacom. 2011. Automated Demand Response Technology Demonstration for Small and Medium Commercial Buildings."
LimeAmps,field-testing,10/10_CBL,,9/2/10,14:00,18:00,,7.24,1.85,-3.57,0.36,0.09,-0.17,2.05,0.52,-1.01,"Page, Janie, Sila Kiliccote, Han Dudley, Mary Ann Piette, Albert K. Chiu, Bashar Kellow, Ed Koch, and Paul Lipkin Akuacom. 2011. Automated Demand Response Technology Demonstration for Small and Medium Commercial Buildings."
LimeAmps,field-testing,OAT_MA_CBL,,9/24/10,14:00,15:00,,0.32,-2.03,-4.69,0.01,-0.09,-0.21,0.09,-0.58,-1.33,"Page, Janie, Sila Kiliccote, Han Dudley, Mary Ann Piette, Albert K. Chiu, Bashar Kellow, Ed Koch, and Paul Lipkin Akuacom. 2011. Automated Demand Response Technology Demonstration for Small and Medium Commercial Buildings."
LimeAmps,field-testing,OAT_MA_CBL,,9/24/10,15:00,16:00,,1.34,0.22,-1.91,0.07,0.01,-0.1,0.38,0.06,-0.54,"Page, Janie, Sila Kiliccote, Han Dudley, Mary Ann Piette, Albert K. Chiu, Bashar Kellow, Ed Koch, and Paul Lipkin Akuacom. 2011. Automated Demand Response Technology Demonstration for Small and Medium Commercial Buildings."
LimeAmps,field-testing,OAT_MA_CBL,,9/24/10,16:00,17:00,,5.83,1.37,-1.89,0.24,0.06,-0.08,1.65,0.39,-0.53,"Page, Janie, Sila Kiliccote, Han Dudley, Mary Ann Piette, Albert K. Chiu, Bashar Kellow, Ed Koch, and Paul Lipkin Akuacom. 2011. Automated Demand Response Technology Demonstration for Small and Medium Commercial Buildings."
LimeAmps,field-testing,OAT_MA_CBL,,9/24/10,17:00,18:00,,0.05,-2.95,-7.23,0,-0.14,-0.35,0.01,-0.84,-2.05,"Page, Janie, Sila Kiliccote, Han Dudley, Mary Ann Piette, Albert K. Chiu, Bashar Kellow, Ed Koch, and Paul Lipkin Akuacom. 2011. Automated Demand Response Technology Demonstration for Small and Medium Commercial Buildings."
LimeAmps,field-testing,OAT_MA_CBL,,9/24/10,14:00,18:00,,5.83,-0.85,-7.23,0.24,-0.04,-0.35,1.65,-0.24,-2.05,"Page, Janie, Sila Kiliccote, Han Dudley, Mary Ann Piette, Albert K. Chiu, Bashar Kellow, Ed Koch, and Paul Lipkin Akuacom. 2011. Automated Demand Response Technology Demonstration for Small and Medium Commercial Buildings."
LimeAmps,field-testing,10/10_CBL,,9/24/10,14:00,15:00,,-1.73,-3.28,-4.58,-0.09,-0.16,-0.21,-0.49,-0.93,-1.3,"Page, Janie, Sila Kiliccote, Han Dudley, Mary Ann Piette, Albert K. Chiu, Bashar Kellow, Ed Koch, and Paul Lipkin Akuacom. 2011. Automated Demand Response Technology Demonstration for Small and Medium Commercial Buildings."
LimeAmps,field-testing,10/10_CBL,,9/24/10,15:00,16:00,,1.34,-0.41,-2.25,0.07,-0.02,-0.12,0.38,-0.12,-0.64,"Page, Janie, Sila Kiliccote, Han Dudley, Mary Ann Piette, Albert K. Chiu, Bashar Kellow, Ed Koch, and Paul Lipkin Akuacom. 2011. Automated Demand Response Technology Demonstration for Small and Medium Commercial Buildings."
LimeAmps,field-testing,10/10_CBL,,9/24/10,16:00,17:00,,4.99,0.76,-2.94,0.22,0.03,-0.13,1.41,0.22,-0.83,"Page, Janie, Sila Kiliccote, Han Dudley, Mary Ann Piette, Albert K. Chiu, Bashar Kellow, Ed Koch, and Paul Lipkin Akuacom. 2011. Automated Demand Response Technology Demonstration for Small and Medium Commercial Buildings."
LimeAmps,field-testing,10/10_CBL,,9/24/10,17:00,18:00,,-2.12,-4.88,-8.34,-0.09,-0.24,-0.42,-0.6,-1.38,-2.36,"Page, Janie, Sila Kiliccote, Han Dudley, Mary Ann Piette, Albert K. Chiu, Bashar Kellow, Ed Koch, and Paul Lipkin Akuacom. 2011. Automated Demand Response Technology Demonstration for Small and Medium Commercial Buildings."
LimeAmps,field-testing,10/10_CBL,,9/24/10,14:00,18:00,,4.99,-1.95,-8.34,0.22,-0.1,-0.42,1.41,-0.55,-2.36,"Page, Janie, Sila Kiliccote, Han Dudley, Mary Ann Piette, Albert K. Chiu, Bashar Kellow, Ed Koch, and Paul Lipkin Akuacom. 2011. Automated Demand Response Technology Demonstration for Small and Medium Commercial Buildings."
LimeAmps,field-testing,OAT_MA_CBL,,9/27/10,14:00,15:00,,5.29,1.46,-0.16,0.22,0.06,-0.01,1.5,0.41,-0.05,"Page, Janie, Sila Kiliccote, Han Dudley, Mary Ann Piette, Albert K. Chiu, Bashar Kellow, Ed Koch, and Paul Lipkin Akuacom. 2011. Automated Demand Response Technology Demonstration for Small and Medium Commercial Buildings."
LimeAmps,field-testing,OAT_MA_CBL,,9/27/10,15:00,16:00,,4,0.06,-3.43,0.18,0,-0.15,1.13,0.02,-0.97,"Page, Janie, Sila Kiliccote, Han Dudley, Mary Ann Piette, Albert K. Chiu, Bashar Kellow, Ed Koch, and Paul Lipkin Akuacom. 2011. Automated Demand Response Technology Demonstration for Small and Medium Commercial Buildings."
LimeAmps,field-testing,OAT_MA_CBL,,9/27/10,16:00,17:00,,7.03,4.71,2.45,0.25,0.18,0.11,1.99,1.34,0.7,"Page, Janie, Sila Kiliccote, Han Dudley, Mary Ann Piette, Albert K. Chiu, Bashar Kellow, Ed Koch, and Paul Lipkin Akuacom. 2011. Automated Demand Response Technology Demonstration for Small and Medium Commercial Buildings."
LimeAmps,field-testing,OAT_MA_CBL,,9/27/10,17:00,18:00,,1.73,1.22,0.91,0.07,0.05,0.04,0.49,0.34,0.26,"Page, Janie, Sila Kiliccote, Han Dudley, Mary Ann Piette, Albert K. Chiu, Bashar Kellow, Ed Koch, and Paul Lipkin Akuacom. 2011. Automated Demand Response Technology Demonstration for Small and Medium Commercial Buildings."
LimeAmps,field-testing,OAT_MA_CBL,,9/27/10,14:00,18:00,,7.03,1.86,-3.43,0.25,0.07,-0.15,1.99,0.53,-0.97,"Page, Janie, Sila Kiliccote, Han Dudley, Mary Ann Piette, Albert K. Chiu, Bashar Kellow, Ed Koch, and Paul Lipkin Akuacom. 2011. Automated Demand Response Technology Demonstration for Small and Medium Commercial Buildings."
LimeAmps,field-testing,10/10_CBL,,9/27/10,14:00,15:00,,6.16,0.09,-3.4,0.24,0,-0.15,1.74,0.02,-0.96,"Page, Janie, Sila Kiliccote, Han Dudley, Mary Ann Piette, Albert K. Chiu, Bashar Kellow, Ed Koch, and Paul Lipkin Akuacom. 2011. Automated Demand Response Technology Demonstration for Small and Medium Commercial Buildings."
LimeAmps,field-testing,10/10_CBL,,9/27/10,15:00,16:00,,4.14,-0.45,-4.66,0.18,-0.02,-0.22,1.17,-0.13,-1.32,"Page, Janie, Sila Kiliccote, Han Dudley, Mary Ann Piette, Albert K. Chiu, Bashar Kellow, Ed Koch, and Paul Lipkin Akuacom. 2011. Automated Demand Response Technology Demonstration for Small and Medium Commercial Buildings."
LimeAmps,field-testing,10/10_CBL,,9/27/10,16:00,17:00,,5.98,3.92,1.41,0.23,0.15,0.06,1.69,1.11,0.4,"Page, Janie, Sila Kiliccote, Han Dudley, Mary Ann Piette, Albert K. Chiu, Bashar Kellow, Ed Koch, and Paul Lipkin Akuacom. 2011. Automated Demand Response Technology Demonstration for Small and Medium Commercial Buildings."
LimeAmps,field-testing,10/10_CBL,,9/27/10,17:00,18:00,,2.22,-0.98,-4.04,0.09,-0.05,-0.19,0.63,-0.28,-1.14,"Page, Janie, Sila Kiliccote, Han Dudley, Mary Ann Piette, Albert K. Chiu, Bashar Kellow, Ed Koch, and Paul Lipkin Akuacom. 2011. Automated Demand Response Technology Demonstration for Small and Medium Commercial Buildings."
LimeAmps,field-testing,10/10_CBL,,9/27/10,14:00,18:00,,6.16,0.64,-4.66,0.24,0.02,-0.22,1.74,0.18,-1.32,"Page, Janie, Sila Kiliccote, Han Dudley, Mary Ann Piette, Albert K. Chiu, Bashar Kellow, Ed Koch, and Paul Lipkin Akuacom. 2011. Automated Demand Response Technology Demonstration for Small and Medium Commercial Buildings."
LimeAmps,field-testing,OAT_MA_CBL,,9/28/10,14:00,15:00,,2.25,-3.64,-7.27,0.08,-0.15,-0.29,0.64,-1.03,-2.06,"Page, Janie, Sila Kiliccote, Han Dudley, Mary Ann Piette, Albert K. Chiu, Bashar Kellow, Ed Koch, and Paul Lipkin Akuacom. 2011. Automated Demand Response Technology Demonstration for Small and Medium Commercial Buildings."
LimeAmps,field-testing,OAT_MA_CBL,,9/28/10,15:00,16:00,,-3.59,-4.93,-8.08,-0.16,-0.22,-0.36,-1.02,-1.4,-2.29,"Page, Janie, Sila Kiliccote, Han Dudley, Mary Ann Piette, Albert K. Chiu, Bashar Kellow, Ed Koch, and Paul Lipkin Akuacom. 2011. Automated Demand Response Technology Demonstration for Small and Medium Commercial Buildings."
LimeAmps,field-testing,OAT_MA_CBL,,9/28/10,16:00,17:00,,9.61,0.66,-4.16,0.34,0.02,-0.18,2.72,0.19,-1.18,"Page, Janie, Sila Kiliccote, Han Dudley, Mary Ann Piette, Albert K. Chiu, Bashar Kellow, Ed Koch, and Paul Lipkin Akuacom. 2011. Automated Demand Response Technology Demonstration for Small and Medium Commercial Buildings."
LimeAmps,field-testing,OAT_MA_CBL,,9/28/10,17:00,18:00,,1.73,-0.67,-3.71,0.07,-0.03,-0.14,0.49,-0.19,-1.05,"Page, Janie, Sila Kiliccote, Han Dudley, Mary Ann Piette, Albert K. Chiu, Bashar Kellow, Ed Koch, and Paul Lipkin Akuacom. 2011. Automated Demand Response Technology Demonstration for Small and Medium Commercial Buildings."
LimeAmps,field-testing,OAT_MA_CBL,,9/28/10,14:00,18:00,,9.61,-2.15,-8.08,2.72,-0.61,-2.29,0.34,-0.09,-0.36,"Page, Janie, Sila Kiliccote, Han Dudley, Mary Ann Piette, Albert K. Chiu, Bashar Kellow, Ed Koch, and Paul Lipkin Akuacom. 2011. Automated Demand Response Technology Demonstration for Small and Medium Commercial Buildings."
LimeAmps,field-testing,10/10_CBL,,9/28/10,14:00,15:00,,-1.43,-5.35,-8.54,-0.06,-0.23,-0.36,-0.4,-1.52,-2.42,"Page, Janie, Sila Kiliccote, Han Dudley, Mary Ann Piette, Albert K. Chiu, Bashar Kellow, Ed Koch, and Paul Lipkin Akuacom. 2011. Automated Demand Response Technology Demonstration for Small and Medium Commercial Buildings."
LimeAmps,field-testing,10/10_CBL,,9/28/10,15:00,16:00,,-3.77,-5.48,-7.36,-0.16,-0.24,-0.32,-1.07,-1.55,-2.09,"Page, Janie, Sila Kiliccote, Han Dudley, Mary Ann Piette, Albert K. Chiu, Bashar Kellow, Ed Koch, and Paul Lipkin Akuacom. 2011. Automated Demand Response Technology Demonstration for Small and Medium Commercial Buildings."
LimeAmps,field-testing,10/10_CBL,,9/28/10,16:00,17:00,,8.69,0.01,-3.24,0.32,0,-0.13,2.46,0,-0.92,"Page, Janie, Sila Kiliccote, Han Dudley, Mary Ann Piette, Albert K. Chiu, Bashar Kellow, Ed Koch, and Paul Lipkin Akuacom. 2011. Automated Demand Response Technology Demonstration for Small and Medium Commercial Buildings."
LimeAmps,field-testing,10/10_CBL,,9/28/10,17:00,18:00,,2.62,-2.38,-8.02,0.1,-0.11,-0.36,0.74,-0.67,-2.27,"Page, Janie, Sila Kiliccote, Han Dudley, Mary Ann Piette, Albert K. Chiu, Bashar Kellow, Ed Koch, and Paul Lipkin Akuacom. 2011. Automated Demand Response Technology Demonstration for Small and Medium Commercial Buildings."
LimeAmps,field-testing,10/10_CBL,,9/28/10,14:00,18:00,,8.69,-3.3,-8.54,2.46,-0.93,-2.42,0.32,-0.15,-0.36,"Page, Janie, Sila Kiliccote, Han Dudley, Mary Ann Piette, Albert K. Chiu, Bashar Kellow, Ed Koch, and Paul Lipkin Akuacom. 2011. Automated Demand Response Technology Demonstration for Small and Medium Commercial Buildings."
LimeAmps,field-testing,OAT_MA_CBL,,10/7/10,14:00,15:00,,1.32,-1.03,-2.44,0.07,-0.07,-0.14,0.37,-0.29,-0.69,"Page, Janie, Sila Kiliccote, Han Dudley, Mary Ann Piette, Albert K. Chiu, Bashar Kellow, Ed Koch, and Paul Lipkin Akuacom. 2011. Automated Demand Response Technology Demonstration for Small and Medium Commercial Buildings."
LimeAmps,field-testing,OAT_MA_CBL,,10/7/10,15:00,16:00,,3.25,-0.9,-6,0.19,-0.06,-0.37,0.92,-0.25,-1.7,"Page, Janie, Sila Kiliccote, Han Dudley, Mary Ann Piette, Albert K. Chiu, Bashar Kellow, Ed Koch, and Paul Lipkin Akuacom. 2011. Automated Demand Response Technology Demonstration for Small and Medium Commercial Buildings."
LimeAmps,field-testing,OAT_MA_CBL,,10/7/10,16:00,17:00,,4.59,1.87,-1.41,0.24,0.1,-0.07,1.3,0.53,-0.4,"Page, Janie, Sila Kiliccote, Han Dudley, Mary Ann Piette, Albert K. Chiu, Bashar Kellow, Ed Koch, and Paul Lipkin Akuacom. 2011. Automated Demand Response Technology Demonstration for Small and Medium Commercial Buildings."
LimeAmps,field-testing,OAT_MA_CBL,,10/7/10,17:00,18:00,,6.47,1.06,-1.79,0.35,0.06,-0.1,1.83,0.3,-0.51,"Page, Janie, Sila Kiliccote, Han Dudley, Mary Ann Piette, Albert K. Chiu, Bashar Kellow, Ed Koch, and Paul Lipkin Akuacom. 2011. Automated Demand Response Technology Demonstration for Small and Medium Commercial Buildings."
LimeAmps,field-testing,OAT_MA_CBL,,10/7/10,14:00,18:00,,6.47,0.25,-6,0.35,0.01,-0.37,1.83,0.07,-1.7,"Page, Janie, Sila Kiliccote, Han Dudley, Mary Ann Piette, Albert K. Chiu, Bashar Kellow, Ed Koch, and Paul Lipkin Akuacom. 2011. Automated Demand Response Technology Demonstration for Small and Medium Commercial Buildings."
LimeAmps,field-testing,10/10_CBL,,10/7/10,14:00,15:00,,3.22,1.13,-1.2,0.15,0.05,-0.07,0.91,0.32,-0.34,"Page, Janie, Sila Kiliccote, Han Dudley, Mary Ann Piette, Albert K. Chiu, Bashar Kellow, Ed Koch, and Paul Lipkin Akuacom. 2011. Automated Demand Response Technology Demonstration for Small and Medium Commercial Buildings."
LimeAmps,field-testing,10/10_CBL,,10/7/10,15:00,16:00,,6.11,-0.52,-4.86,0.31,-0.04,-0.28,1.73,-0.15,-1.38,"Page, Janie, Sila Kiliccote, Han Dudley, Mary Ann Piette, Albert K. Chiu, Bashar Kellow, Ed Koch, and Paul Lipkin Akuacom. 2011. Automated Demand Response Technology Demonstration for Small and Medium Commercial Buildings."
LimeAmps,field-testing,10/10_CBL,,10/7/10,16:00,17:00,,3,1.15,-0.49,0.17,0.07,-0.02,0.85,0.33,-0.14,"Page, Janie, Sila Kiliccote, Han Dudley, Mary Ann Piette, Albert K. Chiu, Bashar Kellow, Ed Koch, and Paul Lipkin Akuacom. 2011. Automated Demand Response Technology Demonstration for Small and Medium Commercial Buildings."
LimeAmps,field-testing,10/10_CBL,,10/7/10,17:00,18:00,,6.75,0.92,-2.52,0.36,0.05,-0.13,1.91,0.26,-0.71,"Page, Janie, Sila Kiliccote, Han Dudley, Mary Ann Piette, Albert K. Chiu, Bashar Kellow, Ed Koch, and Paul Lipkin Akuacom. 2011. Automated Demand Response Technology Demonstration for Small and Medium Commercial Buildings."
LimeAmps,field-testing,10/10_CBL,,10/7/10,14:00,18:00,,6.75,0.67,-4.86,0.36,0.03,-0.28,1.91,0.19,-1.38,"Page, Janie, Sila Kiliccote, Han Dudley, Mary Ann Piette, Albert K. Chiu, Bashar Kellow, Ed Koch, and Paul Lipkin Akuacom. 2011. Automated Demand Response Technology Demonstration for Small and Medium Commercial Buildings."
LimeAmps,field-testing,OAT_MA_CBL,,10/13/10,14:00,15:00,,5.57,-1.39,-10.03,0.21,-0.08,-0.47,1.58,-0.39,-2.84,"Page, Janie, Sila Kiliccote, Han Dudley, Mary Ann Piette, Albert K. Chiu, Bashar Kellow, Ed Koch, and Paul Lipkin Akuacom. 2011. Automated Demand Response Technology Demonstration for Small and Medium Commercial Buildings."
LimeAmps,field-testing,OAT_MA_CBL,,10/13/10,15:00,16:00,,7.51,1.08,-6.79,0.32,0.03,-0.33,2.13,0.3,-1.92,"Page, Janie, Sila Kiliccote, Han Dudley, Mary Ann Piette, Albert K. Chiu, Bashar Kellow, Ed Koch, and Paul Lipkin Akuacom. 2011. Automated Demand Response Technology Demonstration for Small and Medium Commercial Buildings."
LimeAmps,field-testing,OAT_MA_CBL,,10/13/10,16:00,17:00,,3.45,-0.95,-4.86,0.12,-0.04,-0.2,0.98,-0.27,-1.38,"Page, Janie, Sila Kiliccote, Han Dudley, Mary Ann Piette, Albert K. Chiu, Bashar Kellow, Ed Koch, and Paul Lipkin Akuacom. 2011. Automated Demand Response Technology Demonstration for Small and Medium Commercial Buildings."
LimeAmps,field-testing,OAT_MA_CBL,,10/13/10,17:00,18:00,,2.54,-1.24,-4.48,0.11,-0.05,-0.19,0.72,-0.35,-1.27,"Page, Janie, Sila Kiliccote, Han Dudley, Mary Ann Piette, Albert K. Chiu, Bashar Kellow, Ed Koch, and Paul Lipkin Akuacom. 2011. Automated Demand Response Technology Demonstration for Small and Medium Commercial Buildings."
LimeAmps,field-testing,OAT_MA_CBL,,10/13/10,14:00,18:00,,7.51,-0.63,-10.03,0.32,-0.04,-0.47,2.13,-0.18,-2.84,"Page, Janie, Sila Kiliccote, Han Dudley, Mary Ann Piette, Albert K. Chiu, Bashar Kellow, Ed Koch, and Paul Lipkin Akuacom. 2011. Automated Demand Response Technology Demonstration for Small and Medium Commercial Buildings."
LimeAmps,field-testing,10/10_CBL,,10/13/10,14:00,15:00,,4.76,-1.33,-9.08,0.18,-0.06,-0.4,1.35,-0.38,-2.57,"Page, Janie, Sila Kiliccote, Han Dudley, Mary Ann Piette, Albert K. Chiu, Bashar Kellow, Ed Koch, and Paul Lipkin Akuacom. 2011. Automated Demand Response Technology Demonstration for Small and Medium Commercial Buildings."
LimeAmps,field-testing,10/10_CBL,,10/13/10,15:00,16:00,,5.63,-0.86,-6.64,0.26,-0.04,-0.32,1.6,-0.24,-1.88,"Page, Janie, Sila Kiliccote, Han Dudley, Mary Ann Piette, Albert K. Chiu, Bashar Kellow, Ed Koch, and Paul Lipkin Akuacom. 2011. Automated Demand Response Technology Demonstration for Small and Medium Commercial Buildings."
LimeAmps,field-testing,10/10_CBL,,10/13/10,16:00,17:00,,-0.01,-2.7,-5.52,0,-0.12,-0.23,0,-0.76,-1.56,"Page, Janie, Sila Kiliccote, Han Dudley, Mary Ann Piette, Albert K. Chiu, Bashar Kellow, Ed Koch, and Paul Lipkin Akuacom. 2011. Automated Demand Response Technology Demonstration for Small and Medium Commercial Buildings."
LimeAmps,field-testing,10/10_CBL,,10/13/10,17:00,18:00,,1.63,-1.88,-5.85,0.07,-0.08,-0.26,0.46,-0.53,-1.66,"Page, Janie, Sila Kiliccote, Han Dudley, Mary Ann Piette, Albert K. Chiu, Bashar Kellow, Ed Koch, and Paul Lipkin Akuacom. 2011. Automated Demand Response Technology Demonstration for Small and Medium Commercial Buildings."
LimeAmps,field-testing,10/10_CBL,,10/13/10,14:00,18:00,,5.63,-1.69,-9.08,0.26,-0.08,-0.4,1.6,-0.48,-2.57,"Page, Janie, Sila Kiliccote, Han Dudley, Mary Ann Piette, Albert K. Chiu, Bashar Kellow, Ed Koch, and Paul Lipkin Akuacom. 2011. Automated Demand Response Technology Demonstration for Small and Medium Commercial Buildings."
LimeAmps,field-testing,OAT_MA_CBL,,9/1/10,14:00,15:00,,-2.27,-5.91,-10.12,-0.09,-0.23,-0.39,-0.54,-1.41,-2.41,"Page, Janie, Sila Kiliccote, Han Dudley, Mary Ann Piette, Albert K. Chiu, Bashar Kellow, Ed Koch, and Paul Lipkin Akuacom. 2011. Automated Demand Response Technology Demonstration for Small and Medium Commercial Buildings."
LimeAmps,field-testing,OAT_MA_CBL,,9/1/10,15:00,16:00,,2.54,-3.15,-10.71,0.09,-0.13,-0.45,0.6,-0.75,-2.55,"Page, Janie, Sila Kiliccote, Han Dudley, Mary Ann Piette, Albert K. Chiu, Bashar Kellow, Ed Koch, and Paul Lipkin Akuacom. 2011. Automated Demand Response Technology Demonstration for Small and Medium Commercial Buildings."
LimeAmps,field-testing,OAT_MA_CBL,,9/1/10,16:00,17:00,,6.09,-1.31,-8.9,0.2,-0.06,-0.36,1.45,-0.31,-2.12,"Page, Janie, Sila Kiliccote, Han Dudley, Mary Ann Piette, Albert K. Chiu, Bashar Kellow, Ed Koch, and Paul Lipkin Akuacom. 2011. Automated Demand Response Technology Demonstration for Small and Medium Commercial Buildings."
LimeAmps,field-testing,OAT_MA_CBL,,9/1/10,17:00,18:00,,6.5,1.96,-5.55,0.19,0.05,-0.2,1.55,0.47,-1.32,"Page, Janie, Sila Kiliccote, Han Dudley, Mary Ann Piette, Albert K. Chiu, Bashar Kellow, Ed Koch, and Paul Lipkin Akuacom. 2011. Automated Demand Response Technology Demonstration for Small and Medium Commercial Buildings."
LimeAmps,field-testing,OAT_MA_CBL,,9/1/10,14:00,18:00,,6.5,-2.1,-10.71,0.2,-0.09,-0.45,1.55,-0.5,-2.55,"Page, Janie, Sila Kiliccote, Han Dudley, Mary Ann Piette, Albert K. Chiu, Bashar Kellow, Ed Koch, and Paul Lipkin Akuacom. 2011. Automated Demand Response Technology Demonstration for Small and Medium Commercial Buildings."
LimeAmps,field-testing,10/10_CBL,,9/1/10,14:00,15:00,,-5.86,-9.13,-13.79,-0.28,-0.4,-0.63,-1.39,-2.17,-3.28,"Page, Janie, Sila Kiliccote, Han Dudley, Mary Ann Piette, Albert K. Chiu, Bashar Kellow, Ed Koch, and Paul Lipkin Akuacom. 2011. Automated Demand Response Technology Demonstration for Small and Medium Commercial Buildings."
LimeAmps,field-testing,10/10_CBL,,9/1/10,15:00,16:00,,-3.81,-8.31,-14.1,-0.18,-0.41,-0.69,-0.91,-1.98,-3.36,"Page, Janie, Sila Kiliccote, Han Dudley, Mary Ann Piette, Albert K. Chiu, Bashar Kellow, Ed Koch, and Paul Lipkin Akuacom. 2011. Automated Demand Response Technology Demonstration for Small and Medium Commercial Buildings."
LimeAmps,field-testing,10/10_CBL,,9/1/10,16:00,17:00,,0.3,-5.94,-12.94,0.01,-0.27,-0.62,0.07,-1.41,-3.08,"Page, Janie, Sila Kiliccote, Han Dudley, Mary Ann Piette, Albert K. Chiu, Bashar Kellow, Ed Koch, and Paul Lipkin Akuacom. 2011. Automated Demand Response Technology Demonstration for Small and Medium Commercial Buildings."
LimeAmps,field-testing,10/10_CBL,,9/1/10,17:00,18:00,,-4.13,-5.17,-7.2,-0.16,-0.21,-0.27,-0.98,-1.23,-1.72,"Page, Janie, Sila Kiliccote, Han Dudley, Mary Ann Piette, Albert K. Chiu, Bashar Kellow, Ed Koch, and Paul Lipkin Akuacom. 2011. Automated Demand Response Technology Demonstration for Small and Medium Commercial Buildings."
LimeAmps,field-testing,10/10_CBL,,9/1/10,14:00,18:00,,0.3,-7.14,-14.1,0.01,-0.32,-0.69,0.07,-1.7,-3.36,"Page, Janie, Sila Kiliccote, Han Dudley, Mary Ann Piette, Albert K. Chiu, Bashar Kellow, Ed Koch, and Paul Lipkin Akuacom. 2011. Automated Demand Response Technology Demonstration for Small and Medium Commercial Buildings."
LimeAmps,field-testing,OAT_MA_CBL,,9/2/10,14:00,15:00,,3.22,-0.95,-8.12,0.1,-0.03,-0.28,0.77,-0.23,-1.93,"Page, Janie, Sila Kiliccote, Han Dudley, Mary Ann Piette, Albert K. Chiu, Bashar Kellow, Ed Koch, and Paul Lipkin Akuacom. 2011. Automated Demand Response Technology Demonstration for Small and Medium Commercial Buildings."
LimeAmps,field-testing,OAT_MA_CBL,,9/2/10,15:00,16:00,,10.77,6,0.96,0.36,0.21,0.04,2.56,1.43,0.23,"Page, Janie, Sila Kiliccote, Han Dudley, Mary Ann Piette, Albert K. Chiu, Bashar Kellow, Ed Koch, and Paul Lipkin Akuacom. 2011. Automated Demand Response Technology Demonstration for Small and Medium Commercial Buildings."
LimeAmps,field-testing,OAT_MA_CBL,,9/2/10,16:00,17:00,,6.55,2.84,-2.13,0.21,0.09,-0.08,1.56,0.68,-0.51,"Page, Janie, Sila Kiliccote, Han Dudley, Mary Ann Piette, Albert K. Chiu, Bashar Kellow, Ed Koch, and Paul Lipkin Akuacom. 2011. Automated Demand Response Technology Demonstration for Small and Medium Commercial Buildings."
LimeAmps,field-testing,OAT_MA_CBL,,9/2/10,17:00,18:00,,6.59,2,-2.03,0.2,0.06,-0.07,1.57,0.48,-0.48,"Page, Janie, Sila Kiliccote, Han Dudley, Mary Ann Piette, Albert K. Chiu, Bashar Kellow, Ed Koch, and Paul Lipkin Akuacom. 2011. Automated Demand Response Technology Demonstration for Small and Medium Commercial Buildings."
LimeAmps,field-testing,OAT_MA_CBL,,9/2/10,14:00,18:00,,10.77,2.47,-8.12,0.36,0.08,-0.28,2.56,0.59,-1.93,"Page, Janie, Sila Kiliccote, Han Dudley, Mary Ann Piette, Albert K. Chiu, Bashar Kellow, Ed Koch, and Paul Lipkin Akuacom. 2011. Automated Demand Response Technology Demonstration for Small and Medium Commercial Buildings."
LimeAmps,field-testing,10/10_CBL,,9/2/10,14:00,15:00,,0.06,-4.98,-12.73,0,-0.21,-0.53,0.01,-1.19,-3.03,"Page, Janie, Sila Kiliccote, Han Dudley, Mary Ann Piette, Albert K. Chiu, Bashar Kellow, Ed Koch, and Paul Lipkin Akuacom. 2011. Automated Demand Response Technology Demonstration for Small and Medium Commercial Buildings."
LimeAmps,field-testing,10/10_CBL,,9/2/10,15:00,16:00,,5.77,0.47,-3.13,0.26,0.02,-0.13,1.37,0.11,-0.75,"Page, Janie, Sila Kiliccote, Han Dudley, Mary Ann Piette, Albert K. Chiu, Bashar Kellow, Ed Koch, and Paul Lipkin Akuacom. 2011. Automated Demand Response Technology Demonstration for Small and Medium Commercial Buildings."
LimeAmps,field-testing,10/10_CBL,,9/2/10,16:00,17:00,,2.77,-0.7,-2.81,0.1,-0.03,-0.12,0.66,-0.17,-0.67,"Page, Janie, Sila Kiliccote, Han Dudley, Mary Ann Piette, Albert K. Chiu, Bashar Kellow, Ed Koch, and Paul Lipkin Akuacom. 2011. Automated Demand Response Technology Demonstration for Small and Medium Commercial Buildings."
LimeAmps,field-testing,10/10_CBL,,9/2/10,17:00,18:00,,-0.3,-2.28,-6.06,-0.01,-0.08,-0.23,-0.07,-0.54,-1.44,"Page, Janie, Sila Kiliccote, Han Dudley, Mary Ann Piette, Albert K. Chiu, Bashar Kellow, Ed Koch, and Paul Lipkin Akuacom. 2011. Automated Demand Response Technology Demonstration for Small and Medium Commercial Buildings."
LimeAmps,field-testing,10/10_CBL,,9/2/10,14:00,18:00,,5.77,-1.88,-12.73,0.26,-0.08,-0.53,1.37,-0.45,-3.03,"Page, Janie, Sila Kiliccote, Han Dudley, Mary Ann Piette, Albert K. Chiu, Bashar Kellow, Ed Koch, and Paul Lipkin Akuacom. 2011. Automated Demand Response Technology Demonstration for Small and Medium Commercial Buildings."
LimeAmps,field-testing,OAT_MA_CBL,,9/24/10,14:00,15:00,,7.81,5,3.61,0.28,0.17,0.12,1.86,1.19,0.86,"Page, Janie, Sila Kiliccote, Han Dudley, Mary Ann Piette, Albert K. Chiu, Bashar Kellow, Ed Koch, and Paul Lipkin Akuacom. 2011. Automated Demand Response Technology Demonstration for Small and Medium Commercial Buildings."
LimeAmps,field-testing,OAT_MA_CBL,,9/24/10,15:00,16:00,,11.2,3.76,-2.93,0.41,0.13,-0.12,2.67,0.9,-0.7,"Page, Janie, Sila Kiliccote, Han Dudley, Mary Ann Piette, Albert K. Chiu, Bashar Kellow, Ed Koch, and Paul Lipkin Akuacom. 2011. Automated Demand Response Technology Demonstration for Small and Medium Commercial Buildings."
LimeAmps,field-testing,OAT_MA_CBL,,9/24/10,16:00,17:00,,2.59,1.35,-0.32,0.1,0.05,-0.01,0.62,0.32,-0.08,"Page, Janie, Sila Kiliccote, Han Dudley, Mary Ann Piette, Albert K. Chiu, Bashar Kellow, Ed Koch, and Paul Lipkin Akuacom. 2011. Automated Demand Response Technology Demonstration for Small and Medium Commercial Buildings."
LimeAmps,field-testing,OAT_MA_CBL,,9/24/10,17:00,18:00,,-0.5,-2.99,-6.29,-0.02,-0.1,-0.21,-0.12,-0.71,-1.5,"Page, Janie, Sila Kiliccote, Han Dudley, Mary Ann Piette, Albert K. Chiu, Bashar Kellow, Ed Koch, and Paul Lipkin Akuacom. 2011. Automated Demand Response Technology Demonstration for Small and Medium Commercial Buildings."
LimeAmps,field-testing,OAT_MA_CBL,,9/24/10,14:00,18:00,,11.2,1.78,-6.29,0.41,0.06,-0.21,2.67,0.42,-1.5,"Page, Janie, Sila Kiliccote, Han Dudley, Mary Ann Piette, Albert K. Chiu, Bashar Kellow, Ed Koch, and Paul Lipkin Akuacom. 2011. Automated Demand Response Technology Demonstration for Small and Medium Commercial Buildings."
LimeAmps,field-testing,10/10_CBL,,9/24/10,14:00,15:00,,4.69,1.54,-0.22,0.19,0.06,-0.01,1.12,0.37,-0.05,"Page, Janie, Sila Kiliccote, Han Dudley, Mary Ann Piette, Albert K. Chiu, Bashar Kellow, Ed Koch, and Paul Lipkin Akuacom. 2011. Automated Demand Response Technology Demonstration for Small and Medium Commercial Buildings."
LimeAmps,field-testing,10/10_CBL,,9/24/10,15:00,16:00,,8.62,1.33,-4.1,0.35,0.05,-0.17,2.05,0.32,-0.98,"Page, Janie, Sila Kiliccote, Han Dudley, Mary Ann Piette, Albert K. Chiu, Bashar Kellow, Ed Koch, and Paul Lipkin Akuacom. 2011. Automated Demand Response Technology Demonstration for Small and Medium Commercial Buildings."
LimeAmps,field-testing,10/10_CBL,,9/24/10,16:00,17:00,,0.37,-1.51,-4.08,0.02,-0.05,-0.14,0.09,-0.36,-0.97,"Page, Janie, Sila Kiliccote, Han Dudley, Mary Ann Piette, Albert K. Chiu, Bashar Kellow, Ed Koch, and Paul Lipkin Akuacom. 2011. Automated Demand Response Technology Demonstration for Small and Medium Commercial Buildings."
LimeAmps,field-testing,10/10_CBL,,9/24/10,17:00,18:00,,-2.95,-5.22,-8.38,-0.1,-0.18,-0.3,-0.7,-1.24,-2,"Page, Janie, Sila Kiliccote, Han Dudley, Mary Ann Piette, Albert K. Chiu, Bashar Kellow, Ed Koch, and Paul Lipkin Akuacom. 2011. Automated Demand Response Technology Demonstration for Small and Medium Commercial Buildings."
LimeAmps,field-testing,10/10_CBL,,9/24/10,14:00,18:00,,8.62,-0.97,-8.38,0.35,-0.03,-0.3,2.05,-0.23,-2,"Page, Janie, Sila Kiliccote, Han Dudley, Mary Ann Piette, Albert K. Chiu, Bashar Kellow, Ed Koch, and Paul Lipkin Akuacom. 2011. Automated Demand Response Technology Demonstration for Small and Medium Commercial Buildings."
LimeAmps,field-testing,OAT_MA_CBL,,10/7/10,14:00,15:00,,1.54,-1.57,-3.28,0.06,-0.07,-0.15,0.37,-0.37,-0.78,"Page, Janie, Sila Kiliccote, Han Dudley, Mary Ann Piette, Albert K. Chiu, Bashar Kellow, Ed Koch, and Paul Lipkin Akuacom. 2011. Automated Demand Response Technology Demonstration for Small and Medium Commercial Buildings."
LimeAmps,field-testing,OAT_MA_CBL,,10/7/10,15:00,16:00,,-0.9,-1.95,-3.64,-0.04,-0.09,-0.18,-0.22,-0.47,-0.87,"Page, Janie, Sila Kiliccote, Han Dudley, Mary Ann Piette, Albert K. Chiu, Bashar Kellow, Ed Koch, and Paul Lipkin Akuacom. 2011. Automated Demand Response Technology Demonstration for Small and Medium Commercial Buildings."
LimeAmps,field-testing,OAT_MA_CBL,,10/7/10,16:00,17:00,,0.97,-1.22,-3.43,0.05,-0.08,-0.22,0.23,-0.29,-0.82,"Page, Janie, Sila Kiliccote, Han Dudley, Mary Ann Piette, Albert K. Chiu, Bashar Kellow, Ed Koch, and Paul Lipkin Akuacom. 2011. Automated Demand Response Technology Demonstration for Small and Medium Commercial Buildings."
LimeAmps,field-testing,OAT_MA_CBL,,10/7/10,17:00,18:00,,1.75,0.71,0.08,0.09,0.04,0,0.42,0.17,0.02,"Page, Janie, Sila Kiliccote, Han Dudley, Mary Ann Piette, Albert K. Chiu, Bashar Kellow, Ed Koch, and Paul Lipkin Akuacom. 2011. Automated Demand Response Technology Demonstration for Small and Medium Commercial Buildings."
LimeAmps,field-testing,OAT_MA_CBL,,10/7/10,14:00,18:00,,1.75,-1.01,-3.64,0.09,-0.05,-0.22,0.42,-0.24,-0.87,"Page, Janie, Sila Kiliccote, Han Dudley, Mary Ann Piette, Albert K. Chiu, Bashar Kellow, Ed Koch, and Paul Lipkin Akuacom. 2011. Automated Demand Response Technology Demonstration for Small and Medium Commercial Buildings."
LimeAmps,field-testing,10/10_CBL,,10/7/10,14:00,15:00,,0.3,-1.37,-2.86,0.01,-0.06,-0.13,0.07,-0.33,-0.68,"Page, Janie, Sila Kiliccote, Han Dudley, Mary Ann Piette, Albert K. Chiu, Bashar Kellow, Ed Koch, and Paul Lipkin Akuacom. 2011. Automated Demand Response Technology Demonstration for Small and Medium Commercial Buildings."
LimeAmps,field-testing,10/10_CBL,,10/7/10,15:00,16:00,,0.34,-0.41,-1.04,0.01,-0.02,-0.05,0.08,-0.1,-0.25,"Page, Janie, Sila Kiliccote, Han Dudley, Mary Ann Piette, Albert K. Chiu, Bashar Kellow, Ed Koch, and Paul Lipkin Akuacom. 2011. Automated Demand Response Technology Demonstration for Small and Medium Commercial Buildings."
LimeAmps,field-testing,10/10_CBL,,10/7/10,16:00,17:00,,4.35,1.99,0.94,0.2,0.1,0.05,1.04,0.47,0.22,"Page, Janie, Sila Kiliccote, Han Dudley, Mary Ann Piette, Albert K. Chiu, Bashar Kellow, Ed Koch, and Paul Lipkin Akuacom. 2011. Automated Demand Response Technology Demonstration for Small and Medium Commercial Buildings."
LimeAmps,field-testing,10/10_CBL,,10/7/10,17:00,18:00,,4.85,3.93,2.86,0.23,0.19,0.14,1.15,0.94,0.68,"Page, Janie, Sila Kiliccote, Han Dudley, Mary Ann Piette, Albert K. Chiu, Bashar Kellow, Ed Koch, and Paul Lipkin Akuacom. 2011. Automated Demand Response Technology Demonstration for Small and Medium Commercial Buildings."
LimeAmps,field-testing,10/10_CBL,,10/7/10,14:00,18:00,,4.85,1.03,-2.86,0.23,0.05,-0.13,1.15,0.25,-0.68,"Page, Janie, Sila Kiliccote, Han Dudley, Mary Ann Piette, Albert K. Chiu, Bashar Kellow, Ed Koch, and Paul Lipkin Akuacom. 2011. Automated Demand Response Technology Demonstration for Small and Medium Commercial Buildings."
LimeAmps,field-testing,OAT_MA_CBL,,10/13/10,14:00,15:00,,3.82,2.73,1.49,0.14,0.1,0.06,0.91,0.65,0.35,"Page, Janie, Sila Kiliccote, Han Dudley, Mary Ann Piette, Albert K. Chiu, Bashar Kellow, Ed Koch, and Paul Lipkin Akuacom. 2011. Automated Demand Response Technology Demonstration for Small and Medium Commercial Buildings."
LimeAmps,field-testing,OAT_MA_CBL,,10/13/10,15:00,16:00,,3.28,-3.89,-7.99,0.12,-0.16,-0.33,0.78,-0.93,-1.9,"Page, Janie, Sila Kiliccote, Han Dudley, Mary Ann Piette, Albert K. Chiu, Bashar Kellow, Ed Koch, and Paul Lipkin Akuacom. 2011. Automated Demand Response Technology Demonstration for Small and Medium Commercial Buildings."
LimeAmps,field-testing,OAT_MA_CBL,,10/13/10,16:00,17:00,,4.27,1.48,-0.86,0.14,0.05,-0.03,1.02,0.35,-0.21,"Page, Janie, Sila Kiliccote, Han Dudley, Mary Ann Piette, Albert K. Chiu, Bashar Kellow, Ed Koch, and Paul Lipkin Akuacom. 2011. Automated Demand Response Technology Demonstration for Small and Medium Commercial Buildings."
LimeAmps,field-testing,OAT_MA_CBL,,10/13/10,17:00,18:00,,-4.39,-5.33,-6.21,-0.17,-0.2,-0.24,-1.05,-1.27,-1.48,"Page, Janie, Sila Kiliccote, Han Dudley, Mary Ann Piette, Albert K. Chiu, Bashar Kellow, Ed Koch, and Paul Lipkin Akuacom. 2011. Automated Demand Response Technology Demonstration for Small and Medium Commercial Buildings."
LimeAmps,field-testing,OAT_MA_CBL,,10/13/10,14:00,18:00,,4.27,-1.25,-7.99,0.14,-0.05,-0.33,1.02,-0.3,-1.9,"Page, Janie, Sila Kiliccote, Han Dudley, Mary Ann Piette, Albert K. Chiu, Bashar Kellow, Ed Koch, and Paul Lipkin Akuacom. 2011. Automated Demand Response Technology Demonstration for Small and Medium Commercial Buildings."
LimeAmps,field-testing,10/10_CBL,,10/13/10,14:00,15:00,,1.71,-1.14,-3.52,0.07,-0.05,-0.16,0.41,-0.27,-0.84,"Page, Janie, Sila Kiliccote, Han Dudley, Mary Ann Piette, Albert K. Chiu, Bashar Kellow, Ed Koch, and Paul Lipkin Akuacom. 2011. Automated Demand Response Technology Demonstration for Small and Medium Commercial Buildings."
LimeAmps,field-testing,10/10_CBL,,10/13/10,15:00,16:00,,-4.82,-9.28,-12.61,-0.24,-0.45,-0.65,-1.15,-2.21,-3,"Page, Janie, Sila Kiliccote, Han Dudley, Mary Ann Piette, Albert K. Chiu, Bashar Kellow, Ed Koch, and Paul Lipkin Akuacom. 2011. Automated Demand Response Technology Demonstration for Small and Medium Commercial Buildings."
LimeAmps,field-testing,10/10_CBL,,10/13/10,16:00,17:00,,-2.12,-3.43,-5.78,-0.09,-0.16,-0.26,-0.51,-0.82,-1.38,"Page, Janie, Sila Kiliccote, Han Dudley, Mary Ann Piette, Albert K. Chiu, Bashar Kellow, Ed Koch, and Paul Lipkin Akuacom. 2011. Automated Demand Response Technology Demonstration for Small and Medium Commercial Buildings."
LimeAmps,field-testing,10/10_CBL,,10/13/10,17:00,18:00,,-4.99,-6.97,-7.93,-0.2,-0.28,-0.32,-1.19,-1.66,-1.89,"Page, Janie, Sila Kiliccote, Han Dudley, Mary Ann Piette, Albert K. Chiu, Bashar Kellow, Ed Koch, and Paul Lipkin Akuacom. 2011. Automated Demand Response Technology Demonstration for Small and Medium Commercial Buildings."
LimeAmps,field-testing,10/10_CBL,,10/13/10,14:00,18:00,,1.71,-5.2,-12.61,0.07,-0.24,-0.65,0.41,-1.24,-3,"Page, Janie, Sila Kiliccote, Han Dudley, Mary Ann Piette, Albert K. Chiu, Bashar Kellow, Ed Koch, and Paul Lipkin Akuacom. 2011. Automated Demand Response Technology Demonstration for Small and Medium Commercial Buildings."
Our Home Spaces,field-testing,OAT_MA_CBL,,9/1/10,14:00,18:00,,0.23,-1.79,-4.1,0.18,-2.38,-16.53,0.29,-2.23,-5.13,"Page, Janie, Sila Kiliccote, Han Dudley, Mary Ann Piette, Albert K. Chiu, Bashar Kellow, Ed Koch, and Paul Lipkin Akuacom. 2011. Automated Demand Response Technology Demonstration for Small and Medium Commercial Buildings."
Our Home Spaces,field-testing,10/10_CBL,,9/1/10,14:00,18:00,,0.53,-1.55,-3.89,0.31,-1.82,-13.61,0.66,-1.94,-4.87,"Page, Janie, Sila Kiliccote, Han Dudley, Mary Ann Piette, Albert K. Chiu, Bashar Kellow, Ed Koch, and Paul Lipkin Akuacom. 2011. Automated Demand Response Technology Demonstration for Small and Medium Commercial Buildings."
Our Home Spaces,field-testing,OAT_MA_CBL,,9/24/10,14:00,15:00,,0.48,-0.31,-1.16,0.13,-0.11,-0.42,0.6,-0.38,-1.45,"Page, Janie, Sila Kiliccote, Han Dudley, Mary Ann Piette, Albert K. Chiu, Bashar Kellow, Ed Koch, and Paul Lipkin Akuacom. 2011. Automated Demand Response Technology Demonstration for Small and Medium Commercial Buildings."
Our Home Spaces,field-testing,OAT_MA_CBL,,9/24/10,15:00,16:00,,0.32,-0.5,-1.92,0.09,-0.33,-1.27,0.41,-0.63,-2.4,"Page, Janie, Sila Kiliccote, Han Dudley, Mary Ann Piette, Albert K. Chiu, Bashar Kellow, Ed Koch, and Paul Lipkin Akuacom. 2011. Automated Demand Response Technology Demonstration for Small and Medium Commercial Buildings."
Our Home Spaces,field-testing,OAT_MA_CBL,,9/24/10,16:00,17:00,,2.36,0.88,-1.41,0.95,0.43,-0.72,2.95,1.1,-1.76,"Page, Janie, Sila Kiliccote, Han Dudley, Mary Ann Piette, Albert K. Chiu, Bashar Kellow, Ed Koch, and Paul Lipkin Akuacom. 2011. Automated Demand Response Technology Demonstration for Small and Medium Commercial Buildings."
Our Home Spaces,field-testing,OAT_MA_CBL,,9/24/10,17:00,18:00,,2.02,1.53,1.06,0.93,0.91,0.89,2.53,1.92,1.33,"Page, Janie, Sila Kiliccote, Han Dudley, Mary Ann Piette, Albert K. Chiu, Bashar Kellow, Ed Koch, and Paul Lipkin Akuacom. 2011. Automated Demand Response Technology Demonstration for Small and Medium Commercial Buildings."
Our Home Spaces,field-testing,OAT_MA_CBL,,9/24/10,14:00,18:00,,2.36,0.4,-1.92,0.95,0.23,-1.27,2.95,0.5,-2.4,"Page, Janie, Sila Kiliccote, Han Dudley, Mary Ann Piette, Albert K. Chiu, Bashar Kellow, Ed Koch, and Paul Lipkin Akuacom. 2011. Automated Demand Response Technology Demonstration for Small and Medium Commercial Buildings."
Our Home Spaces,field-testing,10/10_CBL,,9/24/10,14:00,15:00,,-1.13,-1.94,-2.53,-0.55,-1.22,-1.73,-1.41,-2.42,-3.17,"Page, Janie, Sila Kiliccote, Han Dudley, Mary Ann Piette, Albert K. Chiu, Bashar Kellow, Ed Koch, and Paul Lipkin Akuacom. 2011. Automated Demand Response Technology Demonstration for Small and Medium Commercial Buildings."
Our Home Spaces,field-testing,10/10_CBL,,9/24/10,15:00,16:00,,-0.97,-1.14,-1.39,-0.47,-0.55,-0.63,-1.22,-1.42,-1.74,"Page, Janie, Sila Kiliccote, Han Dudley, Mary Ann Piette, Albert K. Chiu, Bashar Kellow, Ed Koch, and Paul Lipkin Akuacom. 2011. Automated Demand Response Technology Demonstration for Small and Medium Commercial Buildings."
Our Home Spaces,field-testing,10/10_CBL,,9/24/10,16:00,17:00,,1.88,0.77,-1.29,0.93,0.44,-0.62,2.35,0.96,-1.61,"Page, Janie, Sila Kiliccote, Han Dudley, Mary Ann Piette, Albert K. Chiu, Bashar Kellow, Ed Koch, and Paul Lipkin Akuacom. 2011. Automated Demand Response Technology Demonstration for Small and Medium Commercial Buildings."
Our Home Spaces,field-testing,10/10_CBL,,9/24/10,17:00,18:00,,1.52,1.47,1.42,0.92,0.9,0.87,1.9,1.84,1.77,"Page, Janie, Sila Kiliccote, Han Dudley, Mary Ann Piette, Albert K. Chiu, Bashar Kellow, Ed Koch, and Paul Lipkin Akuacom. 2011. Automated Demand Response Technology Demonstration for Small and Medium Commercial Buildings."
Our Home Spaces,field-testing,10/10_CBL,,9/24/10,14:00,18:00,,1.88,-0.21,-2.53,0.93,-0.1,-1.73,2.35,-0.26,-3.17,"Page, Janie, Sila Kiliccote, Han Dudley, Mary Ann Piette, Albert K. Chiu, Bashar Kellow, Ed Koch, and Paul Lipkin Akuacom. 2011. Automated Demand Response Technology Demonstration for Small and Medium Commercial Buildings."
Our Home Spaces,field-testing,OAT_MA_CBL,,9/27/10,14:00,15:00,,4.52,2.92,1.1,0.46,0.36,0.15,5.65,3.66,1.38,"Page, Janie, Sila Kiliccote, Han Dudley, Mary Ann Piette, Albert K. Chiu, Bashar Kellow, Ed Koch, and Paul Lipkin Akuacom. 2011. Automated Demand Response Technology Demonstration for Small and Medium Commercial Buildings."
Our Home Spaces,field-testing,OAT_MA_CBL,,9/27/10,15:00,16:00,,6.01,2.43,-0.37,0.88,0.29,-0.28,7.51,3.04,-0.46,"Page, Janie, Sila Kiliccote, Han Dudley, Mary Ann Piette, Albert K. Chiu, Bashar Kellow, Ed Koch, and Paul Lipkin Akuacom. 2011. Automated Demand Response Technology Demonstration for Small and Medium Commercial Buildings."
Our Home Spaces,field-testing,OAT_MA_CBL,,9/27/10,16:00,17:00,,5.13,3.57,1.68,0.98,0.96,0.94,6.41,4.46,2.1,"Page, Janie, Sila Kiliccote, Han Dudley, Mary Ann Piette, Albert K. Chiu, Bashar Kellow, Ed Koch, and Paul Lipkin Akuacom. 2011. Automated Demand Response Technology Demonstration for Small and Medium Commercial Buildings."
Our Home Spaces,field-testing,OAT_MA_CBL,,9/27/10,17:00,18:00,,4.71,2.95,1.32,0.98,0.94,0.86,5.89,3.68,1.65,"Page, Janie, Sila Kiliccote, Han Dudley, Mary Ann Piette, Albert K. Chiu, Bashar Kellow, Ed Koch, and Paul Lipkin Akuacom. 2011. Automated Demand Response Technology Demonstration for Small and Medium Commercial Buildings."
Our Home Spaces,field-testing,OAT_MA_CBL,,9/27/10,14:00,18:00,,6.01,2.97,-0.37,0.98,0.64,-0.28,7.51,3.71,-0.46,"Page, Janie, Sila Kiliccote, Han Dudley, Mary Ann Piette, Albert K. Chiu, Bashar Kellow, Ed Koch, and Paul Lipkin Akuacom. 2011. Automated Demand Response Technology Demonstration for Small and Medium Commercial Buildings."
Our Home Spaces,field-testing,10/10_CBL,,9/27/10,14:00,15:00,,-2.14,-3.43,-4.62,-1.5,-2.1,-3.16,-2.67,-4.28,-5.78,"Page, Janie, Sila Kiliccote, Han Dudley, Mary Ann Piette, Albert K. Chiu, Bashar Kellow, Ed Koch, and Paul Lipkin Akuacom. 2011. Automated Demand Response Technology Demonstration for Small and Medium Commercial Buildings."
Our Home Spaces,field-testing,10/10_CBL,,9/27/10,15:00,16:00,,1.4,-1.2,-3.52,0.64,-0.67,-1.89,1.75,-1.5,-4.4,"Page, Janie, Sila Kiliccote, Han Dudley, Mary Ann Piette, Albert K. Chiu, Bashar Kellow, Ed Koch, and Paul Lipkin Akuacom. 2011. Automated Demand Response Technology Demonstration for Small and Medium Commercial Buildings."
Our Home Spaces,field-testing,10/10_CBL,,9/27/10,16:00,17:00,,1.99,1.77,1.51,0.96,0.94,0.9,2.49,2.22,1.88,"Page, Janie, Sila Kiliccote, Han Dudley, Mary Ann Piette, Albert K. Chiu, Bashar Kellow, Ed Koch, and Paul Lipkin Akuacom. 2011. Automated Demand Response Technology Demonstration for Small and Medium Commercial Buildings."
Our Home Spaces,field-testing,10/10_CBL,,9/27/10,17:00,18:00,,1.56,1.48,1.42,0.93,0.91,0.87,1.96,1.85,1.78,"Page, Janie, Sila Kiliccote, Han Dudley, Mary Ann Piette, Albert K. Chiu, Bashar Kellow, Ed Koch, and Paul Lipkin Akuacom. 2011. Automated Demand Response Technology Demonstration for Small and Medium Commercial Buildings."
Our Home Spaces,field-testing,10/10_CBL,,9/27/10,14:00,18:00,,1.99,-0.34,-4.62,0.96,-0.23,-3.16,2.49,-0.43,-5.78,"Page, Janie, Sila Kiliccote, Han Dudley, Mary Ann Piette, Albert K. Chiu, Bashar Kellow, Ed Koch, and Paul Lipkin Akuacom. 2011. Automated Demand Response Technology Demonstration for Small and Medium Commercial Buildings."
Our Home Spaces,field-testing,OAT_MA_CBL,,9/28/10,14:00,15:00,,1.12,0.32,-0.64,0.18,0.05,-0.14,1.39,0.4,-0.8,"Page, Janie, Sila Kiliccote, Han Dudley, Mary Ann Piette, Albert K. Chiu, Bashar Kellow, Ed Koch, and Paul Lipkin Akuacom. 2011. Automated Demand Response Technology Demonstration for Small and Medium Commercial Buildings."
Our Home Spaces,field-testing,OAT_MA_CBL,,9/28/10,15:00,16:00,,0.24,-0.95,-3.03,0.05,-1.02,-3.9,0.3,-1.18,-3.79,"Page, Janie, Sila Kiliccote, Han Dudley, Mary Ann Piette, Albert K. Chiu, Bashar Kellow, Ed Koch, and Paul Lipkin Akuacom. 2011. Automated Demand Response Technology Demonstration for Small and Medium Commercial Buildings."
Our Home Spaces,field-testing,OAT_MA_CBL,,9/28/10,16:00,17:00,,-1.04,-2.25,-3.59,-0.32,-1.39,-3.23,-1.3,-2.82,-4.48,"Page, Janie, Sila Kiliccote, Han Dudley, Mary Ann Piette, Albert K. Chiu, Bashar Kellow, Ed Koch, and Paul Lipkin Akuacom. 2011. Automated Demand Response Technology Demonstration for Small and Medium Commercial Buildings."
Our Home Spaces,field-testing,OAT_MA_CBL,,9/28/10,17:00,18:00,,2.62,1.57,0.68,0.89,0.79,0.68,3.28,1.97,0.85,"Page, Janie, Sila Kiliccote, Han Dudley, Mary Ann Piette, Albert K. Chiu, Bashar Kellow, Ed Koch, and Paul Lipkin Akuacom. 2011. Automated Demand Response Technology Demonstration for Small and Medium Commercial Buildings."
Our Home Spaces,field-testing,OAT_MA_CBL,,9/28/10,14:00,18:00,,2.62,-0.33,-3.59,0.89,-0.39,-3.9,3.28,-0.41,-4.48,"Page, Janie, Sila Kiliccote, Han Dudley, Mary Ann Piette, Albert K. Chiu, Bashar Kellow, Ed Koch, and Paul Lipkin Akuacom. 2011. Automated Demand Response Technology Demonstration for Small and Medium Commercial Buildings."
Our Home Spaces,field-testing,10/10_CBL,,9/28/10,14:00,15:00,,-2.28,-3.18,-3.81,-1.55,-1.95,-2.6,-2.85,-3.98,-4.76,"Page, Janie, Sila Kiliccote, Han Dudley, Mary Ann Piette, Albert K. Chiu, Bashar Kellow, Ed Koch, and Paul Lipkin Akuacom. 2011. Automated Demand Response Technology Demonstration for Small and Medium Commercial Buildings."
Our Home Spaces,field-testing,10/10_CBL,,9/28/10,15:00,16:00,,-1.48,-2.45,-2.87,-0.63,-1.2,-1.55,-1.85,-3.06,-3.58,"Page, Janie, Sila Kiliccote, Han Dudley, Mary Ann Piette, Albert K. Chiu, Bashar Kellow, Ed Koch, and Paul Lipkin Akuacom. 2011. Automated Demand Response Technology Demonstration for Small and Medium Commercial Buildings."
Our Home Spaces,field-testing,10/10_CBL,,9/28/10,16:00,17:00,,-2.25,-2.64,-3.09,-1.12,-1.42,-1.92,-2.81,-3.3,-3.86,"Page, Janie, Sila Kiliccote, Han Dudley, Mary Ann Piette, Albert K. Chiu, Bashar Kellow, Ed Koch, and Paul Lipkin Akuacom. 2011. Automated Demand Response Technology Demonstration for Small and Medium Commercial Buildings."
Our Home Spaces,field-testing,10/10_CBL,,9/28/10,17:00,18:00,,1.34,1.28,1.12,0.81,0.79,0.73,1.68,1.6,1.41,"Page, Janie, Sila Kiliccote, Han Dudley, Mary Ann Piette, Albert K. Chiu, Bashar Kellow, Ed Koch, and Paul Lipkin Akuacom. 2011. Automated Demand Response Technology Demonstration for Small and Medium Commercial Buildings."
Our Home Spaces,field-testing,10/10_CBL,,9/28/10,14:00,18:00,,1.34,-1.75,-3.81,0.81,-0.95,-2.6,1.68,-2.19,-4.76,"Page, Janie, Sila Kiliccote, Han Dudley, Mary Ann Piette, Albert K. Chiu, Bashar Kellow, Ed Koch, and Paul Lipkin Akuacom. 2011. Automated Demand Response Technology Demonstration for Small and Medium Commercial Buildings."
Our Home Spaces,field-testing,OAT_MA_CBL,,10/13/10,14:00,15:00,,0.32,0.26,0.18,0.81,0.68,0.48,0.4,0.32,0.22,"Page, Janie, Sila Kiliccote, Han Dudley, Mary Ann Piette, Albert K. Chiu, Bashar Kellow, Ed Koch, and Paul Lipkin Akuacom. 2011. Automated Demand Response Technology Demonstration for Small and Medium Commercial Buildings."
Our Home Spaces,field-testing,OAT_MA_CBL,,10/13/10,15:00,16:00,,0.34,0.25,0.11,0.81,0.67,0.34,0.43,0.32,0.14,"Page, Janie, Sila Kiliccote, Han Dudley, Mary Ann Piette, Albert K. Chiu, Bashar Kellow, Ed Koch, and Paul Lipkin Akuacom. 2011. Automated Demand Response Technology Demonstration for Small and Medium Commercial Buildings."
Our Home Spaces,field-testing,OAT_MA_CBL,,10/13/10,16:00,17:00,,0.28,0.21,0.09,0.77,0.62,0.32,0.35,0.26,0.12,"Page, Janie, Sila Kiliccote, Han Dudley, Mary Ann Piette, Albert K. Chiu, Bashar Kellow, Ed Koch, and Paul Lipkin Akuacom. 2011. Automated Demand Response Technology Demonstration for Small and Medium Commercial Buildings."
Our Home Spaces,field-testing,OAT_MA_CBL,,10/13/10,17:00,18:00,,0.16,0.11,-0.02,0.65,0.44,-0.07,0.2,0.13,-0.02,"Page, Janie, Sila Kiliccote, Han Dudley, Mary Ann Piette, Albert K. Chiu, Bashar Kellow, Ed Koch, and Paul Lipkin Akuacom. 2011. Automated Demand Response Technology Demonstration for Small and Medium Commercial Buildings."
Our Home Spaces,field-testing,OAT_MA_CBL,,10/13/10,14:00,18:00,,0.34,0.21,-0.02,0.81,0.61,-0.07,0.43,0.26,-0.02,"Page, Janie, Sila Kiliccote, Han Dudley, Mary Ann Piette, Albert K. Chiu, Bashar Kellow, Ed Koch, and Paul Lipkin Akuacom. 2011. Automated Demand Response Technology Demonstration for Small and Medium Commercial Buildings."
Our Home Spaces,field-testing,10/10_CBL,,10/13/10,14:00,15:00,,1.88,1.58,1.43,0.96,0.93,0.89,2.35,1.97,1.79,"Page, Janie, Sila Kiliccote, Han Dudley, Mary Ann Piette, Albert K. Chiu, Bashar Kellow, Ed Koch, and Paul Lipkin Akuacom. 2011. Automated Demand Response Technology Demonstration for Small and Medium Commercial Buildings."
Our Home Spaces,field-testing,10/10_CBL,,10/13/10,15:00,16:00,,1.97,1.8,1.49,0.96,0.94,0.9,2.46,2.25,1.87,"Page, Janie, Sila Kiliccote, Han Dudley, Mary Ann Piette, Albert K. Chiu, Bashar Kellow, Ed Koch, and Paul Lipkin Akuacom. 2011. Automated Demand Response Technology Demonstration for Small and Medium Commercial Buildings."
Our Home Spaces,field-testing,10/10_CBL,,10/13/10,16:00,17:00,,1.87,1.68,1.58,0.96,0.93,0.89,2.33,2.1,1.97,"Page, Janie, Sila Kiliccote, Han Dudley, Mary Ann Piette, Albert K. Chiu, Bashar Kellow, Ed Koch, and Paul Lipkin Akuacom. 2011. Automated Demand Response Technology Demonstration for Small and Medium Commercial Buildings."
Our Home Spaces,field-testing,10/10_CBL,,10/13/10,17:00,18:00,,1.29,0.97,0.7,0.94,0.87,0.75,1.61,1.21,0.88,"Page, Janie, Sila Kiliccote, Han Dudley, Mary Ann Piette, Albert K. Chiu, Bashar Kellow, Ed Koch, and Paul Lipkin Akuacom. 2011. Automated Demand Response Technology Demonstration for Small and Medium Commercial Buildings."
Our Home Spaces,field-testing,10/10_CBL,,10/13/10,14:00,18:00,,1.97,1.51,0.7,0.96,0.92,0.75,2.46,1.88,0.88,"Page, Janie, Sila Kiliccote, Han Dudley, Mary Ann Piette, Albert K. Chiu, Bashar Kellow, Ed Koch, and Paul Lipkin Akuacom. 2011. Automated Demand Response Technology Demonstration for Small and Medium Commercial Buildings."
InThrMa,field-testing,OAT_MA_CBL,,8/24/10,14:00,15:00,,9.28,5.61,0.89,0.69,0.44,0.08,3.71,2.24,0.36,"Page, Janie, Sila Kiliccote, Han Dudley, Mary Ann Piette, Albert K. Chiu, Bashar Kellow, Ed Koch, and Paul Lipkin Akuacom. 2011. Automated Demand Response Technology Demonstration for Small and Medium Commercial Buildings."
InThrMa,field-testing,OAT_MA_CBL,,8/24/10,15:00,16:00,,3.69,-0.62,-7.48,0.34,-0.1,-0.88,1.47,-0.25,-2.99,"Page, Janie, Sila Kiliccote, Han Dudley, Mary Ann Piette, Albert K. Chiu, Bashar Kellow, Ed Koch, and Paul Lipkin Akuacom. 2011. Automated Demand Response Technology Demonstration for Small and Medium Commercial Buildings."
InThrMa,field-testing,OAT_MA_CBL,,8/24/10,16:00,17:00,,-1.92,-2.41,-3.09,-0.23,-0.32,-0.44,-0.77,-0.96,-1.23,"Page, Janie, Sila Kiliccote, Han Dudley, Mary Ann Piette, Albert K. Chiu, Bashar Kellow, Ed Koch, and Paul Lipkin Akuacom. 2011. Automated Demand Response Technology Demonstration for Small and Medium Commercial Buildings."
InThrMa,field-testing,OAT_MA_CBL,,8/24/10,17:00,18:00,,-6.6,-11.22,-18.1,-0.99,-2.05,-4.28,-2.64,-4.49,-7.24,"Page, Janie, Sila Kiliccote, Han Dudley, Mary Ann Piette, Albert K. Chiu, Bashar Kellow, Ed Koch, and Paul Lipkin Akuacom. 2011. Automated Demand Response Technology Demonstration for Small and Medium Commercial Buildings."
InThrMa,field-testing,OAT_MA_CBL,,8/24/10,14:00,18:00,,9.28,-2.16,-18.1,0.69,-0.51,-4.28,3.71,-0.86,-7.24,"Page, Janie, Sila Kiliccote, Han Dudley, Mary Ann Piette, Albert K. Chiu, Bashar Kellow, Ed Koch, and Paul Lipkin Akuacom. 2011. Automated Demand Response Technology Demonstration for Small and Medium Commercial Buildings."
InThrMa,field-testing,10/10_CBL,,8/24/10,14:00,15:00,,10.4,7.08,3.26,0.72,0.51,0.23,4.16,2.83,1.3,"Page, Janie, Sila Kiliccote, Han Dudley, Mary Ann Piette, Albert K. Chiu, Bashar Kellow, Ed Koch, and Paul Lipkin Akuacom. 2011. Automated Demand Response Technology Demonstration for Small and Medium Commercial Buildings."
InThrMa,field-testing,10/10_CBL,,8/24/10,15:00,16:00,,7.2,3.75,-2.12,0.5,0.27,-0.15,2.88,1.5,-0.85,"Page, Janie, Sila Kiliccote, Han Dudley, Mary Ann Piette, Albert K. Chiu, Bashar Kellow, Ed Koch, and Paul Lipkin Akuacom. 2011. Automated Demand Response Technology Demonstration for Small and Medium Commercial Buildings."
InThrMa,field-testing,10/10_CBL,,8/24/10,16:00,17:00,,3.35,2.84,2.07,0.25,0.22,0.16,1.34,1.13,0.83,"Page, Janie, Sila Kiliccote, Han Dudley, Mary Ann Piette, Albert K. Chiu, Bashar Kellow, Ed Koch, and Paul Lipkin Akuacom. 2011. Automated Demand Response Technology Demonstration for Small and Medium Commercial Buildings."
InThrMa,field-testing,10/10_CBL,,8/24/10,17:00,18:00,,-0.54,-6.23,-15.14,-0.04,-0.72,-2.11,-0.22,-2.49,-6.06,"Page, Janie, Sila Kiliccote, Han Dudley, Mary Ann Piette, Albert K. Chiu, Bashar Kellow, Ed Koch, and Paul Lipkin Akuacom. 2011. Automated Demand Response Technology Demonstration for Small and Medium Commercial Buildings."
InThrMa,field-testing,10/10_CBL,,8/24/10,14:00,18:00,,10.4,1.86,-15.14,0.72,0.07,-2.11,4.16,0.74,-6.06,"Page, Janie, Sila Kiliccote, Han Dudley, Mary Ann Piette, Albert K. Chiu, Bashar Kellow, Ed Koch, and Paul Lipkin Akuacom. 2011. Automated Demand Response Technology Demonstration for Small and Medium Commercial Buildings."
InThrMa,field-testing,OAT_MA_CBL,,9/1/10,14:00,15:00,,8.06,7.42,6.59,0.8,0.76,0.72,3.23,2.97,2.64,"Page, Janie, Sila Kiliccote, Han Dudley, Mary Ann Piette, Albert K. Chiu, Bashar Kellow, Ed Koch, and Paul Lipkin Akuacom. 2011. Automated Demand Response Technology Demonstration for Small and Medium Commercial Buildings."
InThrMa,field-testing,OAT_MA_CBL,,9/1/10,15:00,16:00,,0.11,-1.13,-2.97,0.01,-0.13,-0.36,0.04,-0.45,-1.19,"Page, Janie, Sila Kiliccote, Han Dudley, Mary Ann Piette, Albert K. Chiu, Bashar Kellow, Ed Koch, and Paul Lipkin Akuacom. 2011. Automated Demand Response Technology Demonstration for Small and Medium Commercial Buildings."
InThrMa,field-testing,OAT_MA_CBL,,9/1/10,16:00,17:00,,-3.31,-4.06,-4.9,-0.41,-0.54,-0.65,-1.32,-1.62,-1.96,"Page, Janie, Sila Kiliccote, Han Dudley, Mary Ann Piette, Albert K. Chiu, Bashar Kellow, Ed Koch, and Paul Lipkin Akuacom. 2011. Automated Demand Response Technology Demonstration for Small and Medium Commercial Buildings."
InThrMa,field-testing,OAT_MA_CBL,,9/1/10,17:00,18:00,,-3.49,-6.26,-11.39,-0.46,-0.95,-1.97,-1.4,-2.51,-4.55,"Page, Janie, Sila Kiliccote, Han Dudley, Mary Ann Piette, Albert K. Chiu, Bashar Kellow, Ed Koch, and Paul Lipkin Akuacom. 2011. Automated Demand Response Technology Demonstration for Small and Medium Commercial Buildings."
InThrMa,field-testing,OAT_MA_CBL,,9/1/10,14:00,18:00,,8.06,-1.01,-11.39,0.8,-0.21,-1.97,3.23,-0.4,-4.55,"Page, Janie, Sila Kiliccote, Han Dudley, Mary Ann Piette, Albert K. Chiu, Bashar Kellow, Ed Koch, and Paul Lipkin Akuacom. 2011. Automated Demand Response Technology Demonstration for Small and Medium Commercial Buildings."
InThrMa,field-testing,10/10_CBL,,9/1/10,14:00,15:00,,10.2,9.29,8.38,0.84,0.8,0.76,4.08,3.72,3.35,"Page, Janie, Sila Kiliccote, Han Dudley, Mary Ann Piette, Albert K. Chiu, Bashar Kellow, Ed Koch, and Paul Lipkin Akuacom. 2011. Automated Demand Response Technology Demonstration for Small and Medium Commercial Buildings."
InThrMa,field-testing,10/10_CBL,,9/1/10,15:00,16:00,,2.1,1.38,0.56,0.17,0.12,0.05,0.84,0.55,0.23,"Page, Janie, Sila Kiliccote, Han Dudley, Mary Ann Piette, Albert K. Chiu, Bashar Kellow, Ed Koch, and Paul Lipkin Akuacom. 2011. Automated Demand Response Technology Demonstration for Small and Medium Commercial Buildings."
InThrMa,field-testing,10/10_CBL,,9/1/10,16:00,17:00,,-0.31,-1.2,-2.26,-0.03,-0.12,-0.22,-0.12,-0.48,-0.9,"Page, Janie, Sila Kiliccote, Han Dudley, Mary Ann Piette, Albert K. Chiu, Bashar Kellow, Ed Koch, and Paul Lipkin Akuacom. 2011. Automated Demand Response Technology Demonstration for Small and Medium Commercial Buildings."
InThrMa,field-testing,10/10_CBL,,9/1/10,17:00,18:00,,-0.57,-3.93,-10.45,-0.05,-0.52,-1.56,-0.23,-1.57,-4.18,"Page, Janie, Sila Kiliccote, Han Dudley, Mary Ann Piette, Albert K. Chiu, Bashar Kellow, Ed Koch, and Paul Lipkin Akuacom. 2011. Automated Demand Response Technology Demonstration for Small and Medium Commercial Buildings."
InThrMa,field-testing,10/10_CBL,,9/1/10,14:00,18:00,,10.2,1.39,-10.45,0.84,0.07,-1.56,4.08,0.55,-4.18,"Page, Janie, Sila Kiliccote, Han Dudley, Mary Ann Piette, Albert K. Chiu, Bashar Kellow, Ed Koch, and Paul Lipkin Akuacom. 2011. Automated Demand Response Technology Demonstration for Small and Medium Commercial Buildings."
InThrMa,field-testing,OAT_MA_CBL,,9/2/10,14:00,15:00,,12.46,11.3,10.34,0.83,0.8,0.8,4.98,4.52,4.14,"Page, Janie, Sila Kiliccote, Han Dudley, Mary Ann Piette, Albert K. Chiu, Bashar Kellow, Ed Koch, and Paul Lipkin Akuacom. 2011. Automated Demand Response Technology Demonstration for Small and Medium Commercial Buildings."
InThrMa,field-testing,OAT_MA_CBL,,9/2/10,15:00,16:00,,12,5.51,1.99,0.8,0.39,0.17,4.8,2.21,0.8,"Page, Janie, Sila Kiliccote, Han Dudley, Mary Ann Piette, Albert K. Chiu, Bashar Kellow, Ed Koch, and Paul Lipkin Akuacom. 2011. Automated Demand Response Technology Demonstration for Small and Medium Commercial Buildings."
InThrMa,field-testing,OAT_MA_CBL,,9/2/10,16:00,17:00,,9.91,1.64,-6.59,1,0.18,-0.61,3.96,0.66,-2.64,"Page, Janie, Sila Kiliccote, Han Dudley, Mary Ann Piette, Albert K. Chiu, Bashar Kellow, Ed Koch, and Paul Lipkin Akuacom. 2011. Automated Demand Response Technology Demonstration for Small and Medium Commercial Buildings."
InThrMa,field-testing,OAT_MA_CBL,,9/2/10,17:00,18:00,,-2.04,-6.34,-10.64,-0.21,-0.73,-1.44,-0.81,-2.54,-4.26,"Page, Janie, Sila Kiliccote, Han Dudley, Mary Ann Piette, Albert K. Chiu, Bashar Kellow, Ed Koch, and Paul Lipkin Akuacom. 2011. Automated Demand Response Technology Demonstration for Small and Medium Commercial Buildings."
InThrMa,field-testing,OAT_MA_CBL,,9/2/10,14:00,18:00,,12.46,3.03,-10.64,1,0.16,-1.44,4.98,1.21,-4.26,"Page, Janie, Sila Kiliccote, Han Dudley, Mary Ann Piette, Albert K. Chiu, Bashar Kellow, Ed Koch, and Paul Lipkin Akuacom. 2011. Automated Demand Response Technology Demonstration for Small and Medium Commercial Buildings."
InThrMa,field-testing,10/10_CBL,,9/2/10,14:00,15:00,,13.01,12.51,11.75,0.83,0.82,0.81,5.2,5.01,4.7,"Page, Janie, Sila Kiliccote, Han Dudley, Mary Ann Piette, Albert K. Chiu, Bashar Kellow, Ed Koch, and Paul Lipkin Akuacom. 2011. Automated Demand Response Technology Demonstration for Small and Medium Commercial Buildings."
InThrMa,field-testing,10/10_CBL,,9/2/10,15:00,16:00,,13.25,7.93,5.89,0.81,0.5,0.39,5.3,3.17,2.36,"Page, Janie, Sila Kiliccote, Han Dudley, Mary Ann Piette, Albert K. Chiu, Bashar Kellow, Ed Koch, and Paul Lipkin Akuacom. 2011. Automated Demand Response Technology Demonstration for Small and Medium Commercial Buildings."
InThrMa,field-testing,10/10_CBL,,9/2/10,16:00,17:00,,14.31,5.15,-3.27,1,0.37,-0.23,5.72,2.06,-1.31,"Page, Janie, Sila Kiliccote, Han Dudley, Mary Ann Piette, Albert K. Chiu, Bashar Kellow, Ed Koch, and Paul Lipkin Akuacom. 2011. Automated Demand Response Technology Demonstration for Small and Medium Commercial Buildings."
InThrMa,field-testing,10/10_CBL,,9/2/10,17:00,18:00,,1.36,-3.27,-9.24,0.1,-0.33,-1.05,0.55,-1.31,-3.7,"Page, Janie, Sila Kiliccote, Han Dudley, Mary Ann Piette, Albert K. Chiu, Bashar Kellow, Ed Koch, and Paul Lipkin Akuacom. 2011. Automated Demand Response Technology Demonstration for Small and Medium Commercial Buildings."
InThrMa,field-testing,10/10_CBL,,9/2/10,14:00,18:00,,14.31,5.58,-9.24,1,0.34,-1.05,5.72,2.23,-3.7,"Page, Janie, Sila Kiliccote, Han Dudley, Mary Ann Piette, Albert K. Chiu, Bashar Kellow, Ed Koch, and Paul Lipkin Akuacom. 2011. Automated Demand Response Technology Demonstration for Small and Medium Commercial Buildings."
InThrMa,field-testing,OAT_MA_CBL,,9/24/10,14:00,15:00,,4.6,4.33,4.12,0.71,0.66,0.63,1.84,1.73,1.65,"Page, Janie, Sila Kiliccote, Han Dudley, Mary Ann Piette, Albert K. Chiu, Bashar Kellow, Ed Koch, and Paul Lipkin Akuacom. 2011. Automated Demand Response Technology Demonstration for Small and Medium Commercial Buildings."
InThrMa,field-testing,OAT_MA_CBL,,9/24/10,15:00,16:00,,4.34,2.12,-0.5,0.66,0.33,-0.09,1.74,0.85,-0.2,"Page, Janie, Sila Kiliccote, Han Dudley, Mary Ann Piette, Albert K. Chiu, Bashar Kellow, Ed Koch, and Paul Lipkin Akuacom. 2011. Automated Demand Response Technology Demonstration for Small and Medium Commercial Buildings."
InThrMa,field-testing,OAT_MA_CBL,,9/24/10,16:00,17:00,,3.67,2.83,1.62,0.68,0.51,0.29,1.47,1.13,0.65,"Page, Janie, Sila Kiliccote, Han Dudley, Mary Ann Piette, Albert K. Chiu, Bashar Kellow, Ed Koch, and Paul Lipkin Akuacom. 2011. Automated Demand Response Technology Demonstration for Small and Medium Commercial Buildings."
InThrMa,field-testing,OAT_MA_CBL,,9/24/10,17:00,18:00,,3.88,3.15,1.33,0.67,0.58,0.33,1.55,1.26,0.53,"Page, Janie, Sila Kiliccote, Han Dudley, Mary Ann Piette, Albert K. Chiu, Bashar Kellow, Ed Koch, and Paul Lipkin Akuacom. 2011. Automated Demand Response Technology Demonstration for Small and Medium Commercial Buildings."
InThrMa,field-testing,OAT_MA_CBL,,9/24/10,14:00,18:00,,4.6,3.11,-0.5,0.71,0.52,-0.09,1.84,1.24,-0.2,"Page, Janie, Sila Kiliccote, Han Dudley, Mary Ann Piette, Albert K. Chiu, Bashar Kellow, Ed Koch, and Paul Lipkin Akuacom. 2011. Automated Demand Response Technology Demonstration for Small and Medium Commercial Buildings."
InThrMa,field-testing,10/10_CBL,,9/24/10,14:00,15:00,,6.95,6.28,5.65,0.78,0.74,0.7,2.78,2.51,2.26,"Page, Janie, Sila Kiliccote, Han Dudley, Mary Ann Piette, Albert K. Chiu, Bashar Kellow, Ed Koch, and Paul Lipkin Akuacom. 2011. Automated Demand Response Technology Demonstration for Small and Medium Commercial Buildings."
InThrMa,field-testing,10/10_CBL,,9/24/10,15:00,16:00,,5.7,3.23,0.62,0.72,0.44,0.09,2.28,1.29,0.25,"Page, Janie, Sila Kiliccote, Han Dudley, Mary Ann Piette, Albert K. Chiu, Bashar Kellow, Ed Koch, and Paul Lipkin Akuacom. 2011. Automated Demand Response Technology Demonstration for Small and Medium Commercial Buildings."
InThrMa,field-testing,10/10_CBL,,9/24/10,16:00,17:00,,5.43,4.62,3.91,0.76,0.63,0.5,2.17,1.85,1.56,"Page, Janie, Sila Kiliccote, Han Dudley, Mary Ann Piette, Albert K. Chiu, Bashar Kellow, Ed Koch, and Paul Lipkin Akuacom. 2011. Automated Demand Response Technology Demonstration for Small and Medium Commercial Buildings."
InThrMa,field-testing,10/10_CBL,,9/24/10,17:00,18:00,,5.77,4.5,0.92,0.76,0.63,0.25,2.31,1.8,0.37,"Page, Janie, Sila Kiliccote, Han Dudley, Mary Ann Piette, Albert K. Chiu, Bashar Kellow, Ed Koch, and Paul Lipkin Akuacom. 2011. Automated Demand Response Technology Demonstration for Small and Medium Commercial Buildings."
InThrMa,field-testing,10/10_CBL,,9/24/10,14:00,18:00,,6.95,4.66,0.62,0.78,0.61,0.09,2.78,1.86,0.25,"Page, Janie, Sila Kiliccote, Han Dudley, Mary Ann Piette, Albert K. Chiu, Bashar Kellow, Ed Koch, and Paul Lipkin Akuacom. 2011. Automated Demand Response Technology Demonstration for Small and Medium Commercial Buildings."
InThrMa,field-testing,OAT_MA_CBL,,9/27/10,14:00,15:00,,8.01,5.83,4.32,0.6,0.44,0.34,3.2,2.33,1.73,"Page, Janie, Sila Kiliccote, Han Dudley, Mary Ann Piette, Albert K. Chiu, Bashar Kellow, Ed Koch, and Paul Lipkin Akuacom. 2011. Automated Demand Response Technology Demonstration for Small and Medium Commercial Buildings."
InThrMa,field-testing,OAT_MA_CBL,,9/27/10,15:00,16:00,,5.94,1.71,-7.3,0.44,0.12,-0.66,2.37,0.68,-2.92,"Page, Janie, Sila Kiliccote, Han Dudley, Mary Ann Piette, Albert K. Chiu, Bashar Kellow, Ed Koch, and Paul Lipkin Akuacom. 2011. Automated Demand Response Technology Demonstration for Small and Medium Commercial Buildings."
InThrMa,field-testing,OAT_MA_CBL,,9/27/10,16:00,17:00,,-4.86,-7.25,-9.54,-0.42,-0.71,-0.94,-1.94,-2.9,-3.82,"Page, Janie, Sila Kiliccote, Han Dudley, Mary Ann Piette, Albert K. Chiu, Bashar Kellow, Ed Koch, and Paul Lipkin Akuacom. 2011. Automated Demand Response Technology Demonstration for Small and Medium Commercial Buildings."
InThrMa,field-testing,OAT_MA_CBL,,9/27/10,17:00,18:00,,-5.9,-8.56,-12.06,-0.6,-0.93,-1.51,-2.36,-3.43,-4.83,"Page, Janie, Sila Kiliccote, Han Dudley, Mary Ann Piette, Albert K. Chiu, Bashar Kellow, Ed Koch, and Paul Lipkin Akuacom. 2011. Automated Demand Response Technology Demonstration for Small and Medium Commercial Buildings."
InThrMa,field-testing,OAT_MA_CBL,,9/27/10,14:00,18:00,,8.01,-2.07,-12.06,0.6,-0.27,-1.51,3.2,-0.83,-4.83,"Page, Janie, Sila Kiliccote, Han Dudley, Mary Ann Piette, Albert K. Chiu, Bashar Kellow, Ed Koch, and Paul Lipkin Akuacom. 2011. Automated Demand Response Technology Demonstration for Small and Medium Commercial Buildings."
InThrMa,field-testing,10/10_CBL,,9/27/10,14:00,15:00,,6.9,5.41,4.12,0.56,0.43,0.34,2.76,2.17,1.65,"Page, Janie, Sila Kiliccote, Han Dudley, Mary Ann Piette, Albert K. Chiu, Bashar Kellow, Ed Koch, and Paul Lipkin Akuacom. 2011. Automated Demand Response Technology Demonstration for Small and Medium Commercial Buildings."
InThrMa,field-testing,10/10_CBL,,9/27/10,15:00,16:00,,4.41,0.52,-7.92,0.37,0.04,-0.76,1.76,0.21,-3.17,"Page, Janie, Sila Kiliccote, Han Dudley, Mary Ann Piette, Albert K. Chiu, Bashar Kellow, Ed Koch, and Paul Lipkin Akuacom. 2011. Automated Demand Response Technology Demonstration for Small and Medium Commercial Buildings."
InThrMa,field-testing,10/10_CBL,,9/27/10,16:00,17:00,,-5.7,-6.56,-7.9,-0.53,-0.59,-0.67,-2.28,-2.62,-3.16,"Page, Janie, Sila Kiliccote, Han Dudley, Mary Ann Piette, Albert K. Chiu, Bashar Kellow, Ed Koch, and Paul Lipkin Akuacom. 2011. Automated Demand Response Technology Demonstration for Small and Medium Commercial Buildings."
InThrMa,field-testing,10/10_CBL,,9/27/10,17:00,18:00,,-4.49,-8.19,-14.52,-0.4,-1.06,-2.64,-1.8,-3.28,-5.81,"Page, Janie, Sila Kiliccote, Han Dudley, Mary Ann Piette, Albert K. Chiu, Bashar Kellow, Ed Koch, and Paul Lipkin Akuacom. 2011. Automated Demand Response Technology Demonstration for Small and Medium Commercial Buildings."
InThrMa,field-testing,10/10_CBL,,9/27/10,14:00,18:00,,6.9,-2.2,-14.52,0.56,-0.3,-2.64,2.76,-0.88,-5.81,"Page, Janie, Sila Kiliccote, Han Dudley, Mary Ann Piette, Albert K. Chiu, Bashar Kellow, Ed Koch, and Paul Lipkin Akuacom. 2011. Automated Demand Response Technology Demonstration for Small and Medium Commercial Buildings."
InThrMa,field-testing,OAT_MA_CBL,,9/28/10,14:00,15:00,,2.61,0.67,-1.88,0.17,0.04,-0.12,1.05,0.27,-0.75,"Page, Janie, Sila Kiliccote, Han Dudley, Mary Ann Piette, Albert K. Chiu, Bashar Kellow, Ed Koch, and Paul Lipkin Akuacom. 2011. Automated Demand Response Technology Demonstration for Small and Medium Commercial Buildings."
InThrMa,field-testing,OAT_MA_CBL,,9/28/10,15:00,16:00,,1.66,-3.06,-7.94,0.13,-0.23,-0.65,0.66,-1.22,-3.17,"Page, Janie, Sila Kiliccote, Han Dudley, Mary Ann Piette, Albert K. Chiu, Bashar Kellow, Ed Koch, and Paul Lipkin Akuacom. 2011. Automated Demand Response Technology Demonstration for Small and Medium Commercial Buildings."
InThrMa,field-testing,OAT_MA_CBL,,9/28/10,16:00,17:00,,3.65,0.67,-2.08,0.28,0.05,-0.2,1.46,0.27,-0.83,"Page, Janie, Sila Kiliccote, Han Dudley, Mary Ann Piette, Albert K. Chiu, Bashar Kellow, Ed Koch, and Paul Lipkin Akuacom. 2011. Automated Demand Response Technology Demonstration for Small and Medium Commercial Buildings."
InThrMa,field-testing,OAT_MA_CBL,,9/28/10,17:00,18:00,,3.23,1.56,0.52,0.28,0.14,0.05,1.29,0.62,0.21,"Page, Janie, Sila Kiliccote, Han Dudley, Mary Ann Piette, Albert K. Chiu, Bashar Kellow, Ed Koch, and Paul Lipkin Akuacom. 2011. Automated Demand Response Technology Demonstration for Small and Medium Commercial Buildings."
InThrMa,field-testing,OAT_MA_CBL,,9/28/10,14:00,18:00,,3.65,-0.04,-7.94,0.28,0,-0.65,1.46,-0.02,-3.17,"Page, Janie, Sila Kiliccote, Han Dudley, Mary Ann Piette, Albert K. Chiu, Bashar Kellow, Ed Koch, and Paul Lipkin Akuacom. 2011. Automated Demand Response Technology Demonstration for Small and Medium Commercial Buildings."
InThrMa,field-testing,10/10_CBL,,9/28/10,14:00,15:00,,-0.37,-1.81,-5.16,-0.03,-0.15,-0.43,-0.15,-0.72,-2.06,"Page, Janie, Sila Kiliccote, Han Dudley, Mary Ann Piette, Albert K. Chiu, Bashar Kellow, Ed Koch, and Paul Lipkin Akuacom. 2011. Automated Demand Response Technology Demonstration for Small and Medium Commercial Buildings."
InThrMa,field-testing,10/10_CBL,,9/28/10,15:00,16:00,,-0.37,-5.95,-10.03,-0.04,-0.56,-0.98,-0.15,-2.38,-4.01,"Page, Janie, Sila Kiliccote, Han Dudley, Mary Ann Piette, Albert K. Chiu, Bashar Kellow, Ed Koch, and Paul Lipkin Akuacom. 2011. Automated Demand Response Technology Demonstration for Small and Medium Commercial Buildings."
InThrMa,field-testing,10/10_CBL,,9/28/10,16:00,17:00,,1.57,0.13,-1.91,0.15,0.01,-0.18,0.63,0.05,-0.76,"Page, Janie, Sila Kiliccote, Han Dudley, Mary Ann Piette, Albert K. Chiu, Bashar Kellow, Ed Koch, and Paul Lipkin Akuacom. 2011. Automated Demand Response Technology Demonstration for Small and Medium Commercial Buildings."
InThrMa,field-testing,10/10_CBL,,9/28/10,17:00,18:00,,3.02,0.74,-2.55,0.27,0.01,-0.46,1.21,0.3,-1.02,"Page, Janie, Sila Kiliccote, Han Dudley, Mary Ann Piette, Albert K. Chiu, Bashar Kellow, Ed Koch, and Paul Lipkin Akuacom. 2011. Automated Demand Response Technology Demonstration for Small and Medium Commercial Buildings."
InThrMa,field-testing,10/10_CBL,,9/28/10,14:00,18:00,,3.02,-1.72,-10.03,0.27,-0.17,-0.98,1.21,-0.69,-4.01,"Page, Janie, Sila Kiliccote, Han Dudley, Mary Ann Piette, Albert K. Chiu, Bashar Kellow, Ed Koch, and Paul Lipkin Akuacom. 2011. Automated Demand Response Technology Demonstration for Small and Medium Commercial Buildings."
InThrMa,field-testing,OAT_MA_CBL,,10/13/10,14:00,15:00,,15.1,0.65,-6.48,0.86,0.05,-0.36,6.04,0.26,-2.59,"Page, Janie, Sila Kiliccote, Han Dudley, Mary Ann Piette, Albert K. Chiu, Bashar Kellow, Ed Koch, and Paul Lipkin Akuacom. 2011. Automated Demand Response Technology Demonstration for Small and Medium Commercial Buildings."
InThrMa,field-testing,OAT_MA_CBL,,10/13/10,15:00,16:00,,13.52,11.78,10.2,0.84,0.81,0.76,5.41,4.71,4.08,"Page, Janie, Sila Kiliccote, Han Dudley, Mary Ann Piette, Albert K. Chiu, Bashar Kellow, Ed Koch, and Paul Lipkin Akuacom. 2011. Automated Demand Response Technology Demonstration for Small and Medium Commercial Buildings."
InThrMa,field-testing,OAT_MA_CBL,,10/13/10,16:00,17:00,,10.55,10.25,10.03,0.79,0.76,0.73,4.22,4.1,4.01,"Page, Janie, Sila Kiliccote, Han Dudley, Mary Ann Piette, Albert K. Chiu, Bashar Kellow, Ed Koch, and Paul Lipkin Akuacom. 2011. Automated Demand Response Technology Demonstration for Small and Medium Commercial Buildings."
InThrMa,field-testing,OAT_MA_CBL,,10/13/10,17:00,18:00,,9.79,7.58,4.29,0.66,0.54,0.43,3.92,3.03,1.72,"Page, Janie, Sila Kiliccote, Han Dudley, Mary Ann Piette, Albert K. Chiu, Bashar Kellow, Ed Koch, and Paul Lipkin Akuacom. 2011. Automated Demand Response Technology Demonstration for Small and Medium Commercial Buildings."
InThrMa,field-testing,OAT_MA_CBL,,10/13/10,14:00,18:00,,15.1,7.57,-6.48,0.86,0.54,-0.36,6.04,3.03,-2.59,"Page, Janie, Sila Kiliccote, Han Dudley, Mary Ann Piette, Albert K. Chiu, Bashar Kellow, Ed Koch, and Paul Lipkin Akuacom. 2011. Automated Demand Response Technology Demonstration for Small and Medium Commercial Buildings."
InThrMa,field-testing,10/10_CBL,,10/13/10,14:00,15:00,,14.92,-0.58,-8.52,0.86,-0.05,-0.53,5.97,-0.23,-3.41,"Page, Janie, Sila Kiliccote, Han Dudley, Mary Ann Piette, Albert K. Chiu, Bashar Kellow, Ed Koch, and Paul Lipkin Akuacom. 2011. Automated Demand Response Technology Demonstration for Small and Medium Commercial Buildings."
InThrMa,field-testing,10/10_CBL,,10/13/10,15:00,16:00,,13.69,12.82,11.94,0.84,0.82,0.79,5.48,5.13,4.78,"Page, Janie, Sila Kiliccote, Han Dudley, Mary Ann Piette, Albert K. Chiu, Bashar Kellow, Ed Koch, and Paul Lipkin Akuacom. 2011. Automated Demand Response Technology Demonstration for Small and Medium Commercial Buildings."
InThrMa,field-testing,10/10_CBL,,10/13/10,16:00,17:00,,12.11,11.71,11.37,0.8,0.79,0.76,4.85,4.68,4.55,"Page, Janie, Sila Kiliccote, Han Dudley, Mary Ann Piette, Albert K. Chiu, Bashar Kellow, Ed Koch, and Paul Lipkin Akuacom. 2011. Automated Demand Response Technology Demonstration for Small and Medium Commercial Buildings."
InThrMa,field-testing,10/10_CBL,,10/13/10,17:00,18:00,,9.39,7.14,3.55,0.65,0.52,0.39,3.76,2.86,1.42,"Page, Janie, Sila Kiliccote, Han Dudley, Mary Ann Piette, Albert K. Chiu, Bashar Kellow, Ed Koch, and Paul Lipkin Akuacom. 2011. Automated Demand Response Technology Demonstration for Small and Medium Commercial Buildings."
InThrMa,field-testing,10/10_CBL,,10/13/10,14:00,18:00,,14.92,7.77,-8.52,0.86,0.52,-0.53,5.97,3.11,-3.41,"Page, Janie, Sila Kiliccote, Han Dudley, Mary Ann Piette, Albert K. Chiu, Bashar Kellow, Ed Koch, and Paul Lipkin Akuacom. 2011. Automated Demand Response Technology Demonstration for Small and Medium Commercial Buildings."
Lutron,field-testing,OAT_MA_CBL,,8/24/10,14:00,15:00,,11.8,1.06,-11.69,0.17,0.01,-0.2,0.59,0.05,-0.58,"Page, Janie, Sila Kiliccote, Han Dudley, Mary Ann Piette, Albert K. Chiu, Bashar Kellow, Ed Koch, and Paul Lipkin Akuacom. 2011. Automated Demand Response Technology Demonstration for Small and Medium Commercial Buildings."
Lutron,field-testing,OAT_MA_CBL,,8/24/10,15:00,16:00,,12.68,3.82,-2.44,0.19,0.06,-0.04,0.63,0.19,-0.12,"Page, Janie, Sila Kiliccote, Han Dudley, Mary Ann Piette, Albert K. Chiu, Bashar Kellow, Ed Koch, and Paul Lipkin Akuacom. 2011. Automated Demand Response Technology Demonstration for Small and Medium Commercial Buildings."
Lutron,field-testing,OAT_MA_CBL,,8/24/10,16:00,17:00,,17.18,-1.43,-16.48,0.24,-0.05,-0.32,0.86,-0.07,-0.82,"Page, Janie, Sila Kiliccote, Han Dudley, Mary Ann Piette, Albert K. Chiu, Bashar Kellow, Ed Koch, and Paul Lipkin Akuacom. 2011. Automated Demand Response Technology Demonstration for Small and Medium Commercial Buildings."
Lutron,field-testing,OAT_MA_CBL,,8/24/10,17:00,18:00,,5.86,0.24,-14.16,0.11,-0.03,-0.38,0.29,0.01,-0.71,"Page, Janie, Sila Kiliccote, Han Dudley, Mary Ann Piette, Albert K. Chiu, Bashar Kellow, Ed Koch, and Paul Lipkin Akuacom. 2011. Automated Demand Response Technology Demonstration for Small and Medium Commercial Buildings."
Lutron,field-testing,OAT_MA_CBL,,8/24/10,14:00,18:00,,17.18,0.92,-16.48,0.24,0,-0.38,0.86,0.05,-0.82,"Page, Janie, Sila Kiliccote, Han Dudley, Mary Ann Piette, Albert K. Chiu, Bashar Kellow, Ed Koch, and Paul Lipkin Akuacom. 2011. Automated Demand Response Technology Demonstration for Small and Medium Commercial Buildings."
Lutron,field-testing,10/10_CBL,,8/24/10,14:00,15:00,,-8.14,-14.06,-21.93,-0.16,-0.29,-0.45,-0.41,-0.7,-1.1,"Page, Janie, Sila Kiliccote, Han Dudley, Mary Ann Piette, Albert K. Chiu, Bashar Kellow, Ed Koch, and Paul Lipkin Akuacom. 2011. Automated Demand Response Technology Demonstration for Small and Medium Commercial Buildings."
Lutron,field-testing,10/10_CBL,,8/24/10,15:00,16:00,,-2.39,-14.13,-18.91,-0.05,-0.28,-0.39,-0.12,-0.71,-0.95,"Page, Janie, Sila Kiliccote, Han Dudley, Mary Ann Piette, Albert K. Chiu, Bashar Kellow, Ed Koch, and Paul Lipkin Akuacom. 2011. Automated Demand Response Technology Demonstration for Small and Medium Commercial Buildings."
Lutron,field-testing,10/10_CBL,,8/24/10,16:00,17:00,,-5.93,-15.9,-22.22,-0.12,-0.33,-0.46,-0.3,-0.79,-1.11,"Page, Janie, Sila Kiliccote, Han Dudley, Mary Ann Piette, Albert K. Chiu, Bashar Kellow, Ed Koch, and Paul Lipkin Akuacom. 2011. Automated Demand Response Technology Demonstration for Small and Medium Commercial Buildings."
Lutron,field-testing,10/10_CBL,,8/24/10,17:00,18:00,,-5.19,-11.75,-17.69,-0.12,-0.31,-0.47,-0.26,-0.59,-0.88,"Page, Janie, Sila Kiliccote, Han Dudley, Mary Ann Piette, Albert K. Chiu, Bashar Kellow, Ed Koch, and Paul Lipkin Akuacom. 2011. Automated Demand Response Technology Demonstration for Small and Medium Commercial Buildings."
Lutron,field-testing,10/10_CBL,,8/24/10,14:00,18:00,,-2.39,-13.96,-22.22,-0.05,-0.3,-0.47,-0.12,-0.7,-1.11,"Page, Janie, Sila Kiliccote, Han Dudley, Mary Ann Piette, Albert K. Chiu, Bashar Kellow, Ed Koch, and Paul Lipkin Akuacom. 2011. Automated Demand Response Technology Demonstration for Small and Medium Commercial Buildings."
Lutron,field-testing,OAT_MA_CBL,,9/1/10,14:00,15:00,,12.44,5.24,1.15,0.23,0.1,0.02,0.62,0.26,0.06,"Page, Janie, Sila Kiliccote, Han Dudley, Mary Ann Piette, Albert K. Chiu, Bashar Kellow, Ed Koch, and Paul Lipkin Akuacom. 2011. Automated Demand Response Technology Demonstration for Small and Medium Commercial Buildings."
Lutron,field-testing,OAT_MA_CBL,,9/1/10,15:00,16:00,,10.88,5.15,-4.66,0.21,0.09,-0.09,0.54,0.26,-0.23,"Page, Janie, Sila Kiliccote, Han Dudley, Mary Ann Piette, Albert K. Chiu, Bashar Kellow, Ed Koch, and Paul Lipkin Akuacom. 2011. Automated Demand Response Technology Demonstration for Small and Medium Commercial Buildings."
Lutron,field-testing,OAT_MA_CBL,,9/1/10,16:00,17:00,,4.82,0.36,-4.58,0.09,0.01,-0.09,0.24,0.02,-0.23,"Page, Janie, Sila Kiliccote, Han Dudley, Mary Ann Piette, Albert K. Chiu, Bashar Kellow, Ed Koch, and Paul Lipkin Akuacom. 2011. Automated Demand Response Technology Demonstration for Small and Medium Commercial Buildings."
Lutron,field-testing,OAT_MA_CBL,,9/1/10,17:00,18:00,,11.34,1.83,-7.84,0.24,0.03,-0.2,0.57,0.09,-0.39,"Page, Janie, Sila Kiliccote, Han Dudley, Mary Ann Piette, Albert K. Chiu, Bashar Kellow, Ed Koch, and Paul Lipkin Akuacom. 2011. Automated Demand Response Technology Demonstration for Small and Medium Commercial Buildings."
Lutron,field-testing,OAT_MA_CBL,,9/1/10,14:00,18:00,,12.44,3.14,-7.84,0.24,0.06,-0.2,0.62,0.16,-0.39,"Page, Janie, Sila Kiliccote, Han Dudley, Mary Ann Piette, Albert K. Chiu, Bashar Kellow, Ed Koch, and Paul Lipkin Akuacom. 2011. Automated Demand Response Technology Demonstration for Small and Medium Commercial Buildings."
Lutron,field-testing,10/10_CBL,,9/1/10,14:00,15:00,,8.73,2.74,-2.06,0.18,0.05,-0.04,0.44,0.14,-0.1,"Page, Janie, Sila Kiliccote, Han Dudley, Mary Ann Piette, Albert K. Chiu, Bashar Kellow, Ed Koch, and Paul Lipkin Akuacom. 2011. Automated Demand Response Technology Demonstration for Small and Medium Commercial Buildings."
Lutron,field-testing,10/10_CBL,,9/1/10,15:00,16:00,,8.65,1.34,-9.87,0.17,0.02,-0.2,0.43,0.07,-0.49,"Page, Janie, Sila Kiliccote, Han Dudley, Mary Ann Piette, Albert K. Chiu, Bashar Kellow, Ed Koch, and Paul Lipkin Akuacom. 2011. Automated Demand Response Technology Demonstration for Small and Medium Commercial Buildings."
Lutron,field-testing,10/10_CBL,,9/1/10,16:00,17:00,,3.25,-1.46,-5.3,0.06,-0.03,-0.11,0.16,-0.07,-0.26,"Page, Janie, Sila Kiliccote, Han Dudley, Mary Ann Piette, Albert K. Chiu, Bashar Kellow, Ed Koch, and Paul Lipkin Akuacom. 2011. Automated Demand Response Technology Demonstration for Small and Medium Commercial Buildings."
Lutron,field-testing,10/10_CBL,,9/1/10,17:00,18:00,,7.65,-0.31,-9.99,0.18,-0.02,-0.27,0.38,-0.02,-0.5,"Page, Janie, Sila Kiliccote, Han Dudley, Mary Ann Piette, Albert K. Chiu, Bashar Kellow, Ed Koch, and Paul Lipkin Akuacom. 2011. Automated Demand Response Technology Demonstration for Small and Medium Commercial Buildings."
Lutron,field-testing,10/10_CBL,,9/1/10,14:00,18:00,,8.73,0.58,-9.99,0.18,0.01,-0.27,0.44,0.03,-0.5,"Page, Janie, Sila Kiliccote, Han Dudley, Mary Ann Piette, Albert K. Chiu, Bashar Kellow, Ed Koch, and Paul Lipkin Akuacom. 2011. Automated Demand Response Technology Demonstration for Small and Medium Commercial Buildings."
Lutron,field-testing,OAT_MA_CBL,,9/2/10,14:00,15:00,,8.5,1.03,-5.5,0.15,0.02,-0.1,0.43,0.05,-0.28,"Page, Janie, Sila Kiliccote, Han Dudley, Mary Ann Piette, Albert K. Chiu, Bashar Kellow, Ed Koch, and Paul Lipkin Akuacom. 2011. Automated Demand Response Technology Demonstration for Small and Medium Commercial Buildings."
Lutron,field-testing,OAT_MA_CBL,,9/2/10,15:00,16:00,,10.69,4.53,1.17,0.2,0.08,0.02,0.53,0.23,0.06,"Page, Janie, Sila Kiliccote, Han Dudley, Mary Ann Piette, Albert K. Chiu, Bashar Kellow, Ed Koch, and Paul Lipkin Akuacom. 2011. Automated Demand Response Technology Demonstration for Small and Medium Commercial Buildings."
Lutron,field-testing,OAT_MA_CBL,,9/2/10,16:00,17:00,,0.12,-2.45,-4.27,0,-0.05,-0.09,0.01,-0.12,-0.21,"Page, Janie, Sila Kiliccote, Han Dudley, Mary Ann Piette, Albert K. Chiu, Bashar Kellow, Ed Koch, and Paul Lipkin Akuacom. 2011. Automated Demand Response Technology Demonstration for Small and Medium Commercial Buildings."
Lutron,field-testing,OAT_MA_CBL,,9/2/10,17:00,18:00,,2.02,-3.36,-6.6,0.05,-0.09,-0.15,0.1,-0.17,-0.33,"Page, Janie, Sila Kiliccote, Han Dudley, Mary Ann Piette, Albert K. Chiu, Bashar Kellow, Ed Koch, and Paul Lipkin Akuacom. 2011. Automated Demand Response Technology Demonstration for Small and Medium Commercial Buildings."
Lutron,field-testing,OAT_MA_CBL,,9/2/10,14:00,18:00,,10.69,-0.06,-6.6,0.2,-0.01,-0.15,0.53,0,-0.33,"Page, Janie, Sila Kiliccote, Han Dudley, Mary Ann Piette, Albert K. Chiu, Bashar Kellow, Ed Koch, and Paul Lipkin Akuacom. 2011. Automated Demand Response Technology Demonstration for Small and Medium Commercial Buildings."
Lutron,field-testing,10/10_CBL,,9/2/10,14:00,15:00,,5.4,0.32,-7.8,0.1,0,-0.15,0.27,0.02,-0.39,"Page, Janie, Sila Kiliccote, Han Dudley, Mary Ann Piette, Albert K. Chiu, Bashar Kellow, Ed Koch, and Paul Lipkin Akuacom. 2011. Automated Demand Response Technology Demonstration for Small and Medium Commercial Buildings."
Lutron,field-testing,10/10_CBL,,9/2/10,15:00,16:00,,8.58,1.44,-1.76,0.16,0.03,-0.03,0.43,0.07,-0.09,"Page, Janie, Sila Kiliccote, Han Dudley, Mary Ann Piette, Albert K. Chiu, Bashar Kellow, Ed Koch, and Paul Lipkin Akuacom. 2011. Automated Demand Response Technology Demonstration for Small and Medium Commercial Buildings."
Lutron,field-testing,10/10_CBL,,9/2/10,16:00,17:00,,1.45,-1.08,-5.27,0.03,-0.02,-0.1,0.07,-0.05,-0.26,"Page, Janie, Sila Kiliccote, Han Dudley, Mary Ann Piette, Albert K. Chiu, Bashar Kellow, Ed Koch, and Paul Lipkin Akuacom. 2011. Automated Demand Response Technology Demonstration for Small and Medium Commercial Buildings."
Lutron,field-testing,10/10_CBL,,9/2/10,17:00,18:00,,3.65,-1.67,-4.69,0.08,-0.04,-0.1,0.18,-0.08,-0.23,"Page, Janie, Sila Kiliccote, Han Dudley, Mary Ann Piette, Albert K. Chiu, Bashar Kellow, Ed Koch, and Paul Lipkin Akuacom. 2011. Automated Demand Response Technology Demonstration for Small and Medium Commercial Buildings."
Lutron,field-testing,10/10_CBL,,9/2/10,14:00,18:00,,8.58,-0.25,-7.8,0.16,-0.01,-0.15,0.43,-0.01,-0.39,"Page, Janie, Sila Kiliccote, Han Dudley, Mary Ann Piette, Albert K. Chiu, Bashar Kellow, Ed Koch, and Paul Lipkin Akuacom. 2011. Automated Demand Response Technology Demonstration for Small and Medium Commercial Buildings."
Lutron,field-testing,OAT_MA_CBL,,9/24/10,14:00,15:00,,3.99,-0.22,-3.2,0.08,0,-0.07,0.2,-0.01,-0.16,"Page, Janie, Sila Kiliccote, Han Dudley, Mary Ann Piette, Albert K. Chiu, Bashar Kellow, Ed Koch, and Paul Lipkin Akuacom. 2011. Automated Demand Response Technology Demonstration for Small and Medium Commercial Buildings."
Lutron,field-testing,OAT_MA_CBL,,9/24/10,15:00,16:00,,2.17,-0.28,-2.27,0.04,-0.01,-0.05,0.11,-0.01,-0.11,"Page, Janie, Sila Kiliccote, Han Dudley, Mary Ann Piette, Albert K. Chiu, Bashar Kellow, Ed Koch, and Paul Lipkin Akuacom. 2011. Automated Demand Response Technology Demonstration for Small and Medium Commercial Buildings."
Lutron,field-testing,OAT_MA_CBL,,9/24/10,16:00,17:00,,5.03,4.43,3.67,0.1,0.09,0.08,0.25,0.22,0.18,"Page, Janie, Sila Kiliccote, Han Dudley, Mary Ann Piette, Albert K. Chiu, Bashar Kellow, Ed Koch, and Paul Lipkin Akuacom. 2011. Automated Demand Response Technology Demonstration for Small and Medium Commercial Buildings."
Lutron,field-testing,OAT_MA_CBL,,9/24/10,17:00,18:00,,8.83,1.36,-3.33,0.22,0.03,-0.1,0.44,0.07,-0.17,"Page, Janie, Sila Kiliccote, Han Dudley, Mary Ann Piette, Albert K. Chiu, Bashar Kellow, Ed Koch, and Paul Lipkin Akuacom. 2011. Automated Demand Response Technology Demonstration for Small and Medium Commercial Buildings."
Lutron,field-testing,OAT_MA_CBL,,9/24/10,14:00,18:00,,8.83,1.32,-3.33,0.22,0.03,-0.1,0.44,0.07,-0.17,"Page, Janie, Sila Kiliccote, Han Dudley, Mary Ann Piette, Albert K. Chiu, Bashar Kellow, Ed Koch, and Paul Lipkin Akuacom. 2011. Automated Demand Response Technology Demonstration for Small and Medium Commercial Buildings."
Lutron,field-testing,10/10_CBL,,9/24/10,14:00,15:00,,2.21,-1.13,-3.54,0.05,-0.02,-0.07,0.11,-0.06,-0.18,"Page, Janie, Sila Kiliccote, Han Dudley, Mary Ann Piette, Albert K. Chiu, Bashar Kellow, Ed Koch, and Paul Lipkin Akuacom. 2011. Automated Demand Response Technology Demonstration for Small and Medium Commercial Buildings."
Lutron,field-testing,10/10_CBL,,9/24/10,15:00,16:00,,2.37,-0.76,-3.39,0.05,-0.02,-0.07,0.12,-0.04,-0.17,"Page, Janie, Sila Kiliccote, Han Dudley, Mary Ann Piette, Albert K. Chiu, Bashar Kellow, Ed Koch, and Paul Lipkin Akuacom. 2011. Automated Demand Response Technology Demonstration for Small and Medium Commercial Buildings."
Lutron,field-testing,10/10_CBL,,9/24/10,16:00,17:00,,8.31,4.6,1.82,0.16,0.1,0.04,0.42,0.23,0.09,"Page, Janie, Sila Kiliccote, Han Dudley, Mary Ann Piette, Albert K. Chiu, Bashar Kellow, Ed Koch, and Paul Lipkin Akuacom. 2011. Automated Demand Response Technology Demonstration for Small and Medium Commercial Buildings."
Lutron,field-testing,10/10_CBL,,9/24/10,17:00,18:00,,4.87,1.33,-2.81,0.14,0.04,-0.08,0.24,0.07,-0.14,"Page, Janie, Sila Kiliccote, Han Dudley, Mary Ann Piette, Albert K. Chiu, Bashar Kellow, Ed Koch, and Paul Lipkin Akuacom. 2011. Automated Demand Response Technology Demonstration for Small and Medium Commercial Buildings."
Lutron,field-testing,10/10_CBL,,9/24/10,14:00,18:00,,8.31,1.01,-3.54,0.16,0.02,-0.08,0.42,0.05,-0.18,"Page, Janie, Sila Kiliccote, Han Dudley, Mary Ann Piette, Albert K. Chiu, Bashar Kellow, Ed Koch, and Paul Lipkin Akuacom. 2011. Automated Demand Response Technology Demonstration for Small and Medium Commercial Buildings."
Lutron,field-testing,OAT_MA_CBL,,9/27/10,14:00,15:00,,10.52,3.72,-1.68,0.16,0.06,-0.03,0.53,0.19,-0.08,"Page, Janie, Sila Kiliccote, Han Dudley, Mary Ann Piette, Albert K. Chiu, Bashar Kellow, Ed Koch, and Paul Lipkin Akuacom. 2011. Automated Demand Response Technology Demonstration for Small and Medium Commercial Buildings."
Lutron,field-testing,OAT_MA_CBL,,9/27/10,15:00,16:00,,8.41,4.03,0.06,0.14,0.07,0,0.42,0.2,0,"Page, Janie, Sila Kiliccote, Han Dudley, Mary Ann Piette, Albert K. Chiu, Bashar Kellow, Ed Koch, and Paul Lipkin Akuacom. 2011. Automated Demand Response Technology Demonstration for Small and Medium Commercial Buildings."
Lutron,field-testing,OAT_MA_CBL,,9/27/10,16:00,17:00,,8.08,3.95,-0.89,0.14,0.07,-0.02,0.4,0.2,-0.04,"Page, Janie, Sila Kiliccote, Han Dudley, Mary Ann Piette, Albert K. Chiu, Bashar Kellow, Ed Koch, and Paul Lipkin Akuacom. 2011. Automated Demand Response Technology Demonstration for Small and Medium Commercial Buildings."
Lutron,field-testing,OAT_MA_CBL,,9/27/10,17:00,18:00,,4.08,1.41,-0.15,0.08,0.03,0,0.2,0.07,-0.01,"Page, Janie, Sila Kiliccote, Han Dudley, Mary Ann Piette, Albert K. Chiu, Bashar Kellow, Ed Koch, and Paul Lipkin Akuacom. 2011. Automated Demand Response Technology Demonstration for Small and Medium Commercial Buildings."
Lutron,field-testing,OAT_MA_CBL,,9/27/10,14:00,18:00,,10.52,3.28,-1.68,0.16,0.06,-0.03,0.53,0.16,-0.08,"Page, Janie, Sila Kiliccote, Han Dudley, Mary Ann Piette, Albert K. Chiu, Bashar Kellow, Ed Koch, and Paul Lipkin Akuacom. 2011. Automated Demand Response Technology Demonstration for Small and Medium Commercial Buildings."
Lutron,field-testing,10/10_CBL,,9/27/10,14:00,15:00,,-3.77,-6.13,-11.65,-0.08,-0.13,-0.24,-0.19,-0.31,-0.58,"Page, Janie, Sila Kiliccote, Han Dudley, Mary Ann Piette, Albert K. Chiu, Bashar Kellow, Ed Koch, and Paul Lipkin Akuacom. 2011. Automated Demand Response Technology Demonstration for Small and Medium Commercial Buildings."
Lutron,field-testing,10/10_CBL,,9/27/10,15:00,16:00,,0.62,-6.16,-10.76,0.01,-0.13,-0.22,0.03,-0.31,-0.54,"Page, Janie, Sila Kiliccote, Han Dudley, Mary Ann Piette, Albert K. Chiu, Bashar Kellow, Ed Koch, and Paul Lipkin Akuacom. 2011. Automated Demand Response Technology Demonstration for Small and Medium Commercial Buildings."
Lutron,field-testing,10/10_CBL,,9/27/10,16:00,17:00,,-0.42,-4.27,-10.7,-0.01,-0.1,-0.25,-0.02,-0.21,-0.54,"Page, Janie, Sila Kiliccote, Han Dudley, Mary Ann Piette, Albert K. Chiu, Bashar Kellow, Ed Koch, and Paul Lipkin Akuacom. 2011. Automated Demand Response Technology Demonstration for Small and Medium Commercial Buildings."
Lutron,field-testing,10/10_CBL,,9/27/10,17:00,18:00,,-0.86,-5.73,-13.21,-0.02,-0.16,-0.36,-0.04,-0.29,-0.66,"Page, Janie, Sila Kiliccote, Han Dudley, Mary Ann Piette, Albert K. Chiu, Bashar Kellow, Ed Koch, and Paul Lipkin Akuacom. 2011. Automated Demand Response Technology Demonstration for Small and Medium Commercial Buildings."
Lutron,field-testing,10/10_CBL,,9/27/10,14:00,18:00,,0.62,-5.58,-13.21,0.01,-0.13,-0.36,0.03,-0.28,-0.66,"Page, Janie, Sila Kiliccote, Han Dudley, Mary Ann Piette, Albert K. Chiu, Bashar Kellow, Ed Koch, and Paul Lipkin Akuacom. 2011. Automated Demand Response Technology Demonstration for Small and Medium Commercial Buildings."
Lutron,field-testing,OAT_MA_CBL,,9/28/10,14:00,15:00,,7.9,2.95,-3.33,0.13,0.05,-0.05,0.4,0.15,-0.17,"Page, Janie, Sila Kiliccote, Han Dudley, Mary Ann Piette, Albert K. Chiu, Bashar Kellow, Ed Koch, and Paul Lipkin Akuacom. 2011. Automated Demand Response Technology Demonstration for Small and Medium Commercial Buildings."
Lutron,field-testing,OAT_MA_CBL,,9/28/10,15:00,16:00,,7.26,2.89,-4.17,0.12,0.05,-0.07,0.36,0.14,-0.21,"Page, Janie, Sila Kiliccote, Han Dudley, Mary Ann Piette, Albert K. Chiu, Bashar Kellow, Ed Koch, and Paul Lipkin Akuacom. 2011. Automated Demand Response Technology Demonstration for Small and Medium Commercial Buildings."
Lutron,field-testing,OAT_MA_CBL,,9/28/10,16:00,17:00,,6.8,3.69,1.97,0.12,0.06,0.03,0.34,0.18,0.1,"Page, Janie, Sila Kiliccote, Han Dudley, Mary Ann Piette, Albert K. Chiu, Bashar Kellow, Ed Koch, and Paul Lipkin Akuacom. 2011. Automated Demand Response Technology Demonstration for Small and Medium Commercial Buildings."
Lutron,field-testing,OAT_MA_CBL,,9/28/10,17:00,18:00,,10.81,2.14,-4.58,0.22,0.04,-0.11,0.54,0.11,-0.23,"Page, Janie, Sila Kiliccote, Han Dudley, Mary Ann Piette, Albert K. Chiu, Bashar Kellow, Ed Koch, and Paul Lipkin Akuacom. 2011. Automated Demand Response Technology Demonstration for Small and Medium Commercial Buildings."
Lutron,field-testing,OAT_MA_CBL,,9/28/10,14:00,18:00,,10.81,2.91,-4.58,0.22,0.05,-0.11,0.54,0.15,-0.23,"Page, Janie, Sila Kiliccote, Han Dudley, Mary Ann Piette, Albert K. Chiu, Bashar Kellow, Ed Koch, and Paul Lipkin Akuacom. 2011. Automated Demand Response Technology Demonstration for Small and Medium Commercial Buildings."
Lutron,field-testing,10/10_CBL,,9/28/10,14:00,15:00,,-6.05,-9.85,-15.66,-0.13,-0.2,-0.32,-0.3,-0.49,-0.78,"Page, Janie, Sila Kiliccote, Han Dudley, Mary Ann Piette, Albert K. Chiu, Bashar Kellow, Ed Koch, and Paul Lipkin Akuacom. 2011. Automated Demand Response Technology Demonstration for Small and Medium Commercial Buildings."
Lutron,field-testing,10/10_CBL,,9/28/10,15:00,16:00,,-2.69,-8.2,-14.92,-0.05,-0.17,-0.3,-0.13,-0.41,-0.75,"Page, Janie, Sila Kiliccote, Han Dudley, Mary Ann Piette, Albert K. Chiu, Bashar Kellow, Ed Koch, and Paul Lipkin Akuacom. 2011. Automated Demand Response Technology Demonstration for Small and Medium Commercial Buildings."
Lutron,field-testing,10/10_CBL,,9/28/10,16:00,17:00,,-2.78,-5.61,-7.82,-0.05,-0.12,-0.17,-0.14,-0.28,-0.39,"Page, Janie, Sila Kiliccote, Han Dudley, Mary Ann Piette, Albert K. Chiu, Bashar Kellow, Ed Koch, and Paul Lipkin Akuacom. 2011. Automated Demand Response Technology Demonstration for Small and Medium Commercial Buildings."
Lutron,field-testing,10/10_CBL,,9/28/10,17:00,18:00,,-1.78,-4.7,-9.28,-0.05,-0.12,-0.25,-0.09,-0.23,-0.46,"Page, Janie, Sila Kiliccote, Han Dudley, Mary Ann Piette, Albert K. Chiu, Bashar Kellow, Ed Koch, and Paul Lipkin Akuacom. 2011. Automated Demand Response Technology Demonstration for Small and Medium Commercial Buildings."
Lutron,field-testing,10/10_CBL,,9/28/10,14:00,18:00,,-1.78,-7.09,-15.66,-0.05,-0.15,-0.32,-0.09,-0.35,-0.78,"Page, Janie, Sila Kiliccote, Han Dudley, Mary Ann Piette, Albert K. Chiu, Bashar Kellow, Ed Koch, and Paul Lipkin Akuacom. 2011. Automated Demand Response Technology Demonstration for Small and Medium Commercial Buildings."
Lutron,field-testing,OAT_MA_CBL,,10/13/10,14:00,15:00,,5.14,2.21,-0.99,0.09,0.04,-0.02,0.26,0.11,-0.05,"Page, Janie, Sila Kiliccote, Han Dudley, Mary Ann Piette, Albert K. Chiu, Bashar Kellow, Ed Koch, and Paul Lipkin Akuacom. 2011. Automated Demand Response Technology Demonstration for Small and Medium Commercial Buildings."
Lutron,field-testing,OAT_MA_CBL,,10/13/10,15:00,16:00,,9.01,-4.4,-14.23,0.16,-0.08,-0.27,0.45,-0.22,-0.71,"Page, Janie, Sila Kiliccote, Han Dudley, Mary Ann Piette, Albert K. Chiu, Bashar Kellow, Ed Koch, and Paul Lipkin Akuacom. 2011. Automated Demand Response Technology Demonstration for Small and Medium Commercial Buildings."
Lutron,field-testing,OAT_MA_CBL,,10/13/10,16:00,17:00,,0.79,-4.51,-7.66,0.02,-0.09,-0.15,0.04,-0.23,-0.38,"Page, Janie, Sila Kiliccote, Han Dudley, Mary Ann Piette, Albert K. Chiu, Bashar Kellow, Ed Koch, and Paul Lipkin Akuacom. 2011. Automated Demand Response Technology Demonstration for Small and Medium Commercial Buildings."
Lutron,field-testing,OAT_MA_CBL,,10/13/10,17:00,18:00,,0.31,-6.5,-15.74,0.01,-0.17,-0.36,0.02,-0.33,-0.79,"Page, Janie, Sila Kiliccote, Han Dudley, Mary Ann Piette, Albert K. Chiu, Bashar Kellow, Ed Koch, and Paul Lipkin Akuacom. 2011. Automated Demand Response Technology Demonstration for Small and Medium Commercial Buildings."
Lutron,field-testing,OAT_MA_CBL,,10/13/10,14:00,18:00,,9.01,-3.3,-15.74,0.16,-0.08,-0.36,0.45,-0.17,-0.79,"Page, Janie, Sila Kiliccote, Han Dudley, Mary Ann Piette, Albert K. Chiu, Bashar Kellow, Ed Koch, and Paul Lipkin Akuacom. 2011. Automated Demand Response Technology Demonstration for Small and Medium Commercial Buildings."
Lutron,field-testing,10/10_CBL,,10/13/10,14:00,15:00,,2.81,-0.64,-5.38,0.05,-0.01,-0.1,0.14,-0.03,-0.27,"Page, Janie, Sila Kiliccote, Han Dudley, Mary Ann Piette, Albert K. Chiu, Bashar Kellow, Ed Koch, and Paul Lipkin Akuacom. 2011. Automated Demand Response Technology Demonstration for Small and Medium Commercial Buildings."
Lutron,field-testing,10/10_CBL,,10/13/10,15:00,16:00,,3.5,-6.75,-15.92,0.07,-0.13,-0.31,0.17,-0.34,-0.8,"Page, Janie, Sila Kiliccote, Han Dudley, Mary Ann Piette, Albert K. Chiu, Bashar Kellow, Ed Koch, and Paul Lipkin Akuacom. 2011. Automated Demand Response Technology Demonstration for Small and Medium Commercial Buildings."
Lutron,field-testing,10/10_CBL,,10/13/10,16:00,17:00,,4.82,-3.98,-8.83,0.1,-0.08,-0.18,0.24,-0.2,-0.44,"Page, Janie, Sila Kiliccote, Han Dudley, Mary Ann Piette, Albert K. Chiu, Bashar Kellow, Ed Koch, and Paul Lipkin Akuacom. 2011. Automated Demand Response Technology Demonstration for Small and Medium Commercial Buildings."
Lutron,field-testing,10/10_CBL,,10/13/10,17:00,18:00,,3.35,-6.19,-17.37,0.09,-0.17,-0.41,0.17,-0.31,-0.87,"Page, Janie, Sila Kiliccote, Han Dudley, Mary Ann Piette, Albert K. Chiu, Bashar Kellow, Ed Koch, and Paul Lipkin Akuacom. 2011. Automated Demand Response Technology Demonstration for Small and Medium Commercial Buildings."
Lutron,field-testing,10/10_CBL,,10/13/10,14:00,18:00,,4.82,-4.39,-17.37,0.1,-0.1,-0.41,0.24,-0.22,-0.87,"Page, Janie, Sila Kiliccote, Han Dudley, Mary Ann Piette, Albert K. Chiu, Bashar Kellow, Ed Koch, and Paul Lipkin Akuacom. 2011. Automated Demand Response Technology Demonstration for Small and Medium Commercial Buildings."
Lutron,field-testing,OAT_MA_CBL,,9/22/10,13:00,14:00,,6.61,2.05,-0.24,0.17,0.05,-0.01,0.33,0.1,-0.01,"Page, Janie, Sila Kiliccote, Han Dudley, Mary Ann Piette, Albert K. Chiu, Bashar Kellow, Ed Koch, and Paul Lipkin Akuacom. 2011. Automated Demand Response Technology Demonstration for Small and Medium Commercial Buildings."
Lutron,field-testing,OAT_MA_CBL,,9/22/10,14:00,15:00,,4.92,1.72,-4.13,0.13,0.05,-0.11,0.25,0.09,-0.21,"Page, Janie, Sila Kiliccote, Han Dudley, Mary Ann Piette, Albert K. Chiu, Bashar Kellow, Ed Koch, and Paul Lipkin Akuacom. 2011. Automated Demand Response Technology Demonstration for Small and Medium Commercial Buildings."
Lutron,field-testing,OAT_MA_CBL,,9/22/10,15:00,16:00,,7.91,0.51,-6.46,0.2,0.01,-0.17,0.4,0.03,-0.32,"Page, Janie, Sila Kiliccote, Han Dudley, Mary Ann Piette, Albert K. Chiu, Bashar Kellow, Ed Koch, and Paul Lipkin Akuacom. 2011. Automated Demand Response Technology Demonstration for Small and Medium Commercial Buildings."
Lutron,field-testing,OAT_MA_CBL,,9/22/10,16:00,17:00,,8.98,4.78,0.15,0.25,0.13,0,0.45,0.24,0.01,"Page, Janie, Sila Kiliccote, Han Dudley, Mary Ann Piette, Albert K. Chiu, Bashar Kellow, Ed Koch, and Paul Lipkin Akuacom. 2011. Automated Demand Response Technology Demonstration for Small and Medium Commercial Buildings."
Lutron,field-testing,OAT_MA_CBL,,9/22/10,13:00,17:00,,8.98,2.26,-6.46,0.25,0.06,-0.17,0.45,0.11,-0.32,"Page, Janie, Sila Kiliccote, Han Dudley, Mary Ann Piette, Albert K. Chiu, Bashar Kellow, Ed Koch, and Paul Lipkin Akuacom. 2011. Automated Demand Response Technology Demonstration for Small and Medium Commercial Buildings."
Lutron,field-testing,10/10_CBL,,9/22/10,13:00,14:00,,8.95,3.67,1.5,0.22,0.09,0.04,0.45,0.18,0.08,"Page, Janie, Sila Kiliccote, Han Dudley, Mary Ann Piette, Albert K. Chiu, Bashar Kellow, Ed Koch, and Paul Lipkin Akuacom. 2011. Automated Demand Response Technology Demonstration for Small and Medium Commercial Buildings."
Lutron,field-testing,10/10_CBL,,9/22/10,14:00,15:00,,7.68,3.42,-2.7,0.19,0.09,-0.07,0.38,0.17,-0.14,"Page, Janie, Sila Kiliccote, Han Dudley, Mary Ann Piette, Albert K. Chiu, Bashar Kellow, Ed Koch, and Paul Lipkin Akuacom. 2011. Automated Demand Response Technology Demonstration for Small and Medium Commercial Buildings."
Lutron,field-testing,10/10_CBL,,9/22/10,15:00,16:00,,11.36,2.5,-5.66,0.27,0.06,-0.14,0.57,0.12,-0.28,"Page, Janie, Sila Kiliccote, Han Dudley, Mary Ann Piette, Albert K. Chiu, Bashar Kellow, Ed Koch, and Paul Lipkin Akuacom. 2011. Automated Demand Response Technology Demonstration for Small and Medium Commercial Buildings."
Lutron,field-testing,10/10_CBL,,9/22/10,16:00,17:00,,10.72,6.22,0.79,0.28,0.16,0.02,0.54,0.31,0.04,"Page, Janie, Sila Kiliccote, Han Dudley, Mary Ann Piette, Albert K. Chiu, Bashar Kellow, Ed Koch, and Paul Lipkin Akuacom. 2011. Automated Demand Response Technology Demonstration for Small and Medium Commercial Buildings."
Lutron,field-testing,10/10_CBL,,9/22/10,13:00,17:00,,11.36,3.95,-5.66,0.28,0.1,-0.14,0.57,0.2,-0.28,"Page, Janie, Sila Kiliccote, Han Dudley, Mary Ann Piette, Albert K. Chiu, Bashar Kellow, Ed Koch, and Paul Lipkin Akuacom. 2011. Automated Demand Response Technology Demonstration for Small and Medium Commercial Buildings."
Lutron,field-testing,OAT_MA_CBL,,9/22/10,13:00,14:00,,1.72,1.45,1.27,0.23,0.2,0.17,0.09,0.07,0.06,"Page, Janie, Sila Kiliccote, Han Dudley, Mary Ann Piette, Albert K. Chiu, Bashar Kellow, Ed Koch, and Paul Lipkin Akuacom. 2011. Automated Demand Response Technology Demonstration for Small and Medium Commercial Buildings."
Lutron,field-testing,OAT_MA_CBL,,9/22/10,14:00,15:00,,1.59,1.41,1.28,0.21,0.19,0.17,0.08,0.07,0.06,"Page, Janie, Sila Kiliccote, Han Dudley, Mary Ann Piette, Albert K. Chiu, Bashar Kellow, Ed Koch, and Paul Lipkin Akuacom. 2011. Automated Demand Response Technology Demonstration for Small and Medium Commercial Buildings."
Lutron,field-testing,OAT_MA_CBL,,9/22/10,15:00,16:00,,1.82,1.57,1.46,0.24,0.21,0.2,0.09,0.08,0.07,"Page, Janie, Sila Kiliccote, Han Dudley, Mary Ann Piette, Albert K. Chiu, Bashar Kellow, Ed Koch, and Paul Lipkin Akuacom. 2011. Automated Demand Response Technology Demonstration for Small and Medium Commercial Buildings."
Lutron,field-testing,OAT_MA_CBL,,9/22/10,16:00,17:00,,2.18,1.38,0.36,0.29,0.19,0.05,0.11,0.07,0.02,"Page, Janie, Sila Kiliccote, Han Dudley, Mary Ann Piette, Albert K. Chiu, Bashar Kellow, Ed Koch, and Paul Lipkin Akuacom. 2011. Automated Demand Response Technology Demonstration for Small and Medium Commercial Buildings."
Lutron,field-testing,OAT_MA_CBL,,9/22/10,13:00,17:00,,2.18,1.45,0.36,0.29,0.2,0.05,0.11,0.07,0.02,"Page, Janie, Sila Kiliccote, Han Dudley, Mary Ann Piette, Albert K. Chiu, Bashar Kellow, Ed Koch, and Paul Lipkin Akuacom. 2011. Automated Demand Response Technology Demonstration for Small and Medium Commercial Buildings."
Lutron,field-testing,10/10_CBL,,9/22/10,13:00,14:00,,1.68,1.42,1.24,0.23,0.19,0.17,0.08,0.07,0.06,"Page, Janie, Sila Kiliccote, Han Dudley, Mary Ann Piette, Albert K. Chiu, Bashar Kellow, Ed Koch, and Paul Lipkin Akuacom. 2011. Automated Demand Response Technology Demonstration for Small and Medium Commercial Buildings."
Lutron,field-testing,10/10_CBL,,9/22/10,14:00,15:00,,1.57,1.38,1.26,0.21,0.18,0.17,0.08,0.07,0.06,"Page, Janie, Sila Kiliccote, Han Dudley, Mary Ann Piette, Albert K. Chiu, Bashar Kellow, Ed Koch, and Paul Lipkin Akuacom. 2011. Automated Demand Response Technology Demonstration for Small and Medium Commercial Buildings."
Lutron,field-testing,10/10_CBL,,9/22/10,15:00,16:00,,1.78,1.53,1.42,0.24,0.21,0.19,0.09,0.08,0.07,"Page, Janie, Sila Kiliccote, Han Dudley, Mary Ann Piette, Albert K. Chiu, Bashar Kellow, Ed Koch, and Paul Lipkin Akuacom. 2011. Automated Demand Response Technology Demonstration for Small and Medium Commercial Buildings."
Lutron,field-testing,10/10_CBL,,9/22/10,16:00,17:00,,2.12,1.31,0.27,0.28,0.18,0.04,0.11,0.07,0.01,"Page, Janie, Sila Kiliccote, Han Dudley, Mary Ann Piette, Albert K. Chiu, Bashar Kellow, Ed Koch, and Paul Lipkin Akuacom. 2011. Automated Demand Response Technology Demonstration for Small and Medium Commercial Buildings."
Lutron,field-testing,10/10_CBL,,9/22/10,13:00,17:00,,2.12,1.41,0.27,0.28,0.19,0.04,0.11,0.07,0.01,"Page, Janie, Sila Kiliccote, Han Dudley, Mary Ann Piette, Albert K. Chiu, Bashar Kellow, Ed Koch, and Paul Lipkin Akuacom. 2011. Automated Demand Response Technology Demonstration for Small and Medium Commercial Buildings."
Enmetric,field-testing,OAT_MA_CBL,,8/24/10,14:00,15:00,,-2.29,-2.47,-2.7,-0.13,-0.14,-0.16,-4.58,-4.94,-5.4,"Page, Janie, Sila Kiliccote, Han Dudley, Mary Ann Piette, Albert K. Chiu, Bashar Kellow, Ed Koch, and Paul Lipkin Akuacom. 2011. Automated Demand Response Technology Demonstration for Small and Medium Commercial Buildings."
Enmetric,field-testing,OAT_MA_CBL,,8/24/10,15:00,16:00,,3.87,2.57,1.94,0.18,0.12,0.1,7.75,5.15,3.87,"Page, Janie, Sila Kiliccote, Han Dudley, Mary Ann Piette, Albert K. Chiu, Bashar Kellow, Ed Koch, and Paul Lipkin Akuacom. 2011. Automated Demand Response Technology Demonstration for Small and Medium Commercial Buildings."
Enmetric,field-testing,OAT_MA_CBL,,8/24/10,16:00,17:00,,2.88,0.9,-0.9,0.14,0.04,-0.06,5.77,1.8,-1.79,"Page, Janie, Sila Kiliccote, Han Dudley, Mary Ann Piette, Albert K. Chiu, Bashar Kellow, Ed Koch, and Paul Lipkin Akuacom. 2011. Automated Demand Response Technology Demonstration for Small and Medium Commercial Buildings."
Enmetric,field-testing,OAT_MA_CBL,,8/24/10,17:00,18:00,,1.18,0.51,-0.26,0.07,0.03,-0.02,2.36,1.03,-0.52,"Page, Janie, Sila Kiliccote, Han Dudley, Mary Ann Piette, Albert K. Chiu, Bashar Kellow, Ed Koch, and Paul Lipkin Akuacom. 2011. Automated Demand Response Technology Demonstration for Small and Medium Commercial Buildings."
Enmetric,field-testing,OAT_MA_CBL,,8/24/10,14:00,18:00,,3.87,0.38,-2.7,0.18,0.01,-0.16,7.75,0.76,-5.4,"Page, Janie, Sila Kiliccote, Han Dudley, Mary Ann Piette, Albert K. Chiu, Bashar Kellow, Ed Koch, and Paul Lipkin Akuacom. 2011. Automated Demand Response Technology Demonstration for Small and Medium Commercial Buildings."
Enmetric,field-testing,10/10_CBL,,8/24/10,14:00,15:00,,-1.32,-1.59,-2.01,-0.07,-0.09,-0.11,-2.64,-3.17,-4.02,"Page, Janie, Sila Kiliccote, Han Dudley, Mary Ann Piette, Albert K. Chiu, Bashar Kellow, Ed Koch, and Paul Lipkin Akuacom. 2011. Automated Demand Response Technology Demonstration for Small and Medium Commercial Buildings."
Enmetric,field-testing,10/10_CBL,,8/24/10,15:00,16:00,,1.12,0.28,-0.17,0.06,0.01,-0.01,2.24,0.56,-0.34,"Page, Janie, Sila Kiliccote, Han Dudley, Mary Ann Piette, Albert K. Chiu, Bashar Kellow, Ed Koch, and Paul Lipkin Akuacom. 2011. Automated Demand Response Technology Demonstration for Small and Medium Commercial Buildings."
Enmetric,field-testing,10/10_CBL,,8/24/10,16:00,17:00,,0.84,0.52,0.29,0.05,0.03,0.02,1.68,1.04,0.59,"Page, Janie, Sila Kiliccote, Han Dudley, Mary Ann Piette, Albert K. Chiu, Bashar Kellow, Ed Koch, and Paul Lipkin Akuacom. 2011. Automated Demand Response Technology Demonstration for Small and Medium Commercial Buildings."
Enmetric,field-testing,10/10_CBL,,8/24/10,17:00,18:00,,-0.52,-0.71,-0.84,-0.03,-0.05,-0.05,-1.05,-1.41,-1.69,"Page, Janie, Sila Kiliccote, Han Dudley, Mary Ann Piette, Albert K. Chiu, Bashar Kellow, Ed Koch, and Paul Lipkin Akuacom. 2011. Automated Demand Response Technology Demonstration for Small and Medium Commercial Buildings."
Enmetric,field-testing,10/10_CBL,,8/24/10,14:00,18:00,,1.12,-0.37,-2.01,0.06,-0.02,-0.11,2.24,-0.75,-4.02,"Page, Janie, Sila Kiliccote, Han Dudley, Mary Ann Piette, Albert K. Chiu, Bashar Kellow, Ed Koch, and Paul Lipkin Akuacom. 2011. Automated Demand Response Technology Demonstration for Small and Medium Commercial Buildings."
Enmetric,field-testing,OAT_MA_CBL,,9/1/10,14:00,15:00,,2.32,1.8,1.36,0.12,0.09,0.07,4.64,3.61,2.71,"Page, Janie, Sila Kiliccote, Han Dudley, Mary Ann Piette, Albert K. Chiu, Bashar Kellow, Ed Koch, and Paul Lipkin Akuacom. 2011. Automated Demand Response Technology Demonstration for Small and Medium Commercial Buildings."
Enmetric,field-testing,OAT_MA_CBL,,9/1/10,15:00,16:00,,4.99,3.4,2.59,0.22,0.16,0.13,9.99,6.81,5.18,"Page, Janie, Sila Kiliccote, Han Dudley, Mary Ann Piette, Albert K. Chiu, Bashar Kellow, Ed Koch, and Paul Lipkin Akuacom. 2011. Automated Demand Response Technology Demonstration for Small and Medium Commercial Buildings."
Enmetric,field-testing,OAT_MA_CBL,,9/1/10,16:00,17:00,,2.32,0.08,-2.48,0.12,0,-0.15,4.64,0.16,-4.96,"Page, Janie, Sila Kiliccote, Han Dudley, Mary Ann Piette, Albert K. Chiu, Bashar Kellow, Ed Koch, and Paul Lipkin Akuacom. 2011. Automated Demand Response Technology Demonstration for Small and Medium Commercial Buildings."
Enmetric,field-testing,OAT_MA_CBL,,9/1/10,17:00,18:00,,1.82,0.11,-1.36,0.11,0.01,-0.08,3.64,0.21,-2.72,"Page, Janie, Sila Kiliccote, Han Dudley, Mary Ann Piette, Albert K. Chiu, Bashar Kellow, Ed Koch, and Paul Lipkin Akuacom. 2011. Automated Demand Response Technology Demonstration for Small and Medium Commercial Buildings."
Enmetric,field-testing,OAT_MA_CBL,,9/1/10,14:00,18:00,,4.99,1.35,-2.48,0.22,0.06,-0.15,9.99,2.7,-4.96,"Page, Janie, Sila Kiliccote, Han Dudley, Mary Ann Piette, Albert K. Chiu, Bashar Kellow, Ed Koch, and Paul Lipkin Akuacom. 2011. Automated Demand Response Technology Demonstration for Small and Medium Commercial Buildings."
Enmetric,field-testing,10/10_CBL,,9/1/10,14:00,15:00,,2.45,1.55,0.88,0.12,0.08,0.04,4.9,3.11,1.77,"Page, Janie, Sila Kiliccote, Han Dudley, Mary Ann Piette, Albert K. Chiu, Bashar Kellow, Ed Koch, and Paul Lipkin Akuacom. 2011. Automated Demand Response Technology Demonstration for Small and Medium Commercial Buildings."
Enmetric,field-testing,10/10_CBL,,9/1/10,15:00,16:00,,2.97,2.16,1.68,0.15,0.11,0.08,5.95,4.32,3.35,"Page, Janie, Sila Kiliccote, Han Dudley, Mary Ann Piette, Albert K. Chiu, Bashar Kellow, Ed Koch, and Paul Lipkin Akuacom. 2011. Automated Demand Response Technology Demonstration for Small and Medium Commercial Buildings."
Enmetric,field-testing,10/10_CBL,,9/1/10,16:00,17:00,,1.57,0.42,-1.12,0.08,0.02,-0.06,3.13,0.85,-2.23,"Page, Janie, Sila Kiliccote, Han Dudley, Mary Ann Piette, Albert K. Chiu, Bashar Kellow, Ed Koch, and Paul Lipkin Akuacom. 2011. Automated Demand Response Technology Demonstration for Small and Medium Commercial Buildings."
Enmetric,field-testing,10/10_CBL,,9/1/10,17:00,18:00,,1.07,-0.27,-1.21,0.07,-0.02,-0.07,2.14,-0.54,-2.41,"Page, Janie, Sila Kiliccote, Han Dudley, Mary Ann Piette, Albert K. Chiu, Bashar Kellow, Ed Koch, and Paul Lipkin Akuacom. 2011. Automated Demand Response Technology Demonstration for Small and Medium Commercial Buildings."
Enmetric,field-testing,10/10_CBL,,9/1/10,14:00,18:00,,2.97,0.97,-1.21,0.15,0.05,-0.07,5.95,1.93,-2.41,"Page, Janie, Sila Kiliccote, Han Dudley, Mary Ann Piette, Albert K. Chiu, Bashar Kellow, Ed Koch, and Paul Lipkin Akuacom. 2011. Automated Demand Response Technology Demonstration for Small and Medium Commercial Buildings."
Enmetric,field-testing,OAT_MA_CBL,,9/2/10,14:00,15:00,,1.15,-0.2,-1.6,0.06,-0.01,-0.09,2.31,-0.39,-3.21,"Page, Janie, Sila Kiliccote, Han Dudley, Mary Ann Piette, Albert K. Chiu, Bashar Kellow, Ed Koch, and Paul Lipkin Akuacom. 2011. Automated Demand Response Technology Demonstration for Small and Medium Commercial Buildings."
Enmetric,field-testing,OAT_MA_CBL,,9/2/10,15:00,16:00,,0.66,-1.32,-2.46,0.04,-0.07,-0.14,1.32,-2.64,-4.92,"Page, Janie, Sila Kiliccote, Han Dudley, Mary Ann Piette, Albert K. Chiu, Bashar Kellow, Ed Koch, and Paul Lipkin Akuacom. 2011. Automated Demand Response Technology Demonstration for Small and Medium Commercial Buildings."
Enmetric,field-testing,OAT_MA_CBL,,9/2/10,16:00,17:00,,-1.91,-2.74,-3.72,-0.11,-0.17,-0.24,-3.82,-5.48,-7.44,"Page, Janie, Sila Kiliccote, Han Dudley, Mary Ann Piette, Albert K. Chiu, Bashar Kellow, Ed Koch, and Paul Lipkin Akuacom. 2011. Automated Demand Response Technology Demonstration for Small and Medium Commercial Buildings."
Enmetric,field-testing,OAT_MA_CBL,,9/2/10,17:00,18:00,,0.33,-0.78,-1.74,0.02,-0.05,-0.12,0.66,-1.57,-3.49,"Page, Janie, Sila Kiliccote, Han Dudley, Mary Ann Piette, Albert K. Chiu, Bashar Kellow, Ed Koch, and Paul Lipkin Akuacom. 2011. Automated Demand Response Technology Demonstration for Small and Medium Commercial Buildings."
Enmetric,field-testing,OAT_MA_CBL,,9/2/10,14:00,18:00,,1.15,-1.26,-3.72,0.06,-0.08,-0.24,2.31,-2.52,-7.44,"Page, Janie, Sila Kiliccote, Han Dudley, Mary Ann Piette, Albert K. Chiu, Bashar Kellow, Ed Koch, and Paul Lipkin Akuacom. 2011. Automated Demand Response Technology Demonstration for Small and Medium Commercial Buildings."
Enmetric,field-testing,10/10_CBL,,9/2/10,14:00,15:00,,1.59,0.4,-0.53,0.09,0.02,-0.03,3.18,0.81,-1.07,"Page, Janie, Sila Kiliccote, Han Dudley, Mary Ann Piette, Albert K. Chiu, Bashar Kellow, Ed Koch, and Paul Lipkin Akuacom. 2011. Automated Demand Response Technology Demonstration for Small and Medium Commercial Buildings."
Enmetric,field-testing,10/10_CBL,,9/2/10,15:00,16:00,,1.11,-0.99,-1.98,0.06,-0.05,-0.11,2.22,-1.98,-3.96,"Page, Janie, Sila Kiliccote, Han Dudley, Mary Ann Piette, Albert K. Chiu, Bashar Kellow, Ed Koch, and Paul Lipkin Akuacom. 2011. Automated Demand Response Technology Demonstration for Small and Medium Commercial Buildings."
Enmetric,field-testing,10/10_CBL,,9/2/10,16:00,17:00,,-0.82,-1.46,-1.92,-0.05,-0.08,-0.11,-1.63,-2.93,-3.84,"Page, Janie, Sila Kiliccote, Han Dudley, Mary Ann Piette, Albert K. Chiu, Bashar Kellow, Ed Koch, and Paul Lipkin Akuacom. 2011. Automated Demand Response Technology Demonstration for Small and Medium Commercial Buildings."
Enmetric,field-testing,10/10_CBL,,9/2/10,17:00,18:00,,0.92,-0.14,-1.03,0.06,-0.01,-0.07,1.83,-0.28,-2.06,"Page, Janie, Sila Kiliccote, Han Dudley, Mary Ann Piette, Albert K. Chiu, Bashar Kellow, Ed Koch, and Paul Lipkin Akuacom. 2011. Automated Demand Response Technology Demonstration for Small and Medium Commercial Buildings."
Enmetric,field-testing,10/10_CBL,,9/2/10,14:00,18:00,,1.59,-0.55,-1.98,0.09,-0.03,-0.11,3.18,-1.09,-3.96,"Page, Janie, Sila Kiliccote, Han Dudley, Mary Ann Piette, Albert K. Chiu, Bashar Kellow, Ed Koch, and Paul Lipkin Akuacom. 2011. Automated Demand Response Technology Demonstration for Small and Medium Commercial Buildings."
Enmetric,field-testing,OAT_MA_CBL,,9/24/10,14:00,15:00,,1.21,-0.67,-2.02,0.11,-0.06,-0.19,2.42,-1.33,-4.04,"Page, Janie, Sila Kiliccote, Han Dudley, Mary Ann Piette, Albert K. Chiu, Bashar Kellow, Ed Koch, and Paul Lipkin Akuacom. 2011. Automated Demand Response Technology Demonstration for Small and Medium Commercial Buildings."
Enmetric,field-testing,OAT_MA_CBL,,9/24/10,15:00,16:00,,1.64,0.12,-1.56,0.14,0.01,-0.14,3.27,0.23,-3.11,"Page, Janie, Sila Kiliccote, Han Dudley, Mary Ann Piette, Albert K. Chiu, Bashar Kellow, Ed Koch, and Paul Lipkin Akuacom. 2011. Automated Demand Response Technology Demonstration for Small and Medium Commercial Buildings."
Enmetric,field-testing,OAT_MA_CBL,,9/24/10,16:00,17:00,,1.13,-0.08,-2.39,0.12,0,-0.22,2.26,-0.17,-4.79,"Page, Janie, Sila Kiliccote, Han Dudley, Mary Ann Piette, Albert K. Chiu, Bashar Kellow, Ed Koch, and Paul Lipkin Akuacom. 2011. Automated Demand Response Technology Demonstration for Small and Medium Commercial Buildings."
Enmetric,field-testing,OAT_MA_CBL,,9/24/10,17:00,18:00,,1.48,0.85,0.2,0.16,0.09,0.02,2.96,1.7,0.4,"Page, Janie, Sila Kiliccote, Han Dudley, Mary Ann Piette, Albert K. Chiu, Bashar Kellow, Ed Koch, and Paul Lipkin Akuacom. 2011. Automated Demand Response Technology Demonstration for Small and Medium Commercial Buildings."
Enmetric,field-testing,OAT_MA_CBL,,9/24/10,14:00,18:00,,1.64,0.05,-2.39,0.16,0.01,-0.22,3.27,0.11,-4.79,"Page, Janie, Sila Kiliccote, Han Dudley, Mary Ann Piette, Albert K. Chiu, Bashar Kellow, Ed Koch, and Paul Lipkin Akuacom. 2011. Automated Demand Response Technology Demonstration for Small and Medium Commercial Buildings."
Enmetric,field-testing,10/10_CBL,,9/24/10,14:00,15:00,,4.23,2.57,1.26,0.3,0.18,0.09,8.47,5.14,2.52,"Page, Janie, Sila Kiliccote, Han Dudley, Mary Ann Piette, Albert K. Chiu, Bashar Kellow, Ed Koch, and Paul Lipkin Akuacom. 2011. Automated Demand Response Technology Demonstration for Small and Medium Commercial Buildings."
Enmetric,field-testing,10/10_CBL,,9/24/10,15:00,16:00,,4.15,2.93,1.58,0.29,0.21,0.11,8.3,5.87,3.16,"Page, Janie, Sila Kiliccote, Han Dudley, Mary Ann Piette, Albert K. Chiu, Bashar Kellow, Ed Koch, and Paul Lipkin Akuacom. 2011. Automated Demand Response Technology Demonstration for Small and Medium Commercial Buildings."
Enmetric,field-testing,10/10_CBL,,9/24/10,16:00,17:00,,5.05,3.42,1.14,0.38,0.25,0.08,10.11,6.84,2.27,"Page, Janie, Sila Kiliccote, Han Dudley, Mary Ann Piette, Albert K. Chiu, Bashar Kellow, Ed Koch, and Paul Lipkin Akuacom. 2011. Automated Demand Response Technology Demonstration for Small and Medium Commercial Buildings."
Enmetric,field-testing,10/10_CBL,,9/24/10,17:00,18:00,,4.3,3.61,2.51,0.36,0.3,0.22,8.6,7.21,5.01,"Page, Janie, Sila Kiliccote, Han Dudley, Mary Ann Piette, Albert K. Chiu, Bashar Kellow, Ed Koch, and Paul Lipkin Akuacom. 2011. Automated Demand Response Technology Demonstration for Small and Medium Commercial Buildings."
Enmetric,field-testing,10/10_CBL,,9/24/10,14:00,18:00,,5.05,3.13,1.14,0.38,0.24,0.08,10.11,6.26,2.27,"Page, Janie, Sila Kiliccote, Han Dudley, Mary Ann Piette, Albert K. Chiu, Bashar Kellow, Ed Koch, and Paul Lipkin Akuacom. 2011. Automated Demand Response Technology Demonstration for Small and Medium Commercial Buildings."
Enmetric,field-testing,OAT_MA_CBL,,9/27/10,14:00,15:00,,-1.25,-3.8,-6.97,-0.08,-0.24,-0.45,-2.5,-7.59,-13.94,"Page, Janie, Sila Kiliccote, Han Dudley, Mary Ann Piette, Albert K. Chiu, Bashar Kellow, Ed Koch, and Paul Lipkin Akuacom. 2011. Automated Demand Response Technology Demonstration for Small and Medium Commercial Buildings."
Enmetric,field-testing,OAT_MA_CBL,,9/27/10,15:00,16:00,,1.37,-0.86,-2.38,0.08,-0.05,-0.14,2.75,-1.72,-4.76,"Page, Janie, Sila Kiliccote, Han Dudley, Mary Ann Piette, Albert K. Chiu, Bashar Kellow, Ed Koch, and Paul Lipkin Akuacom. 2011. Automated Demand Response Technology Demonstration for Small and Medium Commercial Buildings."
Enmetric,field-testing,OAT_MA_CBL,,9/27/10,16:00,17:00,,1.37,-3.38,-6.3,0.09,-0.25,-0.48,2.73,-6.75,-12.61,"Page, Janie, Sila Kiliccote, Han Dudley, Mary Ann Piette, Albert K. Chiu, Bashar Kellow, Ed Koch, and Paul Lipkin Akuacom. 2011. Automated Demand Response Technology Demonstration for Small and Medium Commercial Buildings."
Enmetric,field-testing,OAT_MA_CBL,,9/27/10,17:00,18:00,,-2.87,-5.13,-7.87,-0.22,-0.4,-0.63,-5.75,-10.26,-15.74,"Page, Janie, Sila Kiliccote, Han Dudley, Mary Ann Piette, Albert K. Chiu, Bashar Kellow, Ed Koch, and Paul Lipkin Akuacom. 2011. Automated Demand Response Technology Demonstration for Small and Medium Commercial Buildings."
Enmetric,field-testing,OAT_MA_CBL,,9/27/10,14:00,18:00,,1.37,-3.29,-7.87,0.09,-0.24,-0.63,2.75,-6.58,-15.74,"Page, Janie, Sila Kiliccote, Han Dudley, Mary Ann Piette, Albert K. Chiu, Bashar Kellow, Ed Koch, and Paul Lipkin Akuacom. 2011. Automated Demand Response Technology Demonstration for Small and Medium Commercial Buildings."
Enmetric,field-testing,10/10_CBL,,9/27/10,14:00,15:00,,-0.07,-2.29,-4.78,0,-0.13,-0.27,-0.13,-4.57,-9.56,"Page, Janie, Sila Kiliccote, Han Dudley, Mary Ann Piette, Albert K. Chiu, Bashar Kellow, Ed Koch, and Paul Lipkin Akuacom. 2011. Automated Demand Response Technology Demonstration for Small and Medium Commercial Buildings."
Enmetric,field-testing,10/10_CBL,,9/27/10,15:00,16:00,,0.87,-0.43,-1.91,0.05,-0.02,-0.11,1.74,-0.85,-3.83,"Page, Janie, Sila Kiliccote, Han Dudley, Mary Ann Piette, Albert K. Chiu, Bashar Kellow, Ed Koch, and Paul Lipkin Akuacom. 2011. Automated Demand Response Technology Demonstration for Small and Medium Commercial Buildings."
Enmetric,field-testing,10/10_CBL,,9/27/10,16:00,17:00,,3.18,-1.26,-3.1,0.18,-0.08,-0.19,6.36,-2.51,-6.2,"Page, Janie, Sila Kiliccote, Han Dudley, Mary Ann Piette, Albert K. Chiu, Bashar Kellow, Ed Koch, and Paul Lipkin Akuacom. 2011. Automated Demand Response Technology Demonstration for Small and Medium Commercial Buildings."
Enmetric,field-testing,10/10_CBL,,9/27/10,17:00,18:00,,-2.31,-3.49,-5.93,-0.17,-0.24,-0.41,-4.63,-6.97,-11.86,"Page, Janie, Sila Kiliccote, Han Dudley, Mary Ann Piette, Albert K. Chiu, Bashar Kellow, Ed Koch, and Paul Lipkin Akuacom. 2011. Automated Demand Response Technology Demonstration for Small and Medium Commercial Buildings."
Enmetric,field-testing,10/10_CBL,,9/27/10,14:00,18:00,,3.18,-1.86,-5.93,0.18,-0.12,-0.41,6.36,-3.73,-11.86,"Page, Janie, Sila Kiliccote, Han Dudley, Mary Ann Piette, Albert K. Chiu, Bashar Kellow, Ed Koch, and Paul Lipkin Akuacom. 2011. Automated Demand Response Technology Demonstration for Small and Medium Commercial Buildings."
Enmetric,field-testing,OAT_MA_CBL,,9/28/10,14:00,15:00,,7.6,3.77,0.62,0.22,0.11,0.02,15.2,7.54,1.23,"Page, Janie, Sila Kiliccote, Han Dudley, Mary Ann Piette, Albert K. Chiu, Bashar Kellow, Ed Koch, and Paul Lipkin Akuacom. 2011. Automated Demand Response Technology Demonstration for Small and Medium Commercial Buildings."
Enmetric,field-testing,OAT_MA_CBL,,9/28/10,15:00,16:00,,5.48,1.6,-1.51,0.15,0.04,-0.04,10.95,3.2,-3.01,"Page, Janie, Sila Kiliccote, Han Dudley, Mary Ann Piette, Albert K. Chiu, Bashar Kellow, Ed Koch, and Paul Lipkin Akuacom. 2011. Automated Demand Response Technology Demonstration for Small and Medium Commercial Buildings."
Enmetric,field-testing,OAT_MA_CBL,,9/28/10,16:00,17:00,,4,-1.52,-6.95,0.12,-0.06,-0.25,8,-3.05,-13.9,"Page, Janie, Sila Kiliccote, Han Dudley, Mary Ann Piette, Albert K. Chiu, Bashar Kellow, Ed Koch, and Paul Lipkin Akuacom. 2011. Automated Demand Response Technology Demonstration for Small and Medium Commercial Buildings."
Enmetric,field-testing,OAT_MA_CBL,,9/28/10,17:00,18:00,,-2.12,-4.33,-8.12,-0.08,-0.16,-0.31,-4.25,-8.65,-16.23,"Page, Janie, Sila Kiliccote, Han Dudley, Mary Ann Piette, Albert K. Chiu, Bashar Kellow, Ed Koch, and Paul Lipkin Akuacom. 2011. Automated Demand Response Technology Demonstration for Small and Medium Commercial Buildings."
Enmetric,field-testing,OAT_MA_CBL,,9/28/10,14:00,18:00,,7.6,-0.12,-8.12,0.22,-0.02,-0.31,15.2,-0.24,-16.23,"Page, Janie, Sila Kiliccote, Han Dudley, Mary Ann Piette, Albert K. Chiu, Bashar Kellow, Ed Koch, and Paul Lipkin Akuacom. 2011. Automated Demand Response Technology Demonstration for Small and Medium Commercial Buildings."
Enmetric,field-testing,10/10_CBL,,9/28/10,14:00,15:00,,10.38,7.61,4.79,0.28,0.2,0.13,20.77,15.22,9.58,"Page, Janie, Sila Kiliccote, Han Dudley, Mary Ann Piette, Albert K. Chiu, Bashar Kellow, Ed Koch, and Paul Lipkin Akuacom. 2011. Automated Demand Response Technology Demonstration for Small and Medium Commercial Buildings."
Enmetric,field-testing,10/10_CBL,,9/28/10,15:00,16:00,,6.68,2.7,0.6,0.18,0.07,0.02,13.36,5.41,1.21,"Page, Janie, Sila Kiliccote, Han Dudley, Mary Ann Piette, Albert K. Chiu, Bashar Kellow, Ed Koch, and Paul Lipkin Akuacom. 2011. Automated Demand Response Technology Demonstration for Small and Medium Commercial Buildings."
Enmetric,field-testing,10/10_CBL,,9/28/10,16:00,17:00,,8.18,3.24,-1.25,0.22,0.09,-0.04,16.37,6.48,-2.49,"Page, Janie, Sila Kiliccote, Han Dudley, Mary Ann Piette, Albert K. Chiu, Bashar Kellow, Ed Koch, and Paul Lipkin Akuacom. 2011. Automated Demand Response Technology Demonstration for Small and Medium Commercial Buildings."
Enmetric,field-testing,10/10_CBL,,9/28/10,17:00,18:00,,1.89,-0.56,-3.64,0.06,-0.02,-0.12,3.79,-1.13,-7.28,"Page, Janie, Sila Kiliccote, Han Dudley, Mary Ann Piette, Albert K. Chiu, Bashar Kellow, Ed Koch, and Paul Lipkin Akuacom. 2011. Automated Demand Response Technology Demonstration for Small and Medium Commercial Buildings."
Enmetric,field-testing,10/10_CBL,,9/28/10,14:00,18:00,,10.38,3.25,-3.64,0.28,0.09,-0.12,20.77,6.49,-7.28,"Page, Janie, Sila Kiliccote, Han Dudley, Mary Ann Piette, Albert K. Chiu, Bashar Kellow, Ed Koch, and Paul Lipkin Akuacom. 2011. Automated Demand Response Technology Demonstration for Small and Medium Commercial Buildings."
Enmetric,field-testing,OAT_MA_CBL,,10/13/10,14:00,15:00,,-1.05,-1.76,-3.11,-0.05,-0.09,-0.16,-2.11,-3.51,-6.22,"Page, Janie, Sila Kiliccote, Han Dudley, Mary Ann Piette, Albert K. Chiu, Bashar Kellow, Ed Koch, and Paul Lipkin Akuacom. 2011. Automated Demand Response Technology Demonstration for Small and Medium Commercial Buildings."
Enmetric,field-testing,OAT_MA_CBL,,10/13/10,15:00,16:00,,-0.52,-1.39,-2.86,-0.02,-0.07,-0.15,-1.04,-2.79,-5.72,"Page, Janie, Sila Kiliccote, Han Dudley, Mary Ann Piette, Albert K. Chiu, Bashar Kellow, Ed Koch, and Paul Lipkin Akuacom. 2011. Automated Demand Response Technology Demonstration for Small and Medium Commercial Buildings."
Enmetric,field-testing,OAT_MA_CBL,,10/13/10,16:00,17:00,,0.13,-0.75,-1.74,0.01,-0.04,-0.09,0.25,-1.49,-3.47,"Page, Janie, Sila Kiliccote, Han Dudley, Mary Ann Piette, Albert K. Chiu, Bashar Kellow, Ed Koch, and Paul Lipkin Akuacom. 2011. Automated Demand Response Technology Demonstration for Small and Medium Commercial Buildings."
Enmetric,field-testing,OAT_MA_CBL,,10/13/10,17:00,18:00,,-2.41,-3.11,-4.46,-0.15,-0.19,-0.28,-4.82,-6.22,-8.91,"Page, Janie, Sila Kiliccote, Han Dudley, Mary Ann Piette, Albert K. Chiu, Bashar Kellow, Ed Koch, and Paul Lipkin Akuacom. 2011. Automated Demand Response Technology Demonstration for Small and Medium Commercial Buildings."
Enmetric,field-testing,OAT_MA_CBL,,10/13/10,14:00,18:00,,0.13,-1.75,-4.46,0.01,-0.1,-0.28,0.25,-3.5,-8.91,"Page, Janie, Sila Kiliccote, Han Dudley, Mary Ann Piette, Albert K. Chiu, Bashar Kellow, Ed Koch, and Paul Lipkin Akuacom. 2011. Automated Demand Response Technology Demonstration for Small and Medium Commercial Buildings."
Enmetric,field-testing,10/10_CBL,,10/13/10,14:00,15:00,,-1.63,-1.94,-2.61,-0.08,-0.1,-0.13,-3.27,-3.88,-5.22,"Page, Janie, Sila Kiliccote, Han Dudley, Mary Ann Piette, Albert K. Chiu, Bashar Kellow, Ed Koch, and Paul Lipkin Akuacom. 2011. Automated Demand Response Technology Demonstration for Small and Medium Commercial Buildings."
Enmetric,field-testing,10/10_CBL,,10/13/10,15:00,16:00,,-0.66,-1.27,-1.76,-0.03,-0.06,-0.09,-1.33,-2.53,-3.52,"Page, Janie, Sila Kiliccote, Han Dudley, Mary Ann Piette, Albert K. Chiu, Bashar Kellow, Ed Koch, and Paul Lipkin Akuacom. 2011. Automated Demand Response Technology Demonstration for Small and Medium Commercial Buildings."
Enmetric,field-testing,10/10_CBL,,10/13/10,16:00,17:00,,0.07,-0.83,-1.44,0,-0.04,-0.08,0.14,-1.66,-2.88,"Page, Janie, Sila Kiliccote, Han Dudley, Mary Ann Piette, Albert K. Chiu, Bashar Kellow, Ed Koch, and Paul Lipkin Akuacom. 2011. Automated Demand Response Technology Demonstration for Small and Medium Commercial Buildings."
Enmetric,field-testing,10/10_CBL,,10/13/10,17:00,18:00,,-0.64,-1.67,-2.48,-0.04,-0.09,-0.14,-1.28,-3.34,-4.96,"Page, Janie, Sila Kiliccote, Han Dudley, Mary Ann Piette, Albert K. Chiu, Bashar Kellow, Ed Koch, and Paul Lipkin Akuacom. 2011. Automated Demand Response Technology Demonstration for Small and Medium Commercial Buildings."
Enmetric,field-testing,10/10_CBL,,10/13/10,14:00,18:00,,0.07,-1.43,-2.61,0,-0.07,-0.14,0.14,-2.85,-5.22,"Page, Janie, Sila Kiliccote, Han Dudley, Mary Ann Piette, Albert K. Chiu, Bashar Kellow, Ed Koch, and Paul Lipkin Akuacom. 2011. Automated Demand Response Technology Demonstration for Small and Medium Commercial Buildings."
EnergyETC,field-testing,OAT_MA_CBL,,8/24/10,14:00,15:00,,1.03,0.31,-1.12,0.16,0.04,-0.22,0.47,0.14,-0.51,"Page, Janie, Sila Kiliccote, Han Dudley, Mary Ann Piette, Albert K. Chiu, Bashar Kellow, Ed Koch, and Paul Lipkin Akuacom. 2011. Automated Demand Response Technology Demonstration for Small and Medium Commercial Buildings."
EnergyETC,field-testing,OAT_MA_CBL,,8/24/10,15:00,16:00,,2.04,0.2,-1.46,0.29,-0.01,-0.33,0.93,0.09,-0.67,"Page, Janie, Sila Kiliccote, Han Dudley, Mary Ann Piette, Albert K. Chiu, Bashar Kellow, Ed Koch, and Paul Lipkin Akuacom. 2011. Automated Demand Response Technology Demonstration for Small and Medium Commercial Buildings."
EnergyETC,field-testing,OAT_MA_CBL,,8/24/10,16:00,17:00,,0.73,-0.07,-1.53,0.13,-0.03,-0.36,0.33,-0.03,-0.7,"Page, Janie, Sila Kiliccote, Han Dudley, Mary Ann Piette, Albert K. Chiu, Bashar Kellow, Ed Koch, and Paul Lipkin Akuacom. 2011. Automated Demand Response Technology Demonstration for Small and Medium Commercial Buildings."
EnergyETC,field-testing,OAT_MA_CBL,,8/24/10,17:00,18:00,,1.42,0.08,-1.26,0.24,-0.02,-0.3,0.64,0.04,-0.57,"Page, Janie, Sila Kiliccote, Han Dudley, Mary Ann Piette, Albert K. Chiu, Bashar Kellow, Ed Koch, and Paul Lipkin Akuacom. 2011. Automated Demand Response Technology Demonstration for Small and Medium Commercial Buildings."
EnergyETC,field-testing,OAT_MA_CBL,,8/24/10,14:00,18:00,,2.04,0.13,-1.53,0.29,0,-0.36,0.93,0.06,-0.7,"Page, Janie, Sila Kiliccote, Han Dudley, Mary Ann Piette, Albert K. Chiu, Bashar Kellow, Ed Koch, and Paul Lipkin Akuacom. 2011. Automated Demand Response Technology Demonstration for Small and Medium Commercial Buildings."
EnergyETC,field-testing,10/10_CBL,,8/24/10,14:00,15:00,,0.72,0.32,-0.4,0.13,0.06,-0.07,0.33,0.14,-0.18,"Page, Janie, Sila Kiliccote, Han Dudley, Mary Ann Piette, Albert K. Chiu, Bashar Kellow, Ed Koch, and Paul Lipkin Akuacom. 2011. Automated Demand Response Technology Demonstration for Small and Medium Commercial Buildings."
EnergyETC,field-testing,10/10_CBL,,8/24/10,15:00,16:00,,0.67,-0.02,-0.8,0.12,-0.01,-0.16,0.31,-0.01,-0.36,"Page, Janie, Sila Kiliccote, Han Dudley, Mary Ann Piette, Albert K. Chiu, Bashar Kellow, Ed Koch, and Paul Lipkin Akuacom. 2011. Automated Demand Response Technology Demonstration for Small and Medium Commercial Buildings."
EnergyETC,field-testing,10/10_CBL,,8/24/10,16:00,17:00,,-0.53,-0.69,-0.96,-0.12,-0.15,-0.2,-0.24,-0.31,-0.44,"Page, Janie, Sila Kiliccote, Han Dudley, Mary Ann Piette, Albert K. Chiu, Bashar Kellow, Ed Koch, and Paul Lipkin Akuacom. 2011. Automated Demand Response Technology Demonstration for Small and Medium Commercial Buildings."
EnergyETC,field-testing,10/10_CBL,,8/24/10,17:00,18:00,,-0.43,-1.28,-1.96,-0.21,-0.43,-0.77,-0.19,-0.58,-0.89,"Page, Janie, Sila Kiliccote, Han Dudley, Mary Ann Piette, Albert K. Chiu, Bashar Kellow, Ed Koch, and Paul Lipkin Akuacom. 2011. Automated Demand Response Technology Demonstration for Small and Medium Commercial Buildings."
EnergyETC,field-testing,10/10_CBL,,8/24/10,14:00,18:00,,0.72,-0.42,-1.96,0.13,-0.13,-0.77,0.33,-0.19,-0.89,"Page, Janie, Sila Kiliccote, Han Dudley, Mary Ann Piette, Albert K. Chiu, Bashar Kellow, Ed Koch, and Paul Lipkin Akuacom. 2011. Automated Demand Response Technology Demonstration for Small and Medium Commercial Buildings."
EnergyETC,field-testing,OAT_MA_CBL,,9/1/10,14:00,15:00,,0.68,-0.15,-0.9,0.13,-0.03,-0.17,0.31,-0.07,-0.41,"Page, Janie, Sila Kiliccote, Han Dudley, Mary Ann Piette, Albert K. Chiu, Bashar Kellow, Ed Koch, and Paul Lipkin Akuacom. 2011. Automated Demand Response Technology Demonstration for Small and Medium Commercial Buildings."
EnergyETC,field-testing,OAT_MA_CBL,,9/1/10,15:00,16:00,,0.45,0.08,-0.39,0.09,0.01,-0.09,0.2,0.04,-0.18,"Page, Janie, Sila Kiliccote, Han Dudley, Mary Ann Piette, Albert K. Chiu, Bashar Kellow, Ed Koch, and Paul Lipkin Akuacom. 2011. Automated Demand Response Technology Demonstration for Small and Medium Commercial Buildings."
EnergyETC,field-testing,OAT_MA_CBL,,9/1/10,16:00,17:00,,0.31,-0.11,-0.51,0.06,-0.02,-0.11,0.14,-0.05,-0.23,"Page, Janie, Sila Kiliccote, Han Dudley, Mary Ann Piette, Albert K. Chiu, Bashar Kellow, Ed Koch, and Paul Lipkin Akuacom. 2011. Automated Demand Response Technology Demonstration for Small and Medium Commercial Buildings."
EnergyETC,field-testing,OAT_MA_CBL,,9/1/10,17:00,18:00,,1.72,0.66,-0.28,0.32,0.11,-0.13,0.78,0.3,-0.13,"Page, Janie, Sila Kiliccote, Han Dudley, Mary Ann Piette, Albert K. Chiu, Bashar Kellow, Ed Koch, and Paul Lipkin Akuacom. 2011. Automated Demand Response Technology Demonstration for Small and Medium Commercial Buildings."
EnergyETC,field-testing,OAT_MA_CBL,,9/1/10,14:00,18:00,,1.72,0.12,-0.9,0.32,0.02,-0.17,0.78,0.05,-0.41,"Page, Janie, Sila Kiliccote, Han Dudley, Mary Ann Piette, Albert K. Chiu, Bashar Kellow, Ed Koch, and Paul Lipkin Akuacom. 2011. Automated Demand Response Technology Demonstration for Small and Medium Commercial Buildings."
EnergyETC,field-testing,10/10_CBL,,9/1/10,14:00,15:00,,0.86,0.21,-1,0.15,0.04,-0.19,0.39,0.1,-0.46,"Page, Janie, Sila Kiliccote, Han Dudley, Mary Ann Piette, Albert K. Chiu, Bashar Kellow, Ed Koch, and Paul Lipkin Akuacom. 2011. Automated Demand Response Technology Demonstration for Small and Medium Commercial Buildings."
EnergyETC,field-testing,10/10_CBL,,9/1/10,15:00,16:00,,0.58,0.14,-0.31,0.11,0.03,-0.06,0.26,0.06,-0.14,"Page, Janie, Sila Kiliccote, Han Dudley, Mary Ann Piette, Albert K. Chiu, Bashar Kellow, Ed Koch, and Paul Lipkin Akuacom. 2011. Automated Demand Response Technology Demonstration for Small and Medium Commercial Buildings."
EnergyETC,field-testing,10/10_CBL,,9/1/10,16:00,17:00,,-0.53,-0.85,-1.07,-0.13,-0.2,-0.25,-0.24,-0.38,-0.49,"Page, Janie, Sila Kiliccote, Han Dudley, Mary Ann Piette, Albert K. Chiu, Bashar Kellow, Ed Koch, and Paul Lipkin Akuacom. 2011. Automated Demand Response Technology Demonstration for Small and Medium Commercial Buildings."
EnergyETC,field-testing,10/10_CBL,,9/1/10,17:00,18:00,,0.2,-0.38,-0.84,0.05,-0.13,-0.25,0.09,-0.17,-0.38,"Page, Janie, Sila Kiliccote, Han Dudley, Mary Ann Piette, Albert K. Chiu, Bashar Kellow, Ed Koch, and Paul Lipkin Akuacom. 2011. Automated Demand Response Technology Demonstration for Small and Medium Commercial Buildings."
EnergyETC,field-testing,10/10_CBL,,9/1/10,14:00,18:00,,0.86,-0.22,-1.07,0.15,-0.07,-0.25,0.39,-0.1,-0.49,"Page, Janie, Sila Kiliccote, Han Dudley, Mary Ann Piette, Albert K. Chiu, Bashar Kellow, Ed Koch, and Paul Lipkin Akuacom. 2011. Automated Demand Response Technology Demonstration for Small and Medium Commercial Buildings."
EnergyETC,field-testing,OAT_MA_CBL,,9/2/10,14:00,15:00,,0.45,-0.55,-1.96,0.08,-0.12,-0.44,0.2,-0.25,-0.89,"Page, Janie, Sila Kiliccote, Han Dudley, Mary Ann Piette, Albert K. Chiu, Bashar Kellow, Ed Koch, and Paul Lipkin Akuacom. 2011. Automated Demand Response Technology Demonstration for Small and Medium Commercial Buildings."
EnergyETC,field-testing,OAT_MA_CBL,,9/2/10,15:00,16:00,,0.8,-0.24,-1.62,0.14,-0.07,-0.38,0.37,-0.11,-0.73,"Page, Janie, Sila Kiliccote, Han Dudley, Mary Ann Piette, Albert K. Chiu, Bashar Kellow, Ed Koch, and Paul Lipkin Akuacom. 2011. Automated Demand Response Technology Demonstration for Small and Medium Commercial Buildings."
EnergyETC,field-testing,OAT_MA_CBL,,9/2/10,16:00,17:00,,0.38,-0.01,-0.42,0.08,0,-0.09,0.17,0,-0.19,"Page, Janie, Sila Kiliccote, Han Dudley, Mary Ann Piette, Albert K. Chiu, Bashar Kellow, Ed Koch, and Paul Lipkin Akuacom. 2011. Automated Demand Response Technology Demonstration for Small and Medium Commercial Buildings."
EnergyETC,field-testing,OAT_MA_CBL,,9/2/10,17:00,18:00,,-0.06,-0.36,-0.49,-0.01,-0.11,-0.23,-0.03,-0.16,-0.22,"Page, Janie, Sila Kiliccote, Han Dudley, Mary Ann Piette, Albert K. Chiu, Bashar Kellow, Ed Koch, and Paul Lipkin Akuacom. 2011. Automated Demand Response Technology Demonstration for Small and Medium Commercial Buildings."
EnergyETC,field-testing,OAT_MA_CBL,,9/2/10,14:00,18:00,,0.8,-0.29,-1.96,0.14,-0.08,-0.44,0.37,-0.13,-0.89,"Page, Janie, Sila Kiliccote, Han Dudley, Mary Ann Piette, Albert K. Chiu, Bashar Kellow, Ed Koch, and Paul Lipkin Akuacom. 2011. Automated Demand Response Technology Demonstration for Small and Medium Commercial Buildings."
EnergyETC,field-testing,10/10_CBL,,9/2/10,14:00,15:00,,0.82,0.09,-0.52,0.14,0.02,-0.09,0.37,0.04,-0.24,"Page, Janie, Sila Kiliccote, Han Dudley, Mary Ann Piette, Albert K. Chiu, Bashar Kellow, Ed Koch, and Paul Lipkin Akuacom. 2011. Automated Demand Response Technology Demonstration for Small and Medium Commercial Buildings."
EnergyETC,field-testing,10/10_CBL,,9/2/10,15:00,16:00,,0.83,0.1,-0.68,0.15,0.02,-0.13,0.38,0.05,-0.31,"Page, Janie, Sila Kiliccote, Han Dudley, Mary Ann Piette, Albert K. Chiu, Bashar Kellow, Ed Koch, and Paul Lipkin Akuacom. 2011. Automated Demand Response Technology Demonstration for Small and Medium Commercial Buildings."
EnergyETC,field-testing,10/10_CBL,,9/2/10,16:00,17:00,,-0.1,-0.41,-0.92,-0.02,-0.09,-0.22,-0.05,-0.19,-0.42,"Page, Janie, Sila Kiliccote, Han Dudley, Mary Ann Piette, Albert K. Chiu, Bashar Kellow, Ed Koch, and Paul Lipkin Akuacom. 2011. Automated Demand Response Technology Demonstration for Small and Medium Commercial Buildings."
EnergyETC,field-testing,10/10_CBL,,9/2/10,17:00,18:00,,-0.32,-0.82,-1.15,-0.14,-0.23,-0.29,-0.14,-0.37,-0.52,"Page, Janie, Sila Kiliccote, Han Dudley, Mary Ann Piette, Albert K. Chiu, Bashar Kellow, Ed Koch, and Paul Lipkin Akuacom. 2011. Automated Demand Response Technology Demonstration for Small and Medium Commercial Buildings."
EnergyETC,field-testing,10/10_CBL,,9/2/10,14:00,18:00,,0.83,-0.26,-1.15,0.15,-0.07,-0.29,0.38,-0.12,-0.52,"Page, Janie, Sila Kiliccote, Han Dudley, Mary Ann Piette, Albert K. Chiu, Bashar Kellow, Ed Koch, and Paul Lipkin Akuacom. 2011. Automated Demand Response Technology Demonstration for Small and Medium Commercial Buildings."
EnergyETC,field-testing,OAT_MA_CBL,,9/24/10,14:00,15:00,,1.42,0.55,-0.37,0.25,0.1,-0.07,0.64,0.25,-0.17,"Page, Janie, Sila Kiliccote, Han Dudley, Mary Ann Piette, Albert K. Chiu, Bashar Kellow, Ed Koch, and Paul Lipkin Akuacom. 2011. Automated Demand Response Technology Demonstration for Small and Medium Commercial Buildings."
EnergyETC,field-testing,OAT_MA_CBL,,9/24/10,15:00,16:00,,0.45,0.07,-0.08,0.08,0.01,-0.02,0.2,0.03,-0.03,"Page, Janie, Sila Kiliccote, Han Dudley, Mary Ann Piette, Albert K. Chiu, Bashar Kellow, Ed Koch, and Paul Lipkin Akuacom. 2011. Automated Demand Response Technology Demonstration for Small and Medium Commercial Buildings."
EnergyETC,field-testing,OAT_MA_CBL,,9/24/10,16:00,17:00,,1.99,0.75,-0.4,0.44,0.17,-0.08,0.9,0.34,-0.18,"Page, Janie, Sila Kiliccote, Han Dudley, Mary Ann Piette, Albert K. Chiu, Bashar Kellow, Ed Koch, and Paul Lipkin Akuacom. 2011. Automated Demand Response Technology Demonstration for Small and Medium Commercial Buildings."
EnergyETC,field-testing,OAT_MA_CBL,,9/24/10,17:00,18:00,,2.62,1.01,-1.1,0.64,0.18,-0.52,1.19,0.46,-0.5,"Page, Janie, Sila Kiliccote, Han Dudley, Mary Ann Piette, Albert K. Chiu, Bashar Kellow, Ed Koch, and Paul Lipkin Akuacom. 2011. Automated Demand Response Technology Demonstration for Small and Medium Commercial Buildings."
EnergyETC,field-testing,OAT_MA_CBL,,9/24/10,14:00,18:00,,2.62,0.6,-1.1,0.64,0.12,-0.52,1.19,0.27,-0.5,"Page, Janie, Sila Kiliccote, Han Dudley, Mary Ann Piette, Albert K. Chiu, Bashar Kellow, Ed Koch, and Paul Lipkin Akuacom. 2011. Automated Demand Response Technology Demonstration for Small and Medium Commercial Buildings."
EnergyETC,field-testing,10/10_CBL,,9/24/10,14:00,15:00,,1.46,0.66,-0.27,0.26,0.12,-0.05,0.66,0.3,-0.12,"Page, Janie, Sila Kiliccote, Han Dudley, Mary Ann Piette, Albert K. Chiu, Bashar Kellow, Ed Koch, and Paul Lipkin Akuacom. 2011. Automated Demand Response Technology Demonstration for Small and Medium Commercial Buildings."
EnergyETC,field-testing,10/10_CBL,,9/24/10,15:00,16:00,,0.29,-0.05,-0.36,0.06,-0.01,-0.07,0.13,-0.02,-0.17,"Page, Janie, Sila Kiliccote, Han Dudley, Mary Ann Piette, Albert K. Chiu, Bashar Kellow, Ed Koch, and Paul Lipkin Akuacom. 2011. Automated Demand Response Technology Demonstration for Small and Medium Commercial Buildings."
EnergyETC,field-testing,10/10_CBL,,9/24/10,16:00,17:00,,1.96,0.47,-0.65,0.43,0.11,-0.13,0.89,0.21,-0.3,"Page, Janie, Sila Kiliccote, Han Dudley, Mary Ann Piette, Albert K. Chiu, Bashar Kellow, Ed Koch, and Paul Lipkin Akuacom. 2011. Automated Demand Response Technology Demonstration for Small and Medium Commercial Buildings."
EnergyETC,field-testing,10/10_CBL,,9/24/10,17:00,18:00,,1.99,0.62,-0.87,0.58,0.14,-0.38,0.9,0.28,-0.4,"Page, Janie, Sila Kiliccote, Han Dudley, Mary Ann Piette, Albert K. Chiu, Bashar Kellow, Ed Koch, and Paul Lipkin Akuacom. 2011. Automated Demand Response Technology Demonstration for Small and Medium Commercial Buildings."
EnergyETC,field-testing,10/10_CBL,,9/24/10,14:00,18:00,,1.99,0.42,-0.87,0.58,0.09,-0.38,0.9,0.19,-0.4,"Page, Janie, Sila Kiliccote, Han Dudley, Mary Ann Piette, Albert K. Chiu, Bashar Kellow, Ed Koch, and Paul Lipkin Akuacom. 2011. Automated Demand Response Technology Demonstration for Small and Medium Commercial Buildings."
EnergyETC,field-testing,OAT_MA_CBL,,9/27/10,14:00,15:00,,1.16,0.01,-1.02,0.19,-0.01,-0.18,0.53,0,-0.46,"Page, Janie, Sila Kiliccote, Han Dudley, Mary Ann Piette, Albert K. Chiu, Bashar Kellow, Ed Koch, and Paul Lipkin Akuacom. 2011. Automated Demand Response Technology Demonstration for Small and Medium Commercial Buildings."
EnergyETC,field-testing,OAT_MA_CBL,,9/27/10,15:00,16:00,,0.84,0.24,-0.45,0.14,0.04,-0.09,0.38,0.11,-0.2,"Page, Janie, Sila Kiliccote, Han Dudley, Mary Ann Piette, Albert K. Chiu, Bashar Kellow, Ed Koch, and Paul Lipkin Akuacom. 2011. Automated Demand Response Technology Demonstration for Small and Medium Commercial Buildings."
EnergyETC,field-testing,OAT_MA_CBL,,9/27/10,16:00,17:00,,0.44,0.15,-0.12,0.09,0.03,-0.02,0.2,0.07,-0.05,"Page, Janie, Sila Kiliccote, Han Dudley, Mary Ann Piette, Albert K. Chiu, Bashar Kellow, Ed Koch, and Paul Lipkin Akuacom. 2011. Automated Demand Response Technology Demonstration for Small and Medium Commercial Buildings."
EnergyETC,field-testing,OAT_MA_CBL,,9/27/10,17:00,18:00,,0.75,-0.05,-0.81,0.15,-0.06,-0.37,0.34,-0.02,-0.37,"Page, Janie, Sila Kiliccote, Han Dudley, Mary Ann Piette, Albert K. Chiu, Bashar Kellow, Ed Koch, and Paul Lipkin Akuacom. 2011. Automated Demand Response Technology Demonstration for Small and Medium Commercial Buildings."
EnergyETC,field-testing,OAT_MA_CBL,,9/27/10,14:00,18:00,,1.16,0.08,-1.02,0.19,0,-0.37,0.53,0.04,-0.46,"Page, Janie, Sila Kiliccote, Han Dudley, Mary Ann Piette, Albert K. Chiu, Bashar Kellow, Ed Koch, and Paul Lipkin Akuacom. 2011. Automated Demand Response Technology Demonstration for Small and Medium Commercial Buildings."
EnergyETC,field-testing,10/10_CBL,,9/27/10,14:00,15:00,,0.69,0.12,-0.93,0.12,0.02,-0.16,0.32,0.05,-0.42,"Page, Janie, Sila Kiliccote, Han Dudley, Mary Ann Piette, Albert K. Chiu, Bashar Kellow, Ed Koch, and Paul Lipkin Akuacom. 2011. Automated Demand Response Technology Demonstration for Small and Medium Commercial Buildings."
EnergyETC,field-testing,10/10_CBL,,9/27/10,15:00,16:00,,0.11,-0.11,-0.53,0.02,-0.02,-0.1,0.05,-0.05,-0.24,"Page, Janie, Sila Kiliccote, Han Dudley, Mary Ann Piette, Albert K. Chiu, Bashar Kellow, Ed Koch, and Paul Lipkin Akuacom. 2011. Automated Demand Response Technology Demonstration for Small and Medium Commercial Buildings."
EnergyETC,field-testing,10/10_CBL,,9/27/10,16:00,17:00,,-0.15,-0.59,-1.25,-0.03,-0.14,-0.32,-0.07,-0.27,-0.57,"Page, Janie, Sila Kiliccote, Han Dudley, Mary Ann Piette, Albert K. Chiu, Bashar Kellow, Ed Koch, and Paul Lipkin Akuacom. 2011. Automated Demand Response Technology Demonstration for Small and Medium Commercial Buildings."
EnergyETC,field-testing,10/10_CBL,,9/27/10,17:00,18:00,,-0.54,-0.93,-1.91,-0.17,-0.27,-0.52,-0.25,-0.42,-0.87,"Page, Janie, Sila Kiliccote, Han Dudley, Mary Ann Piette, Albert K. Chiu, Bashar Kellow, Ed Koch, and Paul Lipkin Akuacom. 2011. Automated Demand Response Technology Demonstration for Small and Medium Commercial Buildings."
EnergyETC,field-testing,10/10_CBL,,9/27/10,14:00,18:00,,0.69,-0.38,-1.91,0.12,-0.1,-0.52,0.32,-0.17,-0.87,"Page, Janie, Sila Kiliccote, Han Dudley, Mary Ann Piette, Albert K. Chiu, Bashar Kellow, Ed Koch, and Paul Lipkin Akuacom. 2011. Automated Demand Response Technology Demonstration for Small and Medium Commercial Buildings."
EnergyETC,field-testing,OAT_MA_CBL,,9/28/10,14:00,15:00,,1.64,0.44,-1.19,0.24,0.06,-0.23,0.74,0.2,-0.54,"Page, Janie, Sila Kiliccote, Han Dudley, Mary Ann Piette, Albert K. Chiu, Bashar Kellow, Ed Koch, and Paul Lipkin Akuacom. 2011. Automated Demand Response Technology Demonstration for Small and Medium Commercial Buildings."
EnergyETC,field-testing,OAT_MA_CBL,,9/28/10,15:00,16:00,,1.37,0.39,-0.97,0.22,0.05,-0.19,0.62,0.18,-0.44,"Page, Janie, Sila Kiliccote, Han Dudley, Mary Ann Piette, Albert K. Chiu, Bashar Kellow, Ed Koch, and Paul Lipkin Akuacom. 2011. Automated Demand Response Technology Demonstration for Small and Medium Commercial Buildings."
EnergyETC,field-testing,OAT_MA_CBL,,9/28/10,16:00,17:00,,0.62,0.28,-0.3,0.1,0.05,-0.06,0.28,0.13,-0.14,"Page, Janie, Sila Kiliccote, Han Dudley, Mary Ann Piette, Albert K. Chiu, Bashar Kellow, Ed Koch, and Paul Lipkin Akuacom. 2011. Automated Demand Response Technology Demonstration for Small and Medium Commercial Buildings."
EnergyETC,field-testing,OAT_MA_CBL,,9/28/10,17:00,18:00,,0.48,-0.59,-2.16,0.09,-0.25,-0.97,0.22,-0.27,-0.98,"Page, Janie, Sila Kiliccote, Han Dudley, Mary Ann Piette, Albert K. Chiu, Bashar Kellow, Ed Koch, and Paul Lipkin Akuacom. 2011. Automated Demand Response Technology Demonstration for Small and Medium Commercial Buildings."
EnergyETC,field-testing,OAT_MA_CBL,,9/28/10,14:00,18:00,,1.64,0.13,-2.16,0.24,-0.02,-0.97,0.74,0.06,-0.98,"Page, Janie, Sila Kiliccote, Han Dudley, Mary Ann Piette, Albert K. Chiu, Bashar Kellow, Ed Koch, and Paul Lipkin Akuacom. 2011. Automated Demand Response Technology Demonstration for Small and Medium Commercial Buildings."
EnergyETC,field-testing,10/10_CBL,,9/28/10,14:00,15:00,,0.75,0.25,-0.86,0.13,0.04,-0.15,0.34,0.11,-0.39,"Page, Janie, Sila Kiliccote, Han Dudley, Mary Ann Piette, Albert K. Chiu, Bashar Kellow, Ed Koch, and Paul Lipkin Akuacom. 2011. Automated Demand Response Technology Demonstration for Small and Medium Commercial Buildings."
EnergyETC,field-testing,10/10_CBL,,9/28/10,15:00,16:00,,0.34,-0.2,-0.76,0.06,-0.04,-0.14,0.15,-0.09,-0.35,"Page, Janie, Sila Kiliccote, Han Dudley, Mary Ann Piette, Albert K. Chiu, Bashar Kellow, Ed Koch, and Paul Lipkin Akuacom. 2011. Automated Demand Response Technology Demonstration for Small and Medium Commercial Buildings."
EnergyETC,field-testing,10/10_CBL,,9/28/10,16:00,17:00,,0.01,-0.61,-1.62,0,-0.15,-0.41,0.01,-0.28,-0.74,"Page, Janie, Sila Kiliccote, Han Dudley, Mary Ann Piette, Albert K. Chiu, Bashar Kellow, Ed Koch, and Paul Lipkin Akuacom. 2011. Automated Demand Response Technology Demonstration for Small and Medium Commercial Buildings."
EnergyETC,field-testing,10/10_CBL,,9/28/10,17:00,18:00,,-1.13,-1.63,-2.23,-0.31,-0.51,-0.8,-0.51,-0.74,-1.01,"Page, Janie, Sila Kiliccote, Han Dudley, Mary Ann Piette, Albert K. Chiu, Bashar Kellow, Ed Koch, and Paul Lipkin Akuacom. 2011. Automated Demand Response Technology Demonstration for Small and Medium Commercial Buildings."
EnergyETC,field-testing,10/10_CBL,,9/28/10,14:00,18:00,,0.75,-0.55,-2.23,0.13,-0.16,-0.8,0.34,-0.25,-1.01,"Page, Janie, Sila Kiliccote, Han Dudley, Mary Ann Piette, Albert K. Chiu, Bashar Kellow, Ed Koch, and Paul Lipkin Akuacom. 2011. Automated Demand Response Technology Demonstration for Small and Medium Commercial Buildings."
EnergyETC,field-testing,OAT_MA_CBL,,10/13/10,14:00,15:00,,2.98,2.2,0.78,0.5,0.36,0.14,1.36,1,0.35,"Page, Janie, Sila Kiliccote, Han Dudley, Mary Ann Piette, Albert K. Chiu, Bashar Kellow, Ed Koch, and Paul Lipkin Akuacom. 2011. Automated Demand Response Technology Demonstration for Small and Medium Commercial Buildings."
EnergyETC,field-testing,OAT_MA_CBL,,10/13/10,15:00,16:00,,2.96,1.81,0.31,0.48,0.3,0.06,1.35,0.82,0.14,"Page, Janie, Sila Kiliccote, Han Dudley, Mary Ann Piette, Albert K. Chiu, Bashar Kellow, Ed Koch, and Paul Lipkin Akuacom. 2011. Automated Demand Response Technology Demonstration for Small and Medium Commercial Buildings."
EnergyETC,field-testing,OAT_MA_CBL,,10/13/10,16:00,17:00,,1.7,1.48,1.27,0.3,0.27,0.22,0.77,0.67,0.58,"Page, Janie, Sila Kiliccote, Han Dudley, Mary Ann Piette, Albert K. Chiu, Bashar Kellow, Ed Koch, and Paul Lipkin Akuacom. 2011. Automated Demand Response Technology Demonstration for Small and Medium Commercial Buildings."
EnergyETC,field-testing,OAT_MA_CBL,,10/13/10,17:00,18:00,,2.27,1.44,0.71,0.38,0.31,0.15,1.03,0.65,0.32,"Page, Janie, Sila Kiliccote, Han Dudley, Mary Ann Piette, Albert K. Chiu, Bashar Kellow, Ed Koch, and Paul Lipkin Akuacom. 2011. Automated Demand Response Technology Demonstration for Small and Medium Commercial Buildings."
EnergyETC,field-testing,OAT_MA_CBL,,10/13/10,14:00,18:00,,2.98,1.73,0.31,0.5,0.31,0.06,1.36,0.79,0.14,"Page, Janie, Sila Kiliccote, Han Dudley, Mary Ann Piette, Albert K. Chiu, Bashar Kellow, Ed Koch, and Paul Lipkin Akuacom. 2011. Automated Demand Response Technology Demonstration for Small and Medium Commercial Buildings."
EnergyETC,field-testing,10/10_CBL,,10/13/10,14:00,15:00,,2.49,1.99,1.22,0.45,0.35,0.21,1.13,0.9,0.56,"Page, Janie, Sila Kiliccote, Han Dudley, Mary Ann Piette, Albert K. Chiu, Bashar Kellow, Ed Koch, and Paul Lipkin Akuacom. 2011. Automated Demand Response Technology Demonstration for Small and Medium Commercial Buildings."
EnergyETC,field-testing,10/10_CBL,,10/13/10,15:00,16:00,,2.54,1.47,0.28,0.44,0.26,0.05,1.15,0.67,0.13,"Page, Janie, Sila Kiliccote, Han Dudley, Mary Ann Piette, Albert K. Chiu, Bashar Kellow, Ed Koch, and Paul Lipkin Akuacom. 2011. Automated Demand Response Technology Demonstration for Small and Medium Commercial Buildings."
EnergyETC,field-testing,10/10_CBL,,10/13/10,16:00,17:00,,0.83,0.59,0.38,0.17,0.13,0.1,0.38,0.27,0.17,"Page, Janie, Sila Kiliccote, Han Dudley, Mary Ann Piette, Albert K. Chiu, Bashar Kellow, Ed Koch, and Paul Lipkin Akuacom. 2011. Automated Demand Response Technology Demonstration for Small and Medium Commercial Buildings."
EnergyETC,field-testing,10/10_CBL,,10/13/10,17:00,18:00,,1,0.5,-0.15,0.26,0.14,-0.04,0.45,0.23,-0.07,"Page, Janie, Sila Kiliccote, Han Dudley, Mary Ann Piette, Albert K. Chiu, Bashar Kellow, Ed Koch, and Paul Lipkin Akuacom. 2011. Automated Demand Response Technology Demonstration for Small and Medium Commercial Buildings."
EnergyETC,field-testing,10/10_CBL,,10/13/10,14:00,18:00,,2.54,1.14,-0.15,0.45,0.22,-0.04,1.15,0.52,-0.07,"Page, Janie, Sila Kiliccote, Han Dudley, Mary Ann Piette, Albert K. Chiu, Bashar Kellow, Ed Koch, and Paul Lipkin Akuacom. 2011. Automated Demand Response Technology Demonstration for Small and Medium Commercial Buildings."
Applied Power Technologies,field-testing,OAT_MA_CBL,,8/24/10,14:00,15:00,,6.26,0.18,-4.78,0.35,-0.04,-0.45,3.02,0.09,-2.31,"Page, Janie, Sila Kiliccote, Han Dudley, Mary Ann Piette, Albert K. Chiu, Bashar Kellow, Ed Koch, and Paul Lipkin Akuacom. 2011. Automated Demand Response Technology Demonstration for Small and Medium Commercial Buildings."
Applied Power Technologies,field-testing,OAT_MA_CBL,,8/24/10,15:00,16:00,,6.06,2.19,-0.49,0.32,0.12,-0.03,2.93,1.06,-0.24,"Page, Janie, Sila Kiliccote, Han Dudley, Mary Ann Piette, Albert K. Chiu, Bashar Kellow, Ed Koch, and Paul Lipkin Akuacom. 2011. Automated Demand Response Technology Demonstration for Small and Medium Commercial Buildings."
Applied Power Technologies,field-testing,OAT_MA_CBL,,8/24/10,16:00,17:00,,1.04,-1.36,-7.84,0.1,-0.32,-1.48,0.5,-0.66,-3.79,"Page, Janie, Sila Kiliccote, Han Dudley, Mary Ann Piette, Albert K. Chiu, Bashar Kellow, Ed Koch, and Paul Lipkin Akuacom. 2011. Automated Demand Response Technology Demonstration for Small and Medium Commercial Buildings."
Applied Power Technologies,field-testing,OAT_MA_CBL,,8/24/10,17:00,18:00,,-0.79,-4.09,-8.52,-0.33,-1.42,-3.17,-0.38,-1.97,-4.11,"Page, Janie, Sila Kiliccote, Han Dudley, Mary Ann Piette, Albert K. Chiu, Bashar Kellow, Ed Koch, and Paul Lipkin Akuacom. 2011. Automated Demand Response Technology Demonstration for Small and Medium Commercial Buildings."
Applied Power Technologies,field-testing,OAT_MA_CBL,,8/24/10,14:00,18:00,,6.26,-0.77,-8.52,0.35,-0.42,-3.17,3.02,-0.37,-4.11,"Page, Janie, Sila Kiliccote, Han Dudley, Mary Ann Piette, Albert K. Chiu, Bashar Kellow, Ed Koch, and Paul Lipkin Akuacom. 2011. Automated Demand Response Technology Demonstration for Small and Medium Commercial Buildings."
Applied Power Technologies,field-testing,10/10_CBL,,8/24/10,14:00,15:00,,0.67,-2.53,-4.16,0.06,-0.22,-0.37,0.33,-1.22,-2.01,"Page, Janie, Sila Kiliccote, Han Dudley, Mary Ann Piette, Albert K. Chiu, Bashar Kellow, Ed Koch, and Paul Lipkin Akuacom. 2011. Automated Demand Response Technology Demonstration for Small and Medium Commercial Buildings."
Applied Power Technologies,field-testing,10/10_CBL,,8/24/10,15:00,16:00,,-2.1,-3.85,-5.87,-0.21,-0.35,-0.5,-1.01,-1.86,-2.84,"Page, Janie, Sila Kiliccote, Han Dudley, Mary Ann Piette, Albert K. Chiu, Bashar Kellow, Ed Koch, and Paul Lipkin Akuacom. 2011. Automated Demand Response Technology Demonstration for Small and Medium Commercial Buildings."
Applied Power Technologies,field-testing,10/10_CBL,,8/24/10,16:00,17:00,,0.39,-2.54,-6.44,0.04,-0.34,-0.96,0.19,-1.22,-3.11,"Page, Janie, Sila Kiliccote, Han Dudley, Mary Ann Piette, Albert K. Chiu, Bashar Kellow, Ed Koch, and Paul Lipkin Akuacom. 2011. Automated Demand Response Technology Demonstration for Small and Medium Commercial Buildings."
Applied Power Technologies,field-testing,10/10_CBL,,8/24/10,17:00,18:00,,0.99,-2.05,-5.41,0.24,-0.35,-0.93,0.48,-0.99,-2.61,"Page, Janie, Sila Kiliccote, Han Dudley, Mary Ann Piette, Albert K. Chiu, Bashar Kellow, Ed Koch, and Paul Lipkin Akuacom. 2011. Automated Demand Response Technology Demonstration for Small and Medium Commercial Buildings."
Applied Power Technologies,field-testing,10/10_CBL,,8/24/10,14:00,18:00,,0.99,-2.74,-6.44,0.24,-0.31,-0.96,0.48,-1.32,-3.11,"Page, Janie, Sila Kiliccote, Han Dudley, Mary Ann Piette, Albert K. Chiu, Bashar Kellow, Ed Koch, and Paul Lipkin Akuacom. 2011. Automated Demand Response Technology Demonstration for Small and Medium Commercial Buildings."
Applied Power Technologies,field-testing,OAT_MA_CBL,,9/1/10,14:00,15:00,,7.36,6.78,6.4,0.5,0.47,0.41,3.56,3.27,3.09,"Page, Janie, Sila Kiliccote, Han Dudley, Mary Ann Piette, Albert K. Chiu, Bashar Kellow, Ed Koch, and Paul Lipkin Akuacom. 2011. Automated Demand Response Technology Demonstration for Small and Medium Commercial Buildings."
Applied Power Technologies,field-testing,OAT_MA_CBL,,9/1/10,15:00,16:00,,6.63,3.68,2.43,0.43,0.25,0.16,3.2,1.78,1.18,"Page, Janie, Sila Kiliccote, Han Dudley, Mary Ann Piette, Albert K. Chiu, Bashar Kellow, Ed Koch, and Paul Lipkin Akuacom. 2011. Automated Demand Response Technology Demonstration for Small and Medium Commercial Buildings."
Applied Power Technologies,field-testing,OAT_MA_CBL,,9/1/10,16:00,17:00,,2.67,-0.25,-3.28,0.2,-0.11,-0.61,1.29,-0.12,-1.59,"Page, Janie, Sila Kiliccote, Han Dudley, Mary Ann Piette, Albert K. Chiu, Bashar Kellow, Ed Koch, and Paul Lipkin Akuacom. 2011. Automated Demand Response Technology Demonstration for Small and Medium Commercial Buildings."
Applied Power Technologies,field-testing,OAT_MA_CBL,,9/1/10,17:00,18:00,,-1.08,-2.19,-3.85,-0.39,-0.61,-0.93,-0.52,-1.06,-1.86,"Page, Janie, Sila Kiliccote, Han Dudley, Mary Ann Piette, Albert K. Chiu, Bashar Kellow, Ed Koch, and Paul Lipkin Akuacom. 2011. Automated Demand Response Technology Demonstration for Small and Medium Commercial Buildings."
Applied Power Technologies,field-testing,OAT_MA_CBL,,9/1/10,14:00,18:00,,7.36,2.01,-3.85,0.5,0,-0.93,3.56,0.97,-1.86,"Page, Janie, Sila Kiliccote, Han Dudley, Mary Ann Piette, Albert K. Chiu, Bashar Kellow, Ed Koch, and Paul Lipkin Akuacom. 2011. Automated Demand Response Technology Demonstration for Small and Medium Commercial Buildings."
Applied Power Technologies,field-testing,10/10_CBL,,9/1/10,14:00,15:00,,5.44,4.86,4.28,0.45,0.39,0.32,2.63,2.35,2.07,"Page, Janie, Sila Kiliccote, Han Dudley, Mary Ann Piette, Albert K. Chiu, Bashar Kellow, Ed Koch, and Paul Lipkin Akuacom. 2011. Automated Demand Response Technology Demonstration for Small and Medium Commercial Buildings."
Applied Power Technologies,field-testing,10/10_CBL,,9/1/10,15:00,16:00,,4.66,1.48,-0.92,0.35,0.11,-0.08,2.25,0.71,-0.45,"Page, Janie, Sila Kiliccote, Han Dudley, Mary Ann Piette, Albert K. Chiu, Bashar Kellow, Ed Koch, and Paul Lipkin Akuacom. 2011. Automated Demand Response Technology Demonstration for Small and Medium Commercial Buildings."
Applied Power Technologies,field-testing,10/10_CBL,,9/1/10,16:00,17:00,,1.3,-0.66,-2.47,0.11,-0.11,-0.4,0.63,-0.32,-1.19,"Page, Janie, Sila Kiliccote, Han Dudley, Mary Ann Piette, Albert K. Chiu, Bashar Kellow, Ed Koch, and Paul Lipkin Akuacom. 2011. Automated Demand Response Technology Demonstration for Small and Medium Commercial Buildings."
Applied Power Technologies,field-testing,10/10_CBL,,9/1/10,17:00,18:00,,-0.33,-1.33,-3.49,-0.08,-0.31,-0.77,-0.16,-0.64,-1.69,"Page, Janie, Sila Kiliccote, Han Dudley, Mary Ann Piette, Albert K. Chiu, Bashar Kellow, Ed Koch, and Paul Lipkin Akuacom. 2011. Automated Demand Response Technology Demonstration for Small and Medium Commercial Buildings."
Applied Power Technologies,field-testing,10/10_CBL,,9/1/10,14:00,18:00,,5.44,1.09,-3.49,0.45,0.02,-0.77,2.63,0.53,-1.69,"Page, Janie, Sila Kiliccote, Han Dudley, Mary Ann Piette, Albert K. Chiu, Bashar Kellow, Ed Koch, and Paul Lipkin Akuacom. 2011. Automated Demand Response Technology Demonstration for Small and Medium Commercial Buildings."
Applied Power Technologies,field-testing,OAT_MA_CBL,,9/2/10,14:00,15:00,,6.88,6.04,5.51,0.58,0.51,0.44,3.32,2.92,2.66,"Page, Janie, Sila Kiliccote, Han Dudley, Mary Ann Piette, Albert K. Chiu, Bashar Kellow, Ed Koch, and Paul Lipkin Akuacom. 2011. Automated Demand Response Technology Demonstration for Small and Medium Commercial Buildings."
Applied Power Technologies,field-testing,OAT_MA_CBL,,9/2/10,15:00,16:00,,3.58,2.08,0.76,0.29,0.18,0.06,1.73,1.01,0.37,"Page, Janie, Sila Kiliccote, Han Dudley, Mary Ann Piette, Albert K. Chiu, Bashar Kellow, Ed Koch, and Paul Lipkin Akuacom. 2011. Automated Demand Response Technology Demonstration for Small and Medium Commercial Buildings."
Applied Power Technologies,field-testing,OAT_MA_CBL,,9/2/10,16:00,17:00,,2.49,-0.7,-3.75,0.24,-0.2,-0.88,1.2,-0.34,-1.81,"Page, Janie, Sila Kiliccote, Han Dudley, Mary Ann Piette, Albert K. Chiu, Bashar Kellow, Ed Koch, and Paul Lipkin Akuacom. 2011. Automated Demand Response Technology Demonstration for Small and Medium Commercial Buildings."
Applied Power Technologies,field-testing,OAT_MA_CBL,,9/2/10,17:00,18:00,,-0.96,-2.84,-5.48,-0.43,-1.01,-1.93,-0.47,-1.37,-2.65,"Page, Janie, Sila Kiliccote, Han Dudley, Mary Ann Piette, Albert K. Chiu, Bashar Kellow, Ed Koch, and Paul Lipkin Akuacom. 2011. Automated Demand Response Technology Demonstration for Small and Medium Commercial Buildings."
Applied Power Technologies,field-testing,OAT_MA_CBL,,9/2/10,14:00,18:00,,6.88,1.15,-5.48,0.58,-0.13,-1.93,3.32,0.55,-2.65,"Page, Janie, Sila Kiliccote, Han Dudley, Mary Ann Piette, Albert K. Chiu, Bashar Kellow, Ed Koch, and Paul Lipkin Akuacom. 2011. Automated Demand Response Technology Demonstration for Small and Medium Commercial Buildings."
Applied Power Technologies,field-testing,10/10_CBL,,9/2/10,14:00,15:00,,6.62,5.84,5.34,0.6,0.51,0.43,3.2,2.82,2.58,"Page, Janie, Sila Kiliccote, Han Dudley, Mary Ann Piette, Albert K. Chiu, Bashar Kellow, Ed Koch, and Paul Lipkin Akuacom. 2011. Automated Demand Response Technology Demonstration for Small and Medium Commercial Buildings."
Applied Power Technologies,field-testing,10/10_CBL,,9/2/10,15:00,16:00,,2.17,1.67,0.63,0.2,0.15,0.05,1.05,0.81,0.3,"Page, Janie, Sila Kiliccote, Han Dudley, Mary Ann Piette, Albert K. Chiu, Bashar Kellow, Ed Koch, and Paul Lipkin Akuacom. 2011. Automated Demand Response Technology Demonstration for Small and Medium Commercial Buildings."
Applied Power Technologies,field-testing,10/10_CBL,,9/2/10,16:00,17:00,,2.83,0.18,-2.37,0.26,-0.03,-0.42,1.37,0.09,-1.14,"Page, Janie, Sila Kiliccote, Han Dudley, Mary Ann Piette, Albert K. Chiu, Bashar Kellow, Ed Koch, and Paul Lipkin Akuacom. 2011. Automated Demand Response Technology Demonstration for Small and Medium Commercial Buildings."
Applied Power Technologies,field-testing,10/10_CBL,,9/2/10,17:00,18:00,,0.01,-1.7,-3.46,0,-0.4,-0.71,0,-0.82,-1.67,"Page, Janie, Sila Kiliccote, Han Dudley, Mary Ann Piette, Albert K. Chiu, Bashar Kellow, Ed Koch, and Paul Lipkin Akuacom. 2011. Automated Demand Response Technology Demonstration for Small and Medium Commercial Buildings."
Applied Power Technologies,field-testing,10/10_CBL,,9/2/10,14:00,18:00,,6.62,1.5,-3.46,0.6,0.06,-0.71,3.2,0.72,-1.67,"Page, Janie, Sila Kiliccote, Han Dudley, Mary Ann Piette, Albert K. Chiu, Bashar Kellow, Ed Koch, and Paul Lipkin Akuacom. 2011. Automated Demand Response Technology Demonstration for Small and Medium Commercial Buildings."
Applied Power Technologies,field-testing,OAT_MA_CBL,,9/24/10,14:00,15:00,,1.85,1.01,0.48,0.29,0.17,0.08,0.89,0.49,0.23,"Page, Janie, Sila Kiliccote, Han Dudley, Mary Ann Piette, Albert K. Chiu, Bashar Kellow, Ed Koch, and Paul Lipkin Akuacom. 2011. Automated Demand Response Technology Demonstration for Small and Medium Commercial Buildings."
Applied Power Technologies,field-testing,OAT_MA_CBL,,9/24/10,15:00,16:00,,1.06,-0.49,-1.77,0.18,-0.08,-0.3,0.51,-0.24,-0.86,"Page, Janie, Sila Kiliccote, Han Dudley, Mary Ann Piette, Albert K. Chiu, Bashar Kellow, Ed Koch, and Paul Lipkin Akuacom. 2011. Automated Demand Response Technology Demonstration for Small and Medium Commercial Buildings."
Applied Power Technologies,field-testing,OAT_MA_CBL,,9/24/10,16:00,17:00,,0.2,-1.22,-2.77,0.04,-0.36,-1.04,0.1,-0.59,-1.34,"Page, Janie, Sila Kiliccote, Han Dudley, Mary Ann Piette, Albert K. Chiu, Bashar Kellow, Ed Koch, and Paul Lipkin Akuacom. 2011. Automated Demand Response Technology Demonstration for Small and Medium Commercial Buildings."
Applied Power Technologies,field-testing,OAT_MA_CBL,,9/24/10,17:00,18:00,,-1.53,-2.29,-3.84,-0.75,-1.12,-1.72,-0.74,-1.11,-1.86,"Page, Janie, Sila Kiliccote, Han Dudley, Mary Ann Piette, Albert K. Chiu, Bashar Kellow, Ed Koch, and Paul Lipkin Akuacom. 2011. Automated Demand Response Technology Demonstration for Small and Medium Commercial Buildings."
Applied Power Technologies,field-testing,OAT_MA_CBL,,9/24/10,14:00,18:00,,1.85,-0.75,-3.84,0.29,-0.35,-1.72,0.89,-0.36,-1.86,"Page, Janie, Sila Kiliccote, Han Dudley, Mary Ann Piette, Albert K. Chiu, Bashar Kellow, Ed Koch, and Paul Lipkin Akuacom. 2011. Automated Demand Response Technology Demonstration for Small and Medium Commercial Buildings."
Applied Power Technologies,field-testing,10/10_CBL,,9/24/10,14:00,15:00,,2.28,1.85,1.56,0.34,0.28,0.23,1.1,0.89,0.75,"Page, Janie, Sila Kiliccote, Han Dudley, Mary Ann Piette, Albert K. Chiu, Bashar Kellow, Ed Koch, and Paul Lipkin Akuacom. 2011. Automated Demand Response Technology Demonstration for Small and Medium Commercial Buildings."
Applied Power Technologies,field-testing,10/10_CBL,,9/24/10,15:00,16:00,,2.34,0.79,-0.79,0.33,0.11,-0.12,1.13,0.38,-0.38,"Page, Janie, Sila Kiliccote, Han Dudley, Mary Ann Piette, Albert K. Chiu, Bashar Kellow, Ed Koch, and Paul Lipkin Akuacom. 2011. Automated Demand Response Technology Demonstration for Small and Medium Commercial Buildings."
Applied Power Technologies,field-testing,10/10_CBL,,9/24/10,16:00,17:00,,0.95,-0.12,-1.32,0.16,-0.04,-0.32,0.46,-0.06,-0.64,"Page, Janie, Sila Kiliccote, Han Dudley, Mary Ann Piette, Albert K. Chiu, Bashar Kellow, Ed Koch, and Paul Lipkin Akuacom. 2011. Automated Demand Response Technology Demonstration for Small and Medium Commercial Buildings."
Applied Power Technologies,field-testing,10/10_CBL,,9/24/10,17:00,18:00,,0.36,-0.52,-1.98,0.1,-0.13,-0.48,0.17,-0.25,-0.96,"Page, Janie, Sila Kiliccote, Han Dudley, Mary Ann Piette, Albert K. Chiu, Bashar Kellow, Ed Koch, and Paul Lipkin Akuacom. 2011. Automated Demand Response Technology Demonstration for Small and Medium Commercial Buildings."
Applied Power Technologies,field-testing,10/10_CBL,,9/24/10,14:00,18:00,,2.34,0.5,-1.98,0.34,0.05,-0.48,1.13,0.24,-0.96,"Page, Janie, Sila Kiliccote, Han Dudley, Mary Ann Piette, Albert K. Chiu, Bashar Kellow, Ed Koch, and Paul Lipkin Akuacom. 2011. Automated Demand Response Technology Demonstration for Small and Medium Commercial Buildings."
Applied Power Technologies,field-testing,OAT_MA_CBL,,9/27/10,14:00,15:00,,3.69,2.53,1,0.33,0.23,0.09,1.78,1.22,0.48,"Page, Janie, Sila Kiliccote, Han Dudley, Mary Ann Piette, Albert K. Chiu, Bashar Kellow, Ed Koch, and Paul Lipkin Akuacom. 2011. Automated Demand Response Technology Demonstration for Small and Medium Commercial Buildings."
Applied Power Technologies,field-testing,OAT_MA_CBL,,9/27/10,15:00,16:00,,1.01,0.39,-0.17,0.1,0.04,-0.02,0.49,0.19,-0.08,"Page, Janie, Sila Kiliccote, Han Dudley, Mary Ann Piette, Albert K. Chiu, Bashar Kellow, Ed Koch, and Paul Lipkin Akuacom. 2011. Automated Demand Response Technology Demonstration for Small and Medium Commercial Buildings."
Applied Power Technologies,field-testing,OAT_MA_CBL,,9/27/10,16:00,17:00,,3.53,0.81,-2.18,0.36,0.02,-0.52,1.71,0.39,-1.05,"Page, Janie, Sila Kiliccote, Han Dudley, Mary Ann Piette, Albert K. Chiu, Bashar Kellow, Ed Koch, and Paul Lipkin Akuacom. 2011. Automated Demand Response Technology Demonstration for Small and Medium Commercial Buildings."
Applied Power Technologies,field-testing,OAT_MA_CBL,,9/27/10,17:00,18:00,,-2.21,-2.56,-3.06,-0.72,-0.87,-0.98,-1.07,-1.24,-1.48,"Page, Janie, Sila Kiliccote, Han Dudley, Mary Ann Piette, Albert K. Chiu, Bashar Kellow, Ed Koch, and Paul Lipkin Akuacom. 2011. Automated Demand Response Technology Demonstration for Small and Medium Commercial Buildings."
Applied Power Technologies,field-testing,OAT_MA_CBL,,9/27/10,14:00,18:00,,3.69,0.29,-3.06,0.36,-0.14,-0.98,1.78,0.14,-1.48,"Page, Janie, Sila Kiliccote, Han Dudley, Mary Ann Piette, Albert K. Chiu, Bashar Kellow, Ed Koch, and Paul Lipkin Akuacom. 2011. Automated Demand Response Technology Demonstration for Small and Medium Commercial Buildings."
Applied Power Technologies,field-testing,10/10_CBL,,9/27/10,14:00,15:00,,1.8,0.68,-0.52,0.2,0.08,-0.05,0.87,0.33,-0.25,"Page, Janie, Sila Kiliccote, Han Dudley, Mary Ann Piette, Albert K. Chiu, Bashar Kellow, Ed Koch, and Paul Lipkin Akuacom. 2011. Automated Demand Response Technology Demonstration for Small and Medium Commercial Buildings."
Applied Power Technologies,field-testing,10/10_CBL,,9/27/10,15:00,16:00,,0.28,-0.52,-1.99,0.03,-0.06,-0.22,0.13,-0.25,-0.96,"Page, Janie, Sila Kiliccote, Han Dudley, Mary Ann Piette, Albert K. Chiu, Bashar Kellow, Ed Koch, and Paul Lipkin Akuacom. 2011. Automated Demand Response Technology Demonstration for Small and Medium Commercial Buildings."
Applied Power Technologies,field-testing,10/10_CBL,,9/27/10,16:00,17:00,,2.13,0.35,-1.8,0.25,0.03,-0.22,1.03,0.17,-0.87,"Page, Janie, Sila Kiliccote, Han Dudley, Mary Ann Piette, Albert K. Chiu, Bashar Kellow, Ed Koch, and Paul Lipkin Akuacom. 2011. Automated Demand Response Technology Demonstration for Small and Medium Commercial Buildings."
Applied Power Technologies,field-testing,10/10_CBL,,9/27/10,17:00,18:00,,0.28,-0.43,-1.13,0.06,-0.08,-0.21,0.14,-0.21,-0.54,"Page, Janie, Sila Kiliccote, Han Dudley, Mary Ann Piette, Albert K. Chiu, Bashar Kellow, Ed Koch, and Paul Lipkin Akuacom. 2011. Automated Demand Response Technology Demonstration for Small and Medium Commercial Buildings."
Applied Power Technologies,field-testing,10/10_CBL,,9/27/10,14:00,18:00,,2.13,0.02,-1.99,0.25,-0.01,-0.22,1.03,0.01,-0.96,"Page, Janie, Sila Kiliccote, Han Dudley, Mary Ann Piette, Albert K. Chiu, Bashar Kellow, Ed Koch, and Paul Lipkin Akuacom. 2011. Automated Demand Response Technology Demonstration for Small and Medium Commercial Buildings."
Applied Power Technologies,field-testing,OAT_MA_CBL,,9/28/10,14:00,15:00,,3.37,0.73,-4,0.26,0.04,-0.39,1.63,0.35,-1.93,"Page, Janie, Sila Kiliccote, Han Dudley, Mary Ann Piette, Albert K. Chiu, Bashar Kellow, Ed Koch, and Paul Lipkin Akuacom. 2011. Automated Demand Response Technology Demonstration for Small and Medium Commercial Buildings."
Applied Power Technologies,field-testing,OAT_MA_CBL,,9/28/10,15:00,16:00,,1.71,-2,-5.99,0.14,-0.19,-0.58,0.83,-0.96,-2.89,"Page, Janie, Sila Kiliccote, Han Dudley, Mary Ann Piette, Albert K. Chiu, Bashar Kellow, Ed Koch, and Paul Lipkin Akuacom. 2011. Automated Demand Response Technology Demonstration for Small and Medium Commercial Buildings."
Applied Power Technologies,field-testing,OAT_MA_CBL,,9/28/10,16:00,17:00,,0.95,-1.35,-4.77,0.09,-0.29,-1.06,0.46,-0.65,-2.3,"Page, Janie, Sila Kiliccote, Han Dudley, Mary Ann Piette, Albert K. Chiu, Bashar Kellow, Ed Koch, and Paul Lipkin Akuacom. 2011. Automated Demand Response Technology Demonstration for Small and Medium Commercial Buildings."
Applied Power Technologies,field-testing,OAT_MA_CBL,,9/28/10,17:00,18:00,,-2.98,-6.62,-10.18,-1.21,-2.06,-3.13,-1.44,-3.2,-4.92,"Page, Janie, Sila Kiliccote, Han Dudley, Mary Ann Piette, Albert K. Chiu, Bashar Kellow, Ed Koch, and Paul Lipkin Akuacom. 2011. Automated Demand Response Technology Demonstration for Small and Medium Commercial Buildings."
Applied Power Technologies,field-testing,OAT_MA_CBL,,9/28/10,14:00,18:00,,3.37,-2.31,-10.18,0.26,-0.62,-3.13,1.63,-1.12,-4.92,"Page, Janie, Sila Kiliccote, Han Dudley, Mary Ann Piette, Albert K. Chiu, Bashar Kellow, Ed Koch, and Paul Lipkin Akuacom. 2011. Automated Demand Response Technology Demonstration for Small and Medium Commercial Buildings."
Applied Power Technologies,field-testing,10/10_CBL,,9/28/10,14:00,15:00,,1.65,-1.35,-5.34,0.15,-0.15,-0.59,0.8,-0.65,-2.58,"Page, Janie, Sila Kiliccote, Han Dudley, Mary Ann Piette, Albert K. Chiu, Bashar Kellow, Ed Koch, and Paul Lipkin Akuacom. 2011. Automated Demand Response Technology Demonstration for Small and Medium Commercial Buildings."
Applied Power Technologies,field-testing,10/10_CBL,,9/28/10,15:00,16:00,,-0.23,-2.82,-6.03,-0.02,-0.27,-0.59,-0.11,-1.36,-2.91,"Page, Janie, Sila Kiliccote, Han Dudley, Mary Ann Piette, Albert K. Chiu, Bashar Kellow, Ed Koch, and Paul Lipkin Akuacom. 2011. Automated Demand Response Technology Demonstration for Small and Medium Commercial Buildings."
Applied Power Technologies,field-testing,10/10_CBL,,9/28/10,16:00,17:00,,-0.36,-1.61,-3.1,-0.04,-0.22,-0.5,-0.17,-0.78,-1.5,"Page, Janie, Sila Kiliccote, Han Dudley, Mary Ann Piette, Albert K. Chiu, Bashar Kellow, Ed Koch, and Paul Lipkin Akuacom. 2011. Automated Demand Response Technology Demonstration for Small and Medium Commercial Buildings."
Applied Power Technologies,field-testing,10/10_CBL,,9/28/10,17:00,18:00,,-0.1,-4.06,-7.3,-0.02,-0.7,-1.19,-0.05,-1.96,-3.52,"Page, Janie, Sila Kiliccote, Han Dudley, Mary Ann Piette, Albert K. Chiu, Bashar Kellow, Ed Koch, and Paul Lipkin Akuacom. 2011. Automated Demand Response Technology Demonstration for Small and Medium Commercial Buildings."
Applied Power Technologies,field-testing,10/10_CBL,,9/28/10,14:00,18:00,,1.65,-2.46,-7.3,0.15,-0.33,-1.19,0.8,-1.19,-3.52,"Page, Janie, Sila Kiliccote, Han Dudley, Mary Ann Piette, Albert K. Chiu, Bashar Kellow, Ed Koch, and Paul Lipkin Akuacom. 2011. Automated Demand Response Technology Demonstration for Small and Medium Commercial Buildings."
Applied Power Technologies,field-testing,OAT_MA_CBL,,10/13/10,14:00,15:00,,5.23,2.36,-0.73,0.41,0.18,-0.06,2.53,1.14,-0.35,"Page, Janie, Sila Kiliccote, Han Dudley, Mary Ann Piette, Albert K. Chiu, Bashar Kellow, Ed Koch, and Paul Lipkin Akuacom. 2011. Automated Demand Response Technology Demonstration for Small and Medium Commercial Buildings."
Applied Power Technologies,field-testing,OAT_MA_CBL,,10/13/10,15:00,16:00,,4.11,3,1.8,0.29,0.23,0.15,1.98,1.45,0.87,"Page, Janie, Sila Kiliccote, Han Dudley, Mary Ann Piette, Albert K. Chiu, Bashar Kellow, Ed Koch, and Paul Lipkin Akuacom. 2011. Automated Demand Response Technology Demonstration for Small and Medium Commercial Buildings."
Applied Power Technologies,field-testing,OAT_MA_CBL,,10/13/10,16:00,17:00,,4.89,3.66,1.09,0.56,0.39,0.09,2.36,1.77,0.53,"Page, Janie, Sila Kiliccote, Han Dudley, Mary Ann Piette, Albert K. Chiu, Bashar Kellow, Ed Koch, and Paul Lipkin Akuacom. 2011. Automated Demand Response Technology Demonstration for Small and Medium Commercial Buildings."
Applied Power Technologies,field-testing,OAT_MA_CBL,,10/13/10,17:00,18:00,,2.56,1.07,-0.82,0.39,0.19,-0.13,1.23,0.52,-0.4,"Page, Janie, Sila Kiliccote, Han Dudley, Mary Ann Piette, Albert K. Chiu, Bashar Kellow, Ed Koch, and Paul Lipkin Akuacom. 2011. Automated Demand Response Technology Demonstration for Small and Medium Commercial Buildings."
Applied Power Technologies,field-testing,OAT_MA_CBL,,10/13/10,14:00,18:00,,5.23,2.52,-0.82,0.56,0.25,-0.13,2.53,1.22,-0.4,"Page, Janie, Sila Kiliccote, Han Dudley, Mary Ann Piette, Albert K. Chiu, Bashar Kellow, Ed Koch, and Paul Lipkin Akuacom. 2011. Automated Demand Response Technology Demonstration for Small and Medium Commercial Buildings."
Applied Power Technologies,field-testing,10/10_CBL,,10/13/10,14:00,15:00,,5.03,1.46,-1.37,0.4,0.12,-0.13,2.43,0.71,-0.66,"Page, Janie, Sila Kiliccote, Han Dudley, Mary Ann Piette, Albert K. Chiu, Bashar Kellow, Ed Koch, and Paul Lipkin Akuacom. 2011. Automated Demand Response Technology Demonstration for Small and Medium Commercial Buildings."
Applied Power Technologies,field-testing,10/10_CBL,,10/13/10,15:00,16:00,,1.75,0.74,0.35,0.16,0.07,0.03,0.85,0.36,0.17,"Page, Janie, Sila Kiliccote, Han Dudley, Mary Ann Piette, Albert K. Chiu, Bashar Kellow, Ed Koch, and Paul Lipkin Akuacom. 2011. Automated Demand Response Technology Demonstration for Small and Medium Commercial Buildings."
Applied Power Technologies,field-testing,10/10_CBL,,10/13/10,16:00,17:00,,3.42,2.3,-0.73,0.51,0.29,-0.07,1.65,1.11,-0.35,"Page, Janie, Sila Kiliccote, Han Dudley, Mary Ann Piette, Albert K. Chiu, Bashar Kellow, Ed Koch, and Paul Lipkin Akuacom. 2011. Automated Demand Response Technology Demonstration for Small and Medium Commercial Buildings."
Applied Power Technologies,field-testing,10/10_CBL,,10/13/10,17:00,18:00,,1.13,-0.66,-2.64,0.31,-0.11,-0.56,0.54,-0.32,-1.27,"Page, Janie, Sila Kiliccote, Han Dudley, Mary Ann Piette, Albert K. Chiu, Bashar Kellow, Ed Koch, and Paul Lipkin Akuacom. 2011. Automated Demand Response Technology Demonstration for Small and Medium Commercial Buildings."
Applied Power Technologies,field-testing,10/10_CBL,,10/13/10,14:00,18:00,,5.03,0.96,-2.64,0.51,0.09,-0.56,2.43,0.47,-1.27,"Page, Janie, Sila Kiliccote, Han Dudley, Mary Ann Piette, Albert K. Chiu, Bashar Kellow, Ed Koch, and Paul Lipkin Akuacom. 2011. Automated Demand Response Technology Demonstration for Small and Medium Commercial Buildings."
HD Supply,field-testing,OAT_MA_CBL,,11/3/10,12:00,13:00,,-1.98,-7.89,-11.87,-0.15,-1.07,-1.85,-0.33,-1.31,-1.98,"Page, Janie, Sila Kiliccote, Han Dudley, Mary Ann Piette, Albert K. Chiu, Bashar Kellow, Ed Koch, and Paul Lipkin Akuacom. 2011. Automated Demand Response Technology Demonstration for Small and Medium Commercial Buildings."
HD Supply,field-testing,OAT_MA_CBL,,11/3/10,13:00,14:00,,-4.58,-9.06,-12.66,-0.31,-0.81,-1.27,-0.76,-1.51,-2.11,"Page, Janie, Sila Kiliccote, Han Dudley, Mary Ann Piette, Albert K. Chiu, Bashar Kellow, Ed Koch, and Paul Lipkin Akuacom. 2011. Automated Demand Response Technology Demonstration for Small and Medium Commercial Buildings."
HD Supply,field-testing,OAT_MA_CBL,,11/3/10,14:00,15:00,,-3.5,-3.82,-4.11,-0.23,-0.25,-0.27,-0.58,-0.64,-0.69,"Page, Janie, Sila Kiliccote, Han Dudley, Mary Ann Piette, Albert K. Chiu, Bashar Kellow, Ed Koch, and Paul Lipkin Akuacom. 2011. Automated Demand Response Technology Demonstration for Small and Medium Commercial Buildings."
HD Supply,field-testing,OAT_MA_CBL,,11/3/10,15:00,16:00,,-2.2,-2.99,-3.82,-0.12,-0.18,-0.25,-0.37,-0.5,-0.64,"Page, Janie, Sila Kiliccote, Han Dudley, Mary Ann Piette, Albert K. Chiu, Bashar Kellow, Ed Koch, and Paul Lipkin Akuacom. 2011. Automated Demand Response Technology Demonstration for Small and Medium Commercial Buildings."
HD Supply,field-testing,OAT_MA_CBL,,11/3/10,16:00,17:00,,0.17,-2.19,-3.64,0.01,-0.13,-0.22,0.03,-0.37,-0.61,"Page, Janie, Sila Kiliccote, Han Dudley, Mary Ann Piette, Albert K. Chiu, Bashar Kellow, Ed Koch, and Paul Lipkin Akuacom. 2011. Automated Demand Response Technology Demonstration for Small and Medium Commercial Buildings."
HD Supply,field-testing,OAT_MA_CBL,,11/3/10,17:00,18:00,,-1.37,-2.81,-3.36,-0.07,-0.15,-0.19,-0.23,-0.47,-0.56,"Page, Janie, Sila Kiliccote, Han Dudley, Mary Ann Piette, Albert K. Chiu, Bashar Kellow, Ed Koch, and Paul Lipkin Akuacom. 2011. Automated Demand Response Technology Demonstration for Small and Medium Commercial Buildings."
HD Supply,field-testing,OAT_MA_CBL,,11/3/10,14:00,18:00,,0.17,-4.79,-12.66,0.01,-0.43,-1.85,0.03,-0.8,-2.11,"Page, Janie, Sila Kiliccote, Han Dudley, Mary Ann Piette, Albert K. Chiu, Bashar Kellow, Ed Koch, and Paul Lipkin Akuacom. 2011. Automated Demand Response Technology Demonstration for Small and Medium Commercial Buildings."
HD Supply,field-testing,10/10_CBL,,11/3/10,12:00,13:00,,1.77,-0.3,-3.29,0.11,-0.02,-0.2,0.3,-0.05,-0.55,"Page, Janie, Sila Kiliccote, Han Dudley, Mary Ann Piette, Albert K. Chiu, Bashar Kellow, Ed Koch, and Paul Lipkin Akuacom. 2011. Automated Demand Response Technology Demonstration for Small and Medium Commercial Buildings."
HD Supply,field-testing,10/10_CBL,,11/3/10,13:00,14:00,,-3.93,-5.12,-6.47,-0.25,-0.32,-0.4,-0.66,-0.85,-1.08,"Page, Janie, Sila Kiliccote, Han Dudley, Mary Ann Piette, Albert K. Chiu, Bashar Kellow, Ed Koch, and Paul Lipkin Akuacom. 2011. Automated Demand Response Technology Demonstration for Small and Medium Commercial Buildings."
HD Supply,field-testing,10/10_CBL,,11/3/10,14:00,15:00,,-3.41,-3.74,-3.94,-0.22,-0.24,-0.25,-0.57,-0.62,-0.66,"Page, Janie, Sila Kiliccote, Han Dudley, Mary Ann Piette, Albert K. Chiu, Bashar Kellow, Ed Koch, and Paul Lipkin Akuacom. 2011. Automated Demand Response Technology Demonstration for Small and Medium Commercial Buildings."
HD Supply,field-testing,10/10_CBL,,11/3/10,15:00,16:00,,-3.23,-3.81,-4.34,-0.2,-0.24,-0.28,-0.54,-0.64,-0.72,"Page, Janie, Sila Kiliccote, Han Dudley, Mary Ann Piette, Albert K. Chiu, Bashar Kellow, Ed Koch, and Paul Lipkin Akuacom. 2011. Automated Demand Response Technology Demonstration for Small and Medium Commercial Buildings."
HD Supply,field-testing,10/10_CBL,,11/3/10,16:00,17:00,,-4.52,-5.29,-5.81,-0.29,-0.34,-0.38,-0.75,-0.88,-0.97,"Page, Janie, Sila Kiliccote, Han Dudley, Mary Ann Piette, Albert K. Chiu, Bashar Kellow, Ed Koch, and Paul Lipkin Akuacom. 2011. Automated Demand Response Technology Demonstration for Small and Medium Commercial Buildings."
HD Supply,field-testing,10/10_CBL,,11/3/10,17:00,18:00,,-5,-5.62,-6.55,-0.28,-0.35,-0.45,-0.83,-0.94,-1.09,"Page, Janie, Sila Kiliccote, Han Dudley, Mary Ann Piette, Albert K. Chiu, Bashar Kellow, Ed Koch, and Paul Lipkin Akuacom. 2011. Automated Demand Response Technology Demonstration for Small and Medium Commercial Buildings."
HD Supply,field-testing,10/10_CBL,,11/3/10,14:00,18:00,,1.77,-3.98,-6.55,0.11,-0.25,-0.45,0.3,-0.66,-1.09,"Page, Janie, Sila Kiliccote, Han Dudley, Mary Ann Piette, Albert K. Chiu, Bashar Kellow, Ed Koch, and Paul Lipkin Akuacom. 2011. Automated Demand Response Technology Demonstration for Small and Medium Commercial Buildings."
Customer 1,field-testing,3/10_CBL,,7/13/07,12:00,15:00,,,9,,,,,,,,"Chiu, Albert, Greg Wikler, Ingrid Bran, Joe Prijyanonda, Sharon Yoshida, Kelly Smith, Mary Ann Piette, Sila Kiliccote, Girish Ghatikar, and Chuck Thomas. 2007. 2007 Auto-DR Program, Task 13 Deliverable, Auto-DR Assessment Study."
Customer 1,field-testing,3/10_CBL,,7/13/07,15:00,18:00,,,10,,,,,,,,"Chiu, Albert, Greg Wikler, Ingrid Bran, Joe Prijyanonda, Sharon Yoshida, Kelly Smith, Mary Ann Piette, Sila Kiliccote, Girish Ghatikar, and Chuck Thomas. 2007. 2007 Auto-DR Program, Task 13 Deliverable, Auto-DR Assessment Study."
Customer 1,field-testing,3/10_CBL,,7/13/07,12:00,18:00,,,9.5,,,0.04,,,0.19,,"Chiu, Albert, Greg Wikler, Ingrid Bran, Joe Prijyanonda, Sharon Yoshida, Kelly Smith, Mary Ann Piette, Sila Kiliccote, Girish Ghatikar, and Chuck Thomas. 2007. 2007 Auto-DR Program, Task 13 Deliverable, Auto-DR Assessment Study."
Customer 1,field-testing,3/10_MA_CBL,,7/13/07,12:00,15:00,,,56,,,,,,,,"Chiu, Albert, Greg Wikler, Ingrid Bran, Joe Prijyanonda, Sharon Yoshida, Kelly Smith, Mary Ann Piette, Sila Kiliccote, Girish Ghatikar, and Chuck Thomas. 2007. 2007 Auto-DR Program, Task 13 Deliverable, Auto-DR Assessment Study."
Customer 1,field-testing,3/10_MA_CBL,,7/13/07,15:00,18:00,,,55,,,,,,,,"Chiu, Albert, Greg Wikler, Ingrid Bran, Joe Prijyanonda, Sharon Yoshida, Kelly Smith, Mary Ann Piette, Sila Kiliccote, Girish Ghatikar, and Chuck Thomas. 2007. 2007 Auto-DR Program, Task 13 Deliverable, Auto-DR Assessment Study."
Customer 1,field-testing,3/10_MA_CBL,,7/13/07,12:00,18:00,,,55.5,,,0.2,,,1.08,,"Chiu, Albert, Greg Wikler, Ingrid Bran, Joe Prijyanonda, Sharon Yoshida, Kelly Smith, Mary Ann Piette, Sila Kiliccote, Girish Ghatikar, and Chuck Thomas. 2007. 2007 Auto-DR Program, Task 13 Deliverable, Auto-DR Assessment Study."
Customer 1,field-testing,OAT_CBL,,7/13/07,12:00,15:00,,,65,,,,,,,,"Chiu, Albert, Greg Wikler, Ingrid Bran, Joe Prijyanonda, Sharon Yoshida, Kelly Smith, Mary Ann Piette, Sila Kiliccote, Girish Ghatikar, and Chuck Thomas. 2007. 2007 Auto-DR Program, Task 13 Deliverable, Auto-DR Assessment Study."
Customer 1,field-testing,OAT_CBL,,7/13/07,15:00,18:00,,,104,,,,,,,,"Chiu, Albert, Greg Wikler, Ingrid Bran, Joe Prijyanonda, Sharon Yoshida, Kelly Smith, Mary Ann Piette, Sila Kiliccote, Girish Ghatikar, and Chuck Thomas. 2007. 2007 Auto-DR Program, Task 13 Deliverable, Auto-DR Assessment Study."
Customer 1,field-testing,OAT_CBL,,7/13/07,12:00,18:00,,,84.5,,,0.32,,,2.03,,"Chiu, Albert, Greg Wikler, Ingrid Bran, Joe Prijyanonda, Sharon Yoshida, Kelly Smith, Mary Ann Piette, Sila Kiliccote, Girish Ghatikar, and Chuck Thomas. 2007. 2007 Auto-DR Program, Task 13 Deliverable, Auto-DR Assessment Study."
Customer 1,field-testing,3/10_CBL,,7/5/07,12:00,15:00,,,32,,,,,,,,"Chiu, Albert, Greg Wikler, Ingrid Bran, Joe Prijyanonda, Sharon Yoshida, Kelly Smith, Mary Ann Piette, Sila Kiliccote, Girish Ghatikar, and Chuck Thomas. 2007. 2007 Auto-DR Program, Task 13 Deliverable, Auto-DR Assessment Study."
Customer 1,field-testing,3/10_CBL,,7/5/07,15:00,18:00,,,21,,,,,,,,"Chiu, Albert, Greg Wikler, Ingrid Bran, Joe Prijyanonda, Sharon Yoshida, Kelly Smith, Mary Ann Piette, Sila Kiliccote, Girish Ghatikar, and Chuck Thomas. 2007. 2007 Auto-DR Program, Task 13 Deliverable, Auto-DR Assessment Study."
Customer 1,field-testing,3/10_CBL,,7/5/07,12:00,18:00,,,26.5,,,0.08,,,0.42,,"Chiu, Albert, Greg Wikler, Ingrid Bran, Joe Prijyanonda, Sharon Yoshida, Kelly Smith, Mary Ann Piette, Sila Kiliccote, Girish Ghatikar, and Chuck Thomas. 2007. 2007 Auto-DR Program, Task 13 Deliverable, Auto-DR Assessment Study."
Customer 1,field-testing,3/10_MA_CBL,,7/5/07,12:00,15:00,,,32,,,,,,,,"Chiu, Albert, Greg Wikler, Ingrid Bran, Joe Prijyanonda, Sharon Yoshida, Kelly Smith, Mary Ann Piette, Sila Kiliccote, Girish Ghatikar, and Chuck Thomas. 2007. 2007 Auto-DR Program, Task 13 Deliverable, Auto-DR Assessment Study."
Customer 1,field-testing,3/10_MA_CBL,,7/5/07,15:00,18:00,,,21,,,,,,,,"Chiu, Albert, Greg Wikler, Ingrid Bran, Joe Prijyanonda, Sharon Yoshida, Kelly Smith, Mary Ann Piette, Sila Kiliccote, Girish Ghatikar, and Chuck Thomas. 2007. 2007 Auto-DR Program, Task 13 Deliverable, Auto-DR Assessment Study."
Customer 1,field-testing,3/10_MA_CBL,,7/5/07,12:00,18:00,,,26.5,,,0.17,,,0.94,,"Chiu, Albert, Greg Wikler, Ingrid Bran, Joe Prijyanonda, Sharon Yoshida, Kelly Smith, Mary Ann Piette, Sila Kiliccote, Girish Ghatikar, and Chuck Thomas. 2007. 2007 Auto-DR Program, Task 13 Deliverable, Auto-DR Assessment Study."
Customer 1,field-testing,OAT_CBL,,7/5/07,12:00,15:00,,,92,,,,,,,,"Chiu, Albert, Greg Wikler, Ingrid Bran, Joe Prijyanonda, Sharon Yoshida, Kelly Smith, Mary Ann Piette, Sila Kiliccote, Girish Ghatikar, and Chuck Thomas. 2007. 2007 Auto-DR Program, Task 13 Deliverable, Auto-DR Assessment Study."
Customer 1,field-testing,OAT_CBL,,7/5/07,15:00,18:00,,,99,,,,,,,,"Chiu, Albert, Greg Wikler, Ingrid Bran, Joe Prijyanonda, Sharon Yoshida, Kelly Smith, Mary Ann Piette, Sila Kiliccote, Girish Ghatikar, and Chuck Thomas. 2007. 2007 Auto-DR Program, Task 13 Deliverable, Auto-DR Assessment Study."
Customer 1,field-testing,OAT_CBL,,7/5/07,12:00,18:00,,,95.5,,,0.29,,,1.94,,"Chiu, Albert, Greg Wikler, Ingrid Bran, Joe Prijyanonda, Sharon Yoshida, Kelly Smith, Mary Ann Piette, Sila Kiliccote, Girish Ghatikar, and Chuck Thomas. 2007. 2007 Auto-DR Program, Task 13 Deliverable, Auto-DR Assessment Study."
Customer 1,field-testing,3/10_CBL,,8/1/07,12:00,15:00,,,65,,,,,,,,"Chiu, Albert, Greg Wikler, Ingrid Bran, Joe Prijyanonda, Sharon Yoshida, Kelly Smith, Mary Ann Piette, Sila Kiliccote, Girish Ghatikar, and Chuck Thomas. 2007. 2007 Auto-DR Program, Task 13 Deliverable, Auto-DR Assessment Study."
Customer 1,field-testing,3/10_CBL,,8/1/07,15:00,18:00,,,78,,,,,,,,"Chiu, Albert, Greg Wikler, Ingrid Bran, Joe Prijyanonda, Sharon Yoshida, Kelly Smith, Mary Ann Piette, Sila Kiliccote, Girish Ghatikar, and Chuck Thomas. 2007. 2007 Auto-DR Program, Task 13 Deliverable, Auto-DR Assessment Study."
Customer 1,field-testing,3/10_CBL,,8/1/07,12:00,18:00,,,71.5,,,0.28,,,1.53,,"Chiu, Albert, Greg Wikler, Ingrid Bran, Joe Prijyanonda, Sharon Yoshida, Kelly Smith, Mary Ann Piette, Sila Kiliccote, Girish Ghatikar, and Chuck Thomas. 2007. 2007 Auto-DR Program, Task 13 Deliverable, Auto-DR Assessment Study."
Customer 1,field-testing,3/10_MA_CBL,,8/1/07,12:00,15:00,,,67,,,,,,,,"Chiu, Albert, Greg Wikler, Ingrid Bran, Joe Prijyanonda, Sharon Yoshida, Kelly Smith, Mary Ann Piette, Sila Kiliccote, Girish Ghatikar, and Chuck Thomas. 2007. 2007 Auto-DR Program, Task 13 Deliverable, Auto-DR Assessment Study."
Customer 1,field-testing,3/10_MA_CBL,,8/1/07,15:00,18:00,,,80,,,,,,,,"Chiu, Albert, Greg Wikler, Ingrid Bran, Joe Prijyanonda, Sharon Yoshida, Kelly Smith, Mary Ann Piette, Sila Kiliccote, Girish Ghatikar, and Chuck Thomas. 2007. 2007 Auto-DR Program, Task 13 Deliverable, Auto-DR Assessment Study."
Customer 1,field-testing,3/10_MA_CBL,,8/1/07,12:00,18:00,,,73.5,,,0.28,,,1.56,,"Chiu, Albert, Greg Wikler, Ingrid Bran, Joe Prijyanonda, Sharon Yoshida, Kelly Smith, Mary Ann Piette, Sila Kiliccote, Girish Ghatikar, and Chuck Thomas. 2007. 2007 Auto-DR Program, Task 13 Deliverable, Auto-DR Assessment Study."
Customer 1,field-testing,OAT_CBL,,8/1/07,12:00,15:00,,,54,,,,,,,,"Chiu, Albert, Greg Wikler, Ingrid Bran, Joe Prijyanonda, Sharon Yoshida, Kelly Smith, Mary Ann Piette, Sila Kiliccote, Girish Ghatikar, and Chuck Thomas. 2007. 2007 Auto-DR Program, Task 13 Deliverable, Auto-DR Assessment Study."
Customer 1,field-testing,OAT_CBL,,8/1/07,15:00,18:00,,,59,,,,,,,,"Chiu, Albert, Greg Wikler, Ingrid Bran, Joe Prijyanonda, Sharon Yoshida, Kelly Smith, Mary Ann Piette, Sila Kiliccote, Girish Ghatikar, and Chuck Thomas. 2007. 2007 Auto-DR Program, Task 13 Deliverable, Auto-DR Assessment Study."
Customer 1,field-testing,OAT_CBL,,8/1/07,12:00,18:00,,,56.5,,,0.22,,,1.15,,"Chiu, Albert, Greg Wikler, Ingrid Bran, Joe Prijyanonda, Sharon Yoshida, Kelly Smith, Mary Ann Piette, Sila Kiliccote, Girish Ghatikar, and Chuck Thomas. 2007. 2007 Auto-DR Program, Task 13 Deliverable, Auto-DR Assessment Study."
Customer 1,field-testing,3/10_CBL,,8/30/07,12:00,15:00,,,49,,,,,,,,"Chiu, Albert, Greg Wikler, Ingrid Bran, Joe Prijyanonda, Sharon Yoshida, Kelly Smith, Mary Ann Piette, Sila Kiliccote, Girish Ghatikar, and Chuck Thomas. 2007. 2007 Auto-DR Program, Task 13 Deliverable, Auto-DR Assessment Study."
Customer 1,field-testing,3/10_CBL,,8/30/07,15:00,18:00,,,53,,,,,,,,"Chiu, Albert, Greg Wikler, Ingrid Bran, Joe Prijyanonda, Sharon Yoshida, Kelly Smith, Mary Ann Piette, Sila Kiliccote, Girish Ghatikar, and Chuck Thomas. 2007. 2007 Auto-DR Program, Task 13 Deliverable, Auto-DR Assessment Study."
Customer 1,field-testing,3/10_CBL,,8/30/07,12:00,18:00,,,51,,,0.2,,,1.04,,"Chiu, Albert, Greg Wikler, Ingrid Bran, Joe Prijyanonda, Sharon Yoshida, Kelly Smith, Mary Ann Piette, Sila Kiliccote, Girish Ghatikar, and Chuck Thomas. 2007. 2007 Auto-DR Program, Task 13 Deliverable, Auto-DR Assessment Study."
Customer 1,field-testing,3/10_MA_CBL,,8/30/07,12:00,15:00,,,27,,,,,,,,"Chiu, Albert, Greg Wikler, Ingrid Bran, Joe Prijyanonda, Sharon Yoshida, Kelly Smith, Mary Ann Piette, Sila Kiliccote, Girish Ghatikar, and Chuck Thomas. 2007. 2007 Auto-DR Program, Task 13 Deliverable, Auto-DR Assessment Study."
Customer 1,field-testing,3/10_MA_CBL,,8/30/07,15:00,18:00,,,32,,,,,,,,"Chiu, Albert, Greg Wikler, Ingrid Bran, Joe Prijyanonda, Sharon Yoshida, Kelly Smith, Mary Ann Piette, Sila Kiliccote, Girish Ghatikar, and Chuck Thomas. 2007. 2007 Auto-DR Program, Task 13 Deliverable, Auto-DR Assessment Study."
Customer 1,field-testing,3/10_MA_CBL,,8/30/07,12:00,18:00,,,29.5,,,0.13,,,0.63,,"Chiu, Albert, Greg Wikler, Ingrid Bran, Joe Prijyanonda, Sharon Yoshida, Kelly Smith, Mary Ann Piette, Sila Kiliccote, Girish Ghatikar, and Chuck Thomas. 2007. 2007 Auto-DR Program, Task 13 Deliverable, Auto-DR Assessment Study."
Customer 1,field-testing,OAT_CBL,,8/30/07,12:00,15:00,,,10,,,,,,,,"Chiu, Albert, Greg Wikler, Ingrid Bran, Joe Prijyanonda, Sharon Yoshida, Kelly Smith, Mary Ann Piette, Sila Kiliccote, Girish Ghatikar, and Chuck Thomas. 2007. 2007 Auto-DR Program, Task 13 Deliverable, Auto-DR Assessment Study."
Customer 1,field-testing,OAT_CBL,,8/30/07,15:00,18:00,,,24,,,,,,,,"Chiu, Albert, Greg Wikler, Ingrid Bran, Joe Prijyanonda, Sharon Yoshida, Kelly Smith, Mary Ann Piette, Sila Kiliccote, Girish Ghatikar, and Chuck Thomas. 2007. 2007 Auto-DR Program, Task 13 Deliverable, Auto-DR Assessment Study."
Customer 1,field-testing,OAT_CBL,,8/30/07,12:00,18:00,,,17,,,0.1,,,0.46,,"Chiu, Albert, Greg Wikler, Ingrid Bran, Joe Prijyanonda, Sharon Yoshida, Kelly Smith, Mary Ann Piette, Sila Kiliccote, Girish Ghatikar, and Chuck Thomas. 2007. 2007 Auto-DR Program, Task 13 Deliverable, Auto-DR Assessment Study."
Customer 2,field-testing,3/10_CBL,,7/13/07,12:00,15:00,,,2,,,,,,,,"Chiu, Albert, Greg Wikler, Ingrid Bran, Joe Prijyanonda, Sharon Yoshida, Kelly Smith, Mary Ann Piette, Sila Kiliccote, Girish Ghatikar, and Chuck Thomas. 2007. 2007 Auto-DR Program, Task 13 Deliverable, Auto-DR Assessment Study."
Customer 2,field-testing,3/10_CBL,,7/13/07,15:00,18:00,,,93,,,,,,,,"Chiu, Albert, Greg Wikler, Ingrid Bran, Joe Prijyanonda, Sharon Yoshida, Kelly Smith, Mary Ann Piette, Sila Kiliccote, Girish Ghatikar, and Chuck Thomas. 2007. 2007 Auto-DR Program, Task 13 Deliverable, Auto-DR Assessment Study."
Customer 2,field-testing,3/10_CBL,,7/13/07,12:00,18:00,,,47.5,,,0.02,,,0.13,,"Chiu, Albert, Greg Wikler, Ingrid Bran, Joe Prijyanonda, Sharon Yoshida, Kelly Smith, Mary Ann Piette, Sila Kiliccote, Girish Ghatikar, and Chuck Thomas. 2007. 2007 Auto-DR Program, Task 13 Deliverable, Auto-DR Assessment Study."
Customer 2,field-testing,3/10_MA_CBL,,7/13/07,12:00,15:00,,,336,,,,,,,,"Chiu, Albert, Greg Wikler, Ingrid Bran, Joe Prijyanonda, Sharon Yoshida, Kelly Smith, Mary Ann Piette, Sila Kiliccote, Girish Ghatikar, and Chuck Thomas. 2007. 2007 Auto-DR Program, Task 13 Deliverable, Auto-DR Assessment Study."
Customer 2,field-testing,3/10_MA_CBL,,7/13/07,15:00,18:00,,,423,,,,,,,,"Chiu, Albert, Greg Wikler, Ingrid Bran, Joe Prijyanonda, Sharon Yoshida, Kelly Smith, Mary Ann Piette, Sila Kiliccote, Girish Ghatikar, and Chuck Thomas. 2007. 2007 Auto-DR Program, Task 13 Deliverable, Auto-DR Assessment Study."
Customer 2,field-testing,3/10_MA_CBL,,7/13/07,12:00,18:00,,,379.5,,,0.09,,,0.6,,"Chiu, Albert, Greg Wikler, Ingrid Bran, Joe Prijyanonda, Sharon Yoshida, Kelly Smith, Mary Ann Piette, Sila Kiliccote, Girish Ghatikar, and Chuck Thomas. 2007. 2007 Auto-DR Program, Task 13 Deliverable, Auto-DR Assessment Study."
Customer 2,field-testing,OAT_CBL,,7/13/07,12:00,15:00,,,436,,,,,,,,"Chiu, Albert, Greg Wikler, Ingrid Bran, Joe Prijyanonda, Sharon Yoshida, Kelly Smith, Mary Ann Piette, Sila Kiliccote, Girish Ghatikar, and Chuck Thomas. 2007. 2007 Auto-DR Program, Task 13 Deliverable, Auto-DR Assessment Study."
Customer 2,field-testing,OAT_CBL,,7/13/07,15:00,18:00,,,551,,,,,,,,"Chiu, Albert, Greg Wikler, Ingrid Bran, Joe Prijyanonda, Sharon Yoshida, Kelly Smith, Mary Ann Piette, Sila Kiliccote, Girish Ghatikar, and Chuck Thomas. 2007. 2007 Auto-DR Program, Task 13 Deliverable, Auto-DR Assessment Study."
Customer 2,field-testing,OAT_CBL,,7/13/07,12:00,18:00,,,493.5,,,0.11,,,0.78,,"Chiu, Albert, Greg Wikler, Ingrid Bran, Joe Prijyanonda, Sharon Yoshida, Kelly Smith, Mary Ann Piette, Sila Kiliccote, Girish Ghatikar, and Chuck Thomas. 2007. 2007 Auto-DR Program, Task 13 Deliverable, Auto-DR Assessment Study."
Customer 2,field-testing,3/10_CBL,,7/5/07,12:00,15:00,,,11,,,,,,,,"Chiu, Albert, Greg Wikler, Ingrid Bran, Joe Prijyanonda, Sharon Yoshida, Kelly Smith, Mary Ann Piette, Sila Kiliccote, Girish Ghatikar, and Chuck Thomas. 2007. 2007 Auto-DR Program, Task 13 Deliverable, Auto-DR Assessment Study."
Customer 2,field-testing,3/10_CBL,,7/5/07,15:00,18:00,,,63,,,,,,,,"Chiu, Albert, Greg Wikler, Ingrid Bran, Joe Prijyanonda, Sharon Yoshida, Kelly Smith, Mary Ann Piette, Sila Kiliccote, Girish Ghatikar, and Chuck Thomas. 2007. 2007 Auto-DR Program, Task 13 Deliverable, Auto-DR Assessment Study."
Customer 2,field-testing,3/10_CBL,,7/5/07,12:00,18:00,,,37,,,0.01,,,0.09,,"Chiu, Albert, Greg Wikler, Ingrid Bran, Joe Prijyanonda, Sharon Yoshida, Kelly Smith, Mary Ann Piette, Sila Kiliccote, Girish Ghatikar, and Chuck Thomas. 2007. 2007 Auto-DR Program, Task 13 Deliverable, Auto-DR Assessment Study."
Customer 2,field-testing,3/10_MA_CBL,,7/5/07,12:00,15:00,,,248,,,,,,,,"Chiu, Albert, Greg Wikler, Ingrid Bran, Joe Prijyanonda, Sharon Yoshida, Kelly Smith, Mary Ann Piette, Sila Kiliccote, Girish Ghatikar, and Chuck Thomas. 2007. 2007 Auto-DR Program, Task 13 Deliverable, Auto-DR Assessment Study."
Customer 2,field-testing,3/10_MA_CBL,,7/5/07,15:00,18:00,,,296,,,,,,,,"Chiu, Albert, Greg Wikler, Ingrid Bran, Joe Prijyanonda, Sharon Yoshida, Kelly Smith, Mary Ann Piette, Sila Kiliccote, Girish Ghatikar, and Chuck Thomas. 2007. 2007 Auto-DR Program, Task 13 Deliverable, Auto-DR Assessment Study."
Customer 2,field-testing,3/10_MA_CBL,,7/5/07,12:00,18:00,,,272,,,0.06,,,0.42,,"Chiu, Albert, Greg Wikler, Ingrid Bran, Joe Prijyanonda, Sharon Yoshida, Kelly Smith, Mary Ann Piette, Sila Kiliccote, Girish Ghatikar, and Chuck Thomas. 2007. 2007 Auto-DR Program, Task 13 Deliverable, Auto-DR Assessment Study."
Customer 2,field-testing,OAT_CBL,,7/5/07,12:00,15:00,,,366,,,,,,,,"Chiu, Albert, Greg Wikler, Ingrid Bran, Joe Prijyanonda, Sharon Yoshida, Kelly Smith, Mary Ann Piette, Sila Kiliccote, Girish Ghatikar, and Chuck Thomas. 2007. 2007 Auto-DR Program, Task 13 Deliverable, Auto-DR Assessment Study."
Customer 2,field-testing,OAT_CBL,,7/5/07,15:00,18:00,,,293,,,,,,,,"Chiu, Albert, Greg Wikler, Ingrid Bran, Joe Prijyanonda, Sharon Yoshida, Kelly Smith, Mary Ann Piette, Sila Kiliccote, Girish Ghatikar, and Chuck Thomas. 2007. 2007 Auto-DR Program, Task 13 Deliverable, Auto-DR Assessment Study."
Customer 2,field-testing,OAT_CBL,,7/5/07,12:00,18:00,,,329.5,,,0.06,,,0.41,,"Chiu, Albert, Greg Wikler, Ingrid Bran, Joe Prijyanonda, Sharon Yoshida, Kelly Smith, Mary Ann Piette, Sila Kiliccote, Girish Ghatikar, and Chuck Thomas. 2007. 2007 Auto-DR Program, Task 13 Deliverable, Auto-DR Assessment Study."
Customer 2,field-testing,3/10_CBL,,8/1/07,12:00,15:00,,,414,,,,,,,,"Chiu, Albert, Greg Wikler, Ingrid Bran, Joe Prijyanonda, Sharon Yoshida, Kelly Smith, Mary Ann Piette, Sila Kiliccote, Girish Ghatikar, and Chuck Thomas. 2007. 2007 Auto-DR Program, Task 13 Deliverable, Auto-DR Assessment Study."
Customer 2,field-testing,3/10_CBL,,8/1/07,15:00,18:00,,,541,,,,,,,,"Chiu, Albert, Greg Wikler, Ingrid Bran, Joe Prijyanonda, Sharon Yoshida, Kelly Smith, Mary Ann Piette, Sila Kiliccote, Girish Ghatikar, and Chuck Thomas. 2007. 2007 Auto-DR Program, Task 13 Deliverable, Auto-DR Assessment Study."
Customer 2,field-testing,3/10_CBL,,8/1/07,12:00,18:00,,,477.5,,,0.11,,,0.76,,"Chiu, Albert, Greg Wikler, Ingrid Bran, Joe Prijyanonda, Sharon Yoshida, Kelly Smith, Mary Ann Piette, Sila Kiliccote, Girish Ghatikar, and Chuck Thomas. 2007. 2007 Auto-DR Program, Task 13 Deliverable, Auto-DR Assessment Study."
Customer 2,field-testing,3/10_MA_CBL,,8/1/07,12:00,15:00,,,202,,,,,,,,"Chiu, Albert, Greg Wikler, Ingrid Bran, Joe Prijyanonda, Sharon Yoshida, Kelly Smith, Mary Ann Piette, Sila Kiliccote, Girish Ghatikar, and Chuck Thomas. 2007. 2007 Auto-DR Program, Task 13 Deliverable, Auto-DR Assessment Study."
Customer 2,field-testing,3/10_MA_CBL,,8/1/07,15:00,18:00,,,332,,,,,,,,"Chiu, Albert, Greg Wikler, Ingrid Bran, Joe Prijyanonda, Sharon Yoshida, Kelly Smith, Mary Ann Piette, Sila Kiliccote, Girish Ghatikar, and Chuck Thomas. 2007. 2007 Auto-DR Program, Task 13 Deliverable, Auto-DR Assessment Study."
Customer 2,field-testing,3/10_MA_CBL,,8/1/07,12:00,18:00,,,267,,,0.07,,,0.47,,"Chiu, Albert, Greg Wikler, Ingrid Bran, Joe Prijyanonda, Sharon Yoshida, Kelly Smith, Mary Ann Piette, Sila Kiliccote, Girish Ghatikar, and Chuck Thomas. 2007. 2007 Auto-DR Program, Task 13 Deliverable, Auto-DR Assessment Study."
Customer 2,field-testing,OAT_CBL,,8/1/07,12:00,15:00,,,331,,,,,,,,"Chiu, Albert, Greg Wikler, Ingrid Bran, Joe Prijyanonda, Sharon Yoshida, Kelly Smith, Mary Ann Piette, Sila Kiliccote, Girish Ghatikar, and Chuck Thomas. 2007. 2007 Auto-DR Program, Task 13 Deliverable, Auto-DR Assessment Study."
Customer 2,field-testing,OAT_CBL,,8/1/07,15:00,18:00,,,492,,,,,,,,"Chiu, Albert, Greg Wikler, Ingrid Bran, Joe Prijyanonda, Sharon Yoshida, Kelly Smith, Mary Ann Piette, Sila Kiliccote, Girish Ghatikar, and Chuck Thomas. 2007. 2007 Auto-DR Program, Task 13 Deliverable, Auto-DR Assessment Study."
Customer 2,field-testing,OAT_CBL,,8/1/07,12:00,18:00,,,411.5,,,0.1,,,0.69,,"Chiu, Albert, Greg Wikler, Ingrid Bran, Joe Prijyanonda, Sharon Yoshida, Kelly Smith, Mary Ann Piette, Sila Kiliccote, Girish Ghatikar, and Chuck Thomas. 2007. 2007 Auto-DR Program, Task 13 Deliverable, Auto-DR Assessment Study."
Customer 2,field-testing,3/10_CBL,,8/30/07,12:00,15:00,,,-8,,,,,,,,"Chiu, Albert, Greg Wikler, Ingrid Bran, Joe Prijyanonda, Sharon Yoshida, Kelly Smith, Mary Ann Piette, Sila Kiliccote, Girish Ghatikar, and Chuck Thomas. 2007. 2007 Auto-DR Program, Task 13 Deliverable, Auto-DR Assessment Study."
Customer 2,field-testing,3/10_CBL,,8/30/07,15:00,18:00,,,15,,,,,,,,"Chiu, Albert, Greg Wikler, Ingrid Bran, Joe Prijyanonda, Sharon Yoshida, Kelly Smith, Mary Ann Piette, Sila Kiliccote, Girish Ghatikar, and Chuck Thomas. 2007. 2007 Auto-DR Program, Task 13 Deliverable, Auto-DR Assessment Study."
Customer 2,field-testing,3/10_CBL,,8/30/07,12:00,18:00,,,3.5,,,0,,,0.02,,"Chiu, Albert, Greg Wikler, Ingrid Bran, Joe Prijyanonda, Sharon Yoshida, Kelly Smith, Mary Ann Piette, Sila Kiliccote, Girish Ghatikar, and Chuck Thomas. 2007. 2007 Auto-DR Program, Task 13 Deliverable, Auto-DR Assessment Study."
Customer 2,field-testing,3/10_MA_CBL,,8/30/07,12:00,15:00,,,104,,,,,,,,"Chiu, Albert, Greg Wikler, Ingrid Bran, Joe Prijyanonda, Sharon Yoshida, Kelly Smith, Mary Ann Piette, Sila Kiliccote, Girish Ghatikar, and Chuck Thomas. 2007. 2007 Auto-DR Program, Task 13 Deliverable, Auto-DR Assessment Study."
Customer 2,field-testing,3/10_MA_CBL,,8/30/07,15:00,18:00,,,124,,,,,,,,"Chiu, Albert, Greg Wikler, Ingrid Bran, Joe Prijyanonda, Sharon Yoshida, Kelly Smith, Mary Ann Piette, Sila Kiliccote, Girish Ghatikar, and Chuck Thomas. 2007. 2007 Auto-DR Program, Task 13 Deliverable, Auto-DR Assessment Study."
Customer 2,field-testing,3/10_MA_CBL,,8/30/07,12:00,18:00,,,114,,,0.03,,,0.18,,"Chiu, Albert, Greg Wikler, Ingrid Bran, Joe Prijyanonda, Sharon Yoshida, Kelly Smith, Mary Ann Piette, Sila Kiliccote, Girish Ghatikar, and Chuck Thomas. 2007. 2007 Auto-DR Program, Task 13 Deliverable, Auto-DR Assessment Study."
Customer 2,field-testing,OAT_CBL,,8/30/07,12:00,15:00,,,-107,,,,,,,,"Chiu, Albert, Greg Wikler, Ingrid Bran, Joe Prijyanonda, Sharon Yoshida, Kelly Smith, Mary Ann Piette, Sila Kiliccote, Girish Ghatikar, and Chuck Thomas. 2007. 2007 Auto-DR Program, Task 13 Deliverable, Auto-DR Assessment Study."
Customer 2,field-testing,OAT_CBL,,8/30/07,15:00,18:00,,,-188,,,,,,,,"Chiu, Albert, Greg Wikler, Ingrid Bran, Joe Prijyanonda, Sharon Yoshida, Kelly Smith, Mary Ann Piette, Sila Kiliccote, Girish Ghatikar, and Chuck Thomas. 2007. 2007 Auto-DR Program, Task 13 Deliverable, Auto-DR Assessment Study."
Customer 2,field-testing,OAT_CBL,,8/30/07,12:00,18:00,,,-147.5,,,-0.04,,,-0.27,,"Chiu, Albert, Greg Wikler, Ingrid Bran, Joe Prijyanonda, Sharon Yoshida, Kelly Smith, Mary Ann Piette, Sila Kiliccote, Girish Ghatikar, and Chuck Thomas. 2007. 2007 Auto-DR Program, Task 13 Deliverable, Auto-DR Assessment Study."
Customer 3,field-testing,3/10_CBL,,7/13/07,12:00,15:00,,,-38,,,,,,,,"Chiu, Albert, Greg Wikler, Ingrid Bran, Joe Prijyanonda, Sharon Yoshida, Kelly Smith, Mary Ann Piette, Sila Kiliccote, Girish Ghatikar, and Chuck Thomas. 2007. 2007 Auto-DR Program, Task 13 Deliverable, Auto-DR Assessment Study."
Customer 3,field-testing,3/10_CBL,,7/13/07,15:00,18:00,,,-43,,,,,,,,"Chiu, Albert, Greg Wikler, Ingrid Bran, Joe Prijyanonda, Sharon Yoshida, Kelly Smith, Mary Ann Piette, Sila Kiliccote, Girish Ghatikar, and Chuck Thomas. 2007. 2007 Auto-DR Program, Task 13 Deliverable, Auto-DR Assessment Study."
Customer 3,field-testing,3/10_CBL,,7/13/07,12:00,18:00,,,-40.5,,,-0.04,,,-0.11,,"Chiu, Albert, Greg Wikler, Ingrid Bran, Joe Prijyanonda, Sharon Yoshida, Kelly Smith, Mary Ann Piette, Sila Kiliccote, Girish Ghatikar, and Chuck Thomas. 2007. 2007 Auto-DR Program, Task 13 Deliverable, Auto-DR Assessment Study."
Customer 3,field-testing,3/10_MA_CBL,,7/13/07,12:00,15:00,,,137,,,,,,,,"Chiu, Albert, Greg Wikler, Ingrid Bran, Joe Prijyanonda, Sharon Yoshida, Kelly Smith, Mary Ann Piette, Sila Kiliccote, Girish Ghatikar, and Chuck Thomas. 2007. 2007 Auto-DR Program, Task 13 Deliverable, Auto-DR Assessment Study."
Customer 3,field-testing,3/10_MA_CBL,,7/13/07,15:00,18:00,,,129,,,,,,,,"Chiu, Albert, Greg Wikler, Ingrid Bran, Joe Prijyanonda, Sharon Yoshida, Kelly Smith, Mary Ann Piette, Sila Kiliccote, Girish Ghatikar, and Chuck Thomas. 2007. 2007 Auto-DR Program, Task 13 Deliverable, Auto-DR Assessment Study."
Customer 3,field-testing,3/10_MA_CBL,,7/13/07,12:00,18:00,,,133,,,0.11,,,0.33,,"Chiu, Albert, Greg Wikler, Ingrid Bran, Joe Prijyanonda, Sharon Yoshida, Kelly Smith, Mary Ann Piette, Sila Kiliccote, Girish Ghatikar, and Chuck Thomas. 2007. 2007 Auto-DR Program, Task 13 Deliverable, Auto-DR Assessment Study."
Customer 3,field-testing,OAT_CBL,,7/13/07,12:00,15:00,,,134,,,,,,,,"Chiu, Albert, Greg Wikler, Ingrid Bran, Joe Prijyanonda, Sharon Yoshida, Kelly Smith, Mary Ann Piette, Sila Kiliccote, Girish Ghatikar, and Chuck Thomas. 2007. 2007 Auto-DR Program, Task 13 Deliverable, Auto-DR Assessment Study."
Customer 3,field-testing,OAT_CBL,,7/13/07,15:00,18:00,,,139,,,,,,,,"Chiu, Albert, Greg Wikler, Ingrid Bran, Joe Prijyanonda, Sharon Yoshida, Kelly Smith, Mary Ann Piette, Sila Kiliccote, Girish Ghatikar, and Chuck Thomas. 2007. 2007 Auto-DR Program, Task 13 Deliverable, Auto-DR Assessment Study."
Customer 3,field-testing,OAT_CBL,,7/13/07,12:00,18:00,,,136.5,,,0.11,,,0.35,,"Chiu, Albert, Greg Wikler, Ingrid Bran, Joe Prijyanonda, Sharon Yoshida, Kelly Smith, Mary Ann Piette, Sila Kiliccote, Girish Ghatikar, and Chuck Thomas. 2007. 2007 Auto-DR Program, Task 13 Deliverable, Auto-DR Assessment Study."
Customer 3,field-testing,3/10_CBL,,7/5/07,12:00,15:00,,,-26,,,,,,,,"Chiu, Albert, Greg Wikler, Ingrid Bran, Joe Prijyanonda, Sharon Yoshida, Kelly Smith, Mary Ann Piette, Sila Kiliccote, Girish Ghatikar, and Chuck Thomas. 2007. 2007 Auto-DR Program, Task 13 Deliverable, Auto-DR Assessment Study."
Customer 3,field-testing,3/10_CBL,,7/5/07,15:00,18:00,,,10,,,,,,,,"Chiu, Albert, Greg Wikler, Ingrid Bran, Joe Prijyanonda, Sharon Yoshida, Kelly Smith, Mary Ann Piette, Sila Kiliccote, Girish Ghatikar, and Chuck Thomas. 2007. 2007 Auto-DR Program, Task 13 Deliverable, Auto-DR Assessment Study."
Customer 3,field-testing,3/10_CBL,,7/5/07,12:00,18:00,,,-8,,,0.01,,,0.03,,"Chiu, Albert, Greg Wikler, Ingrid Bran, Joe Prijyanonda, Sharon Yoshida, Kelly Smith, Mary Ann Piette, Sila Kiliccote, Girish Ghatikar, and Chuck Thomas. 2007. 2007 Auto-DR Program, Task 13 Deliverable, Auto-DR Assessment Study."
Customer 3,field-testing,3/10_MA_CBL,,7/5/07,12:00,15:00,,,156,,,,,,,,"Chiu, Albert, Greg Wikler, Ingrid Bran, Joe Prijyanonda, Sharon Yoshida, Kelly Smith, Mary Ann Piette, Sila Kiliccote, Girish Ghatikar, and Chuck Thomas. 2007. 2007 Auto-DR Program, Task 13 Deliverable, Auto-DR Assessment Study."
Customer 3,field-testing,3/10_MA_CBL,,7/5/07,15:00,18:00,,,193,,,,,,,,"Chiu, Albert, Greg Wikler, Ingrid Bran, Joe Prijyanonda, Sharon Yoshida, Kelly Smith, Mary Ann Piette, Sila Kiliccote, Girish Ghatikar, and Chuck Thomas. 2007. 2007 Auto-DR Program, Task 13 Deliverable, Auto-DR Assessment Study."
Customer 3,field-testing,3/10_MA_CBL,,7/5/07,12:00,18:00,,,174.5,,,0.15,,,0.49,,"Chiu, Albert, Greg Wikler, Ingrid Bran, Joe Prijyanonda, Sharon Yoshida, Kelly Smith, Mary Ann Piette, Sila Kiliccote, Girish Ghatikar, and Chuck Thomas. 2007. 2007 Auto-DR Program, Task 13 Deliverable, Auto-DR Assessment Study."
Customer 3,field-testing,OAT_CBL,,7/5/07,12:00,15:00,,,158,,,,,,,,"Chiu, Albert, Greg Wikler, Ingrid Bran, Joe Prijyanonda, Sharon Yoshida, Kelly Smith, Mary Ann Piette, Sila Kiliccote, Girish Ghatikar, and Chuck Thomas. 2007. 2007 Auto-DR Program, Task 13 Deliverable, Auto-DR Assessment Study."
Customer 3,field-testing,OAT_CBL,,7/5/07,15:00,18:00,,,210,,,,,,,,"Chiu, Albert, Greg Wikler, Ingrid Bran, Joe Prijyanonda, Sharon Yoshida, Kelly Smith, Mary Ann Piette, Sila Kiliccote, Girish Ghatikar, and Chuck Thomas. 2007. 2007 Auto-DR Program, Task 13 Deliverable, Auto-DR Assessment Study."
Customer 3,field-testing,OAT_CBL,,7/5/07,12:00,18:00,,,184,,,0.16,,,0.53,,"Chiu, Albert, Greg Wikler, Ingrid Bran, Joe Prijyanonda, Sharon Yoshida, Kelly Smith, Mary Ann Piette, Sila Kiliccote, Girish Ghatikar, and Chuck Thomas. 2007. 2007 Auto-DR Program, Task 13 Deliverable, Auto-DR Assessment Study."
Customer 3,field-testing,3/10_CBL,,8/1/07,12:00,15:00,,,322,,,,,,,,"Chiu, Albert, Greg Wikler, Ingrid Bran, Joe Prijyanonda, Sharon Yoshida, Kelly Smith, Mary Ann Piette, Sila Kiliccote, Girish Ghatikar, and Chuck Thomas. 2007. 2007 Auto-DR Program, Task 13 Deliverable, Auto-DR Assessment Study."
Customer 3,field-testing,3/10_CBL,,8/1/07,15:00,18:00,,,380,,,,,,,,"Chiu, Albert, Greg Wikler, Ingrid Bran, Joe Prijyanonda, Sharon Yoshida, Kelly Smith, Mary Ann Piette, Sila Kiliccote, Girish Ghatikar, and Chuck Thomas. 2007. 2007 Auto-DR Program, Task 13 Deliverable, Auto-DR Assessment Study."
Customer 3,field-testing,3/10_CBL,,8/1/07,12:00,18:00,,,351,,,0.31,,,0.97,,"Chiu, Albert, Greg Wikler, Ingrid Bran, Joe Prijyanonda, Sharon Yoshida, Kelly Smith, Mary Ann Piette, Sila Kiliccote, Girish Ghatikar, and Chuck Thomas. 2007. 2007 Auto-DR Program, Task 13 Deliverable, Auto-DR Assessment Study."
Customer 3,field-testing,3/10_MA_CBL,,8/1/07,12:00,15:00,,,197,,,,,,,,"Chiu, Albert, Greg Wikler, Ingrid Bran, Joe Prijyanonda, Sharon Yoshida, Kelly Smith, Mary Ann Piette, Sila Kiliccote, Girish Ghatikar, and Chuck Thomas. 2007. 2007 Auto-DR Program, Task 13 Deliverable, Auto-DR Assessment Study."
Customer 3,field-testing,3/10_MA_CBL,,8/1/07,15:00,18:00,,,253,,,,,,,,"Chiu, Albert, Greg Wikler, Ingrid Bran, Joe Prijyanonda, Sharon Yoshida, Kelly Smith, Mary Ann Piette, Sila Kiliccote, Girish Ghatikar, and Chuck Thomas. 2007. 2007 Auto-DR Program, Task 13 Deliverable, Auto-DR Assessment Study."
Customer 3,field-testing,3/10_MA_CBL,,8/1/07,12:00,18:00,,,225,,,0.23,,,0.64,,"Chiu, Albert, Greg Wikler, Ingrid Bran, Joe Prijyanonda, Sharon Yoshida, Kelly Smith, Mary Ann Piette, Sila Kiliccote, Girish Ghatikar, and Chuck Thomas. 2007. 2007 Auto-DR Program, Task 13 Deliverable, Auto-DR Assessment Study."
Customer 3,field-testing,OAT_CBL,,8/1/07,12:00,15:00,,,150,,,,,,,,"Chiu, Albert, Greg Wikler, Ingrid Bran, Joe Prijyanonda, Sharon Yoshida, Kelly Smith, Mary Ann Piette, Sila Kiliccote, Girish Ghatikar, and Chuck Thomas. 2007. 2007 Auto-DR Program, Task 13 Deliverable, Auto-DR Assessment Study."
Customer 3,field-testing,OAT_CBL,,8/1/07,15:00,18:00,,,247,,,,,,,,"Chiu, Albert, Greg Wikler, Ingrid Bran, Joe Prijyanonda, Sharon Yoshida, Kelly Smith, Mary Ann Piette, Sila Kiliccote, Girish Ghatikar, and Chuck Thomas. 2007. 2007 Auto-DR Program, Task 13 Deliverable, Auto-DR Assessment Study."
Customer 3,field-testing,OAT_CBL,,8/1/07,12:00,18:00,,,198.5,,,0.22,,,0.63,,"Chiu, Albert, Greg Wikler, Ingrid Bran, Joe Prijyanonda, Sharon Yoshida, Kelly Smith, Mary Ann Piette, Sila Kiliccote, Girish Ghatikar, and Chuck Thomas. 2007. 2007 Auto-DR Program, Task 13 Deliverable, Auto-DR Assessment Study."
Customer 3,field-testing,3/10_CBL,,8/30/07,12:00,15:00,,,98,,,,,,,,"Chiu, Albert, Greg Wikler, Ingrid Bran, Joe Prijyanonda, Sharon Yoshida, Kelly Smith, Mary Ann Piette, Sila Kiliccote, Girish Ghatikar, and Chuck Thomas. 2007. 2007 Auto-DR Program, Task 13 Deliverable, Auto-DR Assessment Study."
Customer 3,field-testing,3/10_CBL,,8/30/07,15:00,18:00,,,103,,,,,,,,"Chiu, Albert, Greg Wikler, Ingrid Bran, Joe Prijyanonda, Sharon Yoshida, Kelly Smith, Mary Ann Piette, Sila Kiliccote, Girish Ghatikar, and Chuck Thomas. 2007. 2007 Auto-DR Program, Task 13 Deliverable, Auto-DR Assessment Study."
Customer 3,field-testing,3/10_CBL,,8/30/07,12:00,18:00,,,100.5,,,0.08,,,0.26,,"Chiu, Albert, Greg Wikler, Ingrid Bran, Joe Prijyanonda, Sharon Yoshida, Kelly Smith, Mary Ann Piette, Sila Kiliccote, Girish Ghatikar, and Chuck Thomas. 2007. 2007 Auto-DR Program, Task 13 Deliverable, Auto-DR Assessment Study."
Customer 3,field-testing,3/10_MA_CBL,,8/30/07,12:00,15:00,,,127,,,,,,,,"Chiu, Albert, Greg Wikler, Ingrid Bran, Joe Prijyanonda, Sharon Yoshida, Kelly Smith, Mary Ann Piette, Sila Kiliccote, Girish Ghatikar, and Chuck Thomas. 2007. 2007 Auto-DR Program, Task 13 Deliverable, Auto-DR Assessment Study."
Customer 3,field-testing,3/10_MA_CBL,,8/30/07,15:00,18:00,,,128,,,,,,,,"Chiu, Albert, Greg Wikler, Ingrid Bran, Joe Prijyanonda, Sharon Yoshida, Kelly Smith, Mary Ann Piette, Sila Kiliccote, Girish Ghatikar, and Chuck Thomas. 2007. 2007 Auto-DR Program, Task 13 Deliverable, Auto-DR Assessment Study."
Customer 3,field-testing,3/10_MA_CBL,,8/30/07,12:00,18:00,,,127.5,,,0.1,,,0.33,,"Chiu, Albert, Greg Wikler, Ingrid Bran, Joe Prijyanonda, Sharon Yoshida, Kelly Smith, Mary Ann Piette, Sila Kiliccote, Girish Ghatikar, and Chuck Thomas. 2007. 2007 Auto-DR Program, Task 13 Deliverable, Auto-DR Assessment Study."
Customer 3,field-testing,OAT_CBL,,8/30/07,12:00,15:00,,,116,,,,,,,,"Chiu, Albert, Greg Wikler, Ingrid Bran, Joe Prijyanonda, Sharon Yoshida, Kelly Smith, Mary Ann Piette, Sila Kiliccote, Girish Ghatikar, and Chuck Thomas. 2007. 2007 Auto-DR Program, Task 13 Deliverable, Auto-DR Assessment Study."
Customer 3,field-testing,OAT_CBL,,8/30/07,15:00,18:00,,,150,,,,,,,,"Chiu, Albert, Greg Wikler, Ingrid Bran, Joe Prijyanonda, Sharon Yoshida, Kelly Smith, Mary Ann Piette, Sila Kiliccote, Girish Ghatikar, and Chuck Thomas. 2007. 2007 Auto-DR Program, Task 13 Deliverable, Auto-DR Assessment Study."
Customer 3,field-testing,OAT_CBL,,8/30/07,12:00,18:00,,,133,,,0.12,,,0.38,,"Chiu, Albert, Greg Wikler, Ingrid Bran, Joe Prijyanonda, Sharon Yoshida, Kelly Smith, Mary Ann Piette, Sila Kiliccote, Girish Ghatikar, and Chuck Thomas. 2007. 2007 Auto-DR Program, Task 13 Deliverable, Auto-DR Assessment Study."
Customer 4,field-testing,3/10_CBL,,7/13/07,12:00,15:00,,,-58,,,,,,,,"Chiu, Albert, Greg Wikler, Ingrid Bran, Joe Prijyanonda, Sharon Yoshida, Kelly Smith, Mary Ann Piette, Sila Kiliccote, Girish Ghatikar, and Chuck Thomas. 2007. 2007 Auto-DR Program, Task 13 Deliverable, Auto-DR Assessment Study."
Customer 4,field-testing,3/10_CBL,,7/13/07,15:00,18:00,,,-11,,,,,,,,"Chiu, Albert, Greg Wikler, Ingrid Bran, Joe Prijyanonda, Sharon Yoshida, Kelly Smith, Mary Ann Piette, Sila Kiliccote, Girish Ghatikar, and Chuck Thomas. 2007. 2007 Auto-DR Program, Task 13 Deliverable, Auto-DR Assessment Study."
Customer 4,field-testing,3/10_CBL,,7/13/07,12:00,18:00,,,-34.5,,,-0.07,,,-0.12,,"Chiu, Albert, Greg Wikler, Ingrid Bran, Joe Prijyanonda, Sharon Yoshida, Kelly Smith, Mary Ann Piette, Sila Kiliccote, Girish Ghatikar, and Chuck Thomas. 2007. 2007 Auto-DR Program, Task 13 Deliverable, Auto-DR Assessment Study."
Customer 4,field-testing,3/10_MA_CBL,,7/13/07,12:00,15:00,,,25,,,,,,,,"Chiu, Albert, Greg Wikler, Ingrid Bran, Joe Prijyanonda, Sharon Yoshida, Kelly Smith, Mary Ann Piette, Sila Kiliccote, Girish Ghatikar, and Chuck Thomas. 2007. 2007 Auto-DR Program, Task 13 Deliverable, Auto-DR Assessment Study."
Customer 4,field-testing,3/10_MA_CBL,,7/13/07,15:00,18:00,,,60,,,,,,,,"Chiu, Albert, Greg Wikler, Ingrid Bran, Joe Prijyanonda, Sharon Yoshida, Kelly Smith, Mary Ann Piette, Sila Kiliccote, Girish Ghatikar, and Chuck Thomas. 2007. 2007 Auto-DR Program, Task 13 Deliverable, Auto-DR Assessment Study."
Customer 4,field-testing,3/10_MA_CBL,,7/13/07,12:00,18:00,,,42.5,,,0.27,,,0.69,,"Chiu, Albert, Greg Wikler, Ingrid Bran, Joe Prijyanonda, Sharon Yoshida, Kelly Smith, Mary Ann Piette, Sila Kiliccote, Girish Ghatikar, and Chuck Thomas. 2007. 2007 Auto-DR Program, Task 13 Deliverable, Auto-DR Assessment Study."
Customer 4,field-testing,OAT_CBL,,7/13/07,12:00,15:00,,,-64,,,,,,,,"Chiu, Albert, Greg Wikler, Ingrid Bran, Joe Prijyanonda, Sharon Yoshida, Kelly Smith, Mary Ann Piette, Sila Kiliccote, Girish Ghatikar, and Chuck Thomas. 2007. 2007 Auto-DR Program, Task 13 Deliverable, Auto-DR Assessment Study."
Customer 4,field-testing,OAT_CBL,,7/13/07,15:00,18:00,,,-19,,,,,,,,"Chiu, Albert, Greg Wikler, Ingrid Bran, Joe Prijyanonda, Sharon Yoshida, Kelly Smith, Mary Ann Piette, Sila Kiliccote, Girish Ghatikar, and Chuck Thomas. 2007. 2007 Auto-DR Program, Task 13 Deliverable, Auto-DR Assessment Study."
Customer 4,field-testing,OAT_CBL,,7/13/07,12:00,18:00,,,-41.5,,,-0.13,,,-0.22,,"Chiu, Albert, Greg Wikler, Ingrid Bran, Joe Prijyanonda, Sharon Yoshida, Kelly Smith, Mary Ann Piette, Sila Kiliccote, Girish Ghatikar, and Chuck Thomas. 2007. 2007 Auto-DR Program, Task 13 Deliverable, Auto-DR Assessment Study."
Customer 4,field-testing,3/10_CBL,,7/5/07,12:00,15:00,,,-57,,,,,,,,"Chiu, Albert, Greg Wikler, Ingrid Bran, Joe Prijyanonda, Sharon Yoshida, Kelly Smith, Mary Ann Piette, Sila Kiliccote, Girish Ghatikar, and Chuck Thomas. 2007. 2007 Auto-DR Program, Task 13 Deliverable, Auto-DR Assessment Study."
Customer 4,field-testing,3/10_CBL,,7/5/07,15:00,18:00,,,-16,,,,,,,,"Chiu, Albert, Greg Wikler, Ingrid Bran, Joe Prijyanonda, Sharon Yoshida, Kelly Smith, Mary Ann Piette, Sila Kiliccote, Girish Ghatikar, and Chuck Thomas. 2007. 2007 Auto-DR Program, Task 13 Deliverable, Auto-DR Assessment Study."
Customer 4,field-testing,3/10_CBL,,7/5/07,12:00,18:00,,,-36.5,,,-0.08,,,-0.18,,"Chiu, Albert, Greg Wikler, Ingrid Bran, Joe Prijyanonda, Sharon Yoshida, Kelly Smith, Mary Ann Piette, Sila Kiliccote, Girish Ghatikar, and Chuck Thomas. 2007. 2007 Auto-DR Program, Task 13 Deliverable, Auto-DR Assessment Study."
Customer 4,field-testing,3/10_MA_CBL,,7/5/07,12:00,15:00,,,101,,,,,,,,"Chiu, Albert, Greg Wikler, Ingrid Bran, Joe Prijyanonda, Sharon Yoshida, Kelly Smith, Mary Ann Piette, Sila Kiliccote, Girish Ghatikar, and Chuck Thomas. 2007. 2007 Auto-DR Program, Task 13 Deliverable, Auto-DR Assessment Study."
Customer 4,field-testing,3/10_MA_CBL,,7/5/07,15:00,18:00,,,112,,,,,,,,"Chiu, Albert, Greg Wikler, Ingrid Bran, Joe Prijyanonda, Sharon Yoshida, Kelly Smith, Mary Ann Piette, Sila Kiliccote, Girish Ghatikar, and Chuck Thomas. 2007. 2007 Auto-DR Program, Task 13 Deliverable, Auto-DR Assessment Study."
Customer 4,field-testing,3/10_MA_CBL,,7/5/07,12:00,18:00,,,106.5,,,0.35,,,1.3,,"Chiu, Albert, Greg Wikler, Ingrid Bran, Joe Prijyanonda, Sharon Yoshida, Kelly Smith, Mary Ann Piette, Sila Kiliccote, Girish Ghatikar, and Chuck Thomas. 2007. 2007 Auto-DR Program, Task 13 Deliverable, Auto-DR Assessment Study."
Customer 4,field-testing,OAT_CBL,,7/5/07,12:00,15:00,,,-102,,,,,,,,"Chiu, Albert, Greg Wikler, Ingrid Bran, Joe Prijyanonda, Sharon Yoshida, Kelly Smith, Mary Ann Piette, Sila Kiliccote, Girish Ghatikar, and Chuck Thomas. 2007. 2007 Auto-DR Program, Task 13 Deliverable, Auto-DR Assessment Study."
Customer 4,field-testing,OAT_CBL,,7/5/07,15:00,18:00,,,-25,,,,,,,,"Chiu, Albert, Greg Wikler, Ingrid Bran, Joe Prijyanonda, Sharon Yoshida, Kelly Smith, Mary Ann Piette, Sila Kiliccote, Girish Ghatikar, and Chuck Thomas. 2007. 2007 Auto-DR Program, Task 13 Deliverable, Auto-DR Assessment Study."
Customer 4,field-testing,OAT_CBL,,7/5/07,12:00,18:00,,,-63.5,,,-0.14,,,-0.29,,"Chiu, Albert, Greg Wikler, Ingrid Bran, Joe Prijyanonda, Sharon Yoshida, Kelly Smith, Mary Ann Piette, Sila Kiliccote, Girish Ghatikar, and Chuck Thomas. 2007. 2007 Auto-DR Program, Task 13 Deliverable, Auto-DR Assessment Study."
Customer 4,field-testing,3/10_CBL,,8/1/07,12:00,15:00,,,1,,,,,,,,"Chiu, Albert, Greg Wikler, Ingrid Bran, Joe Prijyanonda, Sharon Yoshida, Kelly Smith, Mary Ann Piette, Sila Kiliccote, Girish Ghatikar, and Chuck Thomas. 2007. 2007 Auto-DR Program, Task 13 Deliverable, Auto-DR Assessment Study."
Customer 4,field-testing,3/10_CBL,,8/1/07,15:00,18:00,,,19,,,,,,,,"Chiu, Albert, Greg Wikler, Ingrid Bran, Joe Prijyanonda, Sharon Yoshida, Kelly Smith, Mary Ann Piette, Sila Kiliccote, Girish Ghatikar, and Chuck Thomas. 2007. 2007 Auto-DR Program, Task 13 Deliverable, Auto-DR Assessment Study."
Customer 4,field-testing,3/10_CBL,,8/1/07,12:00,18:00,,,10,,,0.09,,,0.22,,"Chiu, Albert, Greg Wikler, Ingrid Bran, Joe Prijyanonda, Sharon Yoshida, Kelly Smith, Mary Ann Piette, Sila Kiliccote, Girish Ghatikar, and Chuck Thomas. 2007. 2007 Auto-DR Program, Task 13 Deliverable, Auto-DR Assessment Study."
Customer 4,field-testing,3/10_MA_CBL,,8/1/07,12:00,15:00,,,1,,,,,,,,"Chiu, Albert, Greg Wikler, Ingrid Bran, Joe Prijyanonda, Sharon Yoshida, Kelly Smith, Mary Ann Piette, Sila Kiliccote, Girish Ghatikar, and Chuck Thomas. 2007. 2007 Auto-DR Program, Task 13 Deliverable, Auto-DR Assessment Study."
Customer 4,field-testing,3/10_MA_CBL,,8/1/07,15:00,18:00,,,19,,,,,,,,"Chiu, Albert, Greg Wikler, Ingrid Bran, Joe Prijyanonda, Sharon Yoshida, Kelly Smith, Mary Ann Piette, Sila Kiliccote, Girish Ghatikar, and Chuck Thomas. 2007. 2007 Auto-DR Program, Task 13 Deliverable, Auto-DR Assessment Study."
Customer 4,field-testing,3/10_MA_CBL,,8/1/07,12:00,18:00,,,10,,,0.09,,,0.22,,"Chiu, Albert, Greg Wikler, Ingrid Bran, Joe Prijyanonda, Sharon Yoshida, Kelly Smith, Mary Ann Piette, Sila Kiliccote, Girish Ghatikar, and Chuck Thomas. 2007. 2007 Auto-DR Program, Task 13 Deliverable, Auto-DR Assessment Study."
Customer 4,field-testing,OAT_CBL,,8/1/07,12:00,15:00,,,-38,,,,,,,,"Chiu, Albert, Greg Wikler, Ingrid Bran, Joe Prijyanonda, Sharon Yoshida, Kelly Smith, Mary Ann Piette, Sila Kiliccote, Girish Ghatikar, and Chuck Thomas. 2007. 2007 Auto-DR Program, Task 13 Deliverable, Auto-DR Assessment Study."
Customer 4,field-testing,OAT_CBL,,8/1/07,15:00,18:00,,,-24,,,,,,,,"Chiu, Albert, Greg Wikler, Ingrid Bran, Joe Prijyanonda, Sharon Yoshida, Kelly Smith, Mary Ann Piette, Sila Kiliccote, Girish Ghatikar, and Chuck Thomas. 2007. 2007 Auto-DR Program, Task 13 Deliverable, Auto-DR Assessment Study."
Customer 4,field-testing,OAT_CBL,,8/1/07,12:00,18:00,,,-31,,,-0.15,,,-0.28,,"Chiu, Albert, Greg Wikler, Ingrid Bran, Joe Prijyanonda, Sharon Yoshida, Kelly Smith, Mary Ann Piette, Sila Kiliccote, Girish Ghatikar, and Chuck Thomas. 2007. 2007 Auto-DR Program, Task 13 Deliverable, Auto-DR Assessment Study."
Customer 4,field-testing,3/10_CBL,,8/30/07,12:00,15:00,,,-62,,,,,,,,"Chiu, Albert, Greg Wikler, Ingrid Bran, Joe Prijyanonda, Sharon Yoshida, Kelly Smith, Mary Ann Piette, Sila Kiliccote, Girish Ghatikar, and Chuck Thomas. 2007. 2007 Auto-DR Program, Task 13 Deliverable, Auto-DR Assessment Study."
Customer 4,field-testing,3/10_CBL,,8/30/07,15:00,18:00,,,25,,,,,,,,"Chiu, Albert, Greg Wikler, Ingrid Bran, Joe Prijyanonda, Sharon Yoshida, Kelly Smith, Mary Ann Piette, Sila Kiliccote, Girish Ghatikar, and Chuck Thomas. 2007. 2007 Auto-DR Program, Task 13 Deliverable, Auto-DR Assessment Study."
Customer 4,field-testing,3/10_CBL,,8/30/07,12:00,18:00,,,-18.5,,,0.11,,,0.29,,"Chiu, Albert, Greg Wikler, Ingrid Bran, Joe Prijyanonda, Sharon Yoshida, Kelly Smith, Mary Ann Piette, Sila Kiliccote, Girish Ghatikar, and Chuck Thomas. 2007. 2007 Auto-DR Program, Task 13 Deliverable, Auto-DR Assessment Study."
Customer 4,field-testing,3/10_MA_CBL,,8/30/07,12:00,15:00,,,102,,,,,,,,"Chiu, Albert, Greg Wikler, Ingrid Bran, Joe Prijyanonda, Sharon Yoshida, Kelly Smith, Mary Ann Piette, Sila Kiliccote, Girish Ghatikar, and Chuck Thomas. 2007. 2007 Auto-DR Program, Task 13 Deliverable, Auto-DR Assessment Study."
Customer 4,field-testing,3/10_MA_CBL,,8/30/07,15:00,18:00,,,194,,,,,,,,"Chiu, Albert, Greg Wikler, Ingrid Bran, Joe Prijyanonda, Sharon Yoshida, Kelly Smith, Mary Ann Piette, Sila Kiliccote, Girish Ghatikar, and Chuck Thomas. 2007. 2007 Auto-DR Program, Task 13 Deliverable, Auto-DR Assessment Study."
Customer 4,field-testing,3/10_MA_CBL,,8/30/07,12:00,18:00,,,148,,,0.48,,,2.26,,"Chiu, Albert, Greg Wikler, Ingrid Bran, Joe Prijyanonda, Sharon Yoshida, Kelly Smith, Mary Ann Piette, Sila Kiliccote, Girish Ghatikar, and Chuck Thomas. 2007. 2007 Auto-DR Program, Task 13 Deliverable, Auto-DR Assessment Study."
Customer 4,field-testing,OAT_CBL,,8/30/07,12:00,15:00,,,-70,,,,,,,,"Chiu, Albert, Greg Wikler, Ingrid Bran, Joe Prijyanonda, Sharon Yoshida, Kelly Smith, Mary Ann Piette, Sila Kiliccote, Girish Ghatikar, and Chuck Thomas. 2007. 2007 Auto-DR Program, Task 13 Deliverable, Auto-DR Assessment Study."
Customer 4,field-testing,OAT_CBL,,8/30/07,15:00,18:00,,,-6,,,,,,,,"Chiu, Albert, Greg Wikler, Ingrid Bran, Joe Prijyanonda, Sharon Yoshida, Kelly Smith, Mary Ann Piette, Sila Kiliccote, Girish Ghatikar, and Chuck Thomas. 2007. 2007 Auto-DR Program, Task 13 Deliverable, Auto-DR Assessment Study."
Customer 4,field-testing,OAT_CBL,,8/30/07,12:00,18:00,,,-38,,,-0.03,,,-0.07,,"Chiu, Albert, Greg Wikler, Ingrid Bran, Joe Prijyanonda, Sharon Yoshida, Kelly Smith, Mary Ann Piette, Sila Kiliccote, Girish Ghatikar, and Chuck Thomas. 2007. 2007 Auto-DR Program, Task 13 Deliverable, Auto-DR Assessment Study."
Customer 5,field-testing,3/10_CBL,,7/13/07,12:00,15:00,,,25,,,,,,,,"Chiu, Albert, Greg Wikler, Ingrid Bran, Joe Prijyanonda, Sharon Yoshida, Kelly Smith, Mary Ann Piette, Sila Kiliccote, Girish Ghatikar, and Chuck Thomas. 2007. 2007 Auto-DR Program, Task 13 Deliverable, Auto-DR Assessment Study."
Customer 5,field-testing,3/10_CBL,,7/13/07,15:00,18:00,,,38,,,,,,,,"Chiu, Albert, Greg Wikler, Ingrid Bran, Joe Prijyanonda, Sharon Yoshida, Kelly Smith, Mary Ann Piette, Sila Kiliccote, Girish Ghatikar, and Chuck Thomas. 2007. 2007 Auto-DR Program, Task 13 Deliverable, Auto-DR Assessment Study."
Customer 5,field-testing,3/10_CBL,,7/13/07,12:00,18:00,,,31.5,,,0.16,,,0.14,,"Chiu, Albert, Greg Wikler, Ingrid Bran, Joe Prijyanonda, Sharon Yoshida, Kelly Smith, Mary Ann Piette, Sila Kiliccote, Girish Ghatikar, and Chuck Thomas. 2007. 2007 Auto-DR Program, Task 13 Deliverable, Auto-DR Assessment Study."
Customer 5,field-testing,3/10_MA_CBL,,7/13/07,12:00,15:00,,,72,,,,,,,,"Chiu, Albert, Greg Wikler, Ingrid Bran, Joe Prijyanonda, Sharon Yoshida, Kelly Smith, Mary Ann Piette, Sila Kiliccote, Girish Ghatikar, and Chuck Thomas. 2007. 2007 Auto-DR Program, Task 13 Deliverable, Auto-DR Assessment Study."
Customer 5,field-testing,3/10_MA_CBL,,7/13/07,15:00,18:00,,,53,,,,,,,,"Chiu, Albert, Greg Wikler, Ingrid Bran, Joe Prijyanonda, Sharon Yoshida, Kelly Smith, Mary Ann Piette, Sila Kiliccote, Girish Ghatikar, and Chuck Thomas. 2007. 2007 Auto-DR Program, Task 13 Deliverable, Auto-DR Assessment Study."
Customer 5,field-testing,3/10_MA_CBL,,7/13/07,12:00,18:00,,,62.5,,,0.21,,,0.19,,"Chiu, Albert, Greg Wikler, Ingrid Bran, Joe Prijyanonda, Sharon Yoshida, Kelly Smith, Mary Ann Piette, Sila Kiliccote, Girish Ghatikar, and Chuck Thomas. 2007. 2007 Auto-DR Program, Task 13 Deliverable, Auto-DR Assessment Study."
Customer 5,field-testing,OAT_CBL,,7/13/07,12:00,15:00,,,67,,,,,,,,"Chiu, Albert, Greg Wikler, Ingrid Bran, Joe Prijyanonda, Sharon Yoshida, Kelly Smith, Mary Ann Piette, Sila Kiliccote, Girish Ghatikar, and Chuck Thomas. 2007. 2007 Auto-DR Program, Task 13 Deliverable, Auto-DR Assessment Study."
Customer 5,field-testing,OAT_CBL,,7/13/07,15:00,18:00,,,59,,,,,,,,"Chiu, Albert, Greg Wikler, Ingrid Bran, Joe Prijyanonda, Sharon Yoshida, Kelly Smith, Mary Ann Piette, Sila Kiliccote, Girish Ghatikar, and Chuck Thomas. 2007. 2007 Auto-DR Program, Task 13 Deliverable, Auto-DR Assessment Study."
Customer 5,field-testing,OAT_CBL,,7/13/07,12:00,18:00,,,63,,,0.22,,,0.22,,"Chiu, Albert, Greg Wikler, Ingrid Bran, Joe Prijyanonda, Sharon Yoshida, Kelly Smith, Mary Ann Piette, Sila Kiliccote, Girish Ghatikar, and Chuck Thomas. 2007. 2007 Auto-DR Program, Task 13 Deliverable, Auto-DR Assessment Study."
Customer 5,field-testing,3/10_CBL,,7/5/07,12:00,15:00,,,62,,,,,,,,"Chiu, Albert, Greg Wikler, Ingrid Bran, Joe Prijyanonda, Sharon Yoshida, Kelly Smith, Mary Ann Piette, Sila Kiliccote, Girish Ghatikar, and Chuck Thomas. 2007. 2007 Auto-DR Program, Task 13 Deliverable, Auto-DR Assessment Study."
Customer 5,field-testing,3/10_CBL,,7/5/07,15:00,18:00,,,4,,,,,,,,"Chiu, Albert, Greg Wikler, Ingrid Bran, Joe Prijyanonda, Sharon Yoshida, Kelly Smith, Mary Ann Piette, Sila Kiliccote, Girish Ghatikar, and Chuck Thomas. 2007. 2007 Auto-DR Program, Task 13 Deliverable, Auto-DR Assessment Study."
Customer 5,field-testing,3/10_CBL,,7/5/07,12:00,18:00,,,33,,,0.03,,,0.01,,"Chiu, Albert, Greg Wikler, Ingrid Bran, Joe Prijyanonda, Sharon Yoshida, Kelly Smith, Mary Ann Piette, Sila Kiliccote, Girish Ghatikar, and Chuck Thomas. 2007. 2007 Auto-DR Program, Task 13 Deliverable, Auto-DR Assessment Study."
Customer 5,field-testing,3/10_MA_CBL,,7/5/07,12:00,15:00,,,46,,,,,,,,"Chiu, Albert, Greg Wikler, Ingrid Bran, Joe Prijyanonda, Sharon Yoshida, Kelly Smith, Mary Ann Piette, Sila Kiliccote, Girish Ghatikar, and Chuck Thomas. 2007. 2007 Auto-DR Program, Task 13 Deliverable, Auto-DR Assessment Study."
Customer 5,field-testing,3/10_MA_CBL,,7/5/07,15:00,18:00,,,-2,,,,,,,,"Chiu, Albert, Greg Wikler, Ingrid Bran, Joe Prijyanonda, Sharon Yoshida, Kelly Smith, Mary Ann Piette, Sila Kiliccote, Girish Ghatikar, and Chuck Thomas. 2007. 2007 Auto-DR Program, Task 13 Deliverable, Auto-DR Assessment Study."
Customer 5,field-testing,3/10_MA_CBL,,7/5/07,12:00,18:00,,,22,,,-0.01,,,-0.01,,"Chiu, Albert, Greg Wikler, Ingrid Bran, Joe Prijyanonda, Sharon Yoshida, Kelly Smith, Mary Ann Piette, Sila Kiliccote, Girish Ghatikar, and Chuck Thomas. 2007. 2007 Auto-DR Program, Task 13 Deliverable, Auto-DR Assessment Study."
Customer 5,field-testing,OAT_CBL,,7/5/07,12:00,15:00,,,43,,,,,,,,"Chiu, Albert, Greg Wikler, Ingrid Bran, Joe Prijyanonda, Sharon Yoshida, Kelly Smith, Mary Ann Piette, Sila Kiliccote, Girish Ghatikar, and Chuck Thomas. 2007. 2007 Auto-DR Program, Task 13 Deliverable, Auto-DR Assessment Study."
Customer 5,field-testing,OAT_CBL,,7/5/07,15:00,18:00,,,-8,,,,,,,,"Chiu, Albert, Greg Wikler, Ingrid Bran, Joe Prijyanonda, Sharon Yoshida, Kelly Smith, Mary Ann Piette, Sila Kiliccote, Girish Ghatikar, and Chuck Thomas. 2007. 2007 Auto-DR Program, Task 13 Deliverable, Auto-DR Assessment Study."
Customer 5,field-testing,OAT_CBL,,7/5/07,12:00,18:00,,,17.5,,,-0.07,,,-0.03,,"Chiu, Albert, Greg Wikler, Ingrid Bran, Joe Prijyanonda, Sharon Yoshida, Kelly Smith, Mary Ann Piette, Sila Kiliccote, Girish Ghatikar, and Chuck Thomas. 2007. 2007 Auto-DR Program, Task 13 Deliverable, Auto-DR Assessment Study."
Customer 5,field-testing,3/10_CBL,,8/1/07,12:00,15:00,,,20,,,,,,,,"Chiu, Albert, Greg Wikler, Ingrid Bran, Joe Prijyanonda, Sharon Yoshida, Kelly Smith, Mary Ann Piette, Sila Kiliccote, Girish Ghatikar, and Chuck Thomas. 2007. 2007 Auto-DR Program, Task 13 Deliverable, Auto-DR Assessment Study."
Customer 5,field-testing,3/10_CBL,,8/1/07,15:00,18:00,,,-6,,,,,,,,"Chiu, Albert, Greg Wikler, Ingrid Bran, Joe Prijyanonda, Sharon Yoshida, Kelly Smith, Mary Ann Piette, Sila Kiliccote, Girish Ghatikar, and Chuck Thomas. 2007. 2007 Auto-DR Program, Task 13 Deliverable, Auto-DR Assessment Study."
Customer 5,field-testing,3/10_CBL,,8/1/07,12:00,18:00,,,7,,,-0.05,,,-0.02,,"Chiu, Albert, Greg Wikler, Ingrid Bran, Joe Prijyanonda, Sharon Yoshida, Kelly Smith, Mary Ann Piette, Sila Kiliccote, Girish Ghatikar, and Chuck Thomas. 2007. 2007 Auto-DR Program, Task 13 Deliverable, Auto-DR Assessment Study."
Customer 5,field-testing,3/10_MA_CBL,,8/1/07,12:00,15:00,,,17,,,,,,,,"Chiu, Albert, Greg Wikler, Ingrid Bran, Joe Prijyanonda, Sharon Yoshida, Kelly Smith, Mary Ann Piette, Sila Kiliccote, Girish Ghatikar, and Chuck Thomas. 2007. 2007 Auto-DR Program, Task 13 Deliverable, Auto-DR Assessment Study."
Customer 5,field-testing,3/10_MA_CBL,,8/1/07,15:00,18:00,,,-4,,,,,,,,"Chiu, Albert, Greg Wikler, Ingrid Bran, Joe Prijyanonda, Sharon Yoshida, Kelly Smith, Mary Ann Piette, Sila Kiliccote, Girish Ghatikar, and Chuck Thomas. 2007. 2007 Auto-DR Program, Task 13 Deliverable, Auto-DR Assessment Study."
Customer 5,field-testing,3/10_MA_CBL,,8/1/07,12:00,18:00,,,6.5,,,-0.03,,,-0.01,,"Chiu, Albert, Greg Wikler, Ingrid Bran, Joe Prijyanonda, Sharon Yoshida, Kelly Smith, Mary Ann Piette, Sila Kiliccote, Girish Ghatikar, and Chuck Thomas. 2007. 2007 Auto-DR Program, Task 13 Deliverable, Auto-DR Assessment Study."
Customer 5,field-testing,OAT_CBL,,8/1/07,12:00,15:00,,,31,,,,,,,,"Chiu, Albert, Greg Wikler, Ingrid Bran, Joe Prijyanonda, Sharon Yoshida, Kelly Smith, Mary Ann Piette, Sila Kiliccote, Girish Ghatikar, and Chuck Thomas. 2007. 2007 Auto-DR Program, Task 13 Deliverable, Auto-DR Assessment Study."
Customer 5,field-testing,OAT_CBL,,8/1/07,15:00,18:00,,,27,,,,,,,,"Chiu, Albert, Greg Wikler, Ingrid Bran, Joe Prijyanonda, Sharon Yoshida, Kelly Smith, Mary Ann Piette, Sila Kiliccote, Girish Ghatikar, and Chuck Thomas. 2007. 2007 Auto-DR Program, Task 13 Deliverable, Auto-DR Assessment Study."
Customer 5,field-testing,OAT_CBL,,8/1/07,12:00,18:00,,,29,,,0.18,,,0.1,,"Chiu, Albert, Greg Wikler, Ingrid Bran, Joe Prijyanonda, Sharon Yoshida, Kelly Smith, Mary Ann Piette, Sila Kiliccote, Girish Ghatikar, and Chuck Thomas. 2007. 2007 Auto-DR Program, Task 13 Deliverable, Auto-DR Assessment Study."
Customer 5,field-testing,3/10_CBL,,8/30/07,12:00,15:00,,,-135,,,,,,,,"Chiu, Albert, Greg Wikler, Ingrid Bran, Joe Prijyanonda, Sharon Yoshida, Kelly Smith, Mary Ann Piette, Sila Kiliccote, Girish Ghatikar, and Chuck Thomas. 2007. 2007 Auto-DR Program, Task 13 Deliverable, Auto-DR Assessment Study."
Customer 5,field-testing,3/10_CBL,,8/30/07,15:00,18:00,,,-53,,,,,,,,"Chiu, Albert, Greg Wikler, Ingrid Bran, Joe Prijyanonda, Sharon Yoshida, Kelly Smith, Mary Ann Piette, Sila Kiliccote, Girish Ghatikar, and Chuck Thomas. 2007. 2007 Auto-DR Program, Task 13 Deliverable, Auto-DR Assessment Study."
Customer 5,field-testing,3/10_CBL,,8/30/07,12:00,18:00,,,-94,,,-0.44,,,-0.19,,"Chiu, Albert, Greg Wikler, Ingrid Bran, Joe Prijyanonda, Sharon Yoshida, Kelly Smith, Mary Ann Piette, Sila Kiliccote, Girish Ghatikar, and Chuck Thomas. 2007. 2007 Auto-DR Program, Task 13 Deliverable, Auto-DR Assessment Study."
Customer 5,field-testing,3/10_MA_CBL,,8/30/07,12:00,15:00,,,-6,,,,,,,,"Chiu, Albert, Greg Wikler, Ingrid Bran, Joe Prijyanonda, Sharon Yoshida, Kelly Smith, Mary Ann Piette, Sila Kiliccote, Girish Ghatikar, and Chuck Thomas. 2007. 2007 Auto-DR Program, Task 13 Deliverable, Auto-DR Assessment Study."
Customer 5,field-testing,3/10_MA_CBL,,8/30/07,15:00,18:00,,,26,,,,,,,,"Chiu, Albert, Greg Wikler, Ingrid Bran, Joe Prijyanonda, Sharon Yoshida, Kelly Smith, Mary Ann Piette, Sila Kiliccote, Girish Ghatikar, and Chuck Thomas. 2007. 2007 Auto-DR Program, Task 13 Deliverable, Auto-DR Assessment Study."
Customer 5,field-testing,3/10_MA_CBL,,8/30/07,12:00,18:00,,,10,,,0.13,,,0.1,,"Chiu, Albert, Greg Wikler, Ingrid Bran, Joe Prijyanonda, Sharon Yoshida, Kelly Smith, Mary Ann Piette, Sila Kiliccote, Girish Ghatikar, and Chuck Thomas. 2007. 2007 Auto-DR Program, Task 13 Deliverable, Auto-DR Assessment Study."
Customer 5,field-testing,OAT_CBL,,8/30/07,12:00,15:00,,,-56,,,,,,,,"Chiu, Albert, Greg Wikler, Ingrid Bran, Joe Prijyanonda, Sharon Yoshida, Kelly Smith, Mary Ann Piette, Sila Kiliccote, Girish Ghatikar, and Chuck Thomas. 2007. 2007 Auto-DR Program, Task 13 Deliverable, Auto-DR Assessment Study."
Customer 5,field-testing,OAT_CBL,,8/30/07,15:00,18:00,,,24,,,,,,,,"Chiu, Albert, Greg Wikler, Ingrid Bran, Joe Prijyanonda, Sharon Yoshida, Kelly Smith, Mary Ann Piette, Sila Kiliccote, Girish Ghatikar, and Chuck Thomas. 2007. 2007 Auto-DR Program, Task 13 Deliverable, Auto-DR Assessment Study."
Customer 5,field-testing,OAT_CBL,,8/30/07,12:00,18:00,,,-16,,,0.12,,,0.09,,"Chiu, Albert, Greg Wikler, Ingrid Bran, Joe Prijyanonda, Sharon Yoshida, Kelly Smith, Mary Ann Piette, Sila Kiliccote, Girish Ghatikar, and Chuck Thomas. 2007. 2007 Auto-DR Program, Task 13 Deliverable, Auto-DR Assessment Study."
Customer 6,field-testing,3/10_CBL,,7/13/07,12:00,15:00,,,-99,,,,,,,,"Chiu, Albert, Greg Wikler, Ingrid Bran, Joe Prijyanonda, Sharon Yoshida, Kelly Smith, Mary Ann Piette, Sila Kiliccote, Girish Ghatikar, and Chuck Thomas. 2007. 2007 Auto-DR Program, Task 13 Deliverable, Auto-DR Assessment Study."
Customer 6,field-testing,3/10_CBL,,7/13/07,15:00,18:00,,,-26,,,,,,,,"Chiu, Albert, Greg Wikler, Ingrid Bran, Joe Prijyanonda, Sharon Yoshida, Kelly Smith, Mary Ann Piette, Sila Kiliccote, Girish Ghatikar, and Chuck Thomas. 2007. 2007 Auto-DR Program, Task 13 Deliverable, Auto-DR Assessment Study."
Customer 6,field-testing,3/10_CBL,,7/13/07,12:00,18:00,,,-62.5,,,-0.03,,,-0.17,,"Chiu, Albert, Greg Wikler, Ingrid Bran, Joe Prijyanonda, Sharon Yoshida, Kelly Smith, Mary Ann Piette, Sila Kiliccote, Girish Ghatikar, and Chuck Thomas. 2007. 2007 Auto-DR Program, Task 13 Deliverable, Auto-DR Assessment Study."
Customer 6,field-testing,3/10_MA_CBL,,7/13/07,12:00,15:00,,,-61,,,,,,,,"Chiu, Albert, Greg Wikler, Ingrid Bran, Joe Prijyanonda, Sharon Yoshida, Kelly Smith, Mary Ann Piette, Sila Kiliccote, Girish Ghatikar, and Chuck Thomas. 2007. 2007 Auto-DR Program, Task 13 Deliverable, Auto-DR Assessment Study."
Customer 6,field-testing,3/10_MA_CBL,,7/13/07,15:00,18:00,,,10,,,,,,,,"Chiu, Albert, Greg Wikler, Ingrid Bran, Joe Prijyanonda, Sharon Yoshida, Kelly Smith, Mary Ann Piette, Sila Kiliccote, Girish Ghatikar, and Chuck Thomas. 2007. 2007 Auto-DR Program, Task 13 Deliverable, Auto-DR Assessment Study."
Customer 6,field-testing,3/10_MA_CBL,,7/13/07,12:00,18:00,,,-25.5,,,0.01,,,0.07,,"Chiu, Albert, Greg Wikler, Ingrid Bran, Joe Prijyanonda, Sharon Yoshida, Kelly Smith, Mary Ann Piette, Sila Kiliccote, Girish Ghatikar, and Chuck Thomas. 2007. 2007 Auto-DR Program, Task 13 Deliverable, Auto-DR Assessment Study."
Customer 6,field-testing,OAT_CBL,,7/13/07,12:00,15:00,,,-195,,,,,,,,"Chiu, Albert, Greg Wikler, Ingrid Bran, Joe Prijyanonda, Sharon Yoshida, Kelly Smith, Mary Ann Piette, Sila Kiliccote, Girish Ghatikar, and Chuck Thomas. 2007. 2007 Auto-DR Program, Task 13 Deliverable, Auto-DR Assessment Study."
Customer 6,field-testing,OAT_CBL,,7/13/07,15:00,18:00,,,-152,,,,,,,,"Chiu, Albert, Greg Wikler, Ingrid Bran, Joe Prijyanonda, Sharon Yoshida, Kelly Smith, Mary Ann Piette, Sila Kiliccote, Girish Ghatikar, and Chuck Thomas. 2007. 2007 Auto-DR Program, Task 13 Deliverable, Auto-DR Assessment Study."
Customer 6,field-testing,OAT_CBL,,7/13/07,12:00,18:00,,,-173.5,,,-0.17,,,-1.03,,"Chiu, Albert, Greg Wikler, Ingrid Bran, Joe Prijyanonda, Sharon Yoshida, Kelly Smith, Mary Ann Piette, Sila Kiliccote, Girish Ghatikar, and Chuck Thomas. 2007. 2007 Auto-DR Program, Task 13 Deliverable, Auto-DR Assessment Study."
Customer 6,field-testing,3/10_CBL,,7/5/07,12:00,15:00,,,260,,,,,,,,"Chiu, Albert, Greg Wikler, Ingrid Bran, Joe Prijyanonda, Sharon Yoshida, Kelly Smith, Mary Ann Piette, Sila Kiliccote, Girish Ghatikar, and Chuck Thomas. 2007. 2007 Auto-DR Program, Task 13 Deliverable, Auto-DR Assessment Study."
Customer 6,field-testing,3/10_CBL,,7/5/07,15:00,18:00,,,277,,,,,,,,"Chiu, Albert, Greg Wikler, Ingrid Bran, Joe Prijyanonda, Sharon Yoshida, Kelly Smith, Mary Ann Piette, Sila Kiliccote, Girish Ghatikar, and Chuck Thomas. 2007. 2007 Auto-DR Program, Task 13 Deliverable, Auto-DR Assessment Study."
Customer 6,field-testing,3/10_CBL,,7/5/07,12:00,18:00,,,268.5,,,0.26,,,1.87,,"Chiu, Albert, Greg Wikler, Ingrid Bran, Joe Prijyanonda, Sharon Yoshida, Kelly Smith, Mary Ann Piette, Sila Kiliccote, Girish Ghatikar, and Chuck Thomas. 2007. 2007 Auto-DR Program, Task 13 Deliverable, Auto-DR Assessment Study."
Customer 6,field-testing,3/10_MA_CBL,,7/5/07,12:00,15:00,,,60,,,,,,,,"Chiu, Albert, Greg Wikler, Ingrid Bran, Joe Prijyanonda, Sharon Yoshida, Kelly Smith, Mary Ann Piette, Sila Kiliccote, Girish Ghatikar, and Chuck Thomas. 2007. 2007 Auto-DR Program, Task 13 Deliverable, Auto-DR Assessment Study."
Customer 6,field-testing,3/10_MA_CBL,,7/5/07,15:00,18:00,,,77,,,,,,,,"Chiu, Albert, Greg Wikler, Ingrid Bran, Joe Prijyanonda, Sharon Yoshida, Kelly Smith, Mary Ann Piette, Sila Kiliccote, Girish Ghatikar, and Chuck Thomas. 2007. 2007 Auto-DR Program, Task 13 Deliverable, Auto-DR Assessment Study."
Customer 6,field-testing,3/10_MA_CBL,,7/5/07,12:00,18:00,,,68.5,,,0.09,,,0.52,,"Chiu, Albert, Greg Wikler, Ingrid Bran, Joe Prijyanonda, Sharon Yoshida, Kelly Smith, Mary Ann Piette, Sila Kiliccote, Girish Ghatikar, and Chuck Thomas. 2007. 2007 Auto-DR Program, Task 13 Deliverable, Auto-DR Assessment Study."
Customer 6,field-testing,OAT_CBL,,7/5/07,12:00,15:00,,,340,,,,,,,,"Chiu, Albert, Greg Wikler, Ingrid Bran, Joe Prijyanonda, Sharon Yoshida, Kelly Smith, Mary Ann Piette, Sila Kiliccote, Girish Ghatikar, and Chuck Thomas. 2007. 2007 Auto-DR Program, Task 13 Deliverable, Auto-DR Assessment Study."
Customer 6,field-testing,OAT_CBL,,7/5/07,15:00,18:00,,,312,,,,,,,,"Chiu, Albert, Greg Wikler, Ingrid Bran, Joe Prijyanonda, Sharon Yoshida, Kelly Smith, Mary Ann Piette, Sila Kiliccote, Girish Ghatikar, and Chuck Thomas. 2007. 2007 Auto-DR Program, Task 13 Deliverable, Auto-DR Assessment Study."
Customer 6,field-testing,OAT_CBL,,7/5/07,12:00,18:00,,,326,,,0.28,,,2.11,,"Chiu, Albert, Greg Wikler, Ingrid Bran, Joe Prijyanonda, Sharon Yoshida, Kelly Smith, Mary Ann Piette, Sila Kiliccote, Girish Ghatikar, and Chuck Thomas. 2007. 2007 Auto-DR Program, Task 13 Deliverable, Auto-DR Assessment Study."
Customer 6,field-testing,3/10_CBL,,8/1/07,12:00,15:00,,,221,,,,,,,,"Chiu, Albert, Greg Wikler, Ingrid Bran, Joe Prijyanonda, Sharon Yoshida, Kelly Smith, Mary Ann Piette, Sila Kiliccote, Girish Ghatikar, and Chuck Thomas. 2007. 2007 Auto-DR Program, Task 13 Deliverable, Auto-DR Assessment Study."
Customer 6,field-testing,3/10_CBL,,8/1/07,15:00,18:00,,,259,,,,,,,,"Chiu, Albert, Greg Wikler, Ingrid Bran, Joe Prijyanonda, Sharon Yoshida, Kelly Smith, Mary Ann Piette, Sila Kiliccote, Girish Ghatikar, and Chuck Thomas. 2007. 2007 Auto-DR Program, Task 13 Deliverable, Auto-DR Assessment Study."
Customer 6,field-testing,3/10_CBL,,8/1/07,12:00,18:00,,,240,,,0.25,,,1.75,,"Chiu, Albert, Greg Wikler, Ingrid Bran, Joe Prijyanonda, Sharon Yoshida, Kelly Smith, Mary Ann Piette, Sila Kiliccote, Girish Ghatikar, and Chuck Thomas. 2007. 2007 Auto-DR Program, Task 13 Deliverable, Auto-DR Assessment Study."
Customer 6,field-testing,3/10_MA_CBL,,8/1/07,12:00,15:00,,,-60,,,,,,,,"Chiu, Albert, Greg Wikler, Ingrid Bran, Joe Prijyanonda, Sharon Yoshida, Kelly Smith, Mary Ann Piette, Sila Kiliccote, Girish Ghatikar, and Chuck Thomas. 2007. 2007 Auto-DR Program, Task 13 Deliverable, Auto-DR Assessment Study."
Customer 6,field-testing,3/10_MA_CBL,,8/1/07,15:00,18:00,,,-13,,,,,,,,"Chiu, Albert, Greg Wikler, Ingrid Bran, Joe Prijyanonda, Sharon Yoshida, Kelly Smith, Mary Ann Piette, Sila Kiliccote, Girish Ghatikar, and Chuck Thomas. 2007. 2007 Auto-DR Program, Task 13 Deliverable, Auto-DR Assessment Study."
Customer 6,field-testing,3/10_MA_CBL,,8/1/07,12:00,18:00,,,-36.5,,,-0.02,,,-0.09,,"Chiu, Albert, Greg Wikler, Ingrid Bran, Joe Prijyanonda, Sharon Yoshida, Kelly Smith, Mary Ann Piette, Sila Kiliccote, Girish Ghatikar, and Chuck Thomas. 2007. 2007 Auto-DR Program, Task 13 Deliverable, Auto-DR Assessment Study."
Customer 6,field-testing,OAT_CBL,,8/1/07,12:00,15:00,,,176,,,,,,,,"Chiu, Albert, Greg Wikler, Ingrid Bran, Joe Prijyanonda, Sharon Yoshida, Kelly Smith, Mary Ann Piette, Sila Kiliccote, Girish Ghatikar, and Chuck Thomas. 2007. 2007 Auto-DR Program, Task 13 Deliverable, Auto-DR Assessment Study."
Customer 6,field-testing,OAT_CBL,,8/1/07,15:00,18:00,,,193,,,,,,,,"Chiu, Albert, Greg Wikler, Ingrid Bran, Joe Prijyanonda, Sharon Yoshida, Kelly Smith, Mary Ann Piette, Sila Kiliccote, Girish Ghatikar, and Chuck Thomas. 2007. 2007 Auto-DR Program, Task 13 Deliverable, Auto-DR Assessment Study."
Customer 6,field-testing,OAT_CBL,,8/1/07,12:00,18:00,,,184.5,,,0.2,,,1.3,,"Chiu, Albert, Greg Wikler, Ingrid Bran, Joe Prijyanonda, Sharon Yoshida, Kelly Smith, Mary Ann Piette, Sila Kiliccote, Girish Ghatikar, and Chuck Thomas. 2007. 2007 Auto-DR Program, Task 13 Deliverable, Auto-DR Assessment Study."
Customer 6,field-testing,3/10_CBL,,8/30/07,12:00,15:00,,,-39,,,,,,,,"Chiu, Albert, Greg Wikler, Ingrid Bran, Joe Prijyanonda, Sharon Yoshida, Kelly Smith, Mary Ann Piette, Sila Kiliccote, Girish Ghatikar, and Chuck Thomas. 2007. 2007 Auto-DR Program, Task 13 Deliverable, Auto-DR Assessment Study."
Customer 6,field-testing,3/10_CBL,,8/30/07,15:00,18:00,,,-3,,,,,,,,"Chiu, Albert, Greg Wikler, Ingrid Bran, Joe Prijyanonda, Sharon Yoshida, Kelly Smith, Mary Ann Piette, Sila Kiliccote, Girish Ghatikar, and Chuck Thomas. 2007. 2007 Auto-DR Program, Task 13 Deliverable, Auto-DR Assessment Study."
Customer 6,field-testing,3/10_CBL,,8/30/07,12:00,18:00,,,-21,,,0,,,-0.02,,"Chiu, Albert, Greg Wikler, Ingrid Bran, Joe Prijyanonda, Sharon Yoshida, Kelly Smith, Mary Ann Piette, Sila Kiliccote, Girish Ghatikar, and Chuck Thomas. 2007. 2007 Auto-DR Program, Task 13 Deliverable, Auto-DR Assessment Study."
Customer 6,field-testing,3/10_MA_CBL,,8/30/07,12:00,15:00,,,46,,,,,,,,"Chiu, Albert, Greg Wikler, Ingrid Bran, Joe Prijyanonda, Sharon Yoshida, Kelly Smith, Mary Ann Piette, Sila Kiliccote, Girish Ghatikar, and Chuck Thomas. 2007. 2007 Auto-DR Program, Task 13 Deliverable, Auto-DR Assessment Study."
Customer 6,field-testing,3/10_MA_CBL,,8/30/07,15:00,18:00,,,79,,,,,,,,"Chiu, Albert, Greg Wikler, Ingrid Bran, Joe Prijyanonda, Sharon Yoshida, Kelly Smith, Mary Ann Piette, Sila Kiliccote, Girish Ghatikar, and Chuck Thomas. 2007. 2007 Auto-DR Program, Task 13 Deliverable, Auto-DR Assessment Study."
Customer 6,field-testing,3/10_MA_CBL,,8/30/07,12:00,18:00,,,62.5,,,0.07,,,0.54,,"Chiu, Albert, Greg Wikler, Ingrid Bran, Joe Prijyanonda, Sharon Yoshida, Kelly Smith, Mary Ann Piette, Sila Kiliccote, Girish Ghatikar, and Chuck Thomas. 2007. 2007 Auto-DR Program, Task 13 Deliverable, Auto-DR Assessment Study."
Customer 6,field-testing,OAT_CBL,,8/30/07,12:00,15:00,,,-68,,,,,,,,"Chiu, Albert, Greg Wikler, Ingrid Bran, Joe Prijyanonda, Sharon Yoshida, Kelly Smith, Mary Ann Piette, Sila Kiliccote, Girish Ghatikar, and Chuck Thomas. 2007. 2007 Auto-DR Program, Task 13 Deliverable, Auto-DR Assessment Study."
Customer 6,field-testing,OAT_CBL,,8/30/07,15:00,18:00,,,-66,,,,,,,,"Chiu, Albert, Greg Wikler, Ingrid Bran, Joe Prijyanonda, Sharon Yoshida, Kelly Smith, Mary Ann Piette, Sila Kiliccote, Girish Ghatikar, and Chuck Thomas. 2007. 2007 Auto-DR Program, Task 13 Deliverable, Auto-DR Assessment Study."
Customer 6,field-testing,OAT_CBL,,8/30/07,12:00,18:00,,,-67,,,-0.07,,,-0.44,,"Chiu, Albert, Greg Wikler, Ingrid Bran, Joe Prijyanonda, Sharon Yoshida, Kelly Smith, Mary Ann Piette, Sila Kiliccote, Girish Ghatikar, and Chuck Thomas. 2007. 2007 Auto-DR Program, Task 13 Deliverable, Auto-DR Assessment Study."
Customer 7,field-testing,3/10_CBL,,7/13/07,12:00,15:00,,,-93,,,,,,,,"Chiu, Albert, Greg Wikler, Ingrid Bran, Joe Prijyanonda, Sharon Yoshida, Kelly Smith, Mary Ann Piette, Sila Kiliccote, Girish Ghatikar, and Chuck Thomas. 2007. 2007 Auto-DR Program, Task 13 Deliverable, Auto-DR Assessment Study."
Customer 7,field-testing,3/10_CBL,,7/13/07,15:00,18:00,,,-92,,,,,,,,"Chiu, Albert, Greg Wikler, Ingrid Bran, Joe Prijyanonda, Sharon Yoshida, Kelly Smith, Mary Ann Piette, Sila Kiliccote, Girish Ghatikar, and Chuck Thomas. 2007. 2007 Auto-DR Program, Task 13 Deliverable, Auto-DR Assessment Study."
Customer 7,field-testing,3/10_CBL,,7/13/07,12:00,18:00,,,-92.5,,,-0.1,,,-0.31,,"Chiu, Albert, Greg Wikler, Ingrid Bran, Joe Prijyanonda, Sharon Yoshida, Kelly Smith, Mary Ann Piette, Sila Kiliccote, Girish Ghatikar, and Chuck Thomas. 2007. 2007 Auto-DR Program, Task 13 Deliverable, Auto-DR Assessment Study."
Customer 7,field-testing,3/10_MA_CBL,,7/13/07,12:00,15:00,,,4,,,,,,,,"Chiu, Albert, Greg Wikler, Ingrid Bran, Joe Prijyanonda, Sharon Yoshida, Kelly Smith, Mary Ann Piette, Sila Kiliccote, Girish Ghatikar, and Chuck Thomas. 2007. 2007 Auto-DR Program, Task 13 Deliverable, Auto-DR Assessment Study."
Customer 7,field-testing,3/10_MA_CBL,,7/13/07,15:00,18:00,,,3,,,,,,,,"Chiu, Albert, Greg Wikler, Ingrid Bran, Joe Prijyanonda, Sharon Yoshida, Kelly Smith, Mary Ann Piette, Sila Kiliccote, Girish Ghatikar, and Chuck Thomas. 2007. 2007 Auto-DR Program, Task 13 Deliverable, Auto-DR Assessment Study."
Customer 7,field-testing,3/10_MA_CBL,,7/13/07,12:00,18:00,,,3.5,,,0,,,0.01,,"Chiu, Albert, Greg Wikler, Ingrid Bran, Joe Prijyanonda, Sharon Yoshida, Kelly Smith, Mary Ann Piette, Sila Kiliccote, Girish Ghatikar, and Chuck Thomas. 2007. 2007 Auto-DR Program, Task 13 Deliverable, Auto-DR Assessment Study."
Customer 7,field-testing,OAT_CBL,,7/13/07,12:00,15:00,,,-5,,,,,,,,"Chiu, Albert, Greg Wikler, Ingrid Bran, Joe Prijyanonda, Sharon Yoshida, Kelly Smith, Mary Ann Piette, Sila Kiliccote, Girish Ghatikar, and Chuck Thomas. 2007. 2007 Auto-DR Program, Task 13 Deliverable, Auto-DR Assessment Study."
Customer 7,field-testing,OAT_CBL,,7/13/07,15:00,18:00,,,76,,,,,,,,"Chiu, Albert, Greg Wikler, Ingrid Bran, Joe Prijyanonda, Sharon Yoshida, Kelly Smith, Mary Ann Piette, Sila Kiliccote, Girish Ghatikar, and Chuck Thomas. 2007. 2007 Auto-DR Program, Task 13 Deliverable, Auto-DR Assessment Study."
Customer 7,field-testing,OAT_CBL,,7/13/07,12:00,18:00,,,35.5,,,0.07,,,0.25,,"Chiu, Albert, Greg Wikler, Ingrid Bran, Joe Prijyanonda, Sharon Yoshida, Kelly Smith, Mary Ann Piette, Sila Kiliccote, Girish Ghatikar, and Chuck Thomas. 2007. 2007 Auto-DR Program, Task 13 Deliverable, Auto-DR Assessment Study."
Customer 7,field-testing,3/10_CBL,,7/5/07,12:00,15:00,,,62,,,,,,,,"Chiu, Albert, Greg Wikler, Ingrid Bran, Joe Prijyanonda, Sharon Yoshida, Kelly Smith, Mary Ann Piette, Sila Kiliccote, Girish Ghatikar, and Chuck Thomas. 2007. 2007 Auto-DR Program, Task 13 Deliverable, Auto-DR Assessment Study."
Customer 7,field-testing,3/10_CBL,,7/5/07,15:00,18:00,,,83,,,,,,,,"Chiu, Albert, Greg Wikler, Ingrid Bran, Joe Prijyanonda, Sharon Yoshida, Kelly Smith, Mary Ann Piette, Sila Kiliccote, Girish Ghatikar, and Chuck Thomas. 2007. 2007 Auto-DR Program, Task 13 Deliverable, Auto-DR Assessment Study."
Customer 7,field-testing,3/10_CBL,,7/5/07,12:00,18:00,,,72.5,,,0.08,,,0.28,,"Chiu, Albert, Greg Wikler, Ingrid Bran, Joe Prijyanonda, Sharon Yoshida, Kelly Smith, Mary Ann Piette, Sila Kiliccote, Girish Ghatikar, and Chuck Thomas. 2007. 2007 Auto-DR Program, Task 13 Deliverable, Auto-DR Assessment Study."
Customer 7,field-testing,3/10_MA_CBL,,7/5/07,12:00,15:00,,,73,,,,,,,,"Chiu, Albert, Greg Wikler, Ingrid Bran, Joe Prijyanonda, Sharon Yoshida, Kelly Smith, Mary Ann Piette, Sila Kiliccote, Girish Ghatikar, and Chuck Thomas. 2007. 2007 Auto-DR Program, Task 13 Deliverable, Auto-DR Assessment Study."
Customer 7,field-testing,3/10_MA_CBL,,7/5/07,15:00,18:00,,,94,,,,,,,,"Chiu, Albert, Greg Wikler, Ingrid Bran, Joe Prijyanonda, Sharon Yoshida, Kelly Smith, Mary Ann Piette, Sila Kiliccote, Girish Ghatikar, and Chuck Thomas. 2007. 2007 Auto-DR Program, Task 13 Deliverable, Auto-DR Assessment Study."
Customer 7,field-testing,3/10_MA_CBL,,7/5/07,12:00,18:00,,,83.5,,,0.09,,,0.31,,"Chiu, Albert, Greg Wikler, Ingrid Bran, Joe Prijyanonda, Sharon Yoshida, Kelly Smith, Mary Ann Piette, Sila Kiliccote, Girish Ghatikar, and Chuck Thomas. 2007. 2007 Auto-DR Program, Task 13 Deliverable, Auto-DR Assessment Study."
Customer 7,field-testing,OAT_CBL,,7/5/07,12:00,15:00,,,103,,,,,,,,"Chiu, Albert, Greg Wikler, Ingrid Bran, Joe Prijyanonda, Sharon Yoshida, Kelly Smith, Mary Ann Piette, Sila Kiliccote, Girish Ghatikar, and Chuck Thomas. 2007. 2007 Auto-DR Program, Task 13 Deliverable, Auto-DR Assessment Study."
Customer 7,field-testing,OAT_CBL,,7/5/07,15:00,18:00,,,139,,,,,,,,"Chiu, Albert, Greg Wikler, Ingrid Bran, Joe Prijyanonda, Sharon Yoshida, Kelly Smith, Mary Ann Piette, Sila Kiliccote, Girish Ghatikar, and Chuck Thomas. 2007. 2007 Auto-DR Program, Task 13 Deliverable, Auto-DR Assessment Study."
Customer 7,field-testing,OAT_CBL,,7/5/07,12:00,18:00,,,121,,,0.13,,,0.46,,"Chiu, Albert, Greg Wikler, Ingrid Bran, Joe Prijyanonda, Sharon Yoshida, Kelly Smith, Mary Ann Piette, Sila Kiliccote, Girish Ghatikar, and Chuck Thomas. 2007. 2007 Auto-DR Program, Task 13 Deliverable, Auto-DR Assessment Study."
Customer 7,field-testing,3/10_CBL,,8/1/07,12:00,15:00,,,158,,,,,,,,"Chiu, Albert, Greg Wikler, Ingrid Bran, Joe Prijyanonda, Sharon Yoshida, Kelly Smith, Mary Ann Piette, Sila Kiliccote, Girish Ghatikar, and Chuck Thomas. 2007. 2007 Auto-DR Program, Task 13 Deliverable, Auto-DR Assessment Study."
Customer 7,field-testing,3/10_CBL,,8/1/07,15:00,18:00,,,149,,,,,,,,"Chiu, Albert, Greg Wikler, Ingrid Bran, Joe Prijyanonda, Sharon Yoshida, Kelly Smith, Mary Ann Piette, Sila Kiliccote, Girish Ghatikar, and Chuck Thomas. 2007. 2007 Auto-DR Program, Task 13 Deliverable, Auto-DR Assessment Study."
Customer 7,field-testing,3/10_CBL,,8/1/07,12:00,18:00,,,153.5,,,0.14,,,0.5,,"Chiu, Albert, Greg Wikler, Ingrid Bran, Joe Prijyanonda, Sharon Yoshida, Kelly Smith, Mary Ann Piette, Sila Kiliccote, Girish Ghatikar, and Chuck Thomas. 2007. 2007 Auto-DR Program, Task 13 Deliverable, Auto-DR Assessment Study."
Customer 7,field-testing,3/10_MA_CBL,,8/1/07,12:00,15:00,,,150,,,,,,,,"Chiu, Albert, Greg Wikler, Ingrid Bran, Joe Prijyanonda, Sharon Yoshida, Kelly Smith, Mary Ann Piette, Sila Kiliccote, Girish Ghatikar, and Chuck Thomas. 2007. 2007 Auto-DR Program, Task 13 Deliverable, Auto-DR Assessment Study."
Customer 7,field-testing,3/10_MA_CBL,,8/1/07,15:00,18:00,,,140,,,,,,,,"Chiu, Albert, Greg Wikler, Ingrid Bran, Joe Prijyanonda, Sharon Yoshida, Kelly Smith, Mary Ann Piette, Sila Kiliccote, Girish Ghatikar, and Chuck Thomas. 2007. 2007 Auto-DR Program, Task 13 Deliverable, Auto-DR Assessment Study."
Customer 7,field-testing,3/10_MA_CBL,,8/1/07,12:00,18:00,,,145,,,0.13,,,0.47,,"Chiu, Albert, Greg Wikler, Ingrid Bran, Joe Prijyanonda, Sharon Yoshida, Kelly Smith, Mary Ann Piette, Sila Kiliccote, Girish Ghatikar, and Chuck Thomas. 2007. 2007 Auto-DR Program, Task 13 Deliverable, Auto-DR Assessment Study."
Customer 7,field-testing,OAT_CBL,,8/1/07,12:00,15:00,,,155,,,,,,,,"Chiu, Albert, Greg Wikler, Ingrid Bran, Joe Prijyanonda, Sharon Yoshida, Kelly Smith, Mary Ann Piette, Sila Kiliccote, Girish Ghatikar, and Chuck Thomas. 2007. 2007 Auto-DR Program, Task 13 Deliverable, Auto-DR Assessment Study."
Customer 7,field-testing,OAT_CBL,,8/1/07,15:00,18:00,,,125,,,,,,,,"Chiu, Albert, Greg Wikler, Ingrid Bran, Joe Prijyanonda, Sharon Yoshida, Kelly Smith, Mary Ann Piette, Sila Kiliccote, Girish Ghatikar, and Chuck Thomas. 2007. 2007 Auto-DR Program, Task 13 Deliverable, Auto-DR Assessment Study."
Customer 7,field-testing,OAT_CBL,,8/1/07,12:00,18:00,,,140,,,0.12,,,0.42,,"Chiu, Albert, Greg Wikler, Ingrid Bran, Joe Prijyanonda, Sharon Yoshida, Kelly Smith, Mary Ann Piette, Sila Kiliccote, Girish Ghatikar, and Chuck Thomas. 2007. 2007 Auto-DR Program, Task 13 Deliverable, Auto-DR Assessment Study."
Customer 7,field-testing,3/10_CBL,,8/30/07,12:00,15:00,,,90,,,,,,,,"Chiu, Albert, Greg Wikler, Ingrid Bran, Joe Prijyanonda, Sharon Yoshida, Kelly Smith, Mary Ann Piette, Sila Kiliccote, Girish Ghatikar, and Chuck Thomas. 2007. 2007 Auto-DR Program, Task 13 Deliverable, Auto-DR Assessment Study."
Customer 7,field-testing,3/10_CBL,,8/30/07,15:00,18:00,,,117,,,,,,,,"Chiu, Albert, Greg Wikler, Ingrid Bran, Joe Prijyanonda, Sharon Yoshida, Kelly Smith, Mary Ann Piette, Sila Kiliccote, Girish Ghatikar, and Chuck Thomas. 2007. 2007 Auto-DR Program, Task 13 Deliverable, Auto-DR Assessment Study."
Customer 7,field-testing,3/10_CBL,,8/30/07,12:00,18:00,,,103.5,,,0.11,,,0.39,,"Chiu, Albert, Greg Wikler, Ingrid Bran, Joe Prijyanonda, Sharon Yoshida, Kelly Smith, Mary Ann Piette, Sila Kiliccote, Girish Ghatikar, and Chuck Thomas. 2007. 2007 Auto-DR Program, Task 13 Deliverable, Auto-DR Assessment Study."
Customer 7,field-testing,3/10_MA_CBL,,8/30/07,12:00,15:00,,,138,,,,,,,,"Chiu, Albert, Greg Wikler, Ingrid Bran, Joe Prijyanonda, Sharon Yoshida, Kelly Smith, Mary Ann Piette, Sila Kiliccote, Girish Ghatikar, and Chuck Thomas. 2007. 2007 Auto-DR Program, Task 13 Deliverable, Auto-DR Assessment Study."
Customer 7,field-testing,3/10_MA_CBL,,8/30/07,15:00,18:00,,,164,,,,,,,,"Chiu, Albert, Greg Wikler, Ingrid Bran, Joe Prijyanonda, Sharon Yoshida, Kelly Smith, Mary Ann Piette, Sila Kiliccote, Girish Ghatikar, and Chuck Thomas. 2007. 2007 Auto-DR Program, Task 13 Deliverable, Auto-DR Assessment Study."
Customer 7,field-testing,3/10_MA_CBL,,8/30/07,12:00,18:00,,,151,,,0.14,,,0.55,,"Chiu, Albert, Greg Wikler, Ingrid Bran, Joe Prijyanonda, Sharon Yoshida, Kelly Smith, Mary Ann Piette, Sila Kiliccote, Girish Ghatikar, and Chuck Thomas. 2007. 2007 Auto-DR Program, Task 13 Deliverable, Auto-DR Assessment Study."
Customer 7,field-testing,OAT_CBL,,8/30/07,12:00,15:00,,,89,,,,,,,,"Chiu, Albert, Greg Wikler, Ingrid Bran, Joe Prijyanonda, Sharon Yoshida, Kelly Smith, Mary Ann Piette, Sila Kiliccote, Girish Ghatikar, and Chuck Thomas. 2007. 2007 Auto-DR Program, Task 13 Deliverable, Auto-DR Assessment Study."
Customer 7,field-testing,OAT_CBL,,8/30/07,15:00,18:00,,,114,,,,,,,,"Chiu, Albert, Greg Wikler, Ingrid Bran, Joe Prijyanonda, Sharon Yoshida, Kelly Smith, Mary Ann Piette, Sila Kiliccote, Girish Ghatikar, and Chuck Thomas. 2007. 2007 Auto-DR Program, Task 13 Deliverable, Auto-DR Assessment Study."
Customer 7,field-testing,OAT_CBL,,8/30/07,12:00,18:00,,,101.5,,,0.11,,,0.38,,"Chiu, Albert, Greg Wikler, Ingrid Bran, Joe Prijyanonda, Sharon Yoshida, Kelly Smith, Mary Ann Piette, Sila Kiliccote, Girish Ghatikar, and Chuck Thomas. 2007. 2007 Auto-DR Program, Task 13 Deliverable, Auto-DR Assessment Study."
Customer 8,field-testing,3/10_CBL,,7/13/07,12:00,15:00,,,44,,,,,,,,"Chiu, Albert, Greg Wikler, Ingrid Bran, Joe Prijyanonda, Sharon Yoshida, Kelly Smith, Mary Ann Piette, Sila Kiliccote, Girish Ghatikar, and Chuck Thomas. 2007. 2007 Auto-DR Program, Task 13 Deliverable, Auto-DR Assessment Study."
Customer 8,field-testing,3/10_CBL,,7/13/07,15:00,18:00,,,148,,,,,,,,"Chiu, Albert, Greg Wikler, Ingrid Bran, Joe Prijyanonda, Sharon Yoshida, Kelly Smith, Mary Ann Piette, Sila Kiliccote, Girish Ghatikar, and Chuck Thomas. 2007. 2007 Auto-DR Program, Task 13 Deliverable, Auto-DR Assessment Study."
Customer 8,field-testing,3/10_CBL,,7/13/07,12:00,18:00,,,96,,,0.16,,,0.54,,"Chiu, Albert, Greg Wikler, Ingrid Bran, Joe Prijyanonda, Sharon Yoshida, Kelly Smith, Mary Ann Piette, Sila Kiliccote, Girish Ghatikar, and Chuck Thomas. 2007. 2007 Auto-DR Program, Task 13 Deliverable, Auto-DR Assessment Study."
Customer 8,field-testing,3/10_MA_CBL,,7/13/07,12:00,15:00,,,133,,,,,,,,"Chiu, Albert, Greg Wikler, Ingrid Bran, Joe Prijyanonda, Sharon Yoshida, Kelly Smith, Mary Ann Piette, Sila Kiliccote, Girish Ghatikar, and Chuck Thomas. 2007. 2007 Auto-DR Program, Task 13 Deliverable, Auto-DR Assessment Study."
Customer 8,field-testing,3/10_MA_CBL,,7/13/07,15:00,18:00,,,237,,,,,,,,"Chiu, Albert, Greg Wikler, Ingrid Bran, Joe Prijyanonda, Sharon Yoshida, Kelly Smith, Mary Ann Piette, Sila Kiliccote, Girish Ghatikar, and Chuck Thomas. 2007. 2007 Auto-DR Program, Task 13 Deliverable, Auto-DR Assessment Study."
Customer 8,field-testing,3/10_MA_CBL,,7/13/07,12:00,18:00,,,185,,,0.24,,,0.86,,"Chiu, Albert, Greg Wikler, Ingrid Bran, Joe Prijyanonda, Sharon Yoshida, Kelly Smith, Mary Ann Piette, Sila Kiliccote, Girish Ghatikar, and Chuck Thomas. 2007. 2007 Auto-DR Program, Task 13 Deliverable, Auto-DR Assessment Study."
Customer 8,field-testing,OAT_CBL,,7/13/07,12:00,15:00,,,216,,,,,,,,"Chiu, Albert, Greg Wikler, Ingrid Bran, Joe Prijyanonda, Sharon Yoshida, Kelly Smith, Mary Ann Piette, Sila Kiliccote, Girish Ghatikar, and Chuck Thomas. 2007. 2007 Auto-DR Program, Task 13 Deliverable, Auto-DR Assessment Study."
Customer 8,field-testing,OAT_CBL,,7/13/07,15:00,18:00,,,286,,,,,,,,"Chiu, Albert, Greg Wikler, Ingrid Bran, Joe Prijyanonda, Sharon Yoshida, Kelly Smith, Mary Ann Piette, Sila Kiliccote, Girish Ghatikar, and Chuck Thomas. 2007. 2007 Auto-DR Program, Task 13 Deliverable, Auto-DR Assessment Study."
Customer 8,field-testing,OAT_CBL,,7/13/07,12:00,18:00,,,251,,,0.27,,,1.04,,"Chiu, Albert, Greg Wikler, Ingrid Bran, Joe Prijyanonda, Sharon Yoshida, Kelly Smith, Mary Ann Piette, Sila Kiliccote, Girish Ghatikar, and Chuck Thomas. 2007. 2007 Auto-DR Program, Task 13 Deliverable, Auto-DR Assessment Study."
Customer 8,field-testing,3/10_CBL,,7/5/07,12:00,15:00,,,136,,,,,,,,"Chiu, Albert, Greg Wikler, Ingrid Bran, Joe Prijyanonda, Sharon Yoshida, Kelly Smith, Mary Ann Piette, Sila Kiliccote, Girish Ghatikar, and Chuck Thomas. 2007. 2007 Auto-DR Program, Task 13 Deliverable, Auto-DR Assessment Study."
Customer 8,field-testing,3/10_CBL,,7/5/07,15:00,18:00,,,214,,,,,,,,"Chiu, Albert, Greg Wikler, Ingrid Bran, Joe Prijyanonda, Sharon Yoshida, Kelly Smith, Mary Ann Piette, Sila Kiliccote, Girish Ghatikar, and Chuck Thomas. 2007. 2007 Auto-DR Program, Task 13 Deliverable, Auto-DR Assessment Study."
Customer 8,field-testing,3/10_CBL,,7/5/07,12:00,18:00,,,175,,,0.22,,,0.78,,"Chiu, Albert, Greg Wikler, Ingrid Bran, Joe Prijyanonda, Sharon Yoshida, Kelly Smith, Mary Ann Piette, Sila Kiliccote, Girish Ghatikar, and Chuck Thomas. 2007. 2007 Auto-DR Program, Task 13 Deliverable, Auto-DR Assessment Study."
Customer 8,field-testing,3/10_MA_CBL,,7/5/07,12:00,15:00,,,159,,,,,,,,"Chiu, Albert, Greg Wikler, Ingrid Bran, Joe Prijyanonda, Sharon Yoshida, Kelly Smith, Mary Ann Piette, Sila Kiliccote, Girish Ghatikar, and Chuck Thomas. 2007. 2007 Auto-DR Program, Task 13 Deliverable, Auto-DR Assessment Study."
Customer 8,field-testing,3/10_MA_CBL,,7/5/07,15:00,18:00,,,237,,,,,,,,"Chiu, Albert, Greg Wikler, Ingrid Bran, Joe Prijyanonda, Sharon Yoshida, Kelly Smith, Mary Ann Piette, Sila Kiliccote, Girish Ghatikar, and Chuck Thomas. 2007. 2007 Auto-DR Program, Task 13 Deliverable, Auto-DR Assessment Study."
Customer 8,field-testing,3/10_MA_CBL,,7/5/07,12:00,18:00,,,198,,,0.23,,,0.86,,"Chiu, Albert, Greg Wikler, Ingrid Bran, Joe Prijyanonda, Sharon Yoshida, Kelly Smith, Mary Ann Piette, Sila Kiliccote, Girish Ghatikar, and Chuck Thomas. 2007. 2007 Auto-DR Program, Task 13 Deliverable, Auto-DR Assessment Study."
Customer 8,field-testing,OAT_CBL,,7/5/07,12:00,15:00,,,151,,,,,,,,"Chiu, Albert, Greg Wikler, Ingrid Bran, Joe Prijyanonda, Sharon Yoshida, Kelly Smith, Mary Ann Piette, Sila Kiliccote, Girish Ghatikar, and Chuck Thomas. 2007. 2007 Auto-DR Program, Task 13 Deliverable, Auto-DR Assessment Study."
Customer 8,field-testing,OAT_CBL,,7/5/07,15:00,18:00,,,247,,,,,,,,"Chiu, Albert, Greg Wikler, Ingrid Bran, Joe Prijyanonda, Sharon Yoshida, Kelly Smith, Mary Ann Piette, Sila Kiliccote, Girish Ghatikar, and Chuck Thomas. 2007. 2007 Auto-DR Program, Task 13 Deliverable, Auto-DR Assessment Study."
Customer 8,field-testing,OAT_CBL,,7/5/07,12:00,18:00,,,199,,,0.24,,,0.9,,"Chiu, Albert, Greg Wikler, Ingrid Bran, Joe Prijyanonda, Sharon Yoshida, Kelly Smith, Mary Ann Piette, Sila Kiliccote, Girish Ghatikar, and Chuck Thomas. 2007. 2007 Auto-DR Program, Task 13 Deliverable, Auto-DR Assessment Study."
Customer 8,field-testing,3/10_CBL,,8/1/07,12:00,15:00,,,182,,,,,,,,"Chiu, Albert, Greg Wikler, Ingrid Bran, Joe Prijyanonda, Sharon Yoshida, Kelly Smith, Mary Ann Piette, Sila Kiliccote, Girish Ghatikar, and Chuck Thomas. 2007. 2007 Auto-DR Program, Task 13 Deliverable, Auto-DR Assessment Study."
Customer 8,field-testing,3/10_CBL,,8/1/07,15:00,18:00,,,239,,,,,,,,"Chiu, Albert, Greg Wikler, Ingrid Bran, Joe Prijyanonda, Sharon Yoshida, Kelly Smith, Mary Ann Piette, Sila Kiliccote, Girish Ghatikar, and Chuck Thomas. 2007. 2007 Auto-DR Program, Task 13 Deliverable, Auto-DR Assessment Study."
Customer 8,field-testing,3/10_CBL,,8/1/07,12:00,18:00,,,210.5,,,0.24,,,0.87,,"Chiu, Albert, Greg Wikler, Ingrid Bran, Joe Prijyanonda, Sharon Yoshida, Kelly Smith, Mary Ann Piette, Sila Kiliccote, Girish Ghatikar, and Chuck Thomas. 2007. 2007 Auto-DR Program, Task 13 Deliverable, Auto-DR Assessment Study."
Customer 8,field-testing,3/10_MA_CBL,,8/1/07,12:00,15:00,,,93,,,,,,,,"Chiu, Albert, Greg Wikler, Ingrid Bran, Joe Prijyanonda, Sharon Yoshida, Kelly Smith, Mary Ann Piette, Sila Kiliccote, Girish Ghatikar, and Chuck Thomas. 2007. 2007 Auto-DR Program, Task 13 Deliverable, Auto-DR Assessment Study."
Customer 8,field-testing,3/10_MA_CBL,,8/1/07,15:00,18:00,,,150,,,,,,,,"Chiu, Albert, Greg Wikler, Ingrid Bran, Joe Prijyanonda, Sharon Yoshida, Kelly Smith, Mary Ann Piette, Sila Kiliccote, Girish Ghatikar, and Chuck Thomas. 2007. 2007 Auto-DR Program, Task 13 Deliverable, Auto-DR Assessment Study."
Customer 8,field-testing,3/10_MA_CBL,,8/1/07,12:00,18:00,,,121.5,,,0.17,,,0.55,,"Chiu, Albert, Greg Wikler, Ingrid Bran, Joe Prijyanonda, Sharon Yoshida, Kelly Smith, Mary Ann Piette, Sila Kiliccote, Girish Ghatikar, and Chuck Thomas. 2007. 2007 Auto-DR Program, Task 13 Deliverable, Auto-DR Assessment Study."
Customer 8,field-testing,OAT_CBL,,8/1/07,12:00,15:00,,,101,,,,,,,,"Chiu, Albert, Greg Wikler, Ingrid Bran, Joe Prijyanonda, Sharon Yoshida, Kelly Smith, Mary Ann Piette, Sila Kiliccote, Girish Ghatikar, and Chuck Thomas. 2007. 2007 Auto-DR Program, Task 13 Deliverable, Auto-DR Assessment Study."
Customer 8,field-testing,OAT_CBL,,8/1/07,15:00,18:00,,,152,,,,,,,,"Chiu, Albert, Greg Wikler, Ingrid Bran, Joe Prijyanonda, Sharon Yoshida, Kelly Smith, Mary Ann Piette, Sila Kiliccote, Girish Ghatikar, and Chuck Thomas. 2007. 2007 Auto-DR Program, Task 13 Deliverable, Auto-DR Assessment Study."
Customer 8,field-testing,OAT_CBL,,8/1/07,12:00,18:00,,,126.5,,,0.17,,,0.55,,"Chiu, Albert, Greg Wikler, Ingrid Bran, Joe Prijyanonda, Sharon Yoshida, Kelly Smith, Mary Ann Piette, Sila Kiliccote, Girish Ghatikar, and Chuck Thomas. 2007. 2007 Auto-DR Program, Task 13 Deliverable, Auto-DR Assessment Study."
Customer 8,field-testing,3/10_CBL,,8/30/07,12:00,15:00,,,77,,,,,,,,"Chiu, Albert, Greg Wikler, Ingrid Bran, Joe Prijyanonda, Sharon Yoshida, Kelly Smith, Mary Ann Piette, Sila Kiliccote, Girish Ghatikar, and Chuck Thomas. 2007. 2007 Auto-DR Program, Task 13 Deliverable, Auto-DR Assessment Study."
Customer 8,field-testing,3/10_CBL,,8/30/07,15:00,18:00,,,150,,,,,,,,"Chiu, Albert, Greg Wikler, Ingrid Bran, Joe Prijyanonda, Sharon Yoshida, Kelly Smith, Mary Ann Piette, Sila Kiliccote, Girish Ghatikar, and Chuck Thomas. 2007. 2007 Auto-DR Program, Task 13 Deliverable, Auto-DR Assessment Study."
Customer 8,field-testing,3/10_CBL,,8/30/07,12:00,18:00,,,113.5,,,0.15,,,0.55,,"Chiu, Albert, Greg Wikler, Ingrid Bran, Joe Prijyanonda, Sharon Yoshida, Kelly Smith, Mary Ann Piette, Sila Kiliccote, Girish Ghatikar, and Chuck Thomas. 2007. 2007 Auto-DR Program, Task 13 Deliverable, Auto-DR Assessment Study."
Customer 8,field-testing,3/10_MA_CBL,,8/30/07,12:00,15:00,,,183,,,,,,,,"Chiu, Albert, Greg Wikler, Ingrid Bran, Joe Prijyanonda, Sharon Yoshida, Kelly Smith, Mary Ann Piette, Sila Kiliccote, Girish Ghatikar, and Chuck Thomas. 2007. 2007 Auto-DR Program, Task 13 Deliverable, Auto-DR Assessment Study."
Customer 8,field-testing,3/10_MA_CBL,,8/30/07,15:00,18:00,,,256,,,,,,,,"Chiu, Albert, Greg Wikler, Ingrid Bran, Joe Prijyanonda, Sharon Yoshida, Kelly Smith, Mary Ann Piette, Sila Kiliccote, Girish Ghatikar, and Chuck Thomas. 2007. 2007 Auto-DR Program, Task 13 Deliverable, Auto-DR Assessment Study."
Customer 8,field-testing,3/10_MA_CBL,,8/30/07,12:00,18:00,,,219.5,,,0.23,,,0.94,,"Chiu, Albert, Greg Wikler, Ingrid Bran, Joe Prijyanonda, Sharon Yoshida, Kelly Smith, Mary Ann Piette, Sila Kiliccote, Girish Ghatikar, and Chuck Thomas. 2007. 2007 Auto-DR Program, Task 13 Deliverable, Auto-DR Assessment Study."
Customer 8,field-testing,OAT_CBL,,8/30/07,12:00,15:00,,,200,,,,,,,,"Chiu, Albert, Greg Wikler, Ingrid Bran, Joe Prijyanonda, Sharon Yoshida, Kelly Smith, Mary Ann Piette, Sila Kiliccote, Girish Ghatikar, and Chuck Thomas. 2007. 2007 Auto-DR Program, Task 13 Deliverable, Auto-DR Assessment Study."
Customer 8,field-testing,OAT_CBL,,8/30/07,15:00,18:00,,,237,,,,,,,,"Chiu, Albert, Greg Wikler, Ingrid Bran, Joe Prijyanonda, Sharon Yoshida, Kelly Smith, Mary Ann Piette, Sila Kiliccote, Girish Ghatikar, and Chuck Thomas. 2007. 2007 Auto-DR Program, Task 13 Deliverable, Auto-DR Assessment Study."
Customer 8,field-testing,OAT_CBL,,8/30/07,12:00,18:00,,,218.5,,,0.21,,,0.87,,"Chiu, Albert, Greg Wikler, Ingrid Bran, Joe Prijyanonda, Sharon Yoshida, Kelly Smith, Mary Ann Piette, Sila Kiliccote, Girish Ghatikar, and Chuck Thomas. 2007. 2007 Auto-DR Program, Task 13 Deliverable, Auto-DR Assessment Study."
Customer 9,field-testing,3/10_CBL,,7/13/07,12:00,15:00,,,-80,,,,,,,,"Chiu, Albert, Greg Wikler, Ingrid Bran, Joe Prijyanonda, Sharon Yoshida, Kelly Smith, Mary Ann Piette, Sila Kiliccote, Girish Ghatikar, and Chuck Thomas. 2007. 2007 Auto-DR Program, Task 13 Deliverable, Auto-DR Assessment Study."
Customer 9,field-testing,3/10_CBL,,7/13/07,15:00,18:00,,,3,,,,,,,,"Chiu, Albert, Greg Wikler, Ingrid Bran, Joe Prijyanonda, Sharon Yoshida, Kelly Smith, Mary Ann Piette, Sila Kiliccote, Girish Ghatikar, and Chuck Thomas. 2007. 2007 Auto-DR Program, Task 13 Deliverable, Auto-DR Assessment Study."
Customer 9,field-testing,3/10_CBL,,7/13/07,12:00,18:00,,,-38.5,,,0.01,,,0.03,,"Chiu, Albert, Greg Wikler, Ingrid Bran, Joe Prijyanonda, Sharon Yoshida, Kelly Smith, Mary Ann Piette, Sila Kiliccote, Girish Ghatikar, and Chuck Thomas. 2007. 2007 Auto-DR Program, Task 13 Deliverable, Auto-DR Assessment Study."
Customer 9,field-testing,3/10_MA_CBL,,7/13/07,12:00,15:00,,,-19,,,,,,,,"Chiu, Albert, Greg Wikler, Ingrid Bran, Joe Prijyanonda, Sharon Yoshida, Kelly Smith, Mary Ann Piette, Sila Kiliccote, Girish Ghatikar, and Chuck Thomas. 2007. 2007 Auto-DR Program, Task 13 Deliverable, Auto-DR Assessment Study."
Customer 9,field-testing,3/10_MA_CBL,,7/13/07,15:00,18:00,,,54,,,,,,,,"Chiu, Albert, Greg Wikler, Ingrid Bran, Joe Prijyanonda, Sharon Yoshida, Kelly Smith, Mary Ann Piette, Sila Kiliccote, Girish Ghatikar, and Chuck Thomas. 2007. 2007 Auto-DR Program, Task 13 Deliverable, Auto-DR Assessment Study."
Customer 9,field-testing,3/10_MA_CBL,,7/13/07,12:00,18:00,,,17.5,,,0.1,,,0.53,,"Chiu, Albert, Greg Wikler, Ingrid Bran, Joe Prijyanonda, Sharon Yoshida, Kelly Smith, Mary Ann Piette, Sila Kiliccote, Girish Ghatikar, and Chuck Thomas. 2007. 2007 Auto-DR Program, Task 13 Deliverable, Auto-DR Assessment Study."
Customer 9,field-testing,OAT_CBL,,7/13/07,12:00,15:00,,,-39,,,,,,,,"Chiu, Albert, Greg Wikler, Ingrid Bran, Joe Prijyanonda, Sharon Yoshida, Kelly Smith, Mary Ann Piette, Sila Kiliccote, Girish Ghatikar, and Chuck Thomas. 2007. 2007 Auto-DR Program, Task 13 Deliverable, Auto-DR Assessment Study."
Customer 9,field-testing,OAT_CBL,,7/13/07,15:00,18:00,,,35,,,,,,,,"Chiu, Albert, Greg Wikler, Ingrid Bran, Joe Prijyanonda, Sharon Yoshida, Kelly Smith, Mary Ann Piette, Sila Kiliccote, Girish Ghatikar, and Chuck Thomas. 2007. 2007 Auto-DR Program, Task 13 Deliverable, Auto-DR Assessment Study."
Customer 9,field-testing,OAT_CBL,,7/13/07,12:00,18:00,,,-2,,,0.07,,,0.34,,"Chiu, Albert, Greg Wikler, Ingrid Bran, Joe Prijyanonda, Sharon Yoshida, Kelly Smith, Mary Ann Piette, Sila Kiliccote, Girish Ghatikar, and Chuck Thomas. 2007. 2007 Auto-DR Program, Task 13 Deliverable, Auto-DR Assessment Study."
Customer 9,field-testing,3/10_CBL,,7/5/07,12:00,15:00,,,8,,,,,,,,"Chiu, Albert, Greg Wikler, Ingrid Bran, Joe Prijyanonda, Sharon Yoshida, Kelly Smith, Mary Ann Piette, Sila Kiliccote, Girish Ghatikar, and Chuck Thomas. 2007. 2007 Auto-DR Program, Task 13 Deliverable, Auto-DR Assessment Study."
Customer 9,field-testing,3/10_CBL,,7/5/07,15:00,18:00,,,95,,,,,,,,"Chiu, Albert, Greg Wikler, Ingrid Bran, Joe Prijyanonda, Sharon Yoshida, Kelly Smith, Mary Ann Piette, Sila Kiliccote, Girish Ghatikar, and Chuck Thomas. 2007. 2007 Auto-DR Program, Task 13 Deliverable, Auto-DR Assessment Study."
Customer 9,field-testing,3/10_CBL,,7/5/07,12:00,18:00,,,51.5,,,0.18,,,0.94,,"Chiu, Albert, Greg Wikler, Ingrid Bran, Joe Prijyanonda, Sharon Yoshida, Kelly Smith, Mary Ann Piette, Sila Kiliccote, Girish Ghatikar, and Chuck Thomas. 2007. 2007 Auto-DR Program, Task 13 Deliverable, Auto-DR Assessment Study."
Customer 9,field-testing,3/10_MA_CBL,,7/5/07,12:00,15:00,,,2,,,,,,,,"Chiu, Albert, Greg Wikler, Ingrid Bran, Joe Prijyanonda, Sharon Yoshida, Kelly Smith, Mary Ann Piette, Sila Kiliccote, Girish Ghatikar, and Chuck Thomas. 2007. 2007 Auto-DR Program, Task 13 Deliverable, Auto-DR Assessment Study."
Customer 9,field-testing,3/10_MA_CBL,,7/5/07,15:00,18:00,,,89,,,,,,,,"Chiu, Albert, Greg Wikler, Ingrid Bran, Joe Prijyanonda, Sharon Yoshida, Kelly Smith, Mary Ann Piette, Sila Kiliccote, Girish Ghatikar, and Chuck Thomas. 2007. 2007 Auto-DR Program, Task 13 Deliverable, Auto-DR Assessment Study."
Customer 9,field-testing,3/10_MA_CBL,,7/5/07,12:00,18:00,,,45.5,,,0.17,,,0.88,,"Chiu, Albert, Greg Wikler, Ingrid Bran, Joe Prijyanonda, Sharon Yoshida, Kelly Smith, Mary Ann Piette, Sila Kiliccote, Girish Ghatikar, and Chuck Thomas. 2007. 2007 Auto-DR Program, Task 13 Deliverable, Auto-DR Assessment Study."
Customer 9,field-testing,OAT_CBL,,7/5/07,12:00,15:00,,,-35,,,,,,,,"Chiu, Albert, Greg Wikler, Ingrid Bran, Joe Prijyanonda, Sharon Yoshida, Kelly Smith, Mary Ann Piette, Sila Kiliccote, Girish Ghatikar, and Chuck Thomas. 2007. 2007 Auto-DR Program, Task 13 Deliverable, Auto-DR Assessment Study."
Customer 9,field-testing,OAT_CBL,,7/5/07,15:00,18:00,,,68,,,,,,,,"Chiu, Albert, Greg Wikler, Ingrid Bran, Joe Prijyanonda, Sharon Yoshida, Kelly Smith, Mary Ann Piette, Sila Kiliccote, Girish Ghatikar, and Chuck Thomas. 2007. 2007 Auto-DR Program, Task 13 Deliverable, Auto-DR Assessment Study."
Customer 9,field-testing,OAT_CBL,,7/5/07,12:00,18:00,,,16.5,,,0.14,,,0.67,,"Chiu, Albert, Greg Wikler, Ingrid Bran, Joe Prijyanonda, Sharon Yoshida, Kelly Smith, Mary Ann Piette, Sila Kiliccote, Girish Ghatikar, and Chuck Thomas. 2007. 2007 Auto-DR Program, Task 13 Deliverable, Auto-DR Assessment Study."
Customer 9,field-testing,3/10_CBL,,8/1/07,12:00,15:00,,,-6,,,,,,,,"Chiu, Albert, Greg Wikler, Ingrid Bran, Joe Prijyanonda, Sharon Yoshida, Kelly Smith, Mary Ann Piette, Sila Kiliccote, Girish Ghatikar, and Chuck Thomas. 2007. 2007 Auto-DR Program, Task 13 Deliverable, Auto-DR Assessment Study."
Customer 9,field-testing,3/10_CBL,,8/1/07,15:00,18:00,,,146,,,,,,,,"Chiu, Albert, Greg Wikler, Ingrid Bran, Joe Prijyanonda, Sharon Yoshida, Kelly Smith, Mary Ann Piette, Sila Kiliccote, Girish Ghatikar, and Chuck Thomas. 2007. 2007 Auto-DR Program, Task 13 Deliverable, Auto-DR Assessment Study."
Customer 9,field-testing,3/10_CBL,,8/1/07,12:00,18:00,,,70,,,0.25,,,1.45,,"Chiu, Albert, Greg Wikler, Ingrid Bran, Joe Prijyanonda, Sharon Yoshida, Kelly Smith, Mary Ann Piette, Sila Kiliccote, Girish Ghatikar, and Chuck Thomas. 2007. 2007 Auto-DR Program, Task 13 Deliverable, Auto-DR Assessment Study."
Customer 9,field-testing,3/10_MA_CBL,,8/1/07,12:00,15:00,,,30,,,,,,,,"Chiu, Albert, Greg Wikler, Ingrid Bran, Joe Prijyanonda, Sharon Yoshida, Kelly Smith, Mary Ann Piette, Sila Kiliccote, Girish Ghatikar, and Chuck Thomas. 2007. 2007 Auto-DR Program, Task 13 Deliverable, Auto-DR Assessment Study."
Customer 9,field-testing,3/10_MA_CBL,,8/1/07,15:00,18:00,,,183,,,,,,,,"Chiu, Albert, Greg Wikler, Ingrid Bran, Joe Prijyanonda, Sharon Yoshida, Kelly Smith, Mary Ann Piette, Sila Kiliccote, Girish Ghatikar, and Chuck Thomas. 2007. 2007 Auto-DR Program, Task 13 Deliverable, Auto-DR Assessment Study."
Customer 9,field-testing,3/10_MA_CBL,,8/1/07,12:00,18:00,,,106.5,,,0.3,,,1.81,,"Chiu, Albert, Greg Wikler, Ingrid Bran, Joe Prijyanonda, Sharon Yoshida, Kelly Smith, Mary Ann Piette, Sila Kiliccote, Girish Ghatikar, and Chuck Thomas. 2007. 2007 Auto-DR Program, Task 13 Deliverable, Auto-DR Assessment Study."
Customer 9,field-testing,OAT_CBL,,8/1/07,12:00,15:00,,,-2,,,,,,,,"Chiu, Albert, Greg Wikler, Ingrid Bran, Joe Prijyanonda, Sharon Yoshida, Kelly Smith, Mary Ann Piette, Sila Kiliccote, Girish Ghatikar, and Chuck Thomas. 2007. 2007 Auto-DR Program, Task 13 Deliverable, Auto-DR Assessment Study."
Customer 9,field-testing,OAT_CBL,,8/1/07,15:00,18:00,,,118,,,,,,,,"Chiu, Albert, Greg Wikler, Ingrid Bran, Joe Prijyanonda, Sharon Yoshida, Kelly Smith, Mary Ann Piette, Sila Kiliccote, Girish Ghatikar, and Chuck Thomas. 2007. 2007 Auto-DR Program, Task 13 Deliverable, Auto-DR Assessment Study."
Customer 9,field-testing,OAT_CBL,,8/1/07,12:00,18:00,,,58,,,0.22,,,1.17,,"Chiu, Albert, Greg Wikler, Ingrid Bran, Joe Prijyanonda, Sharon Yoshida, Kelly Smith, Mary Ann Piette, Sila Kiliccote, Girish Ghatikar, and Chuck Thomas. 2007. 2007 Auto-DR Program, Task 13 Deliverable, Auto-DR Assessment Study."
Customer 9,field-testing,3/10_CBL,,8/30/07,12:00,15:00,,,8,,,,,,,,"Chiu, Albert, Greg Wikler, Ingrid Bran, Joe Prijyanonda, Sharon Yoshida, Kelly Smith, Mary Ann Piette, Sila Kiliccote, Girish Ghatikar, and Chuck Thomas. 2007. 2007 Auto-DR Program, Task 13 Deliverable, Auto-DR Assessment Study."
Customer 9,field-testing,3/10_CBL,,8/30/07,15:00,18:00,,,112,,,,,,,,"Chiu, Albert, Greg Wikler, Ingrid Bran, Joe Prijyanonda, Sharon Yoshida, Kelly Smith, Mary Ann Piette, Sila Kiliccote, Girish Ghatikar, and Chuck Thomas. 2007. 2007 Auto-DR Program, Task 13 Deliverable, Auto-DR Assessment Study."
Customer 9,field-testing,3/10_CBL,,8/30/07,12:00,18:00,,,60,,,0.2,,,1.11,,"Chiu, Albert, Greg Wikler, Ingrid Bran, Joe Prijyanonda, Sharon Yoshida, Kelly Smith, Mary Ann Piette, Sila Kiliccote, Girish Ghatikar, and Chuck Thomas. 2007. 2007 Auto-DR Program, Task 13 Deliverable, Auto-DR Assessment Study."
Customer 9,field-testing,3/10_MA_CBL,,8/30/07,12:00,15:00,,,3,,,,,,,,"Chiu, Albert, Greg Wikler, Ingrid Bran, Joe Prijyanonda, Sharon Yoshida, Kelly Smith, Mary Ann Piette, Sila Kiliccote, Girish Ghatikar, and Chuck Thomas. 2007. 2007 Auto-DR Program, Task 13 Deliverable, Auto-DR Assessment Study."
Customer 9,field-testing,3/10_MA_CBL,,8/30/07,15:00,18:00,,,107,,,,,,,,"Chiu, Albert, Greg Wikler, Ingrid Bran, Joe Prijyanonda, Sharon Yoshida, Kelly Smith, Mary Ann Piette, Sila Kiliccote, Girish Ghatikar, and Chuck Thomas. 2007. 2007 Auto-DR Program, Task 13 Deliverable, Auto-DR Assessment Study."
Customer 9,field-testing,3/10_MA_CBL,,8/30/07,12:00,18:00,,,55,,,0.2,,,1.06,,"Chiu, Albert, Greg Wikler, Ingrid Bran, Joe Prijyanonda, Sharon Yoshida, Kelly Smith, Mary Ann Piette, Sila Kiliccote, Girish Ghatikar, and Chuck Thomas. 2007. 2007 Auto-DR Program, Task 13 Deliverable, Auto-DR Assessment Study."
Customer 9,field-testing,OAT_CBL,,8/30/07,12:00,15:00,,,22,,,,,,,,"Chiu, Albert, Greg Wikler, Ingrid Bran, Joe Prijyanonda, Sharon Yoshida, Kelly Smith, Mary Ann Piette, Sila Kiliccote, Girish Ghatikar, and Chuck Thomas. 2007. 2007 Auto-DR Program, Task 13 Deliverable, Auto-DR Assessment Study."
Customer 9,field-testing,OAT_CBL,,8/30/07,15:00,18:00,,,124,,,,,,,,"Chiu, Albert, Greg Wikler, Ingrid Bran, Joe Prijyanonda, Sharon Yoshida, Kelly Smith, Mary Ann Piette, Sila Kiliccote, Girish Ghatikar, and Chuck Thomas. 2007. 2007 Auto-DR Program, Task 13 Deliverable, Auto-DR Assessment Study."
Customer 9,field-testing,OAT_CBL,,8/30/07,12:00,18:00,,,73,,,0.22,,,1.22,,"Chiu, Albert, Greg Wikler, Ingrid Bran, Joe Prijyanonda, Sharon Yoshida, Kelly Smith, Mary Ann Piette, Sila Kiliccote, Girish Ghatikar, and Chuck Thomas. 2007. 2007 Auto-DR Program, Task 13 Deliverable, Auto-DR Assessment Study."
Customer 10,field-testing,3/10_CBL,,7/13/07,12:00,15:00,,,-72,,,,,,,,"Chiu, Albert, Greg Wikler, Ingrid Bran, Joe Prijyanonda, Sharon Yoshida, Kelly Smith, Mary Ann Piette, Sila Kiliccote, Girish Ghatikar, and Chuck Thomas. 2007. 2007 Auto-DR Program, Task 13 Deliverable, Auto-DR Assessment Study."
Customer 10,field-testing,3/10_CBL,,7/13/07,15:00,18:00,,,31,,,,,,,,"Chiu, Albert, Greg Wikler, Ingrid Bran, Joe Prijyanonda, Sharon Yoshida, Kelly Smith, Mary Ann Piette, Sila Kiliccote, Girish Ghatikar, and Chuck Thomas. 2007. 2007 Auto-DR Program, Task 13 Deliverable, Auto-DR Assessment Study."
Customer 10,field-testing,3/10_CBL,,7/13/07,12:00,18:00,,,-20.5,,,0.03,,,0.07,,"Chiu, Albert, Greg Wikler, Ingrid Bran, Joe Prijyanonda, Sharon Yoshida, Kelly Smith, Mary Ann Piette, Sila Kiliccote, Girish Ghatikar, and Chuck Thomas. 2007. 2007 Auto-DR Program, Task 13 Deliverable, Auto-DR Assessment Study."
Customer 10,field-testing,3/10_MA_CBL,,7/13/07,12:00,15:00,,,80,,,,,,,,"Chiu, Albert, Greg Wikler, Ingrid Bran, Joe Prijyanonda, Sharon Yoshida, Kelly Smith, Mary Ann Piette, Sila Kiliccote, Girish Ghatikar, and Chuck Thomas. 2007. 2007 Auto-DR Program, Task 13 Deliverable, Auto-DR Assessment Study."
Customer 10,field-testing,3/10_MA_CBL,,7/13/07,15:00,18:00,,,225,,,,,,,,"Chiu, Albert, Greg Wikler, Ingrid Bran, Joe Prijyanonda, Sharon Yoshida, Kelly Smith, Mary Ann Piette, Sila Kiliccote, Girish Ghatikar, and Chuck Thomas. 2007. 2007 Auto-DR Program, Task 13 Deliverable, Auto-DR Assessment Study."
Customer 10,field-testing,3/10_MA_CBL,,7/13/07,12:00,18:00,,,152.5,,,0.18,,,0.54,,"Chiu, Albert, Greg Wikler, Ingrid Bran, Joe Prijyanonda, Sharon Yoshida, Kelly Smith, Mary Ann Piette, Sila Kiliccote, Girish Ghatikar, and Chuck Thomas. 2007. 2007 Auto-DR Program, Task 13 Deliverable, Auto-DR Assessment Study."
Customer 10,field-testing,OAT_CBL,,7/13/07,12:00,15:00,,,59,,,,,,,,"Chiu, Albert, Greg Wikler, Ingrid Bran, Joe Prijyanonda, Sharon Yoshida, Kelly Smith, Mary Ann Piette, Sila Kiliccote, Girish Ghatikar, and Chuck Thomas. 2007. 2007 Auto-DR Program, Task 13 Deliverable, Auto-DR Assessment Study."
Customer 10,field-testing,OAT_CBL,,7/13/07,15:00,18:00,,,171,,,,,,,,"Chiu, Albert, Greg Wikler, Ingrid Bran, Joe Prijyanonda, Sharon Yoshida, Kelly Smith, Mary Ann Piette, Sila Kiliccote, Girish Ghatikar, and Chuck Thomas. 2007. 2007 Auto-DR Program, Task 13 Deliverable, Auto-DR Assessment Study."
Customer 10,field-testing,OAT_CBL,,7/13/07,12:00,18:00,,,115,,,0.14,,,0.41,,"Chiu, Albert, Greg Wikler, Ingrid Bran, Joe Prijyanonda, Sharon Yoshida, Kelly Smith, Mary Ann Piette, Sila Kiliccote, Girish Ghatikar, and Chuck Thomas. 2007. 2007 Auto-DR Program, Task 13 Deliverable, Auto-DR Assessment Study."
Customer 10,field-testing,3/10_CBL,,7/5/07,12:00,15:00,,,57,,,,,,,,"Chiu, Albert, Greg Wikler, Ingrid Bran, Joe Prijyanonda, Sharon Yoshida, Kelly Smith, Mary Ann Piette, Sila Kiliccote, Girish Ghatikar, and Chuck Thomas. 2007. 2007 Auto-DR Program, Task 13 Deliverable, Auto-DR Assessment Study."
Customer 10,field-testing,3/10_CBL,,7/5/07,15:00,18:00,,,-71,,,,,,,,"Chiu, Albert, Greg Wikler, Ingrid Bran, Joe Prijyanonda, Sharon Yoshida, Kelly Smith, Mary Ann Piette, Sila Kiliccote, Girish Ghatikar, and Chuck Thomas. 2007. 2007 Auto-DR Program, Task 13 Deliverable, Auto-DR Assessment Study."
Customer 10,field-testing,3/10_CBL,,7/5/07,12:00,18:00,,,-7,,,-0.06,,,-0.17,,"Chiu, Albert, Greg Wikler, Ingrid Bran, Joe Prijyanonda, Sharon Yoshida, Kelly Smith, Mary Ann Piette, Sila Kiliccote, Girish Ghatikar, and Chuck Thomas. 2007. 2007 Auto-DR Program, Task 13 Deliverable, Auto-DR Assessment Study."
Customer 10,field-testing,3/10_MA_CBL,,7/5/07,12:00,15:00,,,273,,,,,,,,"Chiu, Albert, Greg Wikler, Ingrid Bran, Joe Prijyanonda, Sharon Yoshida, Kelly Smith, Mary Ann Piette, Sila Kiliccote, Girish Ghatikar, and Chuck Thomas. 2007. 2007 Auto-DR Program, Task 13 Deliverable, Auto-DR Assessment Study."
Customer 10,field-testing,3/10_MA_CBL,,7/5/07,15:00,18:00,,,184,,,,,,,,"Chiu, Albert, Greg Wikler, Ingrid Bran, Joe Prijyanonda, Sharon Yoshida, Kelly Smith, Mary Ann Piette, Sila Kiliccote, Girish Ghatikar, and Chuck Thomas. 2007. 2007 Auto-DR Program, Task 13 Deliverable, Auto-DR Assessment Study."
Customer 10,field-testing,3/10_MA_CBL,,7/5/07,12:00,18:00,,,228.5,,,0.14,,,0.44,,"Chiu, Albert, Greg Wikler, Ingrid Bran, Joe Prijyanonda, Sharon Yoshida, Kelly Smith, Mary Ann Piette, Sila Kiliccote, Girish Ghatikar, and Chuck Thomas. 2007. 2007 Auto-DR Program, Task 13 Deliverable, Auto-DR Assessment Study."
Customer 10,field-testing,OAT_CBL,,7/5/07,12:00,15:00,,,201,,,,,,,,"Chiu, Albert, Greg Wikler, Ingrid Bran, Joe Prijyanonda, Sharon Yoshida, Kelly Smith, Mary Ann Piette, Sila Kiliccote, Girish Ghatikar, and Chuck Thomas. 2007. 2007 Auto-DR Program, Task 13 Deliverable, Auto-DR Assessment Study."
Customer 10,field-testing,OAT_CBL,,7/5/07,15:00,18:00,,,91,,,,,,,,"Chiu, Albert, Greg Wikler, Ingrid Bran, Joe Prijyanonda, Sharon Yoshida, Kelly Smith, Mary Ann Piette, Sila Kiliccote, Girish Ghatikar, and Chuck Thomas. 2007. 2007 Auto-DR Program, Task 13 Deliverable, Auto-DR Assessment Study."
Customer 10,field-testing,OAT_CBL,,7/5/07,12:00,18:00,,,146,,,0.07,,,0.22,,"Chiu, Albert, Greg Wikler, Ingrid Bran, Joe Prijyanonda, Sharon Yoshida, Kelly Smith, Mary Ann Piette, Sila Kiliccote, Girish Ghatikar, and Chuck Thomas. 2007. 2007 Auto-DR Program, Task 13 Deliverable, Auto-DR Assessment Study."
Customer 10,field-testing,3/10_CBL,,8/1/07,12:00,15:00,,,472,,,,,,,,"Chiu, Albert, Greg Wikler, Ingrid Bran, Joe Prijyanonda, Sharon Yoshida, Kelly Smith, Mary Ann Piette, Sila Kiliccote, Girish Ghatikar, and Chuck Thomas. 2007. 2007 Auto-DR Program, Task 13 Deliverable, Auto-DR Assessment Study."
Customer 10,field-testing,3/10_CBL,,8/1/07,15:00,18:00,,,312,,,,,,,,"Chiu, Albert, Greg Wikler, Ingrid Bran, Joe Prijyanonda, Sharon Yoshida, Kelly Smith, Mary Ann Piette, Sila Kiliccote, Girish Ghatikar, and Chuck Thomas. 2007. 2007 Auto-DR Program, Task 13 Deliverable, Auto-DR Assessment Study."
Customer 10,field-testing,3/10_CBL,,8/1/07,12:00,18:00,,,392,,,0.26,,,0.75,,"Chiu, Albert, Greg Wikler, Ingrid Bran, Joe Prijyanonda, Sharon Yoshida, Kelly Smith, Mary Ann Piette, Sila Kiliccote, Girish Ghatikar, and Chuck Thomas. 2007. 2007 Auto-DR Program, Task 13 Deliverable, Auto-DR Assessment Study."
Customer 10,field-testing,3/10_MA_CBL,,8/1/07,12:00,15:00,,,135,,,,,,,,"Chiu, Albert, Greg Wikler, Ingrid Bran, Joe Prijyanonda, Sharon Yoshida, Kelly Smith, Mary Ann Piette, Sila Kiliccote, Girish Ghatikar, and Chuck Thomas. 2007. 2007 Auto-DR Program, Task 13 Deliverable, Auto-DR Assessment Study."
Customer 10,field-testing,3/10_MA_CBL,,8/1/07,15:00,18:00,,,-49,,,,,,,,"Chiu, Albert, Greg Wikler, Ingrid Bran, Joe Prijyanonda, Sharon Yoshida, Kelly Smith, Mary Ann Piette, Sila Kiliccote, Girish Ghatikar, and Chuck Thomas. 2007. 2007 Auto-DR Program, Task 13 Deliverable, Auto-DR Assessment Study."
Customer 10,field-testing,3/10_MA_CBL,,8/1/07,12:00,18:00,,,43,,,-0.06,,,-0.12,,"Chiu, Albert, Greg Wikler, Ingrid Bran, Joe Prijyanonda, Sharon Yoshida, Kelly Smith, Mary Ann Piette, Sila Kiliccote, Girish Ghatikar, and Chuck Thomas. 2007. 2007 Auto-DR Program, Task 13 Deliverable, Auto-DR Assessment Study."
Customer 10,field-testing,OAT_CBL,,8/1/07,12:00,15:00,,,129,,,,,,,,"Chiu, Albert, Greg Wikler, Ingrid Bran, Joe Prijyanonda, Sharon Yoshida, Kelly Smith, Mary Ann Piette, Sila Kiliccote, Girish Ghatikar, and Chuck Thomas. 2007. 2007 Auto-DR Program, Task 13 Deliverable, Auto-DR Assessment Study."
Customer 10,field-testing,OAT_CBL,,8/1/07,15:00,18:00,,,20,,,0.02,,,0.05,,"Chiu, Albert, Greg Wikler, Ingrid Bran, Joe Prijyanonda, Sharon Yoshida, Kelly Smith, Mary Ann Piette, Sila Kiliccote, Girish Ghatikar, and Chuck Thomas. 2007. 2007 Auto-DR Program, Task 13 Deliverable, Auto-DR Assessment Study."
Customer 10,field-testing,OAT_CBL,,8/1/07,12:00,18:00,,,74.5,,,,,,,,"Chiu, Albert, Greg Wikler, Ingrid Bran, Joe Prijyanonda, Sharon Yoshida, Kelly Smith, Mary Ann Piette, Sila Kiliccote, Girish Ghatikar, and Chuck Thomas. 2007. 2007 Auto-DR Program, Task 13 Deliverable, Auto-DR Assessment Study."
Customer 10,field-testing,3/10_CBL,,8/30/07,12:00,15:00,,,59,,,,,,,,"Chiu, Albert, Greg Wikler, Ingrid Bran, Joe Prijyanonda, Sharon Yoshida, Kelly Smith, Mary Ann Piette, Sila Kiliccote, Girish Ghatikar, and Chuck Thomas. 2007. 2007 Auto-DR Program, Task 13 Deliverable, Auto-DR Assessment Study."
Customer 10,field-testing,3/10_CBL,,8/30/07,15:00,18:00,,,44,,,,,,,,"Chiu, Albert, Greg Wikler, Ingrid Bran, Joe Prijyanonda, Sharon Yoshida, Kelly Smith, Mary Ann Piette, Sila Kiliccote, Girish Ghatikar, and Chuck Thomas. 2007. 2007 Auto-DR Program, Task 13 Deliverable, Auto-DR Assessment Study."
Customer 10,field-testing,3/10_CBL,,8/30/07,12:00,18:00,,,51.5,,,0.04,,,0.11,,"Chiu, Albert, Greg Wikler, Ingrid Bran, Joe Prijyanonda, Sharon Yoshida, Kelly Smith, Mary Ann Piette, Sila Kiliccote, Girish Ghatikar, and Chuck Thomas. 2007. 2007 Auto-DR Program, Task 13 Deliverable, Auto-DR Assessment Study."
Customer 10,field-testing,3/10_MA_CBL,,8/30/07,12:00,15:00,,,180,,,,,,,,"Chiu, Albert, Greg Wikler, Ingrid Bran, Joe Prijyanonda, Sharon Yoshida, Kelly Smith, Mary Ann Piette, Sila Kiliccote, Girish Ghatikar, and Chuck Thomas. 2007. 2007 Auto-DR Program, Task 13 Deliverable, Auto-DR Assessment Study."
Customer 10,field-testing,3/10_MA_CBL,,8/30/07,15:00,18:00,,,268,,,,,,,,"Chiu, Albert, Greg Wikler, Ingrid Bran, Joe Prijyanonda, Sharon Yoshida, Kelly Smith, Mary Ann Piette, Sila Kiliccote, Girish Ghatikar, and Chuck Thomas. 2007. 2007 Auto-DR Program, Task 13 Deliverable, Auto-DR Assessment Study."
Customer 10,field-testing,3/10_MA_CBL,,8/30/07,12:00,18:00,,,224,,,0.21,,,0.65,,"Chiu, Albert, Greg Wikler, Ingrid Bran, Joe Prijyanonda, Sharon Yoshida, Kelly Smith, Mary Ann Piette, Sila Kiliccote, Girish Ghatikar, and Chuck Thomas. 2007. 2007 Auto-DR Program, Task 13 Deliverable, Auto-DR Assessment Study."
Customer 10,field-testing,OAT_CBL,,8/30/07,12:00,15:00,,,217,,,,,,,,"Chiu, Albert, Greg Wikler, Ingrid Bran, Joe Prijyanonda, Sharon Yoshida, Kelly Smith, Mary Ann Piette, Sila Kiliccote, Girish Ghatikar, and Chuck Thomas. 2007. 2007 Auto-DR Program, Task 13 Deliverable, Auto-DR Assessment Study."
Customer 10,field-testing,OAT_CBL,,8/30/07,15:00,18:00,,,240,,,,,,,,"Chiu, Albert, Greg Wikler, Ingrid Bran, Joe Prijyanonda, Sharon Yoshida, Kelly Smith, Mary Ann Piette, Sila Kiliccote, Girish Ghatikar, and Chuck Thomas. 2007. 2007 Auto-DR Program, Task 13 Deliverable, Auto-DR Assessment Study."
Customer 10,field-testing,OAT_CBL,,8/30/07,12:00,18:00,,,228.5,,,0.2,,,0.58,,"Chiu, Albert, Greg Wikler, Ingrid Bran, Joe Prijyanonda, Sharon Yoshida, Kelly Smith, Mary Ann Piette, Sila Kiliccote, Girish Ghatikar, and Chuck Thomas. 2007. 2007 Auto-DR Program, Task 13 Deliverable, Auto-DR Assessment Study."
NetApp,field-testing,3/10_CBL,,5/15/08,12:00,13:00,,,-315,,,-0.04,,,,,"Ghatikar, G., Piette, M. A., Fujita, S., McKane, A., Dudley, J. H., Radspieler, A., É Shroyer, D. (2009). Demand Response and Open Automated Demand Response Opportunities for Data Centers. https://doi.org/10.2172/981725"
NetApp,field-testing,3/10_CBL,,5/15/08,13:00,14:00,,,-261,,,-0.03,,,,,"Ghatikar, G., Piette, M. A., Fujita, S., McKane, A., Dudley, J. H., Radspieler, A., É Shroyer, D. (2009). Demand Response and Open Automated Demand Response Opportunities for Data Centers. https://doi.org/10.2172/981726"
NetApp,field-testing,3/10_CBL,,5/15/08,14:00,15:00,,,-492,,,-0.06,,,,,"Ghatikar, G., Piette, M. A., Fujita, S., McKane, A., Dudley, J. H., Radspieler, A., É Shroyer, D. (2009). Demand Response and Open Automated Demand Response Opportunities for Data Centers. https://doi.org/10.2172/981727"
NetApp,field-testing,3/10_CBL,,5/15/08,15:00,16:00,,,-542,,,-0.07,,,,,"Ghatikar, G., Piette, M. A., Fujita, S., McKane, A., Dudley, J. H., Radspieler, A., É Shroyer, D. (2009). Demand Response and Open Automated Demand Response Opportunities for Data Centers. https://doi.org/10.2172/981728"
NetApp,field-testing,3/10_CBL,,5/15/08,16:00,17:00,,,-745,,,-0.09,,,,,"Ghatikar, G., Piette, M. A., Fujita, S., McKane, A., Dudley, J. H., Radspieler, A., É Shroyer, D. (2009). Demand Response and Open Automated Demand Response Opportunities for Data Centers. https://doi.org/10.2172/981729"
NetApp,field-testing,3/10_CBL,,5/15/08,17:00,18:00,,,-795,,,-0.1,,,,,"Ghatikar, G., Piette, M. A., Fujita, S., McKane, A., Dudley, J. H., Radspieler, A., É Shroyer, D. (2009). Demand Response and Open Automated Demand Response Opportunities for Data Centers. https://doi.org/10.2172/981730"
NetApp,field-testing,3/10_CBL,,5/15/08,18:00,19:00,,,-696,,,-0.09,,,,,"Ghatikar, G., Piette, M. A., Fujita, S., McKane, A., Dudley, J. H., Radspieler, A., É Shroyer, D. (2009). Demand Response and Open Automated Demand Response Opportunities for Data Centers. https://doi.org/10.2172/981731"
NetApp,field-testing,3/10_CBL,,5/15/08,19:00,20:00,,,-689,,,-0.1,,,,,"Ghatikar, G., Piette, M. A., Fujita, S., McKane, A., Dudley, J. H., Radspieler, A., É Shroyer, D. (2009). Demand Response and Open Automated Demand Response Opportunities for Data Centers. https://doi.org/10.2172/981732"
NetApp,field-testing,3/10_CBL,,5/15/08,12:00,20:00,,,-567,,,-0.07,,,,,"Ghatikar, G., Piette, M. A., Fujita, S., McKane, A., Dudley, J. H., Radspieler, A., É Shroyer, D. (2009). Demand Response and Open Automated Demand Response Opportunities for Data Centers. https://doi.org/10.2172/981733"
NetApp,field-testing,3/10_MA_CBL,,5/15/08,12:00,13:00,,,710,,,0.08,,,,,"Ghatikar, G., Piette, M. A., Fujita, S., McKane, A., Dudley, J. H., Radspieler, A., É Shroyer, D. (2009). Demand Response and Open Automated Demand Response Opportunities for Data Centers. https://doi.org/10.2172/981734"
NetApp,field-testing,3/10_MA_CBL,,5/15/08,13:00,14:00,,,771,,,0.09,,,,,"Ghatikar, G., Piette, M. A., Fujita, S., McKane, A., Dudley, J. H., Radspieler, A., É Shroyer, D. (2009). Demand Response and Open Automated Demand Response Opportunities for Data Centers. https://doi.org/10.2172/981735"
NetApp,field-testing,3/10_MA_CBL,,5/15/08,14:00,15:00,,,558,,,0.06,,,,,"Ghatikar, G., Piette, M. A., Fujita, S., McKane, A., Dudley, J. H., Radspieler, A., É Shroyer, D. (2009). Demand Response and Open Automated Demand Response Opportunities for Data Centers. https://doi.org/10.2172/981736"
NetApp,field-testing,3/10_MA_CBL,,5/15/08,15:00,16:00,,,515,,,0.06,,,,,"Ghatikar, G., Piette, M. A., Fujita, S., McKane, A., Dudley, J. H., Radspieler, A., É Shroyer, D. (2009). Demand Response and Open Automated Demand Response Opportunities for Data Centers. https://doi.org/10.2172/981737"
NetApp,field-testing,3/10_MA_CBL,,5/15/08,16:00,17:00,,,312,,,0.03,,,,,"Ghatikar, G., Piette, M. A., Fujita, S., McKane, A., Dudley, J. H., Radspieler, A., É Shroyer, D. (2009). Demand Response and Open Automated Demand Response Opportunities for Data Centers. https://doi.org/10.2172/981738"
NetApp,field-testing,3/10_MA_CBL,,5/15/08,17:00,18:00,,,242,,,0.03,,,,,"Ghatikar, G., Piette, M. A., Fujita, S., McKane, A., Dudley, J. H., Radspieler, A., É Shroyer, D. (2009). Demand Response and Open Automated Demand Response Opportunities for Data Centers. https://doi.org/10.2172/981739"
NetApp,field-testing,3/10_MA_CBL,,5/15/08,18:00,19:00,,,284,,,0.03,,,,,"Ghatikar, G., Piette, M. A., Fujita, S., McKane, A., Dudley, J. H., Radspieler, A., É Shroyer, D. (2009). Demand Response and Open Automated Demand Response Opportunities for Data Centers. https://doi.org/10.2172/981740"
NetApp,field-testing,3/10_MA_CBL,,5/15/08,19:00,20:00,,,226,,,0.03,,,,,"Ghatikar, G., Piette, M. A., Fujita, S., McKane, A., Dudley, J. H., Radspieler, A., É Shroyer, D. (2009). Demand Response and Open Automated Demand Response Opportunities for Data Centers. https://doi.org/10.2172/981741"
NetApp,field-testing,3/10_MA_CBL,,5/15/08,12:00,20:00,,,452,,,0.05,,,,,"Ghatikar, G., Piette, M. A., Fujita, S., McKane, A., Dudley, J. H., Radspieler, A., É Shroyer, D. (2009). Demand Response and Open Automated Demand Response Opportunities for Data Centers. https://doi.org/10.2172/981742"
NetApp,field-testing,OAT_MA_CBL,,5/15/08,12:00,13:00,,,569,,,0.07,,,,,"Ghatikar, G., Piette, M. A., Fujita, S., McKane, A., Dudley, J. H., Radspieler, A., É Shroyer, D. (2009). Demand Response and Open Automated Demand Response Opportunities for Data Centers. https://doi.org/10.2172/981743"
NetApp,field-testing,OAT_MA_CBL,,5/15/08,13:00,14:00,,,608,,,0.07,,,,,"Ghatikar, G., Piette, M. A., Fujita, S., McKane, A., Dudley, J. H., Radspieler, A., É Shroyer, D. (2009). Demand Response and Open Automated Demand Response Opportunities for Data Centers. https://doi.org/10.2172/981744"
NetApp,field-testing,OAT_MA_CBL,,5/15/08,14:00,15:00,,,381,,,0.04,,,,,"Ghatikar, G., Piette, M. A., Fujita, S., McKane, A., Dudley, J. H., Radspieler, A., É Shroyer, D. (2009). Demand Response and Open Automated Demand Response Opportunities for Data Centers. https://doi.org/10.2172/981745"
NetApp,field-testing,OAT_MA_CBL,,5/15/08,15:00,16:00,,,481,,,0.05,,,,,"Ghatikar, G., Piette, M. A., Fujita, S., McKane, A., Dudley, J. H., Radspieler, A., É Shroyer, D. (2009). Demand Response and Open Automated Demand Response Opportunities for Data Centers. https://doi.org/10.2172/981746"
NetApp,field-testing,OAT_MA_CBL,,5/15/08,16:00,17:00,,,392,,,0.04,,,,,"Ghatikar, G., Piette, M. A., Fujita, S., McKane, A., Dudley, J. H., Radspieler, A., É Shroyer, D. (2009). Demand Response and Open Automated Demand Response Opportunities for Data Centers. https://doi.org/10.2172/981747"
NetApp,field-testing,OAT_MA_CBL,,5/15/08,17:00,18:00,,,559,,,0.06,,,,,"Ghatikar, G., Piette, M. A., Fujita, S., McKane, A., Dudley, J. H., Radspieler, A., É Shroyer, D. (2009). Demand Response and Open Automated Demand Response Opportunities for Data Centers. https://doi.org/10.2172/981748"
NetApp,field-testing,OAT_MA_CBL,,5/15/08,18:00,19:00,,,320,,,0.04,,,,,"Ghatikar, G., Piette, M. A., Fujita, S., McKane, A., Dudley, J. H., Radspieler, A., É Shroyer, D. (2009). Demand Response and Open Automated Demand Response Opportunities for Data Centers. https://doi.org/10.2172/981749"
NetApp,field-testing,OAT_MA_CBL,,5/15/08,19:00,20:00,,,84,,,0.01,,,,,"Ghatikar, G., Piette, M. A., Fujita, S., McKane, A., Dudley, J. H., Radspieler, A., É Shroyer, D. (2009). Demand Response and Open Automated Demand Response Opportunities for Data Centers. https://doi.org/10.2172/981750"
NetApp,field-testing,OAT_MA_CBL,,5/15/08,12:00,20:00,,,424,,,0.05,,,,,"Ghatikar, G., Piette, M. A., Fujita, S., McKane, A., Dudley, J. H., Radspieler, A., É Shroyer, D. (2009). Demand Response and Open Automated Demand Response Opportunities for Data Centers. https://doi.org/10.2172/981751"
NetApp,field-testing,3/10_CBL,,5/16/08,12:00,13:00,,,-102,,,-0.01,,,,,"Ghatikar, G., Piette, M. A., Fujita, S., McKane, A., Dudley, J. H., Radspieler, A., É Shroyer, D. (2009). Demand Response and Open Automated Demand Response Opportunities for Data Centers. https://doi.org/10.2172/981752"
NetApp,field-testing,3/10_CBL,,5/16/08,13:00,14:00,,,-268,,,-0.03,,,,,"Ghatikar, G., Piette, M. A., Fujita, S., McKane, A., Dudley, J. H., Radspieler, A., É Shroyer, D. (2009). Demand Response and Open Automated Demand Response Opportunities for Data Centers. https://doi.org/10.2172/981753"
NetApp,field-testing,3/10_CBL,,5/16/08,14:00,15:00,,,-193,,,-0.02,,,,,"Ghatikar, G., Piette, M. A., Fujita, S., McKane, A., Dudley, J. H., Radspieler, A., É Shroyer, D. (2009). Demand Response and Open Automated Demand Response Opportunities for Data Centers. https://doi.org/10.2172/981754"
NetApp,field-testing,3/10_CBL,,5/16/08,15:00,16:00,,,-202,,,-0.03,,,,,"Ghatikar, G., Piette, M. A., Fujita, S., McKane, A., Dudley, J. H., Radspieler, A., É Shroyer, D. (2009). Demand Response and Open Automated Demand Response Opportunities for Data Centers. https://doi.org/10.2172/981755"
NetApp,field-testing,3/10_CBL,,5/16/08,16:00,17:00,,,-275,,,-0.03,,,,,"Ghatikar, G., Piette, M. A., Fujita, S., McKane, A., Dudley, J. H., Radspieler, A., É Shroyer, D. (2009). Demand Response and Open Automated Demand Response Opportunities for Data Centers. https://doi.org/10.2172/981756"
NetApp,field-testing,3/10_CBL,,5/16/08,17:00,18:00,,,-199,,,-0.03,,,,,"Ghatikar, G., Piette, M. A., Fujita, S., McKane, A., Dudley, J. H., Radspieler, A., É Shroyer, D. (2009). Demand Response and Open Automated Demand Response Opportunities for Data Centers. https://doi.org/10.2172/981757"
NetApp,field-testing,3/10_CBL,,5/16/08,18:00,19:00,,,-336,,,-0.04,,,,,"Ghatikar, G., Piette, M. A., Fujita, S., McKane, A., Dudley, J. H., Radspieler, A., É Shroyer, D. (2009). Demand Response and Open Automated Demand Response Opportunities for Data Centers. https://doi.org/10.2172/981758"
NetApp,field-testing,3/10_CBL,,5/16/08,19:00,20:00,,,-238,,,-0.03,,,,,"Ghatikar, G., Piette, M. A., Fujita, S., McKane, A., Dudley, J. H., Radspieler, A., É Shroyer, D. (2009). Demand Response and Open Automated Demand Response Opportunities for Data Centers. https://doi.org/10.2172/981759"
NetApp,field-testing,3/10_CBL,,5/16/08,12:00,20:00,,,-227,,,-0.03,,,,,"Ghatikar, G., Piette, M. A., Fujita, S., McKane, A., Dudley, J. H., Radspieler, A., É Shroyer, D. (2009). Demand Response and Open Automated Demand Response Opportunities for Data Centers. https://doi.org/10.2172/981760"
NetApp,field-testing,3/10_MA_CBL,,5/16/08,12:00,13:00,,,978,,,0.11,,,,,"Ghatikar, G., Piette, M. A., Fujita, S., McKane, A., Dudley, J. H., Radspieler, A., É Shroyer, D. (2009). Demand Response and Open Automated Demand Response Opportunities for Data Centers. https://doi.org/10.2172/981761"
NetApp,field-testing,3/10_MA_CBL,,5/16/08,13:00,14:00,,,819,,,0.09,,,,,"Ghatikar, G., Piette, M. A., Fujita, S., McKane, A., Dudley, J. H., Radspieler, A., É Shroyer, D. (2009). Demand Response and Open Automated Demand Response Opportunities for Data Centers. https://doi.org/10.2172/981762"
NetApp,field-testing,3/10_MA_CBL,,5/16/08,14:00,15:00,,,914,,,0.1,,,,,"Ghatikar, G., Piette, M. A., Fujita, S., McKane, A., Dudley, J. H., Radspieler, A., É Shroyer, D. (2009). Demand Response and Open Automated Demand Response Opportunities for Data Centers. https://doi.org/10.2172/981763"
NetApp,field-testing,3/10_MA_CBL,,5/16/08,15:00,16:00,,,912,,,0.1,,,,,"Ghatikar, G., Piette, M. A., Fujita, S., McKane, A., Dudley, J. H., Radspieler, A., É Shroyer, D. (2009). Demand Response and Open Automated Demand Response Opportunities for Data Centers. https://doi.org/10.2172/981764"
NetApp,field-testing,3/10_MA_CBL,,5/16/08,16:00,17:00,,,838,,,0.09,,,,,"Ghatikar, G., Piette, M. A., Fujita, S., McKane, A., Dudley, J. H., Radspieler, A., É Shroyer, D. (2009). Demand Response and Open Automated Demand Response Opportunities for Data Centers. https://doi.org/10.2172/981765"
NetApp,field-testing,3/10_MA_CBL,,5/16/08,17:00,18:00,,,895,,,0.1,,,,,"Ghatikar, G., Piette, M. A., Fujita, S., McKane, A., Dudley, J. H., Radspieler, A., É Shroyer, D. (2009). Demand Response and Open Automated Demand Response Opportunities for Data Centers. https://doi.org/10.2172/981766"
NetApp,field-testing,3/10_MA_CBL,,5/16/08,18:00,19:00,,,697,,,0.08,,,,,"Ghatikar, G., Piette, M. A., Fujita, S., McKane, A., Dudley, J. H., Radspieler, A., É Shroyer, D. (2009). Demand Response and Open Automated Demand Response Opportunities for Data Centers. https://doi.org/10.2172/981767"
NetApp,field-testing,3/10_MA_CBL,,5/16/08,19:00,20:00,,,726,,,0.09,,,,,"Ghatikar, G., Piette, M. A., Fujita, S., McKane, A., Dudley, J. H., Radspieler, A., É Shroyer, D. (2009). Demand Response and Open Automated Demand Response Opportunities for Data Centers. https://doi.org/10.2172/981768"
NetApp,field-testing,3/10_MA_CBL,,5/16/08,12:00,20:00,,,847,,,0.1,,,,,"Ghatikar, G., Piette, M. A., Fujita, S., McKane, A., Dudley, J. H., Radspieler, A., É Shroyer, D. (2009). Demand Response and Open Automated Demand Response Opportunities for Data Centers. https://doi.org/10.2172/981769"
NetApp,field-testing,OAT_MA_CBL,,5/16/08,12:00,13:00,,,998,,,0.11,,,,,"Ghatikar, G., Piette, M. A., Fujita, S., McKane, A., Dudley, J. H., Radspieler, A., É Shroyer, D. (2009). Demand Response and Open Automated Demand Response Opportunities for Data Centers. https://doi.org/10.2172/981770"
NetApp,field-testing,OAT_MA_CBL,,5/16/08,13:00,14:00,,,746,,,0.08,,,,,"Ghatikar, G., Piette, M. A., Fujita, S., McKane, A., Dudley, J. H., Radspieler, A., É Shroyer, D. (2009). Demand Response and Open Automated Demand Response Opportunities for Data Centers. https://doi.org/10.2172/981771"
NetApp,field-testing,OAT_MA_CBL,,5/16/08,14:00,15:00,,,642,,,0.07,,,,,"Ghatikar, G., Piette, M. A., Fujita, S., McKane, A., Dudley, J. H., Radspieler, A., É Shroyer, D. (2009). Demand Response and Open Automated Demand Response Opportunities for Data Centers. https://doi.org/10.2172/981772"
NetApp,field-testing,OAT_MA_CBL,,5/16/08,15:00,16:00,,,614,,,0.07,,,,,"Ghatikar, G., Piette, M. A., Fujita, S., McKane, A., Dudley, J. H., Radspieler, A., É Shroyer, D. (2009). Demand Response and Open Automated Demand Response Opportunities for Data Centers. https://doi.org/10.2172/981773"
NetApp,field-testing,OAT_MA_CBL,,5/16/08,16:00,17:00,,,534,,,0.06,,,,,"Ghatikar, G., Piette, M. A., Fujita, S., McKane, A., Dudley, J. H., Radspieler, A., É Shroyer, D. (2009). Demand Response and Open Automated Demand Response Opportunities for Data Centers. https://doi.org/10.2172/981774"
NetApp,field-testing,OAT_MA_CBL,,5/16/08,17:00,18:00,,,668,,,0.08,,,,,"Ghatikar, G., Piette, M. A., Fujita, S., McKane, A., Dudley, J. H., Radspieler, A., É Shroyer, D. (2009). Demand Response and Open Automated Demand Response Opportunities for Data Centers. https://doi.org/10.2172/981775"
NetApp,field-testing,OAT_MA_CBL,,5/16/08,18:00,19:00,,,510,,,0.06,,,,,"Ghatikar, G., Piette, M. A., Fujita, S., McKane, A., Dudley, J. H., Radspieler, A., É Shroyer, D. (2009). Demand Response and Open Automated Demand Response Opportunities for Data Centers. https://doi.org/10.2172/981776"
NetApp,field-testing,OAT_MA_CBL,,5/16/08,19:00,20:00,,,560,,,0.07,,,,,"Ghatikar, G., Piette, M. A., Fujita, S., McKane, A., Dudley, J. H., Radspieler, A., É Shroyer, D. (2009). Demand Response and Open Automated Demand Response Opportunities for Data Centers. https://doi.org/10.2172/981777"
NetApp,field-testing,OAT_MA_CBL,,5/16/08,12:00,20:00,,,659,,,0.08,,,,,"Ghatikar, G., Piette, M. A., Fujita, S., McKane, A., Dudley, J. H., Radspieler, A., É Shroyer, D. (2009). Demand Response and Open Automated Demand Response Opportunities for Data Centers. https://doi.org/10.2172/981778"
NetApp,field-testing,3/10_CBL,,7/9/08,12:00,13:00,,,,,,,,,,,"Ghatikar, G., Piette, M. A., Fujita, S., McKane, A., Dudley, J. H., Radspieler, A., É Shroyer, D. (2009). Demand Response and Open Automated Demand Response Opportunities for Data Centers. https://doi.org/10.2172/981779"
NetApp,field-testing,3/10_CBL,,7/9/08,13:00,14:00,,,,,,,,,,,"Ghatikar, G., Piette, M. A., Fujita, S., McKane, A., Dudley, J. H., Radspieler, A., É Shroyer, D. (2009). Demand Response and Open Automated Demand Response Opportunities for Data Centers. https://doi.org/10.2172/981780"
NetApp,field-testing,3/10_CBL,,7/9/08,14:00,15:00,,,626,,,0.06,,,,,"Ghatikar, G., Piette, M. A., Fujita, S., McKane, A., Dudley, J. H., Radspieler, A., É Shroyer, D. (2009). Demand Response and Open Automated Demand Response Opportunities for Data Centers. https://doi.org/10.2172/981781"
NetApp,field-testing,3/10_CBL,,7/9/08,15:00,16:00,,,635,,,0.06,,,,,"Ghatikar, G., Piette, M. A., Fujita, S., McKane, A., Dudley, J. H., Radspieler, A., É Shroyer, D. (2009). Demand Response and Open Automated Demand Response Opportunities for Data Centers. https://doi.org/10.2172/981782"
NetApp,field-testing,3/10_CBL,,7/9/08,16:00,17:00,,,261,,,0.02,,,,,"Ghatikar, G., Piette, M. A., Fujita, S., McKane, A., Dudley, J. H., Radspieler, A., É Shroyer, D. (2009). Demand Response and Open Automated Demand Response Opportunities for Data Centers. https://doi.org/10.2172/981783"
NetApp,field-testing,3/10_CBL,,7/9/08,17:00,18:00,,,161,,,0.01,,,,,"Ghatikar, G., Piette, M. A., Fujita, S., McKane, A., Dudley, J. H., Radspieler, A., É Shroyer, D. (2009). Demand Response and Open Automated Demand Response Opportunities for Data Centers. https://doi.org/10.2172/981784"
NetApp,field-testing,3/10_CBL,,7/9/08,18:00,19:00,,,,,,,,,,,"Ghatikar, G., Piette, M. A., Fujita, S., McKane, A., Dudley, J. H., Radspieler, A., É Shroyer, D. (2009). Demand Response and Open Automated Demand Response Opportunities for Data Centers. https://doi.org/10.2172/981785"
NetApp,field-testing,3/10_CBL,,7/9/08,19:00,20:00,,,,,,,,,,,"Ghatikar, G., Piette, M. A., Fujita, S., McKane, A., Dudley, J. H., Radspieler, A., É Shroyer, D. (2009). Demand Response and Open Automated Demand Response Opportunities for Data Centers. https://doi.org/10.2172/981786"
NetApp,field-testing,3/10_CBL,,7/9/08,12:00,20:00,,,421,,,0.04,,,,,"Ghatikar, G., Piette, M. A., Fujita, S., McKane, A., Dudley, J. H., Radspieler, A., É Shroyer, D. (2009). Demand Response and Open Automated Demand Response Opportunities for Data Centers. https://doi.org/10.2172/981787"
NetApp,field-testing,3/10_MA_CBL,,7/9/08,12:00,13:00,,,,,,,,,,,"Ghatikar, G., Piette, M. A., Fujita, S., McKane, A., Dudley, J. H., Radspieler, A., É Shroyer, D. (2009). Demand Response and Open Automated Demand Response Opportunities for Data Centers. https://doi.org/10.2172/981788"
NetApp,field-testing,3/10_MA_CBL,,7/9/08,13:00,14:00,,,,,,,,,,,"Ghatikar, G., Piette, M. A., Fujita, S., McKane, A., Dudley, J. H., Radspieler, A., É Shroyer, D. (2009). Demand Response and Open Automated Demand Response Opportunities for Data Centers. https://doi.org/10.2172/981789"
NetApp,field-testing,3/10_MA_CBL,,7/9/08,14:00,15:00,,,883,,,0.08,,,,,"Ghatikar, G., Piette, M. A., Fujita, S., McKane, A., Dudley, J. H., Radspieler, A., É Shroyer, D. (2009). Demand Response and Open Automated Demand Response Opportunities for Data Centers. https://doi.org/10.2172/981790"
NetApp,field-testing,3/10_MA_CBL,,7/9/08,15:00,16:00,,,891,,,0.08,,,,,"Ghatikar, G., Piette, M. A., Fujita, S., McKane, A., Dudley, J. H., Radspieler, A., É Shroyer, D. (2009). Demand Response and Open Automated Demand Response Opportunities for Data Centers. https://doi.org/10.2172/981791"
NetApp,field-testing,3/10_MA_CBL,,7/9/08,16:00,17:00,,,512,,,0.04,,,,,"Ghatikar, G., Piette, M. A., Fujita, S., McKane, A., Dudley, J. H., Radspieler, A., É Shroyer, D. (2009). Demand Response and Open Automated Demand Response Opportunities for Data Centers. https://doi.org/10.2172/981792"
NetApp,field-testing,3/10_MA_CBL,,7/9/08,17:00,18:00,,,405,,,0.04,,,,,"Ghatikar, G., Piette, M. A., Fujita, S., McKane, A., Dudley, J. H., Radspieler, A., É Shroyer, D. (2009). Demand Response and Open Automated Demand Response Opportunities for Data Centers. https://doi.org/10.2172/981793"
NetApp,field-testing,3/10_MA_CBL,,7/9/08,18:00,19:00,,,,,,,,,,,"Ghatikar, G., Piette, M. A., Fujita, S., McKane, A., Dudley, J. H., Radspieler, A., É Shroyer, D. (2009). Demand Response and Open Automated Demand Response Opportunities for Data Centers. https://doi.org/10.2172/981794"
NetApp,field-testing,3/10_MA_CBL,,7/9/08,19:00,20:00,,,,,,,,,,,"Ghatikar, G., Piette, M. A., Fujita, S., McKane, A., Dudley, J. H., Radspieler, A., É Shroyer, D. (2009). Demand Response and Open Automated Demand Response Opportunities for Data Centers. https://doi.org/10.2172/981795"
NetApp,field-testing,3/10_MA_CBL,,7/9/08,12:00,20:00,,,672,,,0.06,,,,,"Ghatikar, G., Piette, M. A., Fujita, S., McKane, A., Dudley, J. H., Radspieler, A., É Shroyer, D. (2009). Demand Response and Open Automated Demand Response Opportunities for Data Centers. https://doi.org/10.2172/981796"
NetApp,field-testing,OAT_MA_CBL,,7/9/08,12:00,13:00,,,,,,,,,,,"Ghatikar, G., Piette, M. A., Fujita, S., McKane, A., Dudley, J. H., Radspieler, A., É Shroyer, D. (2009). Demand Response and Open Automated Demand Response Opportunities for Data Centers. https://doi.org/10.2172/981797"
NetApp,field-testing,OAT_MA_CBL,,7/9/08,13:00,14:00,,,,,,,,,,,"Ghatikar, G., Piette, M. A., Fujita, S., McKane, A., Dudley, J. H., Radspieler, A., É Shroyer, D. (2009). Demand Response and Open Automated Demand Response Opportunities for Data Centers. https://doi.org/10.2172/981798"
NetApp,field-testing,OAT_MA_CBL,,7/9/08,14:00,15:00,,,544,,,0.06,,,,,"Ghatikar, G., Piette, M. A., Fujita, S., McKane, A., Dudley, J. H., Radspieler, A., É Shroyer, D. (2009). Demand Response and Open Automated Demand Response Opportunities for Data Centers. https://doi.org/10.2172/981799"
NetApp,field-testing,OAT_MA_CBL,,7/9/08,15:00,16:00,,,615,,,0.07,,,,,"Ghatikar, G., Piette, M. A., Fujita, S., McKane, A., Dudley, J. H., Radspieler, A., É Shroyer, D. (2009). Demand Response and Open Automated Demand Response Opportunities for Data Centers. https://doi.org/10.2172/981800"
NetApp,field-testing,OAT_MA_CBL,,7/9/08,16:00,17:00,,,433,,,0.05,,,,,"Ghatikar, G., Piette, M. A., Fujita, S., McKane, A., Dudley, J. H., Radspieler, A., É Shroyer, D. (2009). Demand Response and Open Automated Demand Response Opportunities for Data Centers. https://doi.org/10.2172/981801"
NetApp,field-testing,OAT_MA_CBL,,7/9/08,17:00,18:00,,,456,,,0.05,,,,,"Ghatikar, G., Piette, M. A., Fujita, S., McKane, A., Dudley, J. H., Radspieler, A., É Shroyer, D. (2009). Demand Response and Open Automated Demand Response Opportunities for Data Centers. https://doi.org/10.2172/981802"
NetApp,field-testing,OAT_MA_CBL,,7/9/08,18:00,19:00,,,,,,,,,,,"Ghatikar, G., Piette, M. A., Fujita, S., McKane, A., Dudley, J. H., Radspieler, A., É Shroyer, D. (2009). Demand Response and Open Automated Demand Response Opportunities for Data Centers. https://doi.org/10.2172/981803"
NetApp,field-testing,OAT_MA_CBL,,7/9/08,19:00,20:00,,,,,,,,,,,"Ghatikar, G., Piette, M. A., Fujita, S., McKane, A., Dudley, J. H., Radspieler, A., É Shroyer, D. (2009). Demand Response and Open Automated Demand Response Opportunities for Data Centers. https://doi.org/10.2172/981804"
NetApp,field-testing,OAT_MA_CBL,,7/9/08,12:00,20:00,,,512,,,0.06,,,,,"Ghatikar, G., Piette, M. A., Fujita, S., McKane, A., Dudley, J. H., Radspieler, A., É Shroyer, D. (2009). Demand Response and Open Automated Demand Response Opportunities for Data Centers. https://doi.org/10.2172/981805"
NetApp,field-testing,10/10_MA_CBL,,11/19/11,14:30,17:00,,,210,,,0.41,,,,,"Ghatikar, Girish, Venkata Ganti, Nance Matson, and Mary Ann Piette. 2012. Demand Response Opportunities and Enabling Technologies for Data Centers: Findings from Field Studies."
NetApp,field-testing,10/10_MA_CBL,,11/21/11,12:00,13:00,,,,,,,,,,,"Ghatikar, Girish, Venkata Ganti, Nance Matson, and Mary Ann Piette. 2012. Demand Response Opportunities and Enabling Technologies for Data Centers: Findings from Field Studies."
NetApp,field-testing,10/10_MA_CBL,,1/13/12,14:00,16:00,,,10,,,0.02,,,,,"Ghatikar, Girish, Venkata Ganti, Nance Matson, and Mary Ann Piette. 2012. Demand Response Opportunities and Enabling Technologies for Data Centers: Findings from Field Studies."
NetApp,field-testing,10/10_MA_CBL,,1/11/12,13:00,15:00,,,247,,,0.49,,,,,"Ghatikar, Girish, Venkata Ganti, Nance Matson, and Mary Ann Piette. 2012. Demand Response Opportunities and Enabling Technologies for Data Centers: Findings from Field Studies."
Large Commercial 1,field-testing,10/10_MA_CBL,,8/10/13,14:00,18:00,,,110,,,0.19,,,0.8,,
Small Commercial 1,field-testing,10/10_MA_CBL,,8/10/13,14:00,18:00,,,5,,,0.17,,,0.8,,
Small Commercial 2,field-testing,10/10_MA_CBL,,8/10/13,14:00,18:00,,,9.4,,,0.52,,,1.5,,
Small Commercial 3,field-testing,10/10_MA_CBL,,8/10/13,14:00,18:00,,,14.8,,,0.37,,,1,,
Small Commercial 4,field-testing,10/10_MA_CBL,,8/10/13,14:00,18:00,,,3.9,,,0.16,,,0.4,,
LBNL 50B,field-testing,10/10_MA_CBL,,10/28/11,8:00,17:00,,,42,,,0.25,,,,,"Ghatikar, Girish, Venkata Ganti, Nance Matson, and Mary Ann Piette. 2012. Demand Response Opportunities and Enabling Technologies for Data Centers: Findings from Field Studies."
LBNL 50B,field-testing,10/10_MA_CBL,,11/1/11,0:00,6:00,,,17,,,0.1,,,,,"Ghatikar, Girish, Venkata Ganti, Nance Matson, and Mary Ann Piette. 2012. Demand Response Opportunities and Enabling Technologies for Data Centers: Findings from Field Studies."
LBNL 50B,field-testing,10/10_MA_CBL,,11/16/11,12:35,0:00,,,52,,,0.31,,,,,"Ghatikar, Girish, Venkata Ganti, Nance Matson, and Mary Ann Piette. 2012. Demand Response Opportunities and Enabling Technologies for Data Centers: Findings from Field Studies."
LBNL 50B,field-testing,10/10_MA_CBL,,12/2/11,15:40,0:00,,,9,,,0.15,,,,,"Ghatikar, Girish, Venkata Ganti, Nance Matson, and Mary Ann Piette. 2012. Demand Response Opportunities and Enabling Technologies for Data Centers: Findings from Field Studies."
Three Carnegie Plaza,field-testing,OAT_MA_CBL,,7/9/08,12:00,15:00,,56.6,24.6,,0.24,0.1,,0.68,0.29,,"Yin, Rongxin, Peng Xu, Mary Ann Piette, and Sila Kiliccote. 2010. ÒStudy on Auto-DR and Pre-Cooling of Commercial Buildings with Thermal Mass in California.Ó Energy and Buildings 42(7):967Ð75."
Three Carnegie Plaza,field-testing,OAT_MA_CBL,,7/9/08,15:00,18:00,,31.7,-37.6,,0.13,-0.16,,0.38,-0.45,,"Yin, Rongxin, Peng Xu, Mary Ann Piette, and Sila Kiliccote. 2010. ÒStudy on Auto-DR and Pre-Cooling of Commercial Buildings with Thermal Mass in California.Ó Energy and Buildings 42(7):967Ð75."
Three Carnegie Plaza,field-testing,OAT_MA_CBL,,7/10/08,12:00,15:00,,43.2,4.3,,0.18,0.02,,0.52,0.05,,"Yin, Rongxin, Peng Xu, Mary Ann Piette, and Sila Kiliccote. 2010. ÒStudy on Auto-DR and Pre-Cooling of Commercial Buildings with Thermal Mass in California.Ó Energy and Buildings 42(7):967Ð75."
Three Carnegie Plaza,field-testing,OAT_MA_CBL,,7/10/08,15:00,18:00,,48,-23.2,,0.2,-0.1,,0.57,-0.28,,"Yin, Rongxin, Peng Xu, Mary Ann Piette, and Sila Kiliccote. 2010. ÒStudy on Auto-DR and Pre-Cooling of Commercial Buildings with Thermal Mass in California.Ó Energy and Buildings 42(7):967Ð75."
Three Carnegie Plaza,field-testing,OAT_MA_CBL,,7/21/08,12:00,15:00,,2.9,-11.4,,0.01,-0.05,,0.03,-0.14,,"Yin, Rongxin, Peng Xu, Mary Ann Piette, and Sila Kiliccote. 2010. ÒStudy on Auto-DR and Pre-Cooling of Commercial Buildings with Thermal Mass in California.Ó Energy and Buildings 42(7):967Ð75."
Three Carnegie Plaza,field-testing,OAT_MA_CBL,,7/21/08,15:00,18:00,,20.2,-20.9,,0.08,-0.09,,0.24,-0.25,,"Yin, Rongxin, Peng Xu, Mary Ann Piette, and Sila Kiliccote. 2010. ÒStudy on Auto-DR and Pre-Cooling of Commercial Buildings with Thermal Mass in California.Ó Energy and Buildings 42(7):967Ð75."
Three Carnegie Plaza,field-testing,OAT_MA_CBL,,8/1/08,12:00,15:00,,63.4,50.6,,0.27,0.21,,0.76,0.6,,"Yin, Rongxin, Peng Xu, Mary Ann Piette, and Sila Kiliccote. 2010. ÒStudy on Auto-DR and Pre-Cooling of Commercial Buildings with Thermal Mass in California.Ó Energy and Buildings 42(7):967Ð75."
Three Carnegie Plaza,field-testing,OAT_MA_CBL,,8/1/08,15:00,18:00,,68.2,51.6,,0.29,0.22,,0.81,0.62,,"Yin, Rongxin, Peng Xu, Mary Ann Piette, and Sila Kiliccote. 2010. ÒStudy on Auto-DR and Pre-Cooling of Commercial Buildings with Thermal Mass in California.Ó Energy and Buildings 42(7):967Ð75."
Three Carnegie Plaza,field-testing,OAT_MA_CBL,,8/5/08,12:00,15:00,,69.1,54.5,,0.27,0.21,,0.83,0.65,,"Yin, Rongxin, Peng Xu, Mary Ann Piette, and Sila Kiliccote. 2010. ÒStudy on Auto-DR and Pre-Cooling of Commercial Buildings with Thermal Mass in California.Ó Energy and Buildings 42(7):967Ð75."
Three Carnegie Plaza,field-testing,OAT_MA_CBL,,8/5/08,15:00,18:00,,86.4,54.2,,0.34,0.21,,1.03,0.65,,"Yin, Rongxin, Peng Xu, Mary Ann Piette, and Sila Kiliccote. 2010. ÒStudy on Auto-DR and Pre-Cooling of Commercial Buildings with Thermal Mass in California.Ó Energy and Buildings 42(7):967Ð75."
Three Carnegie Plaza,field-testing,OAT_MA_CBL,,8/6/08,12:00,15:00,,71,50.5,,0.28,0.2,,0.85,0.6,,"Yin, Rongxin, Peng Xu, Mary Ann Piette, and Sila Kiliccote. 2010. ÒStudy on Auto-DR and Pre-Cooling of Commercial Buildings with Thermal Mass in California.Ó Energy and Buildings 42(7):967Ð75."
Three Carnegie Plaza,field-testing,OAT_MA_CBL,,8/6/08,15:00,18:00,,64.3,45,,0.25,0.18,,0.77,0.54,,"Yin, Rongxin, Peng Xu, Mary Ann Piette, and Sila Kiliccote. 2010. ÒStudy on Auto-DR and Pre-Cooling of Commercial Buildings with Thermal Mass in California.Ó Energy and Buildings 42(7):967Ð75."
Three Carnegie Plaza,field-testing,OAT_MA_CBL,,8/11/08,12:00,15:00,,111.4,101.1,,0.36,0.33,,1.33,1.21,,"Yin, Rongxin, Peng Xu, Mary Ann Piette, and Sila Kiliccote. 2010. ÒStudy on Auto-DR and Pre-Cooling of Commercial Buildings with Thermal Mass in California.Ó Energy and Buildings 42(7):967Ð75."
Three Carnegie Plaza,field-testing,OAT_MA_CBL,,8/11/08,15:00,18:00,,84.5,50.6,,0.27,0.16,,1.01,0.61,,"Yin, Rongxin, Peng Xu, Mary Ann Piette, and Sila Kiliccote. 2010. ÒStudy on Auto-DR and Pre-Cooling of Commercial Buildings with Thermal Mass in California.Ó Energy and Buildings 42(7):967Ð75."
Three Carnegie Plaza,field-testing,OAT_MA_CBL,,8/12/08,12:00,15:00,,90.2,77.5,,0.29,0.25,,1.08,0.93,,"Yin, Rongxin, Peng Xu, Mary Ann Piette, and Sila Kiliccote. 2010. ÒStudy on Auto-DR and Pre-Cooling of Commercial Buildings with Thermal Mass in California.Ó Energy and Buildings 42(7):967Ð75."
Three Carnegie Plaza,field-testing,OAT_MA_CBL,,8/12/08,15:00,18:00,,66.2,32.8,,0.21,0.11,,0.79,0.39,,"Yin, Rongxin, Peng Xu, Mary Ann Piette, and Sila Kiliccote. 2010. ÒStudy on Auto-DR and Pre-Cooling of Commercial Buildings with Thermal Mass in California.Ó Energy and Buildings 42(7):967Ð75."
Three Carnegie Plaza,field-testing,OAT_MA_CBL,,8/27/08,12:00,15:00,,82.6,66.1,,0.28,0.22,,0.99,0.79,,"Yin, Rongxin, Peng Xu, Mary Ann Piette, and Sila Kiliccote. 2010. ÒStudy on Auto-DR and Pre-Cooling of Commercial Buildings with Thermal Mass in California.Ó Energy and Buildings 42(7):967Ð75."
Three Carnegie Plaza,field-testing,OAT_MA_CBL,,8/27/08,15:00,18:00,,72,56.4,,0.25,0.19,,0.86,0.67,,"Yin, Rongxin, Peng Xu, Mary Ann Piette, and Sila Kiliccote. 2010. ÒStudy on Auto-DR and Pre-Cooling of Commercial Buildings with Thermal Mass in California.Ó Energy and Buildings 42(7):967Ð75."
Three Carnegie Plaza,field-testing,OAT_MA_CBL,,8/28/08,12:00,15:00,,74.9,59.2,,0.25,0.2,,0.89,0.71,,"Yin, Rongxin, Peng Xu, Mary Ann Piette, and Sila Kiliccote. 2010. ÒStudy on Auto-DR and Pre-Cooling of Commercial Buildings with Thermal Mass in California.Ó Energy and Buildings 42(7):967Ð75."
Three Carnegie Plaza,field-testing,OAT_MA_CBL,,8/28/08,15:00,18:00,,63.4,43.2,,0.22,0.15,,0.76,0.52,,"Yin, Rongxin, Peng Xu, Mary Ann Piette, and Sila Kiliccote. 2010. ÒStudy on Auto-DR and Pre-Cooling of Commercial Buildings with Thermal Mass in California.Ó Energy and Buildings 42(7):967Ð75."
Three Carnegie Plaza,field-testing,OAT_MA_CBL,,9/3/08,12:00,15:00,,64.3,51.3,,0.23,0.18,,0.77,0.61,,"Yin, Rongxin, Peng Xu, Mary Ann Piette, and Sila Kiliccote. 2010. ÒStudy on Auto-DR and Pre-Cooling of Commercial Buildings with Thermal Mass in California.Ó Energy and Buildings 42(7):967Ð75."
Three Carnegie Plaza,field-testing,OAT_MA_CBL,,9/3/08,15:00,18:00,,58.6,37.2,,0.21,0.13,,0.7,0.44,,"Yin, Rongxin, Peng Xu, Mary Ann Piette, and Sila Kiliccote. 2010. ÒStudy on Auto-DR and Pre-Cooling of Commercial Buildings with Thermal Mass in California.Ó Energy and Buildings 42(7):967Ð75."
Two Carnegie Plaza,field-testing,OAT_MA_CBL,,7/9/08,12:00,15:00,,45.1,18.2,,0.15,0.06,,0.54,0.22,,"Yin, Rongxin, Peng Xu, Mary Ann Piette, and Sila Kiliccote. 2010. ÒStudy on Auto-DR and Pre-Cooling of Commercial Buildings with Thermal Mass in California.Ó Energy and Buildings 42(7):967Ð75."
Two Carnegie Plaza,field-testing,OAT_MA_CBL,,7/9/08,15:00,18:00,,57.6,-8.2,,0.2,-0.03,,0.69,-0.1,,"Yin, Rongxin, Peng Xu, Mary Ann Piette, and Sila Kiliccote. 2010. ÒStudy on Auto-DR and Pre-Cooling of Commercial Buildings with Thermal Mass in California.Ó Energy and Buildings 42(7):967Ð75."
Two Carnegie Plaza,field-testing,OAT_MA_CBL,,7/10/08,12:00,15:00,,42.7,12.9,,0.15,0.04,,0.51,0.15,,"Yin, Rongxin, Peng Xu, Mary Ann Piette, and Sila Kiliccote. 2010. ÒStudy on Auto-DR and Pre-Cooling of Commercial Buildings with Thermal Mass in California.Ó Energy and Buildings 42(7):967Ð75."
Two Carnegie Plaza,field-testing,OAT_MA_CBL,,7/10/08,15:00,18:00,,55.2,0.8,,0.19,0,,0.66,0.01,,"Yin, Rongxin, Peng Xu, Mary Ann Piette, and Sila Kiliccote. 2010. ÒStudy on Auto-DR and Pre-Cooling of Commercial Buildings with Thermal Mass in California.Ó Energy and Buildings 42(7):967Ð75."
Two Carnegie Plaza,field-testing,OAT_MA_CBL,,7/21/08,12:00,15:00,,19.7,9,,0.07,0.03,,0.24,0.11,,"Yin, Rongxin, Peng Xu, Mary Ann Piette, and Sila Kiliccote. 2010. ÒStudy on Auto-DR and Pre-Cooling of Commercial Buildings with Thermal Mass in California.Ó Energy and Buildings 42(7):967Ð75."
Two Carnegie Plaza,field-testing,OAT_MA_CBL,,7/21/08,15:00,18:00,,18.7,-12.4,,0.06,-0.04,,0.22,-0.15,,"Yin, Rongxin, Peng Xu, Mary Ann Piette, and Sila Kiliccote. 2010. ÒStudy on Auto-DR and Pre-Cooling of Commercial Buildings with Thermal Mass in California.Ó Energy and Buildings 42(7):967Ð75."
Two Carnegie Plaza,field-testing,OAT_MA_CBL,,8/1/08,12:00,15:00,,30.2,19.1,,0.12,0.08,,0.36,0.23,,"Yin, Rongxin, Peng Xu, Mary Ann Piette, and Sila Kiliccote. 2010. ÒStudy on Auto-DR and Pre-Cooling of Commercial Buildings with Thermal Mass in California.Ó Energy and Buildings 42(7):967Ð75."
Two Carnegie Plaza,field-testing,OAT_MA_CBL,,8/1/08,15:00,18:00,,30.7,17.4,,0.13,0.07,,0.37,0.21,,"Yin, Rongxin, Peng Xu, Mary Ann Piette, and Sila Kiliccote. 2010. ÒStudy on Auto-DR and Pre-Cooling of Commercial Buildings with Thermal Mass in California.Ó Energy and Buildings 42(7):967Ð75."
Two Carnegie Plaza,field-testing,OAT_MA_CBL,,8/5/08,12:00,15:00,,43.7,21.9,,0.17,0.08,,0.52,0.26,,"Yin, Rongxin, Peng Xu, Mary Ann Piette, and Sila Kiliccote. 2010. ÒStudy on Auto-DR and Pre-Cooling of Commercial Buildings with Thermal Mass in California.Ó Energy and Buildings 42(7):967Ð75."
Two Carnegie Plaza,field-testing,OAT_MA_CBL,,8/5/08,15:00,18:00,,47.5,22.6,,0.18,0.09,,0.57,0.27,,"Yin, Rongxin, Peng Xu, Mary Ann Piette, and Sila Kiliccote. 2010. ÒStudy on Auto-DR and Pre-Cooling of Commercial Buildings with Thermal Mass in California.Ó Energy and Buildings 42(7):967Ð75."
Two Carnegie Plaza,field-testing,OAT_MA_CBL,,8/6/08,12:00,15:00,,32.6,14.7,,0.12,0.06,,0.39,0.18,,"Yin, Rongxin, Peng Xu, Mary Ann Piette, and Sila Kiliccote. 2010. ÒStudy on Auto-DR and Pre-Cooling of Commercial Buildings with Thermal Mass in California.Ó Energy and Buildings 42(7):967Ð75."
Two Carnegie Plaza,field-testing,OAT_MA_CBL,,8/6/08,15:00,18:00,,46.1,16,,0.17,0.06,,0.55,0.19,,"Yin, Rongxin, Peng Xu, Mary Ann Piette, and Sila Kiliccote. 2010. ÒStudy on Auto-DR and Pre-Cooling of Commercial Buildings with Thermal Mass in California.Ó Energy and Buildings 42(7):967Ð75."
Two Carnegie Plaza,field-testing,OAT_MA_CBL,,8/11/08,12:00,15:00,,39.8,16,,0.16,0.07,,0.48,0.19,,"Yin, Rongxin, Peng Xu, Mary Ann Piette, and Sila Kiliccote. 2010. ÒStudy on Auto-DR and Pre-Cooling of Commercial Buildings with Thermal Mass in California.Ó Energy and Buildings 42(7):967Ð75."
Two Carnegie Plaza,field-testing,OAT_MA_CBL,,8/11/08,15:00,18:00,,41.3,9.3,,0.17,0.04,,0.49,0.11,,"Yin, Rongxin, Peng Xu, Mary Ann Piette, and Sila Kiliccote. 2010. ÒStudy on Auto-DR and Pre-Cooling of Commercial Buildings with Thermal Mass in California.Ó Energy and Buildings 42(7):967Ð75."
Two Carnegie Plaza,field-testing,OAT_MA_CBL,,8/12/08,12:00,15:00,,43.2,21.6,,0.18,0.09,,0.52,0.26,,"Yin, Rongxin, Peng Xu, Mary Ann Piette, and Sila Kiliccote. 2010. ÒStudy on Auto-DR and Pre-Cooling of Commercial Buildings with Thermal Mass in California.Ó Energy and Buildings 42(7):967Ð75."
Two Carnegie Plaza,field-testing,OAT_MA_CBL,,8/12/08,15:00,18:00,,29.3,6.6,,0.12,0.03,,0.35,0.08,,"Yin, Rongxin, Peng Xu, Mary Ann Piette, and Sila Kiliccote. 2010. ÒStudy on Auto-DR and Pre-Cooling of Commercial Buildings with Thermal Mass in California.Ó Energy and Buildings 42(7):967Ð75."
Two Carnegie Plaza,field-testing,OAT_MA_CBL,,8/27/08,12:00,15:00,,26.9,6.9,,0.11,0.03,,0.32,0.08,,"Yin, Rongxin, Peng Xu, Mary Ann Piette, and Sila Kiliccote. 2010. ÒStudy on Auto-DR and Pre-Cooling of Commercial Buildings with Thermal Mass in California.Ó Energy and Buildings 42(7):967Ð75."
Two Carnegie Plaza,field-testing,OAT_MA_CBL,,8/27/08,15:00,18:00,,31.7,7.8,,0.13,0.03,,0.38,0.09,,"Yin, Rongxin, Peng Xu, Mary Ann Piette, and Sila Kiliccote. 2010. ÒStudy on Auto-DR and Pre-Cooling of Commercial Buildings with Thermal Mass in California.Ó Energy and Buildings 42(7):967Ð75."
Two Carnegie Plaza,field-testing,OAT_MA_CBL,,8/28/08,12:00,15:00,,25.4,6.1,,0.1,0.02,,0.3,0.07,,"Yin, Rongxin, Peng Xu, Mary Ann Piette, and Sila Kiliccote. 2010. ÒStudy on Auto-DR and Pre-Cooling of Commercial Buildings with Thermal Mass in California.Ó Energy and Buildings 42(7):967Ð75."
Two Carnegie Plaza,field-testing,OAT_MA_CBL,,8/28/08,15:00,18:00,,20.2,6,,0.08,0.02,,0.24,0.07,,"Yin, Rongxin, Peng Xu, Mary Ann Piette, and Sila Kiliccote. 2010. ÒStudy on Auto-DR and Pre-Cooling of Commercial Buildings with Thermal Mass in California.Ó Energy and Buildings 42(7):967Ð75."
Two Carnegie Plaza,field-testing,OAT_MA_CBL,,9/3/08,12:00,15:00,,22.6,9.7,,0.08,0.04,,0.27,0.12,,"Yin, Rongxin, Peng Xu, Mary Ann Piette, and Sila Kiliccote. 2010. ÒStudy on Auto-DR and Pre-Cooling of Commercial Buildings with Thermal Mass in California.Ó Energy and Buildings 42(7):967Ð75."
Two Carnegie Plaza,field-testing,OAT_MA_CBL,,9/3/08,15:00,18:00,,22.1,7.2,,0.08,0.03,,0.26,0.09,,"Yin, Rongxin, Peng Xu, Mary Ann Piette, and Sila Kiliccote. 2010. ÒStudy on Auto-DR and Pre-Cooling of Commercial Buildings with Thermal Mass in California.Ó Energy and Buildings 42(7):967Ð75."
One Carnegie Plaza,field-testing,OAT_MA_CBL,,7/9/08,12:00,15:00,,26.9,-4.3,,0.08,-0.01,,0.32,-0.05,,"Yin, Rongxin, Peng Xu, Mary Ann Piette, and Sila Kiliccote. 2010. ÒStudy on Auto-DR and Pre-Cooling of Commercial Buildings with Thermal Mass in California.Ó Energy and Buildings 42(7):967Ð75."
One Carnegie Plaza,field-testing,OAT_MA_CBL,,7/9/08,15:00,18:00,,12.5,-20.1,,0.04,-0.06,,0.15,-0.24,,"Yin, Rongxin, Peng Xu, Mary Ann Piette, and Sila Kiliccote. 2010. ÒStudy on Auto-DR and Pre-Cooling of Commercial Buildings with Thermal Mass in California.Ó Energy and Buildings 42(7):967Ð75."
One Carnegie Plaza,field-testing,OAT_MA_CBL,,7/10/08,12:00,15:00,,-12.5,-20.9,,-0.04,-0.06,,-0.15,-0.25,,"Yin, Rongxin, Peng Xu, Mary Ann Piette, and Sila Kiliccote. 2010. ÒStudy on Auto-DR and Pre-Cooling of Commercial Buildings with Thermal Mass in California.Ó Energy and Buildings 42(7):967Ð75."
One Carnegie Plaza,field-testing,OAT_MA_CBL,,7/10/08,15:00,18:00,,9.6,-13.2,,0.03,-0.04,,0.11,-0.16,,"Yin, Rongxin, Peng Xu, Mary Ann Piette, and Sila Kiliccote. 2010. ÒStudy on Auto-DR and Pre-Cooling of Commercial Buildings with Thermal Mass in California.Ó Energy and Buildings 42(7):967Ð75."
One Carnegie Plaza,field-testing,OAT_MA_CBL,,7/21/08,12:00,15:00,,19.2,-5.3,,0.06,-0.02,,0.23,-0.06,,"Yin, Rongxin, Peng Xu, Mary Ann Piette, and Sila Kiliccote. 2010. ÒStudy on Auto-DR and Pre-Cooling of Commercial Buildings with Thermal Mass in California.Ó Energy and Buildings 42(7):967Ð75."
One Carnegie Plaza,field-testing,OAT_MA_CBL,,7/21/08,15:00,18:00,,35.5,7.5,,0.1,0.02,,0.42,0.09,,"Yin, Rongxin, Peng Xu, Mary Ann Piette, and Sila Kiliccote. 2010. ÒStudy on Auto-DR and Pre-Cooling of Commercial Buildings with Thermal Mass in California.Ó Energy and Buildings 42(7):967Ð75."
One Carnegie Plaza,field-testing,OAT_MA_CBL,,8/1/08,12:00,15:00,,107.5,33.1,,0.31,0.1,,1.28,0.4,,"Yin, Rongxin, Peng Xu, Mary Ann Piette, and Sila Kiliccote. 2010. ÒStudy on Auto-DR and Pre-Cooling of Commercial Buildings with Thermal Mass in California.Ó Energy and Buildings 42(7):967Ð75."
One Carnegie Plaza,field-testing,OAT_MA_CBL,,8/1/08,15:00,18:00,,34.6,14.5,,0.1,0.04,,0.41,0.17,,"Yin, Rongxin, Peng Xu, Mary Ann Piette, and Sila Kiliccote. 2010. ÒStudy on Auto-DR and Pre-Cooling of Commercial Buildings with Thermal Mass in California.Ó Energy and Buildings 42(7):967Ð75."
One Carnegie Plaza,field-testing,OAT_MA_CBL,,8/5/08,12:00,15:00,,71,17,,0.19,0.05,,0.85,0.2,,"Yin, Rongxin, Peng Xu, Mary Ann Piette, and Sila Kiliccote. 2010. ÒStudy on Auto-DR and Pre-Cooling of Commercial Buildings with Thermal Mass in California.Ó Energy and Buildings 42(7):967Ð75."
One Carnegie Plaza,field-testing,OAT_MA_CBL,,8/5/08,15:00,18:00,,49,11.1,,0.13,0.03,,0.58,0.13,,"Yin, Rongxin, Peng Xu, Mary Ann Piette, and Sila Kiliccote. 2010. ÒStudy on Auto-DR and Pre-Cooling of Commercial Buildings with Thermal Mass in California.Ó Energy and Buildings 42(7):967Ð75."
One Carnegie Plaza,field-testing,OAT_MA_CBL,,8/6/08,12:00,15:00,,60.5,16.7,,0.16,0.05,,0.72,0.2,,"Yin, Rongxin, Peng Xu, Mary Ann Piette, and Sila Kiliccote. 2010. ÒStudy on Auto-DR and Pre-Cooling of Commercial Buildings with Thermal Mass in California.Ó Energy and Buildings 42(7):967Ð75."
One Carnegie Plaza,field-testing,OAT_MA_CBL,,8/6/08,15:00,18:00,,43.2,2.2,,0.12,0.01,,0.52,0.03,,"Yin, Rongxin, Peng Xu, Mary Ann Piette, and Sila Kiliccote. 2010. ÒStudy on Auto-DR and Pre-Cooling of Commercial Buildings with Thermal Mass in California.Ó Energy and Buildings 42(7):967Ð75."
One Carnegie Plaza,field-testing,OAT_MA_CBL,,8/11/08,12:00,15:00,,90.2,41.8,,0.25,0.11,,1.08,0.5,,"Yin, Rongxin, Peng Xu, Mary Ann Piette, and Sila Kiliccote. 2010. ÒStudy on Auto-DR and Pre-Cooling of Commercial Buildings with Thermal Mass in California.Ó Energy and Buildings 42(7):967Ð75."
One Carnegie Plaza,field-testing,OAT_MA_CBL,,8/11/08,15:00,18:00,,75.8,32.8,,0.21,0.09,,0.91,0.39,,"Yin, Rongxin, Peng Xu, Mary Ann Piette, and Sila Kiliccote. 2010. ÒStudy on Auto-DR and Pre-Cooling of Commercial Buildings with Thermal Mass in California.Ó Energy and Buildings 42(7):967Ð75."
One Carnegie Plaza,field-testing,OAT_MA_CBL,,8/12/08,12:00,15:00,,65.3,29.3,,0.18,0.08,,0.78,0.35,,"Yin, Rongxin, Peng Xu, Mary Ann Piette, and Sila Kiliccote. 2010. ÒStudy on Auto-DR and Pre-Cooling of Commercial Buildings with Thermal Mass in California.Ó Energy and Buildings 42(7):967Ð75."
One Carnegie Plaza,field-testing,OAT_MA_CBL,,8/12/08,15:00,18:00,,43.2,18.9,,0.12,0.05,,0.52,0.23,,"Yin, Rongxin, Peng Xu, Mary Ann Piette, and Sila Kiliccote. 2010. ÒStudy on Auto-DR and Pre-Cooling of Commercial Buildings with Thermal Mass in California.Ó Energy and Buildings 42(7):967Ð75."
One Carnegie Plaza,field-testing,OAT_MA_CBL,,8/27/08,12:00,15:00,,46.1,22.3,,0.13,0.06,,0.55,0.27,,"Yin, Rongxin, Peng Xu, Mary Ann Piette, and Sila Kiliccote. 2010. ÒStudy on Auto-DR and Pre-Cooling of Commercial Buildings with Thermal Mass in California.Ó Energy and Buildings 42(7):967Ð75."
One Carnegie Plaza,field-testing,OAT_MA_CBL,,8/27/08,15:00,18:00,,73.9,14,,0.2,0.04,,0.88,0.17,,"Yin, Rongxin, Peng Xu, Mary Ann Piette, and Sila Kiliccote. 2010. ÒStudy on Auto-DR and Pre-Cooling of Commercial Buildings with Thermal Mass in California.Ó Energy and Buildings 42(7):967Ð75."
One Carnegie Plaza,field-testing,OAT_MA_CBL,,8/28/08,12:00,15:00,,68.2,13.4,,0.19,0.04,,0.81,0.16,,"Yin, Rongxin, Peng Xu, Mary Ann Piette, and Sila Kiliccote. 2010. ÒStudy on Auto-DR and Pre-Cooling of Commercial Buildings with Thermal Mass in California.Ó Energy and Buildings 42(7):967Ð75."
One Carnegie Plaza,field-testing,OAT_MA_CBL,,8/28/08,15:00,18:00,,71,7.6,,0.19,0.02,,0.85,0.09,,"Yin, Rongxin, Peng Xu, Mary Ann Piette, and Sila Kiliccote. 2010. ÒStudy on Auto-DR and Pre-Cooling of Commercial Buildings with Thermal Mass in California.Ó Energy and Buildings 42(7):967Ð75."
One Carnegie Plaza,field-testing,OAT_MA_CBL,,9/3/08,12:00,15:00,,67.2,25.4,,0.18,0.07,,0.8,0.3,,"Yin, Rongxin, Peng Xu, Mary Ann Piette, and Sila Kiliccote. 2010. ÒStudy on Auto-DR and Pre-Cooling of Commercial Buildings with Thermal Mass in California.Ó Energy and Buildings 42(7):967Ð75."
One Carnegie Plaza,field-testing,OAT_MA_CBL,,9/3/08,15:00,18:00,,51.8,13,,0.14,0.04,,0.62,0.16,,"Yin, Rongxin, Peng Xu, Mary Ann Piette, and Sila Kiliccote. 2010. ÒStudy on Auto-DR and Pre-Cooling of Commercial Buildings with Thermal Mass in California.Ó Energy and Buildings 42(7):967Ð75."
One Carnegie Plaza (smaller one),field-testing,OAT_MA_CBL,,7/9/08,12:00,15:00,,34.6,3.5,,0.18,0.02,,0.41,0.04,,"Yin, Rongxin, Peng Xu, Mary Ann Piette, and Sila Kiliccote. 2010. ÒStudy on Auto-DR and Pre-Cooling of Commercial Buildings with Thermal Mass in California.Ó Energy and Buildings 42(7):967Ð75."
One Carnegie Plaza (smaller one),field-testing,OAT_MA_CBL,,7/9/08,15:00,18:00,,33.6,1.6,,0.18,0.01,,0.4,0.02,,"Yin, Rongxin, Peng Xu, Mary Ann Piette, and Sila Kiliccote. 2010. ÒStudy on Auto-DR and Pre-Cooling of Commercial Buildings with Thermal Mass in California.Ó Energy and Buildings 42(7):967Ð75."
One Carnegie Plaza (smaller one),field-testing,OAT_MA_CBL,,7/10/08,12:00,15:00,,35.5,-13.7,,0.19,-0.07,,0.42,-0.16,,"Yin, Rongxin, Peng Xu, Mary Ann Piette, and Sila Kiliccote. 2010. ÒStudy on Auto-DR and Pre-Cooling of Commercial Buildings with Thermal Mass in California.Ó Energy and Buildings 42(7):967Ð75."
One Carnegie Plaza (smaller one),field-testing,OAT_MA_CBL,,7/10/08,15:00,18:00,,11.5,-1.5,,0.06,-0.01,,0.14,-0.02,,"Yin, Rongxin, Peng Xu, Mary Ann Piette, and Sila Kiliccote. 2010. ÒStudy on Auto-DR and Pre-Cooling of Commercial Buildings with Thermal Mass in California.Ó Energy and Buildings 42(7):967Ð75."
One Carnegie Plaza (smaller one),field-testing,OAT_MA_CBL,,7/21/08,12:00,15:00,,32.6,-8.4,,0.17,-0.04,,0.39,-0.1,,"Yin, Rongxin, Peng Xu, Mary Ann Piette, and Sila Kiliccote. 2010. ÒStudy on Auto-DR and Pre-Cooling of Commercial Buildings with Thermal Mass in California.Ó Energy and Buildings 42(7):967Ð75."
One Carnegie Plaza (smaller one),field-testing,OAT_MA_CBL,,7/21/08,15:00,18:00,,16.3,-2.6,,0.09,-0.01,,0.19,-0.03,,"Yin, Rongxin, Peng Xu, Mary Ann Piette, and Sila Kiliccote. 2010. ÒStudy on Auto-DR and Pre-Cooling of Commercial Buildings with Thermal Mass in California.Ó Energy and Buildings 42(7):967Ð75."
One Carnegie Plaza (smaller one),field-testing,OAT_MA_CBL,,8/1/08,12:00,15:00,,123.8,50.6,,0.59,0.24,,1.48,0.6,,"Yin, Rongxin, Peng Xu, Mary Ann Piette, and Sila Kiliccote. 2010. ÒStudy on Auto-DR and Pre-Cooling of Commercial Buildings with Thermal Mass in California.Ó Energy and Buildings 42(7):967Ð75."
One Carnegie Plaza (smaller one),field-testing,OAT_MA_CBL,,8/1/08,15:00,18:00,,99.8,26.6,,0.47,0.13,,1.19,0.32,,"Yin, Rongxin, Peng Xu, Mary Ann Piette, and Sila Kiliccote. 2010. ÒStudy on Auto-DR and Pre-Cooling of Commercial Buildings with Thermal Mass in California.Ó Energy and Buildings 42(7):967Ð75."
One Carnegie Plaza (smaller one),field-testing,OAT_MA_CBL,,8/5/08,12:00,15:00,,34.6,18.1,,0.16,0.08,,0.41,0.22,,"Yin, Rongxin, Peng Xu, Mary Ann Piette, and Sila Kiliccote. 2010. ÒStudy on Auto-DR and Pre-Cooling of Commercial Buildings with Thermal Mass in California.Ó Energy and Buildings 42(7):967Ð75."
One Carnegie Plaza (smaller one),field-testing,OAT_MA_CBL,,8/5/08,15:00,18:00,,107.5,26.2,,0.49,0.12,,1.28,0.31,,"Yin, Rongxin, Peng Xu, Mary Ann Piette, and Sila Kiliccote. 2010. ÒStudy on Auto-DR and Pre-Cooling of Commercial Buildings with Thermal Mass in California.Ó Energy and Buildings 42(7):967Ð75."
One Carnegie Plaza (smaller one),field-testing,OAT_MA_CBL,,8/6/08,12:00,15:00,,42.2,11.8,,0.19,0.05,,0.5,0.14,,"Yin, Rongxin, Peng Xu, Mary Ann Piette, and Sila Kiliccote. 2010. ÒStudy on Auto-DR and Pre-Cooling of Commercial Buildings with Thermal Mass in California.Ó Energy and Buildings 42(7):967Ð75."
One Carnegie Plaza (smaller one),field-testing,OAT_MA_CBL,,8/6/08,15:00,18:00,,67.2,24.6,,0.3,0.11,,0.8,0.29,,"Yin, Rongxin, Peng Xu, Mary Ann Piette, and Sila Kiliccote. 2010. ÒStudy on Auto-DR and Pre-Cooling of Commercial Buildings with Thermal Mass in California.Ó Energy and Buildings 42(7):967Ð75."
One Carnegie Plaza (smaller one),field-testing,OAT_MA_CBL,,8/11/08,12:00,15:00,,50.9,28.4,,0.26,0.14,,0.61,0.34,,"Yin, Rongxin, Peng Xu, Mary Ann Piette, and Sila Kiliccote. 2010. ÒStudy on Auto-DR and Pre-Cooling of Commercial Buildings with Thermal Mass in California.Ó Energy and Buildings 42(7):967Ð75."
One Carnegie Plaza (smaller one),field-testing,OAT_MA_CBL,,8/11/08,15:00,18:00,,48,20.3,,0.24,0.1,,0.57,0.24,,"Yin, Rongxin, Peng Xu, Mary Ann Piette, and Sila Kiliccote. 2010. ÒStudy on Auto-DR and Pre-Cooling of Commercial Buildings with Thermal Mass in California.Ó Energy and Buildings 42(7):967Ð75."
One Carnegie Plaza (smaller one),field-testing,OAT_MA_CBL,,8/12/08,12:00,15:00,,77.8,39.6,,0.4,0.2,,0.93,0.47,,"Yin, Rongxin, Peng Xu, Mary Ann Piette, and Sila Kiliccote. 2010. ÒStudy on Auto-DR and Pre-Cooling of Commercial Buildings with Thermal Mass in California.Ó Energy and Buildings 42(7):967Ð75."
One Carnegie Plaza (smaller one),field-testing,OAT_MA_CBL,,8/12/08,15:00,18:00,,36.5,15.8,,0.19,0.08,,0.44,0.19,,"Yin, Rongxin, Peng Xu, Mary Ann Piette, and Sila Kiliccote. 2010. ÒStudy on Auto-DR and Pre-Cooling of Commercial Buildings with Thermal Mass in California.Ó Energy and Buildings 42(7):967Ð75."
One Carnegie Plaza (smaller one),field-testing,OAT_MA_CBL,,8/27/08,12:00,15:00,,36.5,1.3,,0.2,0.01,,0.44,0.02,,"Yin, Rongxin, Peng Xu, Mary Ann Piette, and Sila Kiliccote. 2010. ÒStudy on Auto-DR and Pre-Cooling of Commercial Buildings with Thermal Mass in California.Ó Energy and Buildings 42(7):967Ð75."
One Carnegie Plaza (smaller one),field-testing,OAT_MA_CBL,,8/27/08,15:00,18:00,,16.3,-10.1,,0.09,-0.06,,0.19,-0.12,,"Yin, Rongxin, Peng Xu, Mary Ann Piette, and Sila Kiliccote. 2010. ÒStudy on Auto-DR and Pre-Cooling of Commercial Buildings with Thermal Mass in California.Ó Energy and Buildings 42(7):967Ð75."
One Carnegie Plaza (smaller one),field-testing,OAT_MA_CBL,,8/28/08,12:00,15:00,,16.3,-9.1,,0.09,-0.05,,0.19,-0.11,,"Yin, Rongxin, Peng Xu, Mary Ann Piette, and Sila Kiliccote. 2010. ÒStudy on Auto-DR and Pre-Cooling of Commercial Buildings with Thermal Mass in California.Ó Energy and Buildings 42(7):967Ð75."
One Carnegie Plaza (smaller one),field-testing,OAT_MA_CBL,,8/28/08,15:00,18:00,,35.5,-0.4,,0.2,0,,0.42,0,,"Yin, Rongxin, Peng Xu, Mary Ann Piette, and Sila Kiliccote. 2010. ÒStudy on Auto-DR and Pre-Cooling of Commercial Buildings with Thermal Mass in California.Ó Energy and Buildings 42(7):967Ð75."
One Carnegie Plaza (smaller one),field-testing,OAT_MA_CBL,,9/3/08,12:00,15:00,,39.4,10.1,,0.2,0.05,,0.47,0.12,,"Yin, Rongxin, Peng Xu, Mary Ann Piette, and Sila Kiliccote. 2010. ÒStudy on Auto-DR and Pre-Cooling of Commercial Buildings with Thermal Mass in California.Ó Energy and Buildings 42(7):967Ð75."
One Carnegie Plaza (smaller one),field-testing,OAT_MA_CBL,,9/3/08,15:00,18:00,,24,-1.7,,0.12,-0.01,,0.29,-0.02,,"Yin, Rongxin, Peng Xu, Mary Ann Piette, and Sila Kiliccote. 2010. ÒStudy on Auto-DR and Pre-Cooling of Commercial Buildings with Thermal Mass in California.Ó Energy and Buildings 42(7):967Ð75."
One Vanderbilt,field-testing,OAT_MA_CBL,,7/9/08,12:00,15:00,,19.2,5.8,,0.05,0.01,,0.23,0.07,,"Yin, Rongxin, Peng Xu, Mary Ann Piette, and Sila Kiliccote. 2010. ÒStudy on Auto-DR and Pre-Cooling of Commercial Buildings with Thermal Mass in California.Ó Energy and Buildings 42(7):967Ð75."
One Vanderbilt,field-testing,OAT_MA_CBL,,7/9/08,15:00,18:00,,4.8,-17.1,,0.01,-0.04,,0.06,-0.2,,"Yin, Rongxin, Peng Xu, Mary Ann Piette, and Sila Kiliccote. 2010. ÒStudy on Auto-DR and Pre-Cooling of Commercial Buildings with Thermal Mass in California.Ó Energy and Buildings 42(7):967Ð75."
One Vanderbilt,field-testing,OAT_MA_CBL,,7/10/08,12:00,15:00,,16.3,2.8,,0.04,0.01,,0.19,0.03,,"Yin, Rongxin, Peng Xu, Mary Ann Piette, and Sila Kiliccote. 2010. ÒStudy on Auto-DR and Pre-Cooling of Commercial Buildings with Thermal Mass in California.Ó Energy and Buildings 42(7):967Ð75."
One Vanderbilt,field-testing,OAT_MA_CBL,,7/10/08,15:00,18:00,,10.6,-14.9,,0.03,-0.04,,0.13,-0.18,,"Yin, Rongxin, Peng Xu, Mary Ann Piette, and Sila Kiliccote. 2010. ÒStudy on Auto-DR and Pre-Cooling of Commercial Buildings with Thermal Mass in California.Ó Energy and Buildings 42(7):967Ð75."
One Vanderbilt,field-testing,OAT_MA_CBL,,7/21/08,12:00,15:00,,7.7,-0.5,,0.02,0,,0.09,-0.01,,"Yin, Rongxin, Peng Xu, Mary Ann Piette, and Sila Kiliccote. 2010. ÒStudy on Auto-DR and Pre-Cooling of Commercial Buildings with Thermal Mass in California.Ó Energy and Buildings 42(7):967Ð75."
One Vanderbilt,field-testing,OAT_MA_CBL,,7/21/08,15:00,18:00,,2.9,-3.8,,0.01,-0.01,,0.03,-0.05,,"Yin, Rongxin, Peng Xu, Mary Ann Piette, and Sila Kiliccote. 2010. ÒStudy on Auto-DR and Pre-Cooling of Commercial Buildings with Thermal Mass in California.Ó Energy and Buildings 42(7):967Ð75."
One Vanderbilt,field-testing,OAT_MA_CBL,,8/1/08,12:00,15:00,,84.5,45.1,,0.19,0.1,,1.01,0.54,,"Yin, Rongxin, Peng Xu, Mary Ann Piette, and Sila Kiliccote. 2010. ÒStudy on Auto-DR and Pre-Cooling of Commercial Buildings with Thermal Mass in California.Ó Energy and Buildings 42(7):967Ð75."
One Vanderbilt,field-testing,OAT_MA_CBL,,8/1/08,15:00,18:00,,34.6,12.8,,0.08,0.03,,0.41,0.15,,"Yin, Rongxin, Peng Xu, Mary Ann Piette, and Sila Kiliccote. 2010. ÒStudy on Auto-DR and Pre-Cooling of Commercial Buildings with Thermal Mass in California.Ó Energy and Buildings 42(7):967Ð75."
One Vanderbilt,field-testing,OAT_MA_CBL,,8/5/08,12:00,15:00,,18.2,7,,0.04,0.02,,0.22,0.08,,"Yin, Rongxin, Peng Xu, Mary Ann Piette, and Sila Kiliccote. 2010. ÒStudy on Auto-DR and Pre-Cooling of Commercial Buildings with Thermal Mass in California.Ó Energy and Buildings 42(7):967Ð75."
One Vanderbilt,field-testing,OAT_MA_CBL,,8/5/08,15:00,18:00,,27.8,20.6,,0.06,0.05,,0.33,0.25,,"Yin, Rongxin, Peng Xu, Mary Ann Piette, and Sila Kiliccote. 2010. ÒStudy on Auto-DR and Pre-Cooling of Commercial Buildings with Thermal Mass in California.Ó Energy and Buildings 42(7):967Ð75."
One Vanderbilt,field-testing,OAT_MA_CBL,,8/6/08,12:00,15:00,,11.5,7.3,,0.03,0.02,,0.14,0.09,,"Yin, Rongxin, Peng Xu, Mary Ann Piette, and Sila Kiliccote. 2010. ÒStudy on Auto-DR and Pre-Cooling of Commercial Buildings with Thermal Mass in California.Ó Energy and Buildings 42(7):967Ð75."
One Vanderbilt,field-testing,OAT_MA_CBL,,8/6/08,15:00,18:00,,22.1,13.5,,0.05,0.03,,0.26,0.16,,"Yin, Rongxin, Peng Xu, Mary Ann Piette, and Sila Kiliccote. 2010. ÒStudy on Auto-DR and Pre-Cooling of Commercial Buildings with Thermal Mass in California.Ó Energy and Buildings 42(7):967Ð75."
One Vanderbilt,field-testing,OAT_MA_CBL,,8/11/08,12:00,15:00,,14.4,0.1,,0.03,0,,0.17,0,,"Yin, Rongxin, Peng Xu, Mary Ann Piette, and Sila Kiliccote. 2010. ÒStudy on Auto-DR and Pre-Cooling of Commercial Buildings with Thermal Mass in California.Ó Energy and Buildings 42(7):967Ð75."
One Vanderbilt,field-testing,OAT_MA_CBL,,8/11/08,15:00,18:00,,65.3,15.1,,0.15,0.04,,0.78,0.18,,"Yin, Rongxin, Peng Xu, Mary Ann Piette, and Sila Kiliccote. 2010. ÒStudy on Auto-DR and Pre-Cooling of Commercial Buildings with Thermal Mass in California.Ó Energy and Buildings 42(7):967Ð75."
One Vanderbilt,field-testing,OAT_MA_CBL,,8/12/08,12:00,15:00,,23,13.5,,0.05,0.03,,0.28,0.16,,"Yin, Rongxin, Peng Xu, Mary Ann Piette, and Sila Kiliccote. 2010. ÒStudy on Auto-DR and Pre-Cooling of Commercial Buildings with Thermal Mass in California.Ó Energy and Buildings 42(7):967Ð75."
One Vanderbilt,field-testing,OAT_MA_CBL,,8/12/08,15:00,18:00,,10.6,2.1,,0.02,0,,0.13,0.02,,"Yin, Rongxin, Peng Xu, Mary Ann Piette, and Sila Kiliccote. 2010. ÒStudy on Auto-DR and Pre-Cooling of Commercial Buildings with Thermal Mass in California.Ó Energy and Buildings 42(7):967Ð75."
One Vanderbilt,field-testing,OAT_MA_CBL,,8/27/08,12:00,15:00,,28.8,22.2,,0.07,0.05,,0.34,0.27,,"Yin, Rongxin, Peng Xu, Mary Ann Piette, and Sila Kiliccote. 2010. ÒStudy on Auto-DR and Pre-Cooling of Commercial Buildings with Thermal Mass in California.Ó Energy and Buildings 42(7):967Ð75."
One Vanderbilt,field-testing,OAT_MA_CBL,,8/27/08,15:00,18:00,,80.6,53.9,,0.19,0.13,,0.96,0.64,,"Yin, Rongxin, Peng Xu, Mary Ann Piette, and Sila Kiliccote. 2010. ÒStudy on Auto-DR and Pre-Cooling of Commercial Buildings with Thermal Mass in California.Ó Energy and Buildings 42(7):967Ð75."
One Vanderbilt,field-testing,OAT_MA_CBL,,8/28/08,12:00,15:00,,34.6,27,,0.08,0.06,,0.41,0.32,,"Yin, Rongxin, Peng Xu, Mary Ann Piette, and Sila Kiliccote. 2010. ÒStudy on Auto-DR and Pre-Cooling of Commercial Buildings with Thermal Mass in California.Ó Energy and Buildings 42(7):967Ð75."
One Vanderbilt,field-testing,OAT_MA_CBL,,8/28/08,15:00,18:00,,28.8,20.3,,0.07,0.05,,0.34,0.24,,"Yin, Rongxin, Peng Xu, Mary Ann Piette, and Sila Kiliccote. 2010. ÒStudy on Auto-DR and Pre-Cooling of Commercial Buildings with Thermal Mass in California.Ó Energy and Buildings 42(7):967Ð75."
One Vanderbilt,field-testing,OAT_MA_CBL,,9/3/08,12:00,15:00,,8.6,1.7,,0.02,0,,0.1,0.02,,"Yin, Rongxin, Peng Xu, Mary Ann Piette, and Sila Kiliccote. 2010. ÒStudy on Auto-DR and Pre-Cooling of Commercial Buildings with Thermal Mass in California.Ó Energy and Buildings 42(7):967Ð75."
One Vanderbilt,field-testing,OAT_MA_CBL,,9/3/08,15:00,18:00,,2.9,-0.7,,0.01,0,,0.03,-0.01,,"Yin, Rongxin, Peng Xu, Mary Ann Piette, and Sila Kiliccote. 2010. ÒStudy on Auto-DR and Pre-Cooling of Commercial Buildings with Thermal Mass in California.Ó Energy and Buildings 42(7):967Ð75."
One Parkside,field-testing,OAT_MA_CBL,,7/9/08,12:00,15:00,,16.3,-2.8,,0.05,-0.01,,0.19,-0.03,,"Yin, Rongxin, Peng Xu, Mary Ann Piette, and Sila Kiliccote. 2010. ÒStudy on Auto-DR and Pre-Cooling of Commercial Buildings with Thermal Mass in California.Ó Energy and Buildings 42(7):967Ð75."
One Parkside,field-testing,OAT_MA_CBL,,7/9/08,15:00,18:00,,4.8,-10.6,,0.02,-0.03,,0.06,-0.13,,"Yin, Rongxin, Peng Xu, Mary Ann Piette, and Sila Kiliccote. 2010. ÒStudy on Auto-DR and Pre-Cooling of Commercial Buildings with Thermal Mass in California.Ó Energy and Buildings 42(7):967Ð75."
One Parkside,field-testing,OAT_MA_CBL,,7/10/08,12:00,15:00,,1,-17.4,,0,-0.05,,0.01,-0.21,,"Yin, Rongxin, Peng Xu, Mary Ann Piette, and Sila Kiliccote. 2010. ÒStudy on Auto-DR and Pre-Cooling of Commercial Buildings with Thermal Mass in California.Ó Energy and Buildings 42(7):967Ð75."
One Parkside,field-testing,OAT_MA_CBL,,7/10/08,15:00,18:00,,19.2,-8.1,,0.06,-0.03,,0.23,-0.1,,"Yin, Rongxin, Peng Xu, Mary Ann Piette, and Sila Kiliccote. 2010. ÒStudy on Auto-DR and Pre-Cooling of Commercial Buildings with Thermal Mass in California.Ó Energy and Buildings 42(7):967Ð75."
One Parkside,field-testing,OAT_MA_CBL,,7/21/08,12:00,15:00,,19.2,-5.8,,0.06,-0.02,,0.23,-0.07,,"Yin, Rongxin, Peng Xu, Mary Ann Piette, and Sila Kiliccote. 2010. ÒStudy on Auto-DR and Pre-Cooling of Commercial Buildings with Thermal Mass in California.Ó Energy and Buildings 42(7):967Ð75."
One Parkside,field-testing,OAT_MA_CBL,,7/21/08,15:00,18:00,,7.7,-4.1,,0.02,-0.01,,0.09,-0.05,,"Yin, Rongxin, Peng Xu, Mary Ann Piette, and Sila Kiliccote. 2010. ÒStudy on Auto-DR and Pre-Cooling of Commercial Buildings with Thermal Mass in California.Ó Energy and Buildings 42(7):967Ð75."
One Parkside,field-testing,OAT_MA_CBL,,8/1/08,12:00,15:00,,30.7,-0.1,,0.1,0,,0.37,0,,"Yin, Rongxin, Peng Xu, Mary Ann Piette, and Sila Kiliccote. 2010. ÒStudy on Auto-DR and Pre-Cooling of Commercial Buildings with Thermal Mass in California.Ó Energy and Buildings 42(7):967Ð75."
One Parkside,field-testing,OAT_MA_CBL,,8/1/08,15:00,18:00,,19.2,0.4,,0.06,0,,0.23,0,,"Yin, Rongxin, Peng Xu, Mary Ann Piette, and Sila Kiliccote. 2010. ÒStudy on Auto-DR and Pre-Cooling of Commercial Buildings with Thermal Mass in California.Ó Energy and Buildings 42(7):967Ð75."
One Parkside,field-testing,OAT_MA_CBL,,8/5/08,12:00,15:00,,29.8,17,,0.09,0.05,,0.36,0.2,,"Yin, Rongxin, Peng Xu, Mary Ann Piette, and Sila Kiliccote. 2010. ÒStudy on Auto-DR and Pre-Cooling of Commercial Buildings with Thermal Mass in California.Ó Energy and Buildings 42(7):967Ð75."
One Parkside,field-testing,OAT_MA_CBL,,8/5/08,15:00,18:00,,75.8,25.2,,0.22,0.07,,0.91,0.3,,"Yin, Rongxin, Peng Xu, Mary Ann Piette, and Sila Kiliccote. 2010. ÒStudy on Auto-DR and Pre-Cooling of Commercial Buildings with Thermal Mass in California.Ó Energy and Buildings 42(7):967Ð75."
One Parkside,field-testing,OAT_MA_CBL,,8/6/08,12:00,15:00,,54.7,27.4,,0.16,0.08,,0.65,0.33,,"Yin, Rongxin, Peng Xu, Mary Ann Piette, and Sila Kiliccote. 2010. ÒStudy on Auto-DR and Pre-Cooling of Commercial Buildings with Thermal Mass in California.Ó Energy and Buildings 42(7):967Ð75."
One Parkside,field-testing,OAT_MA_CBL,,8/6/08,15:00,18:00,,52.8,12.3,,0.15,0.04,,0.63,0.15,,"Yin, Rongxin, Peng Xu, Mary Ann Piette, and Sila Kiliccote. 2010. ÒStudy on Auto-DR and Pre-Cooling of Commercial Buildings with Thermal Mass in California.Ó Energy and Buildings 42(7):967Ð75."
One Parkside,field-testing,OAT_MA_CBL,,8/11/08,12:00,15:00,,77.8,39.9,,0.24,0.12,,0.93,0.48,,"Yin, Rongxin, Peng Xu, Mary Ann Piette, and Sila Kiliccote. 2010. ÒStudy on Auto-DR and Pre-Cooling of Commercial Buildings with Thermal Mass in California.Ó Energy and Buildings 42(7):967Ð75."
One Parkside,field-testing,OAT_MA_CBL,,8/11/08,15:00,18:00,,54.7,23.9,,0.17,0.07,,0.65,0.29,,"Yin, Rongxin, Peng Xu, Mary Ann Piette, and Sila Kiliccote. 2010. ÒStudy on Auto-DR and Pre-Cooling of Commercial Buildings with Thermal Mass in California.Ó Energy and Buildings 42(7):967Ð75."
One Parkside,field-testing,OAT_MA_CBL,,8/12/08,12:00,15:00,,52.8,34.2,,0.16,0.11,,0.63,0.41,,"Yin, Rongxin, Peng Xu, Mary Ann Piette, and Sila Kiliccote. 2010. ÒStudy on Auto-DR and Pre-Cooling of Commercial Buildings with Thermal Mass in California.Ó Energy and Buildings 42(7):967Ð75."
One Parkside,field-testing,OAT_MA_CBL,,8/12/08,15:00,18:00,,61.4,20.7,,0.19,0.06,,0.73,0.25,,"Yin, Rongxin, Peng Xu, Mary Ann Piette, and Sila Kiliccote. 2010. ÒStudy on Auto-DR and Pre-Cooling of Commercial Buildings with Thermal Mass in California.Ó Energy and Buildings 42(7):967Ð75."
One Parkside,field-testing,OAT_MA_CBL,,8/27/08,12:00,15:00,,92.2,35.3,,0.28,0.11,,1.1,0.42,,"Yin, Rongxin, Peng Xu, Mary Ann Piette, and Sila Kiliccote. 2010. ÒStudy on Auto-DR and Pre-Cooling of Commercial Buildings with Thermal Mass in California.Ó Energy and Buildings 42(7):967Ð75."
One Parkside,field-testing,OAT_MA_CBL,,8/27/08,15:00,18:00,,60.5,29.6,,0.18,0.09,,0.72,0.35,,"Yin, Rongxin, Peng Xu, Mary Ann Piette, and Sila Kiliccote. 2010. ÒStudy on Auto-DR and Pre-Cooling of Commercial Buildings with Thermal Mass in California.Ó Energy and Buildings 42(7):967Ð75."
One Parkside,field-testing,OAT_MA_CBL,,8/28/08,12:00,15:00,,51.8,32.9,,0.16,0.1,,0.62,0.39,,"Yin, Rongxin, Peng Xu, Mary Ann Piette, and Sila Kiliccote. 2010. ÒStudy on Auto-DR and Pre-Cooling of Commercial Buildings with Thermal Mass in California.Ó Energy and Buildings 42(7):967Ð75."
One Parkside,field-testing,OAT_MA_CBL,,8/28/08,15:00,18:00,,41.3,15.7,,0.12,0.05,,0.49,0.19,,"Yin, Rongxin, Peng Xu, Mary Ann Piette, and Sila Kiliccote. 2010. ÒStudy on Auto-DR and Pre-Cooling of Commercial Buildings with Thermal Mass in California.Ó Energy and Buildings 42(7):967Ð75."
One Parkside,field-testing,OAT_MA_CBL,,9/3/08,12:00,15:00,,41.3,22.6,,0.12,0.07,,0.49,0.27,,"Yin, Rongxin, Peng Xu, Mary Ann Piette, and Sila Kiliccote. 2010. ÒStudy on Auto-DR and Pre-Cooling of Commercial Buildings with Thermal Mass in California.Ó Energy and Buildings 42(7):967Ð75."
One Parkside,field-testing,OAT_MA_CBL,,9/3/08,15:00,18:00,,45.1,19.8,,0.13,0.06,,0.54,0.24,,"Yin, Rongxin, Peng Xu, Mary Ann Piette, and Sila Kiliccote. 2010. ÒStudy on Auto-DR and Pre-Cooling of Commercial Buildings with Thermal Mass in California.Ó Energy and Buildings 42(7):967Ð75."
Lakeside Tower,field-testing,OAT_MA_CBL,,7/9/08,12:00,15:00,,65.3,1.4,,0.14,0,,0.78,0.02,,"Yin, Rongxin, Peng Xu, Mary Ann Piette, and Sila Kiliccote. 2010. ÒStudy on Auto-DR and Pre-Cooling of Commercial Buildings with Thermal Mass in California.Ó Energy and Buildings 42(7):967Ð75."
Lakeside Tower,field-testing,OAT_MA_CBL,,7/9/08,15:00,18:00,,134.4,16.3,,0.28,0.03,,1.61,0.19,,"Yin, Rongxin, Peng Xu, Mary Ann Piette, and Sila Kiliccote. 2010. ÒStudy on Auto-DR and Pre-Cooling of Commercial Buildings with Thermal Mass in California.Ó Energy and Buildings 42(7):967Ð75."
Lakeside Tower,field-testing,OAT_MA_CBL,,7/10/08,12:00,15:00,,58.6,-11.4,,0.12,-0.02,,0.7,-0.14,,"Yin, Rongxin, Peng Xu, Mary Ann Piette, and Sila Kiliccote. 2010. ÒStudy on Auto-DR and Pre-Cooling of Commercial Buildings with Thermal Mass in California.Ó Energy and Buildings 42(7):967Ð75."
Lakeside Tower,field-testing,OAT_MA_CBL,,7/10/08,15:00,18:00,,168,24.6,,0.35,0.05,,2.01,0.29,,"Yin, Rongxin, Peng Xu, Mary Ann Piette, and Sila Kiliccote. 2010. ÒStudy on Auto-DR and Pre-Cooling of Commercial Buildings with Thermal Mass in California.Ó Energy and Buildings 42(7):967Ð75."
Lakeside Tower,field-testing,OAT_MA_CBL,,7/21/08,12:00,15:00,,24,-6.1,,0.05,-0.01,,0.29,-0.07,,"Yin, Rongxin, Peng Xu, Mary Ann Piette, and Sila Kiliccote. 2010. ÒStudy on Auto-DR and Pre-Cooling of Commercial Buildings with Thermal Mass in California.Ó Energy and Buildings 42(7):967Ð75."
Lakeside Tower,field-testing,OAT_MA_CBL,,7/21/08,15:00,18:00,,27.8,3,,0.06,0.01,,0.33,0.04,,"Yin, Rongxin, Peng Xu, Mary Ann Piette, and Sila Kiliccote. 2010. ÒStudy on Auto-DR and Pre-Cooling of Commercial Buildings with Thermal Mass in California.Ó Energy and Buildings 42(7):967Ð75."
Lakeside Tower,field-testing,OAT_MA_CBL,,8/1/08,12:00,15:00,,79.7,22.6,,0.18,0.05,,0.95,0.27,,"Yin, Rongxin, Peng Xu, Mary Ann Piette, and Sila Kiliccote. 2010. ÒStudy on Auto-DR and Pre-Cooling of Commercial Buildings with Thermal Mass in California.Ó Energy and Buildings 42(7):967Ð75."
Lakeside Tower,field-testing,OAT_MA_CBL,,8/1/08,15:00,18:00,,197.8,54.4,,0.44,0.12,,2.36,0.65,,"Yin, Rongxin, Peng Xu, Mary Ann Piette, and Sila Kiliccote. 2010. ÒStudy on Auto-DR and Pre-Cooling of Commercial Buildings with Thermal Mass in California.Ó Energy and Buildings 42(7):967Ð75."
Lakeside Tower,field-testing,OAT_MA_CBL,,8/5/08,12:00,15:00,,253.4,78.4,,0.49,0.15,,3.03,0.94,,"Yin, Rongxin, Peng Xu, Mary Ann Piette, and Sila Kiliccote. 2010. ÒStudy on Auto-DR and Pre-Cooling of Commercial Buildings with Thermal Mass in California.Ó Energy and Buildings 42(7):967Ð75."
Lakeside Tower,field-testing,OAT_MA_CBL,,8/5/08,15:00,18:00,,321.6,145.3,,0.62,0.28,,3.84,1.74,,"Yin, Rongxin, Peng Xu, Mary Ann Piette, and Sila Kiliccote. 2010. ÒStudy on Auto-DR and Pre-Cooling of Commercial Buildings with Thermal Mass in California.Ó Energy and Buildings 42(7):967Ð75."
Lakeside Tower,field-testing,OAT_MA_CBL,,8/6/08,12:00,15:00,,208.3,71.4,,0.4,0.14,,2.49,0.85,,"Yin, Rongxin, Peng Xu, Mary Ann Piette, and Sila Kiliccote. 2010. ÒStudy on Auto-DR and Pre-Cooling of Commercial Buildings with Thermal Mass in California.Ó Energy and Buildings 42(7):967Ð75."
Lakeside Tower,field-testing,OAT_MA_CBL,,8/6/08,15:00,18:00,,333.1,132.1,,0.64,0.26,,3.98,1.58,,"Yin, Rongxin, Peng Xu, Mary Ann Piette, and Sila Kiliccote. 2010. ÒStudy on Auto-DR and Pre-Cooling of Commercial Buildings with Thermal Mass in California.Ó Energy and Buildings 42(7):967Ð75."
Lakeside Tower,field-testing,OAT_MA_CBL,,8/11/08,12:00,15:00,,247.7,117.9,,0.5,0.24,,2.96,1.41,,"Yin, Rongxin, Peng Xu, Mary Ann Piette, and Sila Kiliccote. 2010. ÒStudy on Auto-DR and Pre-Cooling of Commercial Buildings with Thermal Mass in California.Ó Energy and Buildings 42(7):967Ð75."
Lakeside Tower,field-testing,OAT_MA_CBL,,8/11/08,15:00,18:00,,273.6,106.9,,0.55,0.22,,3.27,1.28,,"Yin, Rongxin, Peng Xu, Mary Ann Piette, and Sila Kiliccote. 2010. ÒStudy on Auto-DR and Pre-Cooling of Commercial Buildings with Thermal Mass in California.Ó Energy and Buildings 42(7):967Ð75."
Lakeside Tower,field-testing,OAT_MA_CBL,,8/12/08,12:00,15:00,,289.9,147.7,,0.59,0.3,,3.46,1.76,,"Yin, Rongxin, Peng Xu, Mary Ann Piette, and Sila Kiliccote. 2010. ÒStudy on Auto-DR and Pre-Cooling of Commercial Buildings with Thermal Mass in California.Ó Energy and Buildings 42(7):967Ð75."
Lakeside Tower,field-testing,OAT_MA_CBL,,8/12/08,15:00,18:00,,190.1,50.9,,0.38,0.1,,2.27,0.61,,"Yin, Rongxin, Peng Xu, Mary Ann Piette, and Sila Kiliccote. 2010. ÒStudy on Auto-DR and Pre-Cooling of Commercial Buildings with Thermal Mass in California.Ó Energy and Buildings 42(7):967Ð75."
Lakeside Tower,field-testing,OAT_MA_CBL,,8/27/08,12:00,15:00,,320.6,150.7,,0.62,0.29,,3.83,1.8,,"Yin, Rongxin, Peng Xu, Mary Ann Piette, and Sila Kiliccote. 2010. ÒStudy on Auto-DR and Pre-Cooling of Commercial Buildings with Thermal Mass in California.Ó Energy and Buildings 42(7):967Ð75."
Lakeside Tower,field-testing,OAT_MA_CBL,,8/27/08,15:00,18:00,,282.2,120.2,,0.55,0.23,,3.37,1.44,,"Yin, Rongxin, Peng Xu, Mary Ann Piette, and Sila Kiliccote. 2010. ÒStudy on Auto-DR and Pre-Cooling of Commercial Buildings with Thermal Mass in California.Ó Energy and Buildings 42(7):967Ð75."
Lakeside Tower,field-testing,OAT_MA_CBL,,8/28/08,12:00,15:00,,273.6,116.1,,0.53,0.22,,3.27,1.39,,"Yin, Rongxin, Peng Xu, Mary Ann Piette, and Sila Kiliccote. 2010. ÒStudy on Auto-DR and Pre-Cooling of Commercial Buildings with Thermal Mass in California.Ó Energy and Buildings 42(7):967Ð75."
Lakeside Tower,field-testing,OAT_MA_CBL,,8/28/08,15:00,18:00,,268.8,64.7,,0.52,0.13,,3.21,0.77,,"Yin, Rongxin, Peng Xu, Mary Ann Piette, and Sila Kiliccote. 2010. ÒStudy on Auto-DR and Pre-Cooling of Commercial Buildings with Thermal Mass in California.Ó Energy and Buildings 42(7):967Ð75."
Lakeside Tower,field-testing,OAT_MA_CBL,,9/3/08,12:00,15:00,,94.1,60.2,,0.17,0.11,,1.12,0.72,,"Yin, Rongxin, Peng Xu, Mary Ann Piette, and Sila Kiliccote. 2010. ÒStudy on Auto-DR and Pre-Cooling of Commercial Buildings with Thermal Mass in California.Ó Energy and Buildings 42(7):967Ð75."
Lakeside Tower,field-testing,OAT_MA_CBL,,9/3/08,15:00,18:00,,112.3,67.6,,0.2,0.12,,1.34,0.81,,"Yin, Rongxin, Peng Xu, Mary Ann Piette, and Sila Kiliccote. 2010. ÒStudy on Auto-DR and Pre-Cooling of Commercial Buildings with Thermal Mass in California.Ó Energy and Buildings 42(7):967Ð75."
Two Parkside,field-testing,OAT_MA_CBL,,7/9/08,12:00,15:00,,84.5,51.4,,0.21,0.13,,1.01,0.61,,"Yin, Rongxin, Peng Xu, Mary Ann Piette, and Sila Kiliccote. 2010. ÒStudy on Auto-DR and Pre-Cooling of Commercial Buildings with Thermal Mass in California.Ó Energy and Buildings 42(7):967Ð75."
Two Parkside,field-testing,OAT_MA_CBL,,7/9/08,15:00,18:00,,44.2,12.1,,0.11,0.03,,0.53,0.14,,"Yin, Rongxin, Peng Xu, Mary Ann Piette, and Sila Kiliccote. 2010. ÒStudy on Auto-DR and Pre-Cooling of Commercial Buildings with Thermal Mass in California.Ó Energy and Buildings 42(7):967Ð75."
Two Parkside,field-testing,OAT_MA_CBL,,7/10/08,12:00,15:00,,87.8,43.2,,0.22,0.11,,1.05,0.52,,"Yin, Rongxin, Peng Xu, Mary Ann Piette, and Sila Kiliccote. 2010. ÒStudy on Auto-DR and Pre-Cooling of Commercial Buildings with Thermal Mass in California.Ó Energy and Buildings 42(7):967Ð75."
Two Parkside,field-testing,OAT_MA_CBL,,7/10/08,15:00,18:00,,136.3,9.3,,0.34,0.02,,1.63,0.11,,"Yin, Rongxin, Peng Xu, Mary Ann Piette, and Sila Kiliccote. 2010. ÒStudy on Auto-DR and Pre-Cooling of Commercial Buildings with Thermal Mass in California.Ó Energy and Buildings 42(7):967Ð75."
Two Parkside,field-testing,OAT_MA_CBL,,7/21/08,12:00,15:00,,88.8,54.5,,0.22,0.14,,1.06,0.65,,"Yin, Rongxin, Peng Xu, Mary Ann Piette, and Sila Kiliccote. 2010. ÒStudy on Auto-DR and Pre-Cooling of Commercial Buildings with Thermal Mass in California.Ó Energy and Buildings 42(7):967Ð75."
Two Parkside,field-testing,OAT_MA_CBL,,7/21/08,15:00,18:00,,55.7,-18,,0.14,-0.05,,0.67,-0.22,,"Yin, Rongxin, Peng Xu, Mary Ann Piette, and Sila Kiliccote. 2010. ÒStudy on Auto-DR and Pre-Cooling of Commercial Buildings with Thermal Mass in California.Ó Energy and Buildings 42(7):967Ð75."
Two Parkside,field-testing,OAT_MA_CBL,,8/1/08,12:00,15:00,,52.8,2.5,,0.15,0.01,,0.63,0.03,,"Yin, Rongxin, Peng Xu, Mary Ann Piette, and Sila Kiliccote. 2010. ÒStudy on Auto-DR and Pre-Cooling of Commercial Buildings with Thermal Mass in California.Ó Energy and Buildings 42(7):967Ð75."
Two Parkside,field-testing,OAT_MA_CBL,,8/1/08,15:00,18:00,,66.7,34.3,,0.19,0.1,,0.8,0.41,,"Yin, Rongxin, Peng Xu, Mary Ann Piette, and Sila Kiliccote. 2010. ÒStudy on Auto-DR and Pre-Cooling of Commercial Buildings with Thermal Mass in California.Ó Energy and Buildings 42(7):967Ð75."
Two Parkside,field-testing,OAT_MA_CBL,,8/5/08,12:00,15:00,,132.5,86.5,,0.32,0.21,,1.58,1.03,,"Yin, Rongxin, Peng Xu, Mary Ann Piette, and Sila Kiliccote. 2010. ÒStudy on Auto-DR and Pre-Cooling of Commercial Buildings with Thermal Mass in California.Ó Energy and Buildings 42(7):967Ð75."
Two Parkside,field-testing,OAT_MA_CBL,,8/5/08,15:00,18:00,,158.9,82.2,,0.39,0.2,,1.9,0.98,,"Yin, Rongxin, Peng Xu, Mary Ann Piette, and Sila Kiliccote. 2010. ÒStudy on Auto-DR and Pre-Cooling of Commercial Buildings with Thermal Mass in California.Ó Energy and Buildings 42(7):967Ð75."
Two Parkside,field-testing,OAT_MA_CBL,,8/6/08,12:00,15:00,,104.2,60.1,,0.25,0.15,,1.24,0.72,,"Yin, Rongxin, Peng Xu, Mary Ann Piette, and Sila Kiliccote. 2010. ÒStudy on Auto-DR and Pre-Cooling of Commercial Buildings with Thermal Mass in California.Ó Energy and Buildings 42(7):967Ð75."
Two Parkside,field-testing,OAT_MA_CBL,,8/6/08,15:00,18:00,,162.2,103.6,,0.39,0.25,,1.94,1.24,,"Yin, Rongxin, Peng Xu, Mary Ann Piette, and Sila Kiliccote. 2010. ÒStudy on Auto-DR and Pre-Cooling of Commercial Buildings with Thermal Mass in California.Ó Energy and Buildings 42(7):967Ð75."
Two Parkside,field-testing,OAT_MA_CBL,,8/11/08,12:00,15:00,,70.1,30.1,,0.18,0.08,,0.84,0.36,,"Yin, Rongxin, Peng Xu, Mary Ann Piette, and Sila Kiliccote. 2010. ÒStudy on Auto-DR and Pre-Cooling of Commercial Buildings with Thermal Mass in California.Ó Energy and Buildings 42(7):967Ð75."
Two Parkside,field-testing,OAT_MA_CBL,,8/11/08,15:00,18:00,,104.6,33.1,,0.27,0.08,,1.25,0.4,,"Yin, Rongxin, Peng Xu, Mary Ann Piette, and Sila Kiliccote. 2010. ÒStudy on Auto-DR and Pre-Cooling of Commercial Buildings with Thermal Mass in California.Ó Energy and Buildings 42(7):967Ð75."
Two Parkside,field-testing,OAT_MA_CBL,,8/12/08,12:00,15:00,,73.9,27.8,,0.19,0.07,,0.88,0.33,,"Yin, Rongxin, Peng Xu, Mary Ann Piette, and Sila Kiliccote. 2010. ÒStudy on Auto-DR and Pre-Cooling of Commercial Buildings with Thermal Mass in California.Ó Energy and Buildings 42(7):967Ð75."
Two Parkside,field-testing,OAT_MA_CBL,,8/12/08,15:00,18:00,,76.3,26.9,,0.19,0.07,,0.91,0.32,,"Yin, Rongxin, Peng Xu, Mary Ann Piette, and Sila Kiliccote. 2010. ÒStudy on Auto-DR and Pre-Cooling of Commercial Buildings with Thermal Mass in California.Ó Energy and Buildings 42(7):967Ð75."
Two Parkside,field-testing,OAT_MA_CBL,,8/27/08,12:00,15:00,,37.9,-1.7,,0.13,-0.01,,0.45,-0.02,,"Yin, Rongxin, Peng Xu, Mary Ann Piette, and Sila Kiliccote. 2010. ÒStudy on Auto-DR and Pre-Cooling of Commercial Buildings with Thermal Mass in California.Ó Energy and Buildings 42(7):967Ð75."
Two Parkside,field-testing,OAT_MA_CBL,,8/27/08,15:00,18:00,,32.2,-13.1,,0.11,-0.04,,0.38,-0.16,,"Yin, Rongxin, Peng Xu, Mary Ann Piette, and Sila Kiliccote. 2010. ÒStudy on Auto-DR and Pre-Cooling of Commercial Buildings with Thermal Mass in California.Ó Energy and Buildings 42(7):967Ð75."
Two Parkside,field-testing,OAT_MA_CBL,,8/28/08,12:00,15:00,,39.8,22.3,,0.13,0.07,,0.48,0.27,,"Yin, Rongxin, Peng Xu, Mary Ann Piette, and Sila Kiliccote. 2010. ÒStudy on Auto-DR and Pre-Cooling of Commercial Buildings with Thermal Mass in California.Ó Energy and Buildings 42(7):967Ð75."
Two Parkside,field-testing,OAT_MA_CBL,,8/28/08,15:00,18:00,,37,-12.1,,0.12,-0.04,,0.44,-0.14,,"Yin, Rongxin, Peng Xu, Mary Ann Piette, and Sila Kiliccote. 2010. ÒStudy on Auto-DR and Pre-Cooling of Commercial Buildings with Thermal Mass in California.Ó Energy and Buildings 42(7):967Ð75."
Two Parkside,field-testing,OAT_MA_CBL,,9/3/08,12:00,15:00,,127.2,34.4,,0.33,0.09,,1.52,0.41,,"Yin, Rongxin, Peng Xu, Mary Ann Piette, and Sila Kiliccote. 2010. ÒStudy on Auto-DR and Pre-Cooling of Commercial Buildings with Thermal Mass in California.Ó Energy and Buildings 42(7):967Ð75."
Two Parkside,field-testing,OAT_MA_CBL,,9/3/08,15:00,18:00,,73,8.4,,0.19,0.02,,0.87,0.1,,"Yin, Rongxin, Peng Xu, Mary Ann Piette, and Sila Kiliccote. 2010. ÒStudy on Auto-DR and Pre-Cooling of Commercial Buildings with Thermal Mass in California.Ó Energy and Buildings 42(7):967Ð75."
Brier Corporate Center,field-testing,OAT_MA_CBL,,7/9/08,12:00,15:00,,45.6,25.6,,0.11,0.06,,0.54,0.31,,"Yin, Rongxin, Peng Xu, Mary Ann Piette, and Sila Kiliccote. 2010. ÒStudy on Auto-DR and Pre-Cooling of Commercial Buildings with Thermal Mass in California.Ó Energy and Buildings 42(7):967Ð75."
Brier Corporate Center,field-testing,OAT_MA_CBL,,7/9/08,15:00,18:00,,24,-68.8,,0.06,-0.16,,0.29,-0.82,,"Yin, Rongxin, Peng Xu, Mary Ann Piette, and Sila Kiliccote. 2010. ÒStudy on Auto-DR and Pre-Cooling of Commercial Buildings with Thermal Mass in California.Ó Energy and Buildings 42(7):967Ð75."
Brier Corporate Center,field-testing,OAT_MA_CBL,,7/10/08,12:00,15:00,,21.6,12,,0.05,0.03,,0.26,0.14,,"Yin, Rongxin, Peng Xu, Mary Ann Piette, and Sila Kiliccote. 2010. ÒStudy on Auto-DR and Pre-Cooling of Commercial Buildings with Thermal Mass in California.Ó Energy and Buildings 42(7):967Ð75."
Brier Corporate Center,field-testing,OAT_MA_CBL,,7/10/08,15:00,18:00,,16.8,-51.8,,0.04,-0.12,,0.2,-0.62,,"Yin, Rongxin, Peng Xu, Mary Ann Piette, and Sila Kiliccote. 2010. ÒStudy on Auto-DR and Pre-Cooling of Commercial Buildings with Thermal Mass in California.Ó Energy and Buildings 42(7):967Ð75."
Brier Corporate Center,field-testing,OAT_MA_CBL,,7/21/08,12:00,15:00,,12,0.8,,0.03,0,,0.14,0.01,,"Yin, Rongxin, Peng Xu, Mary Ann Piette, and Sila Kiliccote. 2010. ÒStudy on Auto-DR and Pre-Cooling of Commercial Buildings with Thermal Mass in California.Ó Energy and Buildings 42(7):967Ð75."
Brier Corporate Center,field-testing,OAT_MA_CBL,,7/21/08,15:00,18:00,,26.4,-36,,0.06,-0.08,,0.32,-0.43,,"Yin, Rongxin, Peng Xu, Mary Ann Piette, and Sila Kiliccote. 2010. ÒStudy on Auto-DR and Pre-Cooling of Commercial Buildings with Thermal Mass in California.Ó Energy and Buildings 42(7):967Ð75."
Brier Corporate Center,field-testing,OAT_MA_CBL,,8/1/08,12:00,15:00,,28.8,16.2,,0.07,0.04,,0.34,0.19,,"Yin, Rongxin, Peng Xu, Mary Ann Piette, and Sila Kiliccote. 2010. ÒStudy on Auto-DR and Pre-Cooling of Commercial Buildings with Thermal Mass in California.Ó Energy and Buildings 42(7):967Ð75."
Brier Corporate Center,field-testing,OAT_MA_CBL,,8/1/08,15:00,18:00,,28.8,13.2,,0.07,0.03,,0.34,0.16,,"Yin, Rongxin, Peng Xu, Mary Ann Piette, and Sila Kiliccote. 2010. ÒStudy on Auto-DR and Pre-Cooling of Commercial Buildings with Thermal Mass in California.Ó Energy and Buildings 42(7):967Ð75."
Brier Corporate Center,field-testing,OAT_MA_CBL,,8/5/08,12:00,15:00,,72,55.8,,0.15,0.12,,0.86,0.67,,"Yin, Rongxin, Peng Xu, Mary Ann Piette, and Sila Kiliccote. 2010. ÒStudy on Auto-DR and Pre-Cooling of Commercial Buildings with Thermal Mass in California.Ó Energy and Buildings 42(7):967Ð75."
Brier Corporate Center,field-testing,OAT_MA_CBL,,8/5/08,15:00,18:00,,84,71.2,,0.18,0.15,,1,0.85,,"Yin, Rongxin, Peng Xu, Mary Ann Piette, and Sila Kiliccote. 2010. ÒStudy on Auto-DR and Pre-Cooling of Commercial Buildings with Thermal Mass in California.Ó Energy and Buildings 42(7):967Ð75."
Brier Corporate Center,field-testing,OAT_MA_CBL,,8/6/08,12:00,15:00,,74.4,52.8,,0.16,0.11,,0.89,0.63,,"Yin, Rongxin, Peng Xu, Mary Ann Piette, and Sila Kiliccote. 2010. ÒStudy on Auto-DR and Pre-Cooling of Commercial Buildings with Thermal Mass in California.Ó Energy and Buildings 42(7):967Ð75."
Brier Corporate Center,field-testing,OAT_MA_CBL,,8/6/08,15:00,18:00,,69.6,55.6,,0.15,0.12,,0.83,0.66,,"Yin, Rongxin, Peng Xu, Mary Ann Piette, and Sila Kiliccote. 2010. ÒStudy on Auto-DR and Pre-Cooling of Commercial Buildings with Thermal Mass in California.Ó Energy and Buildings 42(7):967Ð75."
Brier Corporate Center,field-testing,OAT_MA_CBL,,8/11/08,12:00,15:00,,67.2,47.2,,0.15,0.1,,0.8,0.56,,"Yin, Rongxin, Peng Xu, Mary Ann Piette, and Sila Kiliccote. 2010. ÒStudy on Auto-DR and Pre-Cooling of Commercial Buildings with Thermal Mass in California.Ó Energy and Buildings 42(7):967Ð75."
Brier Corporate Center,field-testing,OAT_MA_CBL,,8/11/08,15:00,18:00,,52.8,26.2,,0.12,0.06,,0.63,0.31,,"Yin, Rongxin, Peng Xu, Mary Ann Piette, and Sila Kiliccote. 2010. ÒStudy on Auto-DR and Pre-Cooling of Commercial Buildings with Thermal Mass in California.Ó Energy and Buildings 42(7):967Ð75."
Brier Corporate Center,field-testing,OAT_MA_CBL,,8/12/08,12:00,15:00,,69.6,47,,0.15,0.1,,0.83,0.56,,"Yin, Rongxin, Peng Xu, Mary Ann Piette, and Sila Kiliccote. 2010. ÒStudy on Auto-DR and Pre-Cooling of Commercial Buildings with Thermal Mass in California.Ó Energy and Buildings 42(7):967Ð75."
Brier Corporate Center,field-testing,OAT_MA_CBL,,8/12/08,15:00,18:00,,38.4,14.8,,0.09,0.03,,0.46,0.18,,"Yin, Rongxin, Peng Xu, Mary Ann Piette, and Sila Kiliccote. 2010. ÒStudy on Auto-DR and Pre-Cooling of Commercial Buildings with Thermal Mass in California.Ó Energy and Buildings 42(7):967Ð75."
Brier Corporate Center,field-testing,OAT_MA_CBL,,8/27/08,12:00,15:00,,21.6,6,,0.05,0.01,,0.26,0.07,,"Yin, Rongxin, Peng Xu, Mary Ann Piette, and Sila Kiliccote. 2010. ÒStudy on Auto-DR and Pre-Cooling of Commercial Buildings with Thermal Mass in California.Ó Energy and Buildings 42(7):967Ð75."
Brier Corporate Center,field-testing,OAT_MA_CBL,,8/27/08,15:00,18:00,,24,5.6,,0.06,0.01,,0.29,0.07,,"Yin, Rongxin, Peng Xu, Mary Ann Piette, and Sila Kiliccote. 2010. ÒStudy on Auto-DR and Pre-Cooling of Commercial Buildings with Thermal Mass in California.Ó Energy and Buildings 42(7):967Ð75."
Brier Corporate Center,field-testing,OAT_MA_CBL,,8/28/08,12:00,15:00,,12,0.8,,0.03,0,,0.14,0.01,,"Yin, Rongxin, Peng Xu, Mary Ann Piette, and Sila Kiliccote. 2010. ÒStudy on Auto-DR and Pre-Cooling of Commercial Buildings with Thermal Mass in California.Ó Energy and Buildings 42(7):967Ð75."
Brier Corporate Center,field-testing,OAT_MA_CBL,,8/28/08,15:00,18:00,,21.6,-2.4,,0.05,-0.01,,0.26,-0.03,,"Yin, Rongxin, Peng Xu, Mary Ann Piette, and Sila Kiliccote. 2010. ÒStudy on Auto-DR and Pre-Cooling of Commercial Buildings with Thermal Mass in California.Ó Energy and Buildings 42(7):967Ð75."
Brier Corporate Center,field-testing,OAT_MA_CBL,,9/3/08,12:00,15:00,,57.6,39.8,,0.12,0.08,,0.69,0.48,,"Yin, Rongxin, Peng Xu, Mary Ann Piette, and Sila Kiliccote. 2010. ÒStudy on Auto-DR and Pre-Cooling of Commercial Buildings with Thermal Mass in California.Ó Energy and Buildings 42(7):967Ð75."
Brier Corporate Center,field-testing,OAT_MA_CBL,,9/3/08,15:00,18:00,,38.4,25.6,,0.08,0.05,,0.46,0.31,,"Yin, Rongxin, Peng Xu, Mary Ann Piette, and Sila Kiliccote. 2010. ÒStudy on Auto-DR and Pre-Cooling of Commercial Buildings with Thermal Mass in California.Ó Energy and Buildings 42(7):967Ð75."
Vanderbilt Plaza,field-testing,OAT_MA_CBL,,7/9/08,12:00,15:00,,87.8,59.5,,0.16,0.11,,1.05,0.71,,"Yin, Rongxin, Peng Xu, Mary Ann Piette, and Sila Kiliccote. 2010. ÒStudy on Auto-DR and Pre-Cooling of Commercial Buildings with Thermal Mass in California.Ó Energy and Buildings 42(7):967Ð75."
Vanderbilt Plaza,field-testing,OAT_MA_CBL,,7/9/08,15:00,18:00,,90.7,25.8,,0.16,0.05,,1.08,0.31,,"Yin, Rongxin, Peng Xu, Mary Ann Piette, and Sila Kiliccote. 2010. ÒStudy on Auto-DR and Pre-Cooling of Commercial Buildings with Thermal Mass in California.Ó Energy and Buildings 42(7):967Ð75."
Vanderbilt Plaza,field-testing,OAT_MA_CBL,,7/10/08,12:00,15:00,,126.7,85.6,,0.23,0.15,,1.51,1.02,,"Yin, Rongxin, Peng Xu, Mary Ann Piette, and Sila Kiliccote. 2010. ÒStudy on Auto-DR and Pre-Cooling of Commercial Buildings with Thermal Mass in California.Ó Energy and Buildings 42(7):967Ð75."
Vanderbilt Plaza,field-testing,OAT_MA_CBL,,7/10/08,15:00,18:00,,157,49.2,,0.28,0.09,,1.88,0.59,,"Yin, Rongxin, Peng Xu, Mary Ann Piette, and Sila Kiliccote. 2010. ÒStudy on Auto-DR and Pre-Cooling of Commercial Buildings with Thermal Mass in California.Ó Energy and Buildings 42(7):967Ð75."
Vanderbilt Plaza,field-testing,OAT_MA_CBL,,7/21/08,12:00,15:00,,37.4,23.4,,0.07,0.04,,0.45,0.28,,"Yin, Rongxin, Peng Xu, Mary Ann Piette, and Sila Kiliccote. 2010. ÒStudy on Auto-DR and Pre-Cooling of Commercial Buildings with Thermal Mass in California.Ó Energy and Buildings 42(7):967Ð75."
Vanderbilt Plaza,field-testing,OAT_MA_CBL,,7/21/08,15:00,18:00,,106.6,24,,0.19,0.04,,1.27,0.29,,"Yin, Rongxin, Peng Xu, Mary Ann Piette, and Sila Kiliccote. 2010. ÒStudy on Auto-DR and Pre-Cooling of Commercial Buildings with Thermal Mass in California.Ó Energy and Buildings 42(7):967Ð75."
Vanderbilt Plaza,field-testing,OAT_MA_CBL,,8/1/08,12:00,15:00,,97.9,70.8,,0.22,0.16,,1.17,0.85,,"Yin, Rongxin, Peng Xu, Mary Ann Piette, and Sila Kiliccote. 2010. ÒStudy on Auto-DR and Pre-Cooling of Commercial Buildings with Thermal Mass in California.Ó Energy and Buildings 42(7):967Ð75."
Vanderbilt Plaza,field-testing,OAT_MA_CBL,,8/1/08,15:00,18:00,,89.3,49.3,,0.2,0.11,,1.07,0.59,,"Yin, Rongxin, Peng Xu, Mary Ann Piette, and Sila Kiliccote. 2010. ÒStudy on Auto-DR and Pre-Cooling of Commercial Buildings with Thermal Mass in California.Ó Energy and Buildings 42(7):967Ð75."
Vanderbilt Plaza,field-testing,OAT_MA_CBL,,8/5/08,12:00,15:00,,178.6,131.6,,0.34,0.25,,2.13,1.57,,"Yin, Rongxin, Peng Xu, Mary Ann Piette, and Sila Kiliccote. 2010. ÒStudy on Auto-DR and Pre-Cooling of Commercial Buildings with Thermal Mass in California.Ó Energy and Buildings 42(7):967Ð75."
Vanderbilt Plaza,field-testing,OAT_MA_CBL,,8/5/08,15:00,18:00,,161.3,121.3,,0.31,0.23,,1.93,1.45,,"Yin, Rongxin, Peng Xu, Mary Ann Piette, and Sila Kiliccote. 2010. ÒStudy on Auto-DR and Pre-Cooling of Commercial Buildings with Thermal Mass in California.Ó Energy and Buildings 42(7):967Ð75."
Vanderbilt Plaza,field-testing,OAT_MA_CBL,,8/6/08,12:00,15:00,,169.9,144.6,,0.32,0.28,,2.03,1.73,,"Yin, Rongxin, Peng Xu, Mary Ann Piette, and Sila Kiliccote. 2010. ÒStudy on Auto-DR and Pre-Cooling of Commercial Buildings with Thermal Mass in California.Ó Energy and Buildings 42(7):967Ð75."
Vanderbilt Plaza,field-testing,OAT_MA_CBL,,8/6/08,15:00,18:00,,139.7,94.8,,0.27,0.18,,1.67,1.13,,"Yin, Rongxin, Peng Xu, Mary Ann Piette, and Sila Kiliccote. 2010. ÒStudy on Auto-DR and Pre-Cooling of Commercial Buildings with Thermal Mass in California.Ó Energy and Buildings 42(7):967Ð75."
Vanderbilt Plaza,field-testing,OAT_MA_CBL,,8/11/08,12:00,15:00,,93.6,61.6,,0.21,0.14,,1.12,0.74,,"Yin, Rongxin, Peng Xu, Mary Ann Piette, and Sila Kiliccote. 2010. ÒStudy on Auto-DR and Pre-Cooling of Commercial Buildings with Thermal Mass in California.Ó Energy and Buildings 42(7):967Ð75."
Vanderbilt Plaza,field-testing,OAT_MA_CBL,,8/11/08,15:00,18:00,,54.7,12.8,,0.13,0.03,,0.65,0.15,,"Yin, Rongxin, Peng Xu, Mary Ann Piette, and Sila Kiliccote. 2010. ÒStudy on Auto-DR and Pre-Cooling of Commercial Buildings with Thermal Mass in California.Ó Energy and Buildings 42(7):967Ð75."
Vanderbilt Plaza,field-testing,OAT_MA_CBL,,8/12/08,12:00,15:00,,105.1,68,,0.24,0.16,,1.26,0.81,,"Yin, Rongxin, Peng Xu, Mary Ann Piette, and Sila Kiliccote. 2010. ÒStudy on Auto-DR and Pre-Cooling of Commercial Buildings with Thermal Mass in California.Ó Energy and Buildings 42(7):967Ð75."
Vanderbilt Plaza,field-testing,OAT_MA_CBL,,8/12/08,15:00,18:00,,106.6,34.4,,0.24,0.08,,1.27,0.41,,"Yin, Rongxin, Peng Xu, Mary Ann Piette, and Sila Kiliccote. 2010. ÒStudy on Auto-DR and Pre-Cooling of Commercial Buildings with Thermal Mass in California.Ó Energy and Buildings 42(7):967Ð75."
Vanderbilt Plaza,field-testing,OAT_MA_CBL,,8/27/08,12:00,15:00,,76.3,54.5,,0.18,0.13,,0.91,0.65,,"Yin, Rongxin, Peng Xu, Mary Ann Piette, and Sila Kiliccote. 2010. ÒStudy on Auto-DR and Pre-Cooling of Commercial Buildings with Thermal Mass in California.Ó Energy and Buildings 42(7):967Ð75."
Vanderbilt Plaza,field-testing,OAT_MA_CBL,,8/27/08,15:00,18:00,,70.6,28.3,,0.16,0.07,,0.84,0.34,,"Yin, Rongxin, Peng Xu, Mary Ann Piette, and Sila Kiliccote. 2010. ÒStudy on Auto-DR and Pre-Cooling of Commercial Buildings with Thermal Mass in California.Ó Energy and Buildings 42(7):967Ð75."
Vanderbilt Plaza,field-testing,OAT_MA_CBL,,8/28/08,12:00,15:00,,80.6,56.6,,0.19,0.13,,0.96,0.68,,"Yin, Rongxin, Peng Xu, Mary Ann Piette, and Sila Kiliccote. 2010. ÒStudy on Auto-DR and Pre-Cooling of Commercial Buildings with Thermal Mass in California.Ó Energy and Buildings 42(7):967Ð75."
Vanderbilt Plaza,field-testing,OAT_MA_CBL,,8/28/08,15:00,18:00,,79.2,14.6,,0.18,0.03,,0.95,0.17,,"Yin, Rongxin, Peng Xu, Mary Ann Piette, and Sila Kiliccote. 2010. ÒStudy on Auto-DR and Pre-Cooling of Commercial Buildings with Thermal Mass in California.Ó Energy and Buildings 42(7):967Ð75."
Vanderbilt Plaza,field-testing,OAT_MA_CBL,,9/3/08,12:00,15:00,,72,46.9,,0.16,0.1,,0.86,0.56,,"Yin, Rongxin, Peng Xu, Mary Ann Piette, and Sila Kiliccote. 2010. ÒStudy on Auto-DR and Pre-Cooling of Commercial Buildings with Thermal Mass in California.Ó Energy and Buildings 42(7):967Ð75."
Vanderbilt Plaza,field-testing,OAT_MA_CBL,,9/3/08,15:00,18:00,,83.5,46.3,,0.18,0.1,,1,0.55,,"Yin, Rongxin, Peng Xu, Mary Ann Piette, and Sila Kiliccote. 2010. ÒStudy on Auto-DR and Pre-Cooling of Commercial Buildings with Thermal Mass in California.Ó Energy and Buildings 42(7):967Ð75."
Inland Regional Center,field-testing,OAT_MA_CBL,,7/9/08,12:00,15:00,,30.7,0.2,,0.07,0,,0.37,0,,"Yin, Rongxin, Peng Xu, Mary Ann Piette, and Sila Kiliccote. 2010. ÒStudy on Auto-DR and Pre-Cooling of Commercial Buildings with Thermal Mass in California.Ó Energy and Buildings 42(7):967Ð75."
Inland Regional Center,field-testing,OAT_MA_CBL,,7/9/08,15:00,18:00,,31.2,-33.9,,0.07,-0.08,,0.37,-0.41,,"Yin, Rongxin, Peng Xu, Mary Ann Piette, and Sila Kiliccote. 2010. ÒStudy on Auto-DR and Pre-Cooling of Commercial Buildings with Thermal Mass in California.Ó Energy and Buildings 42(7):967Ð75."
Inland Regional Center,field-testing,OAT_MA_CBL,,7/10/08,12:00,15:00,,25.9,-8.8,,0.06,-0.02,,0.31,-0.11,,"Yin, Rongxin, Peng Xu, Mary Ann Piette, and Sila Kiliccote. 2010. ÒStudy on Auto-DR and Pre-Cooling of Commercial Buildings with Thermal Mass in California.Ó Energy and Buildings 42(7):967Ð75."
Inland Regional Center,field-testing,OAT_MA_CBL,,7/10/08,15:00,18:00,,42.7,-24.2,,0.1,-0.06,,0.51,-0.29,,"Yin, Rongxin, Peng Xu, Mary Ann Piette, and Sila Kiliccote. 2010. ÒStudy on Auto-DR and Pre-Cooling of Commercial Buildings with Thermal Mass in California.Ó Energy and Buildings 42(7):967Ð75."
Inland Regional Center,field-testing,OAT_MA_CBL,,7/21/08,12:00,15:00,,23,-9.7,,0.05,-0.02,,0.28,-0.12,,"Yin, Rongxin, Peng Xu, Mary Ann Piette, and Sila Kiliccote. 2010. ÒStudy on Auto-DR and Pre-Cooling of Commercial Buildings with Thermal Mass in California.Ó Energy and Buildings 42(7):967Ð75."
Inland Regional Center,field-testing,OAT_MA_CBL,,7/21/08,15:00,18:00,,33.6,-6.8,,0.08,-0.02,,0.4,-0.08,,"Yin, Rongxin, Peng Xu, Mary Ann Piette, and Sila Kiliccote. 2010. ÒStudy on Auto-DR and Pre-Cooling of Commercial Buildings with Thermal Mass in California.Ó Energy and Buildings 42(7):967Ð75."
Inland Regional Center,field-testing,OAT_MA_CBL,,8/1/08,12:00,15:00,,104.2,67,,0.26,0.17,,1.24,0.8,,"Yin, Rongxin, Peng Xu, Mary Ann Piette, and Sila Kiliccote. 2010. ÒStudy on Auto-DR and Pre-Cooling of Commercial Buildings with Thermal Mass in California.Ó Energy and Buildings 42(7):967Ð75."
Inland Regional Center,field-testing,OAT_MA_CBL,,8/1/08,15:00,18:00,,109.9,81.5,,0.28,0.2,,1.31,0.97,,"Yin, Rongxin, Peng Xu, Mary Ann Piette, and Sila Kiliccote. 2010. ÒStudy on Auto-DR and Pre-Cooling of Commercial Buildings with Thermal Mass in California.Ó Energy and Buildings 42(7):967Ð75."
Inland Regional Center,field-testing,OAT_MA_CBL,,8/5/08,12:00,15:00,,107,61.1,,0.23,0.13,,1.28,0.73,,"Yin, Rongxin, Peng Xu, Mary Ann Piette, and Sila Kiliccote. 2010. ÒStudy on Auto-DR and Pre-Cooling of Commercial Buildings with Thermal Mass in California.Ó Energy and Buildings 42(7):967Ð75."
Inland Regional Center,field-testing,OAT_MA_CBL,,8/5/08,15:00,18:00,,185.3,117.1,,0.39,0.25,,2.21,1.4,,"Yin, Rongxin, Peng Xu, Mary Ann Piette, and Sila Kiliccote. 2010. ÒStudy on Auto-DR and Pre-Cooling of Commercial Buildings with Thermal Mass in California.Ó Energy and Buildings 42(7):967Ð75."
Inland Regional Center,field-testing,OAT_MA_CBL,,8/6/08,12:00,15:00,,104.6,49.6,,0.22,0.11,,1.25,0.59,,"Yin, Rongxin, Peng Xu, Mary Ann Piette, and Sila Kiliccote. 2010. ÒStudy on Auto-DR and Pre-Cooling of Commercial Buildings with Thermal Mass in California.Ó Energy and Buildings 42(7):967Ð75."
Inland Regional Center,field-testing,OAT_MA_CBL,,8/6/08,15:00,18:00,,133.9,67.6,,0.28,0.14,,1.6,0.81,,"Yin, Rongxin, Peng Xu, Mary Ann Piette, and Sila Kiliccote. 2010. ÒStudy on Auto-DR and Pre-Cooling of Commercial Buildings with Thermal Mass in California.Ó Energy and Buildings 42(7):967Ð75."
Inland Regional Center,field-testing,OAT_MA_CBL,,8/11/08,12:00,15:00,,-9.6,-27.3,,-0.03,-0.07,,-0.11,-0.33,,"Yin, Rongxin, Peng Xu, Mary Ann Piette, and Sila Kiliccote. 2010. ÒStudy on Auto-DR and Pre-Cooling of Commercial Buildings with Thermal Mass in California.Ó Energy and Buildings 42(7):967Ð75."
Inland Regional Center,field-testing,OAT_MA_CBL,,8/11/08,15:00,18:00,,-1.9,-23.8,,-0.01,-0.06,,-0.02,-0.28,,"Yin, Rongxin, Peng Xu, Mary Ann Piette, and Sila Kiliccote. 2010. ÒStudy on Auto-DR and Pre-Cooling of Commercial Buildings with Thermal Mass in California.Ó Energy and Buildings 42(7):967Ð75."
Inland Regional Center,field-testing,OAT_MA_CBL,,8/12/08,12:00,15:00,,-9.6,-28.1,,-0.03,-0.07,,-0.11,-0.34,,"Yin, Rongxin, Peng Xu, Mary Ann Piette, and Sila Kiliccote. 2010. ÒStudy on Auto-DR and Pre-Cooling of Commercial Buildings with Thermal Mass in California.Ó Energy and Buildings 42(7):967Ð75."
Inland Regional Center,field-testing,OAT_MA_CBL,,8/12/08,15:00,18:00,,37,-27.7,,0.1,-0.07,,0.44,-0.33,,"Yin, Rongxin, Peng Xu, Mary Ann Piette, and Sila Kiliccote. 2010. ÒStudy on Auto-DR and Pre-Cooling of Commercial Buildings with Thermal Mass in California.Ó Energy and Buildings 42(7):967Ð75."
Inland Regional Center,field-testing,OAT_MA_CBL,,8/27/08,12:00,15:00,,49.4,7.9,,0.13,0.02,,0.59,0.09,,"Yin, Rongxin, Peng Xu, Mary Ann Piette, and Sila Kiliccote. 2010. ÒStudy on Auto-DR and Pre-Cooling of Commercial Buildings with Thermal Mass in California.Ó Energy and Buildings 42(7):967Ð75."
Inland Regional Center,field-testing,OAT_MA_CBL,,8/27/08,15:00,18:00,,82.1,32.1,,0.22,0.09,,0.98,0.38,,"Yin, Rongxin, Peng Xu, Mary Ann Piette, and Sila Kiliccote. 2010. ÒStudy on Auto-DR and Pre-Cooling of Commercial Buildings with Thermal Mass in California.Ó Energy and Buildings 42(7):967Ð75."
Inland Regional Center,field-testing,OAT_MA_CBL,,8/28/08,12:00,15:00,,55.7,12,,0.15,0.03,,0.67,0.14,,"Yin, Rongxin, Peng Xu, Mary Ann Piette, and Sila Kiliccote. 2010. ÒStudy on Auto-DR and Pre-Cooling of Commercial Buildings with Thermal Mass in California.Ó Energy and Buildings 42(7):967Ð75."
Inland Regional Center,field-testing,OAT_MA_CBL,,8/28/08,15:00,18:00,,58.6,20.3,,0.16,0.05,,0.7,0.24,,"Yin, Rongxin, Peng Xu, Mary Ann Piette, and Sila Kiliccote. 2010. ÒStudy on Auto-DR and Pre-Cooling of Commercial Buildings with Thermal Mass in California.Ó Energy and Buildings 42(7):967Ð75."
Inland Regional Center,field-testing,OAT_MA_CBL,,9/3/08,12:00,15:00,,103.2,72.2,,0.21,0.14,,1.23,0.86,,"Yin, Rongxin, Peng Xu, Mary Ann Piette, and Sila Kiliccote. 2010. ÒStudy on Auto-DR and Pre-Cooling of Commercial Buildings with Thermal Mass in California.Ó Energy and Buildings 42(7):967Ð75."
Inland Regional Center,field-testing,OAT_MA_CBL,,9/3/08,15:00,18:00,,139.2,86.1,,0.28,0.17,,1.66,1.03,,"Yin, Rongxin, Peng Xu, Mary Ann Piette, and Sila Kiliccote. 2010. ÒStudy on Auto-DR and Pre-Cooling of Commercial Buildings with Thermal Mass in California.Ó Energy and Buildings 42(7):967Ð75."
CHCCC,field-testing,Similar_Day,,9/12/06,12:30,15:30,,94,49,,0.13,0.07,,1.08,0.56,,"Xu, P, Yin, R., Brown, C., & Kim, D. E. (2009). Demand Shifting with Thermal Mass in Large Commercial Buildings in a California Hot Climate Zone."
CHCCC,field-testing,Similar_Day,,9/12/06,15:30,18:30,,166,124,,0.25,0.19,,1.91,1.42,,"Xu, P, Yin, R., Brown, C., & Kim, D. E. (2009). Demand Shifting with Thermal Mass in Large Commercial Buildings in a California Hot Climate Zone."
CHCCC,field-testing,Similar_Day,,9/14/06,12:00,15:00,,170,110,,0.24,0.16,,1.96,1.26,,"Xu, P, Yin, R., Brown, C., & Kim, D. E. (2009). Demand Shifting with Thermal Mass in Large Commercial Buildings in a California Hot Climate Zone."
CHCCC,field-testing,Similar_Day,,9/14/06,15:00,18:00,,154,94,,0.23,0.14,,1.77,1.08,,"Xu, P, Yin, R., Brown, C., & Kim, D. E. (2009). Demand Shifting with Thermal Mass in Large Commercial Buildings in a California Hot Climate Zone."
CHCCC,field-testing,Similar_Day,,9/13/06,12:00,15:00,,131,64,,0.19,0.1,,1.51,0.73,,"Xu, P, Yin, R., Brown, C., & Kim, D. E. (2009). Demand Shifting with Thermal Mass in Large Commercial Buildings in a California Hot Climate Zone."
CHCCC,field-testing,Similar_Day,,9/13/06,15:00,18:00,,136,101,,0.2,0.16,,1.56,1.17,,"Xu, P, Yin, R., Brown, C., & Kim, D. E. (2009). Demand Shifting with Thermal Mass in Large Commercial Buildings in a California Hot Climate Zone."
TCCSB,field-testing,Similar_Day,,8/15/07,12:00,15:00,,84,28,,0.19,0.06,,0.97,0.32,,"Xu, P, Yin, R., Brown, C., & Kim, D. E. (2009). Demand Shifting with Thermal Mass in Large Commercial Buildings in a California Hot Climate Zone."
TCCSB,field-testing,Similar_Day,,8/15/07,15:00,18:00,,64,53,,0.15,0.13,,0.76,0.61,,"Xu, P, Yin, R., Brown, C., & Kim, D. E. (2009). Demand Shifting with Thermal Mass in Large Commercial Buildings in a California Hot Climate Zone."
TCCSB,field-testing,Similar_Day,,8/16/07,12:00,15:00,,72,45,,0.16,0.1,,0.83,0.52,,"Xu, P, Yin, R., Brown, C., & Kim, D. E. (2009). Demand Shifting with Thermal Mass in Large Commercial Buildings in a California Hot Climate Zone."
TCCSB,field-testing,Similar_Day,,8/16/07,15:00,18:00,,72,46,,0.17,0.11,,0.83,0.53,,"Xu, P, Yin, R., Brown, C., & Kim, D. E. (2009). Demand Shifting with Thermal Mass in Large Commercial Buildings in a California Hot Climate Zone."
TCCSB,field-testing,Similar_Day,,8/29/07,12:00,15:00,,102,144,,0.2,0.09,,1.17,0.49,,"Xu, P, Yin, R., Brown, C., & Kim, D. E. (2009). Demand Shifting with Thermal Mass in Large Commercial Buildings in a California Hot Climate Zone."
TCCSB,field-testing,Similar_Day,,8/29/07,15:00,18:00,,43,109,,0.3,0.23,,1.66,1.25,,"Xu, P, Yin, R., Brown, C., & Kim, D. E. (2009). Demand Shifting with Thermal Mass in Large Commercial Buildings in a California Hot Climate Zone."
TCCSB,field-testing,Similar_Day,,9/18/07,12:00,15:00,,54,38,,15,10,,0.62,0.43,,"Xu, P, Yin, R., Brown, C., & Kim, D. E. (2009). Demand Shifting with Thermal Mass in Large Commercial Buildings in a California Hot Climate Zone."
TCCSB,field-testing,Similar_Day,,9/18/07,15:00,18:00,,48,33,,0.14,0.1,,0.55,0.38,,"Xu, P, Yin, R., Brown, C., & Kim, D. E. (2009). Demand Shifting with Thermal Mass in Large Commercial Buildings in a California Hot Climate Zone."
University of California at Merced,field-testing,,,8/14/08,15:00,16:00,,202,187,,0.14,0.13,,,,,"Granderson, J., Dudley, J. H., Kiliccote, S., & Piette, M. A. (2009). Chilled Water Storage System and Demand Response at the University of California at Merced and published in the Proceedings."
University of California at Merced,field-testing,,,8/14/08,16:00,17:00,,199,193,,0.14,0.13,,,,,"Granderson, J., Dudley, J. H., Kiliccote, S., & Piette, M. A. (2009). Chilled Water Storage System and Demand Response at the University of California at Merced and published in the Proceedings."
University of California at Merced,field-testing,,,8/14/08,17:00,18:00,,188,166,,0.13,0.12,,,,,"Granderson, J., Dudley, J. H., Kiliccote, S., & Piette, M. A. (2009). Chilled Water Storage System and Demand Response at the University of California at Merced and published in the Proceedings."
University of California at Merced,field-testing,,,8/14/08,15:00,18:00,,202,182,,0.14,0.13,,,,,"Granderson, J., Dudley, J. H., Kiliccote, S., & Piette, M. A. (2009). Chilled Water Storage System and Demand Response at the University of California at Merced and published in the Proceedings."
University of California at Merced,field-testing,,,7/27/09,13:00,14:00,,110,100,,0.06,0.06,,,,,"Granderson, J., Dudley, J. H., Kiliccote, S., & Piette, M. A. (2009). Chilled Water Storage System and Demand Response at the University of California at Merced and published in the Proceedings."
University of California at Merced,field-testing,,,7/27/09,14:00,15:00,,143,121,,0.08,0.07,,,,,"Granderson, J., Dudley, J. H., Kiliccote, S., & Piette, M. A. (2009). Chilled Water Storage System and Demand Response at the University of California at Merced and published in the Proceedings."
University of California at Merced,field-testing,,,7/27/09,13:00,15:00,,143,110,,0.08,0.06,,,,,"Granderson, J., Dudley, J. H., Kiliccote, S., & Piette, M. A. (2009). Chilled Water Storage System and Demand Response at the University of California at Merced and published in the Proceedings."
McKinstry,field-testing,OAT_MA_CBL,,2/18/09,7:00,8:00,,42,20,,0.16,0.07,,0.42,0.2,,"Kiliccote, S, Piette, M. A., & Dudley, J. H. (2009). Northwest Open Automated Demand Response Technology Demonstration Project."
McKinstry,field-testing,OAT_MA_CBL,,2/18/09,8:00,9:00,,48,26,,0.17,0.09,,0.48,0.26,,"Kiliccote, S, Piette, M. A., & Dudley, J. H. (2009). Northwest Open Automated Demand Response Technology Demonstration Project."
Target-T0637,field-testing,OAT_MA_CBL,,2/18/09,9:00,10:00,,41,21,,0.14,0.07,,0.41,0.21,,"Kiliccote, S, Piette, M. A., & Dudley, J. H. (2009). Northwest Open Automated Demand Response Technology Demonstration Project."
Target-T0637,field-testing,OAT_MA_CBL,,2/18/09,7:00,10:00,,48,22,,0.17,0.08,,0.48,0.22,,"Kiliccote, S, Piette, M. A., & Dudley, J. H. (2009). Northwest Open Automated Demand Response Technology Demonstration Project."
Target-T0637,field-testing,3/10_CBL,,2/18/09,7:00,8:00,,44,29,,0.16,0.11,,0.44,0.29,,"Kiliccote, S, Piette, M. A., & Dudley, J. H. (2009). Northwest Open Automated Demand Response Technology Demonstration Project."
Target-T0637,field-testing,3/10_CBL,,2/18/09,8:00,9:00,,54,27,,0.19,0.1,,0.54,0.27,,"Kiliccote, S, Piette, M. A., & Dudley, J. H. (2009). Northwest Open Automated Demand Response Technology Demonstration Project."
Target-T0637,field-testing,3/10_CBL,,2/18/09,9:00,10:00,,40,20,,0.14,0.07,,0.4,0.2,,"Kiliccote, S, Piette, M. A., & Dudley, J. H. (2009). Northwest Open Automated Demand Response Technology Demonstration Project."
Target-T0637,field-testing,3/10_CBL,,2/18/09,7:00,10:00,,54,26,,0.19,0.09,,0.54,0.26,,"Kiliccote, S, Piette, M. A., & Dudley, J. H. (2009). Northwest Open Automated Demand Response Technology Demonstration Project."
Target-T0637,field-testing,OAT_MA_CBL,,3/11/09,7:00,8:00,,44,35,,0.16,0.13,,0.44,0.35,,"Kiliccote, S, Piette, M. A., & Dudley, J. H. (2009). Northwest Open Automated Demand Response Technology Demonstration Project."
Target-T0637,field-testing,OAT_MA_CBL,,3/11/09,8:00,9:00,,31,23,,0.11,0.09,,0.31,0.23,,"Kiliccote, S, Piette, M. A., & Dudley, J. H. (2009). Northwest Open Automated Demand Response Technology Demonstration Project."
Target-T0637,field-testing,OAT_MA_CBL,,3/11/09,9:00,10:00,,27,17,,0.1,0.06,,0.27,0.17,,"Kiliccote, S, Piette, M. A., & Dudley, J. H. (2009). Northwest Open Automated Demand Response Technology Demonstration Project."
Target-T0637,field-testing,OAT_MA_CBL,,3/11/09,7:00,10:00,,44,25,,0.16,0.09,,0.44,0.25,,"Kiliccote, S, Piette, M. A., & Dudley, J. H. (2009). Northwest Open Automated Demand Response Technology Demonstration Project."
Target-T0637,field-testing,3/10_CBL,,3/11/09,7:00,8:00,,44,31,,0.16,0.11,,0.44,0.31,,"Kiliccote, S, Piette, M. A., & Dudley, J. H. (2009). Northwest Open Automated Demand Response Technology Demonstration Project."
Target-T0637,field-testing,3/10_CBL,,3/11/09,8:00,9:00,,37,32,,0.13,0.11,,0.37,0.32,,"Kiliccote, S, Piette, M. A., & Dudley, J. H. (2009). Northwest Open Automated Demand Response Technology Demonstration Project."
Target-T0637,field-testing,3/10_CBL,,3/11/09,9:00,10:00,,28,18,,0.1,0.06,,0.28,0.18,,"Kiliccote, S, Piette, M. A., & Dudley, J. H. (2009). Northwest Open Automated Demand Response Technology Demonstration Project."
Target-T0637,field-testing,3/10_CBL,,3/11/09,7:00,10:00,,44,27,,0.16,0.1,,0.44,0.27,,"Kiliccote, S, Piette, M. A., & Dudley, J. H. (2009). Northwest Open Automated Demand Response Technology Demonstration Project."
Target-T1284,field-testing,OAT_MA_CBL,,3/9/09,7:00,8:00,,80,47,,0.22,0.14,,0.48,0.29,,"Kiliccote, S, Piette, M. A., & Dudley, J. H. (2009). Northwest Open Automated Demand Response Technology Demonstration Project."
Target-T1284,field-testing,OAT_MA_CBL,,3/9/09,8:00,9:00,,122,101,,0.26,0.22,,0.74,0.61,,"Kiliccote, S, Piette, M. A., & Dudley, J. H. (2009). Northwest Open Automated Demand Response Technology Demonstration Project."
Target-T1284,field-testing,OAT_MA_CBL,,3/9/09,9:00,10:00,,109,93,,0.24,0.2,,0.66,0.56,,"Kiliccote, S, Piette, M. A., & Dudley, J. H. (2009). Northwest Open Automated Demand Response Technology Demonstration Project."
Target-T1284,field-testing,OAT_MA_CBL,,3/9/09,7:00,10:00,,122,81,,0.26,0.19,,0.74,0.49,,"Kiliccote, S, Piette, M. A., & Dudley, J. H. (2009). Northwest Open Automated Demand Response Technology Demonstration Project."
Seattle University,field-testing,OAT_MA_CBL,,3/12/09,7:00,8:00,,100,81,,0.15,0.12,,1,0.81,,"Kiliccote, S, Piette, M. A., & Dudley, J. H. (2009). Northwest Open Automated Demand Response Technology Demonstration Project."
Seattle University,field-testing,OAT_MA_CBL,,3/12/09,8:00,9:00,,121,102,,0.18,0.15,,1.21,1.03,,"Kiliccote, S, Piette, M. A., & Dudley, J. H. (2009). Northwest Open Automated Demand Response Technology Demonstration Project."
Seattle University,field-testing,OAT_MA_CBL,,3/12/09,9:00,10:00,,107,99,,0.15,0.14,,1.07,0.99,,"Kiliccote, S, Piette, M. A., & Dudley, J. H. (2009). Northwest Open Automated Demand Response Technology Demonstration Project."
Seattle University,field-testing,OAT_MA_CBL,,3/12/09,7:00,10:00,,121,94,,0.18,0.14,,1.21,0.94,,"Kiliccote, S, Piette, M. A., & Dudley, J. H. (2009). Northwest Open Automated Demand Response Technology Demonstration Project."
Seattle University,field-testing,3/10_CBL,,3/12/09,7:00,8:00,,149,131,,0.21,0.19,,1.49,1.31,,"Kiliccote, S, Piette, M. A., & Dudley, J. H. (2009). Northwest Open Automated Demand Response Technology Demonstration Project."
Seattle University,field-testing,3/10_CBL,,3/12/09,8:00,9:00,,153,142,,0.22,0.2,,1.53,1.42,,"Kiliccote, S, Piette, M. A., & Dudley, J. H. (2009). Northwest Open Automated Demand Response Technology Demonstration Project."
Seattle University,field-testing,3/10_CBL,,3/12/09,9:00,10:00,,140,131,,0.19,0.18,,1.4,1.31,,"Kiliccote, S, Piette, M. A., & Dudley, J. H. (2009). Northwest Open Automated Demand Response Technology Demonstration Project."
Seattle University,field-testing,3/10_CBL,,3/12/09,7:00,10:00,,153,135,,0.22,0.19,,1.53,1.35,,"Kiliccote, S, Piette, M. A., & Dudley, J. H. (2009). Northwest Open Automated Demand Response Technology Demonstration Project."
Seattle University,field-testing,OAT_MA_CBL,,3/10/09,7:00,8:00,,198,178,,0.28,0.25,,1.98,1.79,,"Kiliccote, S, Piette, M. A., & Dudley, J. H. (2009). Northwest Open Automated Demand Response Technology Demonstration Project."
Seattle University,field-testing,OAT_MA_CBL,,3/10/09,8:00,9:00,,188,160,,0.26,0.22,,1.88,1.61,,"Kiliccote, S, Piette, M. A., & Dudley, J. H. (2009). Northwest Open Automated Demand Response Technology Demonstration Project."
Seattle University,field-testing,OAT_MA_CBL,,3/10/09,9:00,10:00,,139,108,,0.2,0.15,,1.39,1.08,,"Kiliccote, S, Piette, M. A., & Dudley, J. H. (2009). Northwest Open Automated Demand Response Technology Demonstration Project."
Seattle University,field-testing,OAT_MA_CBL,,3/10/09,7:00,10:00,,198,149,,0.28,0.21,,1.98,1.49,,"Kiliccote, S, Piette, M. A., & Dudley, J. H. (2009). Northwest Open Automated Demand Response Technology Demonstration Project."
Seattle University,field-testing,3/10_CBL,,3/10/09,7:00,8:00,,175,150,,0.25,0.22,,1.75,1.51,,"Kiliccote, S, Piette, M. A., & Dudley, J. H. (2009). Northwest Open Automated Demand Response Technology Demonstration Project."
Seattle University,field-testing,3/10_CBL,,3/10/09,8:00,9:00,,162,133,,0.23,0.19,,1.62,1.33,,"Kiliccote, S, Piette, M. A., & Dudley, J. H. (2009). Northwest Open Automated Demand Response Technology Demonstration Project."
Seattle University,field-testing,3/10_CBL,,3/10/09,9:00,10:00,,123,104,,0.18,0.15,,1.24,1.04,,"Kiliccote, S, Piette, M. A., & Dudley, J. H. (2009). Northwest Open Automated Demand Response Technology Demonstration Project."
Seattle University,field-testing,3/10_CBL,,3/10/09,7:00,10:00,,175,129,,0.25,0.19,,1.75,1.29,,"Kiliccote, S, Piette, M. A., & Dudley, J. H. (2009). Northwest Open Automated Demand Response Technology Demonstration Project."
Seattle Municipal tower,field-testing,OAT_MA_CBL,,3/9/09,7:00,8:00,,440,353,,0.08,0.07,,0.37,0.29,,"Kiliccote, S, Piette, M. A., & Dudley, J. H. (2009). Northwest Open Automated Demand Response Technology Demonstration Project."
Seattle Municipal tower,field-testing,OAT_MA_CBL,,3/9/09,8:00,9:00,,384,277,,0.07,0.05,,0.32,0.23,,"Kiliccote, S, Piette, M. A., & Dudley, J. H. (2009). Northwest Open Automated Demand Response Technology Demonstration Project."
Seattle Municipal tower,field-testing,OAT_MA_CBL,,3/9/09,9:00,10:00,,78,31,,0.02,0.01,,0.07,0.03,,"Kiliccote, S, Piette, M. A., & Dudley, J. H. (2009). Northwest Open Automated Demand Response Technology Demonstration Project."
Seattle Municipal tower,field-testing,OAT_MA_CBL,,3/9/09,7:00,10:00,,440,220,,0.08,0.04,,0.37,0.18,,"Kiliccote, S, Piette, M. A., & Dudley, J. H. (2009). Northwest Open Automated Demand Response Technology Demonstration Project."
Seattle Municipal tower,field-testing,3/10_CBL,,3/9/09,7:00,8:00,,509,428,,0.09,0.08,,0.42,0.36,,"Kiliccote, S, Piette, M. A., & Dudley, J. H. (2009). Northwest Open Automated Demand Response Technology Demonstration Project."
Seattle Municipal tower,field-testing,3/10_CBL,,3/9/09,8:00,9:00,,348,220,,0.07,0.04,,0.29,0.18,,"Kiliccote, S, Piette, M. A., & Dudley, J. H. (2009). Northwest Open Automated Demand Response Technology Demonstration Project."
Seattle Municipal tower,field-testing,3/10_CBL,,3/9/09,9:00,10:00,,18,-41,,0,-0.01,,0.02,-0.03,,"Kiliccote, S, Piette, M. A., & Dudley, J. H. (2009). Northwest Open Automated Demand Response Technology Demonstration Project."
Seattle Municipal tower,field-testing,3/10_CBL,,3/9/09,7:00,10:00,,509,202,,0.09,0.04,,0.42,0.17,,"Kiliccote, S, Piette, M. A., & Dudley, J. H. (2009). Northwest Open Automated Demand Response Technology Demonstration Project."
Seattle Municipal tower,field-testing,OAT_MA_CBL,,3/11/09,7:00,8:00,,590,424,,0.1,0.07,,0.49,0.35,,"Kiliccote, S, Piette, M. A., & Dudley, J. H. (2009). Northwest Open Automated Demand Response Technology Demonstration Project."
Seattle Municipal tower,field-testing,OAT_MA_CBL,,3/11/09,8:00,9:00,,523,487,,0.1,0.09,,0.44,0.41,,"Kiliccote, S, Piette, M. A., & Dudley, J. H. (2009). Northwest Open Automated Demand Response Technology Demonstration Project."
Seattle Municipal tower,field-testing,OAT_MA_CBL,,3/11/09,9:00,10:00,,441,403,,0.09,0.08,,0.37,0.34,,"Kiliccote, S, Piette, M. A., & Dudley, J. H. (2009). Northwest Open Automated Demand Response Technology Demonstration Project."
Seattle Municipal tower,field-testing,OAT_MA_CBL,,3/11/09,7:00,10:00,,590,438,,0.1,0.08,,0.49,0.37,,"Kiliccote, S, Piette, M. A., & Dudley, J. H. (2009). Northwest Open Automated Demand Response Technology Demonstration Project."
Seattle Municipal tower,field-testing,3/10_CBL,,3/11/09,7:00,8:00,,554,396,,0.1,0.07,,0.46,0.33,,"Kiliccote, S, Piette, M. A., & Dudley, J. H. (2009). Northwest Open Automated Demand Response Technology Demonstration Project."
Seattle Municipal tower,field-testing,3/10_CBL,,3/11/09,8:00,9:00,,581,551,,0.11,0.1,,0.48,0.46,,"Kiliccote, S, Piette, M. A., & Dudley, J. H. (2009). Northwest Open Automated Demand Response Technology Demonstration Project."
Seattle Municipal tower,field-testing,3/10_CBL,,3/11/09,9:00,10:00,,650,613,,0.13,0.12,,0.54,0.51,,"Kiliccote, S, Piette, M. A., & Dudley, J. H. (2009). Northwest Open Automated Demand Response Technology Demonstration Project."
Seattle Municipal tower,field-testing,3/10_CBL,,3/11/09,7:00,10:00,,650,520,,0.13,0.1,,0.54,0.43,,"Kiliccote, S, Piette, M. A., & Dudley, J. H. (2009). Northwest Open Automated Demand Response Technology Demonstration Project."
Seattle Municipal tower,field-testing,OAT_MA_CBL,,3/5/09,7:00,8:00,,1014,865,,0.18,0.15,,0.69,0.59,,"Kiliccote, S, Piette, M. A., & Dudley, J. H. (2009). Northwest Open Automated Demand Response Technology Demonstration Project."
Seattle Municipal tower,field-testing,OAT_MA_CBL,,3/5/09,8:00,9:00,,1002,929,,0.17,0.16,,0.68,0.63,,"Kiliccote, S, Piette, M. A., & Dudley, J. H. (2009). Northwest Open Automated Demand Response Technology Demonstration Project."
Seattle Municipal tower,field-testing,OAT_MA_CBL,,3/5/09,9:00,10:00,,742,613,,0.13,0.11,,0.51,0.42,,"Kiliccote, S, Piette, M. A., & Dudley, J. H. (2009). Northwest Open Automated Demand Response Technology Demonstration Project."
Seattle Municipal tower,field-testing,OAT_MA_CBL,,3/5/09,7:00,10:00,,1014,802,,0.18,0.14,,0.69,0.55,,"Kiliccote, S, Piette, M. A., & Dudley, J. H. (2009). Northwest Open Automated Demand Response Technology Demonstration Project."
Seattle Municipal tower,field-testing,3/10_CBL,,3/5/09,7:00,8:00,,1348,1206,,0.22,0.2,,0.92,0.82,,"Kiliccote, S, Piette, M. A., & Dudley, J. H. (2009). Northwest Open Automated Demand Response Technology Demonstration Project."
Seattle Municipal tower,field-testing,3/10_CBL,,3/5/09,8:00,9:00,,1202,1115,,0.2,0.19,,0.82,0.76,,"Kiliccote, S, Piette, M. A., & Dudley, J. H. (2009). Northwest Open Automated Demand Response Technology Demonstration Project."
Seattle Municipal tower,field-testing,3/10_CBL,,3/5/09,9:00,10:00,,941,836,,0.17,0.15,,0.64,0.57,,"Kiliccote, S, Piette, M. A., & Dudley, J. H. (2009). Northwest Open Automated Demand Response Technology Demonstration Project."
Seattle Municipal tower,field-testing,3/10_CBL,,3/5/09,7:00,10:00,,1348,1052,,0.22,0.18,,0.92,0.72,,"Kiliccote, S, Piette, M. A., & Dudley, J. H. (2009). Northwest Open Automated Demand Response Technology Demonstration Project."
CDPH Richmond Building P,field-testing,10/10_MA_CBL,,6/7/13,14:00,18:00,,,42.88,,,0.1,,,0.21,,PGE ADR Project
CDPH Richmond Building P,field-testing,10/10_MA_CBL,,6/28/13,14:00,18:00,,,36.82,,,0.09,,,0.18,,PGE ADR Project
CDPH Richmond Building P,field-testing,10/10_MA_CBL,,7/1/13,14:00,18:00,,,66.04,,,0.15,,,0.32,,PGE ADR Project
CDPH Richmond Building P,field-testing,10/10_MA_CBL,,7/2/13,14:00,18:00,,,-40.92,,,-0.12,,,-0.2,,PGE ADR Project
CDPH Richmond Building P,field-testing,10/10_MA_CBL,,7/9/13,14:00,18:00,,,30.55,,,0.08,,,0.15,,PGE ADR Project
CDPH Richmond Building P,field-testing,10/10_MA_CBL,,7/19/13,14:00,18:00,,,19.58,,,0.06,,,0.1,,PGE ADR Project
CDPH Richmond Building P,field-testing,10/10_MA_CBL,,9/9/13,14:00,18:00,,,-4.58,,,-0.01,,,-0.02,,PGE ADR Project
CDPH Richmond Building P,field-testing,10/10_MA_CBL,,9/10/13,14:00,18:00,,,22.78,,,0.05,,,0.11,,PGE ADR Project
CDPH Richmond Building A-K,field-testing,10/10_MA_CBL,,7/28/16,14:00,19:00,,,159,,,,,,0.32,,PGE ADR Project
CDPH Richmond Building A-K,field-testing,10/10_MA_CBL,,7/27/16,14:00,19:00,,,281,,,,,,0.57,,PGE ADR Project
CDPH Richmond Building A-K,field-testing,10/10_MA_CBL,,7/26/16,14:00,19:00,,,186,,,,,,0.38,,PGE ADR Project
CDPH Richmond Building A-K,field-testing,10/10_MA_CBL,,6/28/16,14:00,19:00,,,222,,,,,,0.45,,PGE ADR Project
CDPH Richmond Building A-K,field-testing,10/10_MA_CBL,,6/27/16,14:00,19:00,,,56,,,,,,0.11,,PGE ADR Project
CDPH Richmond Building A-K,field-testing,10/10_MA_CBL,,6/21/16,14:00,19:00,,,94,,,,,,0.19,,PGE ADR Project
CDPH Richmond Building A-K,field-testing,10/10_MA_CBL,,6/20/16,14:00,19:00,,,195,,,,,,0.4,,PGE ADR Project
"Kilroy LP, 100 1st Street",field-testing,10/10_MA_CBL,,7/29/16,15:00,19:00,,,62,,,,,,0.14,,PGE ADR Project
"Kilroy LP, 100 1st Street",field-testing,10/10_MA_CBL,,7/28/16,15:00,19:00,,,55,,,,,,0.12,,PGE ADR Project
"Kilroy LP, 100 1st Street",field-testing,10/10_MA_CBL,,7/26/16,14:00,18:00,,,110,,,,,,0.25,,PGE ADR Project
"Kilroy LP, 100 1st Street",field-testing,10/10_MA_CBL,,7/25/16,15:00,19:00,,,44,,,,,,0.1,,PGE ADR Project
"Kilroy LP, 100 1st Street",field-testing,10/10_MA_CBL,,7/15/16,14:00,18:00,,,25,,,,,,0.06,,PGE ADR Project
"Kilroy LP, 100 1st Street",field-testing,10/10_MA_CBL,,7/14/16,14:00,18:00,,,59,,,,,,0.13,,PGE ADR Project
"Kilroy LP, 100 1st Street",field-testing,10/10_MA_CBL,,6/30/16,14:00,18:00,,,76,,,,,,0.17,,PGE ADR Project
"Kilroy LP, 100 1st Street",field-testing,10/10_MA_CBL,,6/28/16,14:00,18:00,,,132,,,,,,0.3,,PGE ADR Project
"Kilroy LP, 100 1st Street",field-testing,10/10_MA_CBL,,6/27/16,14:00,18:00,,,123,,,,,,0.28,,PGE ADR Project
"Kilroy LP, 100 1st Street",field-testing,10/10_MA_CBL,,6/3/16,14:00,18:00,,,42,,,,,,0.09,,PGE ADR Project
"Kilroy LP, 100 1st Street",field-testing,10/10_MA_CBL,,6/1/16,14:00,18:00,,,151,,,,,,0.34,,PGE ADR Project
"Kilroy LP, 201 3rd Street",field-testing,10/10_MA_CBL,,7/29/16,15:00,19:00,,,101,,,,,,0.29,,PGE ADR Project
"Kilroy LP, 201 3rd Street",field-testing,10/10_MA_CBL,,7/28/16,15:00,19:00,,,91,,,,,,0.26,,PGE ADR Project
"Kilroy LP, 201 3rd Street",field-testing,10/10_MA_CBL,,7/26/16,14:00,18:00,,,91,,,,,,0.26,,PGE ADR Project
"Kilroy LP, 201 3rd Street",field-testing,10/10_MA_CBL,,7/25/16,15:00,19:00,,,81,,,,,,0.23,,PGE ADR Project
"Kilroy LP, 201 3rd Street",field-testing,10/10_MA_CBL,,7/15/16,14:00,18:00,,,89,,,,,,0.26,,PGE ADR Project
"Kilroy LP, 201 3rd Street",field-testing,10/10_MA_CBL,,7/14/16,14:00,18:00,,,88,,,,,,0.25,,PGE ADR Project
"Kilroy LP, 201 3rd Street",field-testing,10/10_MA_CBL,,6/30/16,14:00,18:00,,,33,,,,,,0.1,,PGE ADR Project
"Kilroy LP, 201 3rd Street",field-testing,10/10_MA_CBL,,6/28/16,14:00,18:00,,,68,,,,,,0.2,,PGE ADR Project
"Kilroy LP, 201 3rd Street",field-testing,10/10_MA_CBL,,6/27/16,14:00,18:00,,,64,,,,,,0.18,,PGE ADR Project
"Kilroy LP, 201 3rd Street",field-testing,10/10_MA_CBL,,6/3/16,14:00,18:00,,,20,,,,,,0.06,,PGE ADR Project
"Kilroy LP, 303 2nd Street",field-testing,10/10_MA_CBL,,7/29/16,15:00,19:00,,,42,,,,,,0.06,,PGE ADR Project
"Kilroy LP, 303 2nd Street",field-testing,10/10_MA_CBL,,7/28/16,15:00,19:00,,,112,,,,,,0.15,,PGE ADR Project
"Kilroy LP, 303 2nd Street",field-testing,10/10_MA_CBL,,7/26/16,14:00,18:00,,,290,,,,,,0.39,,PGE ADR Project
"Kilroy LP, 303 2nd Street",field-testing,10/10_MA_CBL,,7/25/16,15:00,19:00,,,-74,,,,,,-0.1,,PGE ADR Project
"Kilroy LP, 303 2nd Street",field-testing,10/10_MA_CBL,,7/15/16,14:00,18:00,,,105,,,,,,0.14,,PGE ADR Project
"Kilroy LP, 303 2nd Street",field-testing,10/10_MA_CBL,,7/14/16,14:00,18:00,,,339,,,,,,0.46,,PGE ADR Project
"Kilroy LP, 303 2nd Street",field-testing,10/10_MA_CBL,,6/30/16,14:00,18:00,,,36,,,,,,0.05,,PGE ADR Project
"Kilroy LP, 303 2nd Street",field-testing,10/10_MA_CBL,,6/28/16,14:00,18:00,,,37,,,,,,0.05,,PGE ADR Project
"Kilroy LP, 303 2nd Street",field-testing,10/10_MA_CBL,,6/27/16,14:00,18:00,,,164,,,,,,0.22,,PGE ADR Project
"Kilroy LP, 303 2nd Street",field-testing,10/10_MA_CBL,,6/3/16,14:00,18:00,,,21,,,,,,0.03,,PGE ADR Project
"Kilroy LP, 370 3rd Street",field-testing,10/10_MA_CBL,,7/29/16,15:00,19:00,,,45,,,,,,0.11,,PGE ADR Project
"Kilroy LP, 370 3rd Street",field-testing,10/10_MA_CBL,,7/28/16,15:00,19:00,,,58,,,,,,0.14,,PGE ADR Project
"Kilroy LP, 370 3rd Street",field-testing,10/10_MA_CBL,,7/26/16,14:00,18:00,,,74,,,,,,0.18,,PGE ADR Project
"Kilroy LP, 370 3rd Street",field-testing,10/10_MA_CBL,,7/25/16,15:00,19:00,,,19,,,,,,0.05,,PGE ADR Project
"Kilroy LP, 370 3rd Street",field-testing,10/10_MA_CBL,,7/15/16,14:00,18:00,,,55,,,,,,0.13,,PGE ADR Project
"Kilroy LP, 370 3rd Street",field-testing,10/10_MA_CBL,,7/14/16,14:00,18:00,,,65,,,,,,0.16,,PGE ADR Project
"Kilroy LP, 370 3rd Street",field-testing,10/10_MA_CBL,,6/30/16,14:00,18:00,,,-64,,,,,,-0.16,,PGE ADR Project
"Kilroy LP, 370 3rd Street",field-testing,10/10_MA_CBL,,6/28/16,14:00,18:00,,,72,,,,,,0.18,,PGE ADR Project
"Kilroy LP, 370 3rd Street",field-testing,10/10_MA_CBL,,6/27/16,14:00,18:00,,,83,,,,,,0.2,,PGE ADR Project
"Kilroy LP, 370 3rd Street",field-testing,10/10_MA_CBL,,6/3/16,14:00,18:00,,,8,,,,,,0.02,,PGE ADR Project
VISA 800 Metro Center,field-testing,10/10_MA_CBL,,7/28/16,14:00,18:00,,,102,,,,,,0.34,,PGE ADR Project
VISA 800 Metro Center,field-testing,10/10_MA_CBL,,7/27/16,14:00,18:00,,,104,,,,,,0.35,,PGE ADR Project
VISA 800 Metro Center,field-testing,10/10_MA_CBL,,7/15/16,14:00,18:00,,,83,,,,,,0.28,,PGE ADR Project
VISA 800 Metro Center,field-testing,10/10_MA_CBL,,7/14/16,14:00,18:00,,,90,,,,,,0.3,,PGE ADR Project
VISA 800 Metro Center,field-testing,10/10_MA_CBL,,6/30/16,14:00,18:00,,,111,,,,,,0.37,,PGE ADR Project
VISA 800 Metro Center,field-testing,10/10_MA_CBL,,6/28/16,14:00,18:00,,,60,,,,,,0.2,,PGE ADR Project
VISA 800 Metro Center,field-testing,10/10_MA_CBL,,6/27/16,14:00,18:00,,,92,,,,,,0.31,,PGE ADR Project
VISA 800 Metro Center,field-testing,10/10_MA_CBL,,6/3/16,14:00,18:00,,,40,,,,,,0.14,,PGE ADR Project
VISA 800 Metro Center,field-testing,10/10_MA_CBL,,6/1/16,14:00,18:00,,,57,,,,,,0.19,,PGE ADR Project
VISA 801 Metro Center,field-testing,10/10_MA_CBL,,7/28/16,14:00,18:00,,,110,,,,,,0.4,,PGE ADR Project
VISA 801 Metro Center,field-testing,10/10_MA_CBL,,7/27/16,14:00,18:00,,,79,,,,,,0.28,,PGE ADR Project
VISA 801 Metro Center,field-testing,10/10_MA_CBL,,7/15/16,14:00,18:00,,,112,,,,,,0.4,,PGE ADR Project
VISA 801 Metro Center,field-testing,10/10_MA_CBL,,7/14/16,14:00,18:00,,,6,,,,,,0.02,,PGE ADR Project
VISA 801 Metro Center,field-testing,10/10_MA_CBL,,6/30/16,14:00,18:00,,,85,,,,,,0.31,,PGE ADR Project
VISA 801 Metro Center,field-testing,10/10_MA_CBL,,6/28/16,14:00,18:00,,,87,,,,,,0.31,,PGE ADR Project
VISA 801 Metro Center,field-testing,10/10_MA_CBL,,6/27/16,14:00,18:00,,,85,,,,,,0.31,,PGE ADR Project
VISA 801 Metro Center,field-testing,10/10_MA_CBL,,6/3/16,14:00,18:00,,,124,,,,,,0.45,,PGE ADR Project
VISA 801 Metro Center,field-testing,10/10_MA_CBL,,6/1/16,14:00,18:00,,,115,,,,,,0.41,,PGE ADR Project
VISA 900 Metro Center,field-testing,10/10_MA_CBL,,7/28/16,14:00,18:00,,,139,,,,,,0.47,,PGE ADR Project
VISA 900 Metro Center,field-testing,10/10_MA_CBL,,7/27/16,14:00,18:00,,,197,,,,,,0.67,,PGE ADR Project
VISA 900 Metro Center,field-testing,10/10_MA_CBL,,7/15/16,14:00,18:00,,,47,,,,,,0.16,,PGE ADR Project
VISA 900 Metro Center,field-testing,10/10_MA_CBL,,7/14/16,14:00,18:00,,,213,,,,,,0.72,,PGE ADR Project
VISA 900 Metro Center,field-testing,10/10_MA_CBL,,6/30/16,14:00,18:00,,,113,,,,,,0.38,,PGE ADR Project
VISA 900 Metro Center,field-testing,10/10_MA_CBL,,6/28/16,14:00,18:00,,,67,,,,,,0.23,,PGE ADR Project
VISA 900 Metro Center,field-testing,10/10_MA_CBL,,6/27/16,14:00,18:00,,,126,,,,,,0.43,,PGE ADR Project
VISA 900 Metro Center,field-testing,10/10_MA_CBL,,6/3/16,14:00,18:00,,,12,,,,,,0.04,,PGE ADR Project
VISA 900 Metro Center,field-testing,10/10_MA_CBL,,6/1/16,14:00,18:00,,,-19,,,,,,-0.06,,PGE ADR Project
VISA 901 Metro Center,field-testing,10/10_MA_CBL,,7/28/16,14:00,18:00,,,27,,,,,,0.13,,PGE ADR Project
VISA 901 Metro Center,field-testing,10/10_MA_CBL,,7/27/16,14:00,18:00,,,45,,,,,,0.22,,PGE ADR Project
VISA 901 Metro Center,field-testing,10/10_MA_CBL,,7/15/16,14:00,18:00,,,38,,,,,,0.18,,PGE ADR Project
VISA 901 Metro Center,field-testing,10/10_MA_CBL,,7/14/16,14:00,18:00,,,47,,,,,,0.23,,PGE ADR Project
VISA 901 Metro Center,field-testing,10/10_MA_CBL,,6/30/16,14:00,18:00,,,45,,,,,,0.22,,PGE ADR Project
VISA 901 Metro Center,field-testing,10/10_MA_CBL,,6/28/16,14:00,18:00,,,40,,,,,,0.19,,PGE ADR Project
VISA 901 Metro Center,field-testing,10/10_MA_CBL,,6/27/16,14:00,18:00,,,37,,,,,,0.18,,PGE ADR Project
VISA 901 Metro Center,field-testing,10/10_MA_CBL,,6/3/16,14:00,18:00,,,30,,,,,,0.14,,PGE ADR Project
VISA 901 Metro Center,field-testing,10/10_MA_CBL,,6/1/16,14:00,18:00,,,25,,,,,,0.12,,PGE ADR Project
VISA 800 Metro Center GTA,field-testing,10/10_MA_CBL,,7/28/16,14:00,18:00,,,74,,,,,,0.25,,PGE ADR Project
VISA 800 Metro Center GTA,field-testing,10/10_MA_CBL,,7/27/16,14:00,18:00,,,76,,,,,,0.26,,PGE ADR Project
VISA 800 Metro Center GTA,field-testing,10/10_MA_CBL,,7/15/16,14:00,18:00,,,55,,,,,,0.19,,PGE ADR Project
VISA 800 Metro Center GTA,field-testing,10/10_MA_CBL,,7/14/16,14:00,18:00,,,62,,,,,,0.21,,PGE ADR Project
VISA 800 Metro Center GTA,field-testing,10/10_MA_CBL,,6/30/16,14:00,18:00,,,83,,,,,,0.28,,PGE ADR Project
VISA 800 Metro Center GTA,field-testing,10/10_MA_CBL,,6/28/16,14:00,18:00,,,32,,,,,,0.11,,PGE ADR Project
VISA 800 Metro Center GTA,field-testing,10/10_MA_CBL,,6/27/16,14:00,18:00,,,64,,,,,,0.22,,PGE ADR Project
VISA 800 Metro Center GTA,field-testing,10/10_MA_CBL,,6/3/16,14:00,18:00,,,12,,,,,,0.04,,PGE ADR Project
VISA 800 Metro Center GTA,field-testing,10/10_MA_CBL,,6/1/16,14:00,18:00,,,29,,,,,,0.1,,PGE ADR Project
VISA 801 Metro Center GTA,field-testing,10/10_MA_CBL,,7/28/16,14:00,18:00,,,98,,,,,,0.35,,PGE ADR Project
VISA 801 Metro Center GTA,field-testing,10/10_MA_CBL,,7/27/16,14:00,18:00,,,67,,,,,,0.24,,PGE ADR Project
VISA 801 Metro Center GTA,field-testing,10/10_MA_CBL,,7/15/16,14:00,18:00,,,100,,,,,,0.36,,PGE ADR Project
VISA 801 Metro Center GTA,field-testing,10/10_MA_CBL,,7/14/16,14:00,18:00,,,-6,,,,,,-0.02,,PGE ADR Project
VISA 801 Metro Center GTA,field-testing,10/10_MA_CBL,,6/30/16,14:00,18:00,,,73,,,,,,0.26,,PGE ADR Project
VISA 801 Metro Center GTA,field-testing,10/10_MA_CBL,,6/28/16,14:00,18:00,,,75,,,,,,0.27,,PGE ADR Project
VISA 801 Metro Center GTA,field-testing,10/10_MA_CBL,,6/27/16,14:00,18:00,,,73,,,,,,0.26,,PGE ADR Project
VISA 801 Metro Center GTA,field-testing,10/10_MA_CBL,,6/3/16,14:00,18:00,,,112,,,,,,0.4,,PGE ADR Project
VISA 801 Metro Center GTA,field-testing,10/10_MA_CBL,,6/1/16,14:00,18:00,,,68,,,,,,0.24,,PGE ADR Project
VISA 900 Metro Center GTA,field-testing,10/10_MA_CBL,,7/28/16,14:00,18:00,,,104,,,,,,0.35,,PGE ADR Project
VISA 900 Metro Center GTA,field-testing,10/10_MA_CBL,,7/27/16,14:00,18:00,,,162,,,,,,0.55,,PGE ADR Project
VISA 900 Metro Center GTA,field-testing,10/10_MA_CBL,,7/15/16,14:00,18:00,,,12,,,,,,0.04,,PGE ADR Project
VISA 900 Metro Center GTA,field-testing,10/10_MA_CBL,,7/14/16,14:00,18:00,,,178,,,,,,0.6,,PGE ADR Project
VISA 900 Metro Center GTA,field-testing,10/10_MA_CBL,,6/30/16,14:00,18:00,,,78,,,,,,0.26,,PGE ADR Project
VISA 900 Metro Center GTA,field-testing,10/10_MA_CBL,,6/28/16,14:00,18:00,,,32,,,,,,0.11,,PGE ADR Project
VISA 900 Metro Center GTA,field-testing,10/10_MA_CBL,,6/27/16,14:00,18:00,,,91,,,,,,0.31,,PGE ADR Project
VISA 900 Metro Center GTA,field-testing,10/10_MA_CBL,,6/3/16,14:00,18:00,,,-23,,,,,,-0.08,,PGE ADR Project
VISA 900 Metro Center GTA,field-testing,10/10_MA_CBL,,6/1/16,14:00,18:00,,,-54,,,,,,-0.18,,PGE ADR Project
VISA 901 Metro Center GTA,field-testing,10/10_MA_CBL,,7/28/16,14:00,18:00,,,27,,,,,,0.13,,PGE ADR Project
VISA 901 Metro Center GTA,field-testing,10/10_MA_CBL,,7/27/16,14:00,18:00,,,45,,,,,,0.22,,PGE ADR Project
VISA 901 Metro Center GTA,field-testing,10/10_MA_CBL,,7/15/16,14:00,18:00,,,38,,,,,,0.18,,PGE ADR Project
VISA 901 Metro Center GTA,field-testing,10/10_MA_CBL,,7/14/16,14:00,18:00,,,47,,,,,,0.23,,PGE ADR Project
VISA 901 Metro Center GTA,field-testing,10/10_MA_CBL,,6/30/16,14:00,18:00,,,45,,,,,,0.22,,PGE ADR Project
VISA 901 Metro Center GTA,field-testing,10/10_MA_CBL,,6/28/16,14:00,18:00,,,40,,,,,,0.19,,PGE ADR Project
VISA 901 Metro Center GTA,field-testing,10/10_MA_CBL,,6/27/16,14:00,18:00,,,37,,,,,,0.18,,PGE ADR Project
VISA 901 Metro Center GTA,field-testing,10/10_MA_CBL,,6/3/16,14:00,18:00,,,30,,,,,,0.14,,PGE ADR Project
VISA 901 Metro Center GTA,field-testing,10/10_MA_CBL,,6/1/16,14:00,18:00,,,25,,,,,,0.12,,PGE ADR Project
71 Stevenson,field-testing,10/10_MA_CBL,PDP,7/28/16,14:00,18:00,,151,60,,,,,,0.19,,PGE ADR Project
71 Stevenson,field-testing,10/10_MA_CBL,PDP,7/27/16,14:00,18:00,,151,189,,,,,,0.59,,PGE ADR Project
71 Stevenson,field-testing,10/10_MA_CBL,PDP,7/26/16,14:00,18:00,,151,206,,,,,,0.64,,PGE ADR Project
71 Stevenson,field-testing,10/10_MA_CBL,PDP,7/15/16,14:00,18:00,,151,192,,,,,,0.59,,PGE ADR Project
71 Stevenson,field-testing,10/10_MA_CBL,PDP,7/14/16,14:00,18:00,,151,152,,,,,,0.47,,PGE ADR Project
71 Stevenson,field-testing,10/10_MA_CBL,PDP,6/30/16,14:00,18:00,,151,233,,,,,,0.72,,PGE ADR Project
71 Stevenson,field-testing,10/10_MA_CBL,PDP,6/28/16,14:00,18:00,,151,266,,,,,,0.82,,PGE ADR Project
71 Stevenson,field-testing,10/10_MA_CBL,PDP,6/27/16,14:00,18:00,,151,309,,,,,,0.96,,PGE ADR Project
71 Stevenson,field-testing,10/10_MA_CBL,PDP,6/3/16,14:00,18:00,,151,332,,,,,,1.03,,PGE ADR Project
71 Stevenson,field-testing,10/10_MA_CBL,PDP,6/1/16,14:00,18:00,,151,147,,,,,,0.46,,PGE ADR Project
Alameda County Water District,field-testing,10/10_MA_CBL,PDP,7/28/16,14:00,18:00,,74,67,,,,,,1.31,,PGE ADR Project
Alameda County Water District,field-testing,10/10_MA_CBL,PDP,7/27/16,14:00,18:00,,74,71,,,,,,1.39,,PGE ADR Project
Alameda County Water District,field-testing,10/10_MA_CBL,PDP,7/26/16,14:00,18:00,,74,54,,,,,,1.05,,PGE ADR Project
Alameda County Water District,field-testing,10/10_MA_CBL,PDP,7/15/16,14:00,18:00,,74,79,,,,,,1.54,,PGE ADR Project
Alameda County Water District,field-testing,10/10_MA_CBL,PDP,7/14/16,14:00,18:00,,74,84,,,,,,1.64,,PGE ADR Project
Alameda County Water District,field-testing,10/10_MA_CBL,PDP,6/30/16,14:00,18:00,,74,43,,,,,,0.84,,PGE ADR Project
Alameda County Water District,field-testing,10/10_MA_CBL,PDP,6/28/16,14:00,18:00,,74,56,,,,,,1.09,,PGE ADR Project
Alameda County Water District,field-testing,10/10_MA_CBL,PDP,6/27/16,14:00,18:00,,74,42,,,,,,0.82,,PGE ADR Project
Alameda County Water District,field-testing,10/10_MA_CBL,PDP,6/3/16,14:00,18:00,,74,52,,,,,,1.02,,PGE ADR Project
Alameda County Water District,field-testing,10/10_MA_CBL,PDP,6/1/16,14:00,18:00,,74,57,,,,,,1.11,,PGE ADR Project
JEWISH COMMUNITY CENTER,field-testing,10/10_MA_CBL,PDP,7/28/16,14:00,18:00,,52,59,,,,,,0.96,,PGE ADR Project
JEWISH COMMUNITY CENTER,field-testing,10/10_MA_CBL,PDP,7/27/16,14:00,18:00,,52,75,,,,,,1.21,,PGE ADR Project
JEWISH COMMUNITY CENTER,field-testing,10/10_MA_CBL,PDP,7/26/16,14:00,18:00,,52,74,,,,,,1.2,,PGE ADR Project
JEWISH COMMUNITY CENTER,field-testing,10/10_MA_CBL,PDP,7/15/16,14:00,18:00,,52,49,,,,,,0.79,,PGE ADR Project
JEWISH COMMUNITY CENTER,field-testing,10/10_MA_CBL,PDP,7/14/16,14:00,18:00,,52,45,,,,,,0.73,,PGE ADR Project
JEWISH COMMUNITY CENTER,field-testing,10/10_MA_CBL,PDP,6/30/16,14:00,18:00,,52,57,,,,,,0.92,,PGE ADR Project
JEWISH COMMUNITY CENTER,field-testing,10/10_MA_CBL,PDP,6/28/16,14:00,18:00,,52,64,,,,,,1.04,,PGE ADR Project
JEWISH COMMUNITY CENTER,field-testing,10/10_MA_CBL,PDP,6/27/16,14:00,18:00,,52,96,,,,,,1.55,,PGE ADR Project
JEWISH COMMUNITY CENTER,field-testing,10/10_MA_CBL,PDP,6/3/16,14:00,18:00,,52,114,,,,,,1.85,,PGE ADR Project
JEWISH COMMUNITY CENTER,field-testing,10/10_MA_CBL,PDP,6/1/16,14:00,18:00,,52,65,,,,,,1.05,,PGE ADR Project
CA DGS Harris Building,field-testing,10/10_MA_CBL,DBP,7/29/16,14:00,20:00,,309,202,,,,,,0.29,,PGE ADR Project
CA DGS Harris Building,field-testing,10/10_MA_CBL,DBP,7/28/16,14:00,20:00,,309,272,,,,,,0.39,,PGE ADR Project
CA DGS Harris Building,field-testing,10/10_MA_CBL,DBP,7/27/16,14:00,20:00,,309,352,,,,,,0.5,,PGE ADR Project
CA DGS Harris Building,field-testing,10/10_MA_CBL,DBP,7/26/16,14:00,20:00,,309,394,,,,,,0.56,,PGE ADR Project
CA DGS Harris Building,field-testing,10/10_MA_CBL,DBP,7/15/16,14:00,20:00,,309,326,,,,,,0.47,,PGE ADR Project
CA DGS Harris Building,field-testing,10/10_MA_CBL,DBP,6/28/16,14:00,20:00,,309,205,,,,,,0.29,,PGE ADR Project
CA DGS Harris Building,field-testing,10/10_MA_CBL,DBP,6/27/16,14:00,20:00,,309,234,,,,,,0.33,,PGE ADR Project
CA DGS Harris Building,field-testing,10/10_MA_CBL,DBP,6/21/16,17:00,20:00,,309,248,,,,,,0.35,,PGE ADR Project
CA DGS Harris Building,field-testing,10/10_MA_CBL,DBP,6/20/16,14:00,20:00,,309,224,,,,,,0.32,,PGE ADR Project
CA DGS Harris Building,field-testing,10/10_MA_CBL,DBP,6/3/16,18:00,20:00,,309,146,,,,,,0.21,,PGE ADR Project
Cinemark Fremont,field-testing,10/10_MA_CBL,PDP,6/21/16,15:00,19:00,,42,37,,,,,,0.59,,PGE ADR Project
Cinemark Mountain View,field-testing,10/10_MA_CBL,PDP,7/28/16,14:00,18:00,,67,28,,,,,,0.37,,PGE ADR Project
Cinemark Mountain View,field-testing,10/10_MA_CBL,PDP,7/27/16,14:00,18:00,,67,37,,,,,,0.49,,PGE ADR Project
Cinemark Mountain View,field-testing,10/10_MA_CBL,PDP,7/26/16,14:00,18:00,,67,10,,,,,,0.13,,PGE ADR Project
Cinemark Mountain View,field-testing,10/10_MA_CBL,PDP,7/14/16,14:00,18:00,,67,5,,,,,,0.07,,PGE ADR Project
Cinemark Mountain View,field-testing,10/10_MA_CBL,PDP,6/28/16,14:00,18:00,,67,33,,,,,,0.44,,PGE ADR Project
Cinemark Mountain View,field-testing,10/10_MA_CBL,PDP,6/27/16,14:00,18:00,,67,32,,,,,,0.43,,PGE ADR Project
Cinemark Mountain View,field-testing,10/10_MA_CBL,PDP,6/28/16,15:00,19:00,,67,40,,,,,,0.53,,PGE ADR Project
Cinemark Mountain View,field-testing,10/10_MA_CBL,PDP,6/27/16,15:00,19:00,,67,47,,,,,,0.63,,PGE ADR Project
Cinemark Mountain View,field-testing,10/10_MA_CBL,PDP,6/20/16,15:00,19:00,,67,38,,,,,,0.51,,PGE ADR Project
Cinemark Salinas,field-testing,10/10_MA_CBL,PDP,7/28/16,14:00,18:00,,44,27,,,,,,0.61,,PGE ADR Project
Cinemark Salinas,field-testing,10/10_MA_CBL,PDP,7/27/16,14:00,18:00,,44,20,,,,,,0.45,,PGE ADR Project
Cinemark Salinas,field-testing,10/10_MA_CBL,PDP,7/26/16,14:00,18:00,,44,22,,,,,,0.5,,PGE ADR Project
Cinemark Salinas,field-testing,10/10_MA_CBL,PDP,7/14/16,14:00,18:00,,44,14,,,,,,0.32,,PGE ADR Project
Cinemark Salinas,field-testing,10/10_MA_CBL,PDP,6/28/16,14:00,18:00,,44,23,,,,,,0.52,,PGE ADR Project
Cinemark Salinas,field-testing,10/10_MA_CBL,PDP,6/27/16,14:00,18:00,,44,29,,,,,,0.66,,PGE ADR Project
Cinemark Salinas,field-testing,10/10_MA_CBL,PDP,6/3/16,14:00,18:00,,44,27,,,,,,0.61,,PGE ADR Project
Cinemark Salinas,field-testing,10/10_MA_CBL,PDP,6/28/16,15:00,19:00,,44,28,,,,,,0.64,,PGE ADR Project
Cinemark Salinas,field-testing,10/10_MA_CBL,PDP,6/27/16,15:00,19:00,,44,34,,,,,,0.77,,PGE ADR Project
Cinemark Salinas,field-testing,10/10_MA_CBL,PDP,6/3/16,15:00,19:00,,44,35,,,,,,0.79,,PGE ADR Project
Cinemark San Francisco,field-testing,10/10_MA_CBL,PDP,7/28/16,14:00,18:00,,33,13,,,,,,0.25,,PGE ADR Project
Cinemark San Francisco,field-testing,10/10_MA_CBL,PDP,7/27/16,14:00,18:00,,33,11,,,,,,0.21,,PGE ADR Project
Cinemark San Francisco,field-testing,10/10_MA_CBL,PDP,7/26/16,14:00,18:00,,33,12,,,,,,0.23,,PGE ADR Project
Cinemark San Francisco,field-testing,10/10_MA_CBL,PDP,7/14/16,14:00,18:00,,33,9,,,,,,0.17,,PGE ADR Project
Cinemark San Jose,field-testing,10/10_MA_CBL,PDP,7/27/16,14:00,18:00,,68,69,,,,,,0.8,,PGE ADR Project
Cinemark San Jose,field-testing,10/10_MA_CBL,PDP,7/26/16,14:00,18:00,,68,8,,,,,,0.09,,PGE ADR Project
Cinemark San Jose,field-testing,10/10_MA_CBL,PDP,7/14/16,14:00,18:00,,68,68,,,,,,0.79,,PGE ADR Project
Cinemark San Jose,field-testing,10/10_MA_CBL,PDP,6/28/16,14:00,18:00,,68,88,,,,,,1.02,,PGE ADR Project
Cinemark San Jose,field-testing,10/10_MA_CBL,PDP,6/27/16,14:00,18:00,,68,65,,,,,,0.76,,PGE ADR Project
Cinemark San Jose,field-testing,10/10_MA_CBL,PDP,6/28/16,15:00,19:00,,68,120,,,,,,1.4,,PGE ADR Project
Cinemark San Jose,field-testing,10/10_MA_CBL,PDP,6/27/16,15:00,19:00,,68,60,,,,,,0.7,,PGE ADR Project
Cinemark San Mateo,field-testing,10/10_MA_CBL,PDP,7/28/16,14:00,18:00,,23,26,,,,,,0.7,,PGE ADR Project
Cinemark San Mateo,field-testing,10/10_MA_CBL,PDP,7/27/16,14:00,18:00,,23,176,,,,,,4.77,,PGE ADR Project
Cinemark San Mateo,field-testing,10/10_MA_CBL,PDP,7/26/16,14:00,18:00,,23,28,,,,,,0.76,,PGE ADR Project
Cinemark San Mateo,field-testing,10/10_MA_CBL,PDP,7/14/16,14:00,18:00,,23,19,,,,,,0.52,,PGE ADR Project
Cinemark San Mateo,field-testing,10/10_MA_CBL,PDP,6/28/16,14:00,18:00,,23,20,,,,,,0.54,,PGE ADR Project
Cinemark San Mateo,field-testing,10/10_MA_CBL,PDP,6/3/16,14:00,18:00,,23,21,,,,,,0.57,,PGE ADR Project
Cinemark San Mateo,field-testing,10/10_MA_CBL,PDP,6/28/16,15:00,19:00,,23,30,,,,,,0.81,,PGE ADR Project
Cinemark San Mateo,field-testing,10/10_MA_CBL,PDP,6/21/16,15:00,19:00,,23,36,,,,,,0.98,,PGE ADR Project
Cinemark San Mateo,field-testing,10/10_MA_CBL,PDP,6/20/16,15:00,19:00,,23,32,,,,,,0.87,,PGE ADR Project
Cinemark San Mateo,field-testing,10/10_MA_CBL,PDP,6/3/16,15:00,19:00,,23,32,,,,,,0.87,,PGE ADR Project
Cinemark Tracy,field-testing,10/10_MA_CBL,PDP,7/27/16,14:00,18:00,,47,13,,,,,,0.35,,PGE ADR Project
Cinemark Tracy,field-testing,10/10_MA_CBL,PDP,7/14/16,14:00,18:00,,47,8,,,,,,0.22,,PGE ADR Project
Cinemark Vallejo,field-testing,10/10_MA_CBL,PDP,7/28/16,14:00,18:00,,38,27,,,,,,0.54,,PGE ADR Project
Cinemark Vallejo,field-testing,10/10_MA_CBL,PDP,7/27/16,14:00,18:00,,38,35,,,,,,0.7,,PGE ADR Project
Cinemark Vallejo,field-testing,10/10_MA_CBL,PDP,7/26/16,14:00,18:00,,38,28,,,,,,0.56,,PGE ADR Project
Cinemark Vallejo,field-testing,10/10_MA_CBL,PDP,7/14/16,14:00,18:00,,38,16,,,,,,0.32,,PGE ADR Project
Cinemark Vallejo,field-testing,10/10_MA_CBL,PDP,6/28/16,14:00,18:00,,38,15,,,,,,0.3,,PGE ADR Project
Cinemark Vallejo,field-testing,10/10_MA_CBL,PDP,6/28/16,15:00,19:00,,38,34,,,,,,0.68,,PGE ADR Project
Cinemark Walnut Creek,field-testing,10/10_MA_CBL,PDP,7/28/16,14:00,18:00,,74,94,,,,,,1.88,,PGE ADR Project
Cinemark Walnut Creek,field-testing,10/10_MA_CBL,PDP,7/27/16,14:00,18:00,,74,70,,,,,,1.4,,PGE ADR Project
Cinemark Walnut Creek,field-testing,10/10_MA_CBL,PDP,7/26/16,14:00,18:00,,74,36,,,,,,0.72,,PGE ADR Project
Cinemark Walnut Creek,field-testing,10/10_MA_CBL,PDP,7/14/16,14:00,18:00,,74,48,,,,,,0.96,,PGE ADR Project
Cinemark Walnut Creek,field-testing,10/10_MA_CBL,PDP,6/28/16,14:00,18:00,,74,71,,,,,,1.42,,PGE ADR Project
Cinemark Walnut Creek,field-testing,10/10_MA_CBL,PDP,6/27/16,14:00,18:00,,74,61,,,,,,1.22,,PGE ADR Project
Cinemark Walnut Creek,field-testing,10/10_MA_CBL,PDP,6/28/16,15:00,19:00,,74,90,,,,,,1.8,,PGE ADR Project
Cinemark Walnut Creek,field-testing,10/10_MA_CBL,PDP,6/27/16,15:00,19:00,,74,93,,,,,,1.86,,PGE ADR Project
Cinemark Walnut Creek,field-testing,10/10_MA_CBL,PDP,6/21/16,15:00,19:00,,74,54,,,,,,1.08,,PGE ADR Project
Cinemark Walnut Creek,field-testing,10/10_MA_CBL,PDP,6/20/16,15:00,19:00,,74,61,,,,,,1.22,,PGE ADR Project
Cinemark Yuba City,field-testing,10/10_MA_CBL,PDP,7/27/16,14:00,18:00,,59,71,,,,,,1.82,,PGE ADR Project
Cinemark Yuba City,field-testing,10/10_MA_CBL,PDP,7/26/16,14:00,18:00,,59,53,,,,,,1.36,,PGE ADR Project
Cinemark Yuba City,field-testing,10/10_MA_CBL,PDP,7/14/16,14:00,18:00,,59,39,,,,,,1,,PGE ADR Project
Cinemark Yuba City,field-testing,10/10_MA_CBL,PDP,6/27/16,14:00,18:00,,59,39,,,,,,1,,PGE ADR Project
Cinemark Yuba City,field-testing,10/10_MA_CBL,PDP,6/3/16,14:00,18:00,,59,27,,,,,,0.69,,PGE ADR Project
Cinemark Yuba City,field-testing,10/10_MA_CBL,PDP,6/30/16,14:00,18:00,,59,48,,,,,,1.23,,PGE ADR Project
Cinemark Yuba City,field-testing,10/10_MA_CBL,PDP,6/27/16,15:00,19:00,,59,61,,,,,,1.57,,PGE ADR Project
Cinemark Yuba City,field-testing,10/10_MA_CBL,PDP,6/3/16,15:00,19:00,,59,44,,,,,,1.13,,PGE ADR Project
COUNTY OF SAN MATEO,field-testing,10/10_MA_CBL,AMP,7/29/16,15:00,19:00,,41,39,,,,,,0.93,,PGE ADR Project
COUNTY OF SAN MATEO,field-testing,10/10_MA_CBL,AMP,7/28/16,15:00,19:00,,41,55,,,,,,1.31,,PGE ADR Project
COUNTY OF SAN MATEO,field-testing,10/10_MA_CBL,AMP,7/27/16,15:00,19:00,,41,95,,,,,,2.26,,PGE ADR Project
COUNTY OF SAN MATEO,field-testing,10/10_MA_CBL,AMP,7/25/16,15:00,19:00,,41,41,,,,,,0.98,,PGE ADR Project
COUNTY OF SAN MATEO,field-testing,10/10_MA_CBL,AMP,6/27/16,15:00,19:00,,41,24,,,,,,0.57,,PGE ADR Project
COUNTY OF SAN MATEO,field-testing,10/10_MA_CBL,AMP,6/3/16,15:00,19:00,,41,51,,,,,,1.21,,PGE ADR Project
COUNTY OF SAN MATEO,field-testing,10/10_MA_CBL,PDP,7/28/16,14:00,18:00,,41,46,,,,,,1.1,,PGE ADR Project
COUNTY OF SAN MATEO,field-testing,10/10_MA_CBL,PDP,7/27/16,14:00,18:00,,41,57,,,,,,1.36,,PGE ADR Project
COUNTY OF SAN MATEO,field-testing,10/10_MA_CBL,PDP,7/26/16,14:00,18:00,,41,27,,,,,,0.64,,PGE ADR Project
COUNTY OF SAN MATEO,field-testing,10/10_MA_CBL,PDP,7/15/16,14:00,18:00,,41,36,,,,,,0.86,,PGE ADR Project
COUNTY OF SAN MATEO,field-testing,10/10_MA_CBL,PDP,7/14/16,14:00,18:00,,41,34,,,,,,0.81,,PGE ADR Project
US GENERAL SERVICES ADMINISTRATION,field-testing,10/10_MA_CBL,DBP,7/29/16,14:00,17:00,,510,115,,,,,,0.19,,PGE ADR Project
US GENERAL SERVICES ADMINISTRATION,field-testing,10/10_MA_CBL,DBP,7/28/16,14:00,17:00,,510,136,,,,,,0.22,,PGE ADR Project
US GENERAL SERVICES ADMINISTRATION,field-testing,10/10_MA_CBL,DBP,7/27/16,14:00,17:00,,510,145,,,,,,0.24,,PGE ADR Project
US GENERAL SERVICES ADMINISTRATION,field-testing,10/10_MA_CBL,DBP,7/26/16,14:00,17:00,,510,203,,,,,,0.34,,PGE ADR Project
Menlo Business Park 1135,field-testing,10/10_MA_CBL,DBP,7/28/16,14:00,18:00,,,7,,,,,,0.42,,PGE ADR Project
Menlo Business Park 1140,field-testing,10/10_MA_CBL,DBP,7/28/16,14:00,18:00,,,14,,,,,,0.45,,PGE ADR Project
Menlo Business Park 1165,field-testing,10/10_MA_CBL,DBP,7/28/16,14:00,18:00,,,2,,,,,,0.2,,PGE ADR Project
Menlo Business Park 1330,field-testing,10/10_MA_CBL,DBP,7/28/16,14:00,18:00,,,17,,,,,,0.67,,PGE ADR Project
Menlo Business Park 1360,field-testing,10/10_MA_CBL,DBP,7/28/16,14:00,18:00,,,19,,,,,,0.92,,PGE ADR Project
Menlo Business Park 1430,field-testing,10/10_MA_CBL,DBP,7/28/16,14:00,18:00,,,31,,,,,,0.48,,PGE ADR Project
Menlo Business Park 1455,field-testing,10/10_MA_CBL,DBP,7/28/16,14:00,18:00,,,28,,,,,,0.5,,PGE ADR Project
Menlo Business Park 1490,field-testing,10/10_MA_CBL,DBP,7/28/16,14:00,18:00,,,11,,,,,,0.36,,PGE ADR Project
Menlo Business Park 1505 Adams,field-testing,10/10_MA_CBL,DBP,7/28/16,14:00,18:00,,,10,,,,,,0.33,,PGE ADR Project
Menlo Business Park 1505 OBrien,field-testing,10/10_MA_CBL,DBP,7/28/16,14:00,18:00,,,8,,,,,,0.13,,PGE ADR Project
Menlo Business Park 1525,field-testing,10/10_MA_CBL,DBP,7/28/16,14:00,18:00,,,30,,,,,,0.41,,PGE ADR Project
Menlo Business Park 1530,field-testing,10/10_MA_CBL,DBP,7/28/16,14:00,18:00,,,12,,,,,,0.34,,PGE ADR Project
Menlo Business Park 1555,field-testing,10/10_MA_CBL,DBP,7/28/16,14:00,18:00,,,18,,,,,,0.36,,PGE ADR Project
Menlo Business Park 1600,field-testing,10/10_MA_CBL,DBP,7/28/16,15:00,19:00,,,4,,,,,,0.37,,PGE ADR Project
Menlo Business Park 1605,field-testing,10/10_MA_CBL,DBP,7/28/16,16:00,20:00,,,30,,,,,,0.63,,PGE ADR Project
County of Alameda - Glen Dyer Detention Facility,field-testing,10/10_MA_CBL,DBP,7/28/16,16:00,20:00,,,44,,,,,,0.24,,PGE ADR Project
County of Alameda - Rene Davidson Courthouse,field-testing,10/10_MA_CBL,DBP,7/28/16,16:00,20:00,,,80,,,,,,0.31,,PGE ADR Project
County of Alameda - Administration Building,field-testing,10/10_MA_CBL,DBP,7/28/16,16:00,20:00,,,36,,,,,,0.17,,PGE ADR Project
County of Alameda - SSA Broadway,field-testing,10/10_MA_CBL,DBP,7/28/16,16:00,20:00,,,33,,,,,,0.55,,PGE ADR Project
County of Alameda - Madison St. Building,field-testing,10/10_MA_CBL,DBP,7/28/16,16:00,20:00,,,30,,,,,,0.34,,PGE ADR Project
County of Alameda - Probation Center Annex,field-testing,10/10_MA_CBL,DBP,7/28/16,16:00,20:00,,,39,,,,,,0.64,,PGE ADR Project
County of Alameda - Courthouse Square,field-testing,10/10_MA_CBL,DBP,7/28/16,16:00,20:00,,,20,,,,,,0.42,,PGE ADR Project
braun2001,field-testing,Custome_Baseline,n/a,8/1/97,14:00,18:00,,,717,,,,,,0.51,,PGE ADR Project
braun2002,laboratory-testing,Custome_Baseline,,8/10/01,8:00,17:00,,,0.92,,,,,,0.42,,braun2002 - Iowa Energy Center
xu2004,field-testing,Custome_Baseline,n/a,10/10/03,14:00,18:00,,,80,,,,,,1,,xu2004 - santa rosa federal building
xu2004,field-testing,Custome_Baseline,n/a,10/10/03,14:00,18:00,,,112,,,,,,1.4,,xu2004 - santa rosa federal building
xu2004,field-testing,Custome_Baseline,n/a,10/15/03,14:00,18:00,,,112,,,,,,1.4,,xu2004 - santa rosa federal building
motegi2004,field-testing,10/10_MA_CBL,PDP,9/8/04,13:00,17:00,,,240,,,,,,0.25,,motegi2004 - site c
Santa Rosa Federal Building,field-testing,10/10_MA_CBL,n/a,9/27/04,14:00,17:00,,,150,,,,,,1.8,,xu2005 - large commercial buildings
McCuen Center One,field-testing,10/10_MA_CBL,n/a,9/27/04,12:00,14:00,,,40,,,,,,0.48,,xu2005 - large commercial buildings
bldg182,field-testing,10/10_MA_CBL,n/a,9/8/15,12:00,14:00,,,27.3,,,,,,0.77,,yin2016 - estcp
bldg182,field-testing,10/10_MA_CBL,n/a,9/5/15,12:00,14:00,,,18.5,,,,,,0.52,,yin2016 - estcp