site_name,Baseline,DR-Event-Day,DR-StartTime,DR-EndTime,kW_Max,kW_Ave,kW_Min,WBP%_Max,WBP%_Avg,WBP%_Min,W/ft2_Max,W/ft2_Avg,W/ft2_Min,source
300 Capitol Mall,OAT_MA_CBL,10/13/04,12:45,13:45,82.00,74.00,,0.07,0.06,,0.21,0.19,,"Piette, M. A., Watson, D. S., Motegi, N., & Bourassa, N. (2005). Automated Demand Response and Commissioning."
300 Capitol Mall,OAT_MA_CBL,10/13/04,13:45,14:45,154.00,109.00,,0.12,0.09,,0.40,0.28,,"Piette, M. A., Watson, D. S., Motegi, N., & Bourassa, N. (2005). Automated Demand Response and Commissioning."
300 Capitol Mall,OAT_MA_CBL,10/13/04,14:45,15:45,232.00,143.00,,0.18,0.11,,0.61,0.37,,"Piette, M. A., Watson, D. S., Motegi, N., & Bourassa, N. (2005). Automated Demand Response and Commissioning."
300 Capitol Mall,OAT_MA_CBL,11/5/04,12:45,13:45,60.00,-21.00,,0.06,-0.02,,0.16,-0.06,,"Piette, M. A., Watson, D. S., Motegi, N., & Bourassa, N. (2005). Automated Demand Response and Commissioning."
300 Capitol Mall,OAT_MA_CBL,11/5/04,13:45,14:45,18.00,-2.00,,0.02,0.00,,0.05,-0.01,,"Piette, M. A., Watson, D. S., Motegi, N., & Bourassa, N. (2005). Automated Demand Response and Commissioning."
300 Capitol Mall,OAT_MA_CBL,11/5/04,14:45,15:45,54.00,31.00,,0.05,0.03,,0.14,0.08,,"Piette, M. A., Watson, D. S., Motegi, N., & Bourassa, N. (2005). Automated Demand Response and Commissioning."
"Albertsons, Fruitville",OAT_MA_CBL,9/8/04,12:45,13:45,67.00,44.00,,0.16,0.10,,1.33,0.88,,"Piette, M. A., Watson, D. S., Motegi, N., & Bourassa, N. (2005). Automated Demand Response and Commissioning."
"Albertsons, Fruitville",OAT_MA_CBL,9/8/04,13:45,14:45,48.00,44.00,,0.11,0.10,,0.97,0.87,,"Piette, M. A., Watson, D. S., Motegi, N., & Bourassa, N. (2005). Automated Demand Response and Commissioning."
"Albertsons, Fruitville",OAT_MA_CBL,9/8/04,14:45,15:45,31.00,26.00,,0.07,0.06,,0.62,0.53,,"Piette, M. A., Watson, D. S., Motegi, N., & Bourassa, N. (2005). Automated Demand Response and Commissioning."
"Albertsons, Fruitville",OAT_MA_CBL,9/21/04,13:15,14:15,46.00,39.00,,0.12,0.11,,0.92,0.78,,"Piette, M. A., Watson, D. S., Motegi, N., & Bourassa, N. (2005). Automated Demand Response and Commissioning."
"Albertsons, Fruitville",OAT_MA_CBL,9/21/04,14:15,15:15,52.00,47.00,,0.15,0.13,,1.03,0.93,,"Piette, M. A., Watson, D. S., Motegi, N., & Bourassa, N. (2005). Automated Demand Response and Commissioning."
"Albertsons, Fruitville",OAT_MA_CBL,9/21/04,15:15,16:15,59.00,53.00,,0.16,0.14,,1.17,1.06,,"Piette, M. A., Watson, D. S., Motegi, N., & Bourassa, N. (2005). Automated Demand Response and Commissioning."
"Albertsons, Fruitville",OAT_MA_CBL,10/13/04,12:45,13:45,23.00,20.00,,0.07,0.05,,0.46,0.39,,"Piette, M. A., Watson, D. S., Motegi, N., & Bourassa, N. (2005). Automated Demand Response and Commissioning."
"Albertsons, Fruitville",OAT_MA_CBL,10/13/04,13:45,14:45,26.00,19.00,,0.07,0.05,,0.51,0.39,,"Piette, M. A., Watson, D. S., Motegi, N., & Bourassa, N. (2005). Automated Demand Response and Commissioning."
"Albertsons, Fruitville",OAT_MA_CBL,10/13/04,14:45,15:45,30.00,25.00,,0.08,0.07,,0.61,0.49,,"Piette, M. A., Watson, D. S., Motegi, N., & Bourassa, N. (2005). Automated Demand Response and Commissioning."
"Albertsons, Fruitville",OAT_MA_CBL,11/5/04,12:45,13:45,28.00,18.00,,0.09,0.05,,0.57,0.36,,"Piette, M. A., Watson, D. S., Motegi, N., & Bourassa, N. (2005). Automated Demand Response and Commissioning."
"Albertsons, Fruitville",OAT_MA_CBL,11/5/04,13:45,14:45,24.00,20.00,,0.07,0.06,,0.47,0.41,,"Piette, M. A., Watson, D. S., Motegi, N., & Bourassa, N. (2005). Automated Demand Response and Commissioning."
"Albertsons, Fruitville",OAT_MA_CBL,11/5/04,14:45,15:45,32.00,29.00,,0.10,0.09,,0.63,0.58,,"Piette, M. A., Watson, D. S., Motegi, N., & Bourassa, N. (2005). Automated Demand Response and Commissioning."
Bank of America Concord Data Center,OAT_MA_CBL,9/8/04,12:45,13:45,110.00,54.00,,0.10,0.05,,0.62,0.30,,"Piette, M. A., Watson, D. S., Motegi, N., & Bourassa, N. (2005). Automated Demand Response and Commissioning."
Bank of America Concord Data Center,OAT_MA_CBL,9/8/04,13:45,14:45,104.00,51.00,,0.10,0.05,,0.59,0.29,,"Piette, M. A., Watson, D. S., Motegi, N., & Bourassa, N. (2005). Automated Demand Response and Commissioning."
Bank of America Concord Data Center,OAT_MA_CBL,9/8/04,14:45,15:45,141.00,96.00,,0.12,0.09,,0.80,0.54,,"Piette, M. A., Watson, D. S., Motegi, N., & Bourassa, N. (2005). Automated Demand Response and Commissioning."
Bank of America Concord Data Center,OAT_MA_CBL,9/21/04,13:15,14:15,67.00,-34.00,,0.07,-0.04,,0.38,-0.20,,"Piette, M. A., Watson, D. S., Motegi, N., & Bourassa, N. (2005). Automated Demand Response and Commissioning."
Bank of America Concord Data Center,OAT_MA_CBL,9/21/04,14:15,15:15,0.00,-40.00,,0.00,-0.04,,0.00,-0.23,,"Piette, M. A., Watson, D. S., Motegi, N., & Bourassa, N. (2005). Automated Demand Response and Commissioning."
Bank of America Concord Data Center,OAT_MA_CBL,9/21/04,15:15,16:15,89.00,6.00,,0.10,0.01,,0.51,0.03,,"Piette, M. A., Watson, D. S., Motegi, N., & Bourassa, N. (2005). Automated Demand Response and Commissioning."
Bank of America Concord Data Center,OAT_MA_CBL,10/13/04,12:45,13:45,66.00,17.00,,0.01,0.00,,0.09,0.02,,"Piette, M. A., Watson, D. S., Motegi, N., & Bourassa, N. (2005). Automated Demand Response and Commissioning."
Bank of America Concord Data Center,OAT_MA_CBL,10/13/04,13:45,14:45,50.00,-12.00,,0.01,0.00,,0.07,-0.02,,"Piette, M. A., Watson, D. S., Motegi, N., & Bourassa, N. (2005). Automated Demand Response and Commissioning."
Bank of America Concord Data Center,OAT_MA_CBL,10/13/04,14:45,15:45,-61.00,-103.00,,-0.01,-0.02,,-0.09,-0.15,,"Piette, M. A., Watson, D. S., Motegi, N., & Bourassa, N. (2005). Automated Demand Response and Commissioning."
Bank of America Concord Data Center,OAT_MA_CBL,11/5/04,12:45,13:45,230.00,174.00,,0.05,0.04,,0.32,0.25,,"Piette, M. A., Watson, D. S., Motegi, N., & Bourassa, N. (2005). Automated Demand Response and Commissioning."
Bank of America Concord Data Center,OAT_MA_CBL,11/5/04,13:45,14:45,224.00,186.00,,0.05,0.04,,0.32,0.26,,"Piette, M. A., Watson, D. S., Motegi, N., & Bourassa, N. (2005). Automated Demand Response and Commissioning."
Bank of America Concord Data Center,OAT_MA_CBL,11/5/04,14:45,15:45,172.00,117.00,,0.04,0.03,,0.24,0.16,,"Piette, M. A., Watson, D. S., Motegi, N., & Bourassa, N. (2005). Automated Demand Response and Commissioning."
Joe Serna Jr. Cal/EPA Headquarters Building,OAT_MA_CBL,11/5/04,12:45,13:45,271.00,138.00,,0.16,0.08,,0.29,0.15,,"Piette, M. A., Watson, D. S., Motegi, N., & Bourassa, N. (2005). Automated Demand Response and Commissioning."
Joe Serna Jr. Cal/EPA Headquarters Building,OAT_MA_CBL,11/5/04,13:45,14:45,295.00,237.00,,0.17,0.14,,0.31,0.25,,"Piette, M. A., Watson, D. S., Motegi, N., & Bourassa, N. (2005). Automated Demand Response and Commissioning."
Joe Serna Jr. Cal/EPA Headquarters Building,OAT_MA_CBL,11/5/04,14:45,15:45,108.00,35.00,,0.07,0.02,,0.11,0.04,,"Piette, M. A., Watson, D. S., Motegi, N., & Bourassa, N. (2005). Automated Demand Response and Commissioning."
CANMET Energy Technology Centre - Varennes,OAT_MA_CBL,11/5/04,,,,,,,,,,,,"Piette, M. A., Watson, D. S., Motegi, N., & Bourassa, N. (2005). Automated Demand Response and Commissioning."
Cisco Systems,OAT_MA_CBL,11/5/04,12:45,13:45,271.00,138.00,,0.04,0.03,,0.23,0.18,,"Piette, M. A., Watson, D. S., Motegi, N., & Bourassa, N. (2005). Automated Demand Response and Commissioning."
Cisco Systems,OAT_MA_CBL,11/5/04,13:45,14:45,295.00,237.00,,0.03,0.03,,0.22,0.19,,"Piette, M. A., Watson, D. S., Motegi, N., & Bourassa, N. (2005). Automated Demand Response and Commissioning."
Cisco Systems,OAT_MA_CBL,11/5/04,14:45,15:45,108.00,35.00,,0.03,0.03,,0.19,0.16,,"Piette, M. A., Watson, D. S., Motegi, N., & Bourassa, N. (2005). Automated Demand Response and Commissioning."
Contra Costa County 50 Douglas,OAT_MA_CBL,10/13/04,12:45,13:45,93.00,66.00,,0.25,0.18,,1.04,0.73,,"Piette, M. A., Watson, D. S., Motegi, N., & Bourassa, N. (2005). Automated Demand Response and Commissioning."
Contra Costa County 50 Douglas,OAT_MA_CBL,10/13/04,13:45,14:45,120.00,102.00,,0.31,0.27,,1.34,1.13,,"Piette, M. A., Watson, D. S., Motegi, N., & Bourassa, N. (2005). Automated Demand Response and Commissioning."
Contra Costa County 50 Douglas,OAT_MA_CBL,10/13/04,14:45,15:45,60.00,47.00,,0.17,0.12,,0.67,0.53,,"Piette, M. A., Watson, D. S., Motegi, N., & Bourassa, N. (2005). Automated Demand Response and Commissioning."
Contra Costa County 50 Douglas,OAT_MA_CBL,11/5/04,12:45,13:45,35.00,27.00,,0.15,0.12,,0.39,0.29,,"Piette, M. A., Watson, D. S., Motegi, N., & Bourassa, N. (2005). Automated Demand Response and Commissioning."
Contra Costa County 50 Douglas,OAT_MA_CBL,11/5/04,13:45,14:45,45.00,41.00,,0.19,0.18,,0.51,0.45,,"Piette, M. A., Watson, D. S., Motegi, N., & Bourassa, N. (2005). Automated Demand Response and Commissioning."
Contra Costa County 50 Douglas,OAT_MA_CBL,11/5/04,14:45,15:45,31.00,29.00,,0.14,0.13,,0.34,0.32,,"Piette, M. A., Watson, D. S., Motegi, N., & Bourassa, N. (2005). Automated Demand Response and Commissioning."
Contra Costa County Summit Center,OAT_MA_CBL,10/13/04,12:45,13:45,54.00,38.00,,0.14,0.10,,0.41,0.29,,"Piette, M. A., Watson, D. S., Motegi, N., & Bourassa, N. (2005). Automated Demand Response and Commissioning."
Contra Costa County Summit Center,OAT_MA_CBL,10/13/04,13:45,14:45,68.00,62.00,,0.17,0.16,,0.52,0.47,,"Piette, M. A., Watson, D. S., Motegi, N., & Bourassa, N. (2005). Automated Demand Response and Commissioning."
Contra Costa County Summit Center,OAT_MA_CBL,10/13/04,14:45,15:45,-3.00,-16.00,,-0.01,-0.04,,-0.03,-0.12,,"Piette, M. A., Watson, D. S., Motegi, N., & Bourassa, N. (2005). Automated Demand Response and Commissioning."
Contra Costa County Summit Center,OAT_MA_CBL,11/5/04,12:45,13:45,63.00,50.00,,0.19,0.15,,0.48,0.38,,"Piette, M. A., Watson, D. S., Motegi, N., & Bourassa, N. (2005). Automated Demand Response and Commissioning."
Contra Costa County Summit Center,OAT_MA_CBL,11/5/04,13:45,14:45,87.00,70.00,,0.27,0.22,,0.67,0.54,,"Piette, M. A., Watson, D. S., Motegi, N., & Bourassa, N. (2005). Automated Demand Response and Commissioning."
Contra Costa County Summit Center,OAT_MA_CBL,11/5/04,14:45,15:45,41.00,31.00,,0.14,0.11,,0.32,0.24,,"Piette, M. A., Watson, D. S., Motegi, N., & Bourassa, N. (2005). Automated Demand Response and Commissioning."
Echelon San Jose Headquarter,OAT_MA_CBL,10/13/04,12:45,13:45,21.00,3.00,,0.03,0.02,,0.10,0.05,,"Piette, M. A., Watson, D. S., Motegi, N., & Bourassa, N. (2005). Automated Demand Response and Commissioning."
Echelon San Jose Headquarter,OAT_MA_CBL,10/13/04,13:45,14:45,47.00,33.00,,0.56,0.42,,1.81,1.34,,"Piette, M. A., Watson, D. S., Motegi, N., & Bourassa, N. (2005). Automated Demand Response and Commissioning."
Echelon San Jose Headquarter,OAT_MA_CBL,10/13/04,14:45,15:45,42.00,-8.00,,0.48,0.11,,1.52,0.36,,"Piette, M. A., Watson, D. S., Motegi, N., & Bourassa, N. (2005). Automated Demand Response and Commissioning."
Echelon San Jose Headquarter,OAT_MA_CBL,11/5/04,12:45,13:45,7.00,4.00,,0.03,0.02,,0.10,0.05,,"Piette, M. A., Watson, D. S., Motegi, N., & Bourassa, N. (2005). Automated Demand Response and Commissioning."
Echelon San Jose Headquarter,OAT_MA_CBL,11/5/04,13:45,14:45,136.00,100.00,,0.56,0.42,,1.81,1.34,,"Piette, M. A., Watson, D. S., Motegi, N., & Bourassa, N. (2005). Automated Demand Response and Commissioning."
Echelon San Jose Headquarter,OAT_MA_CBL,11/5/04,14:45,15:45,114.00,27.00,,0.48,0.11,,1.52,0.36,,"Piette, M. A., Watson, D. S., Motegi, N., & Bourassa, N. (2005). Automated Demand Response and Commissioning."
GSA Phillip Burton San Francisco Federal Building,OAT_MA_CBL,11/5/04,12:45,13:45,-111.00,-162.00,,-0.07,-0.10,,-0.08,-0.11,,"Piette, M. A., Watson, D. S., Motegi, N., & Bourassa, N. (2005). Automated Demand Response and Commissioning."
GSA Phillip Burton San Francisco Federal Building,OAT_MA_CBL,11/5/04,13:45,14:45,-38.00,-124.00,,-0.03,-0.08,,-0.03,-0.09,,"Piette, M. A., Watson, D. S., Motegi, N., & Bourassa, N. (2005). Automated Demand Response and Commissioning."
GSA Phillip Burton San Francisco Federal Building,OAT_MA_CBL,11/5/04,14:45,15:45,87.00,22.00,,0.06,0.02,,0.06,0.02,,"Piette, M. A., Watson, D. S., Motegi, N., & Bourassa, N. (2005). Automated Demand Response and Commissioning."
GSA National Archives & Records Administration,OAT_MA_CBL,11/5/04,12:45,13:45,1.00,-5.00,,0.00,-0.02,,0.00,-0.02,,"Piette, M. A., Watson, D. S., Motegi, N., & Bourassa, N. (2005). Automated Demand Response and Commissioning."
GSA National Archives & Records Administration,OAT_MA_CBL,11/5/04,13:45,14:45,15.00,6.00,,0.08,0.03,,0.08,0.03,,"Piette, M. A., Watson, D. S., Motegi, N., & Bourassa, N. (2005). Automated Demand Response and Commissioning."
GSA National Archives & Records Administration,OAT_MA_CBL,11/5/04,14:45,15:45,29.00,23.00,,0.28,0.19,,0.14,0.11,,"Piette, M. A., Watson, D. S., Motegi, N., & Bourassa, N. (2005). Automated Demand Response and Commissioning."
GSA Ronald V. Dellums Oakland Federal Building,OAT_MA_CBL,9/8/04,12:45,13:45,975.00,528.00,,0.28,0.15,,1.00,0.54,,"Piette, M. A., Watson, D. S., Motegi, N., & Bourassa, N. (2005). Automated Demand Response and Commissioning."
GSA Ronald V. Dellums Oakland Federal Building,OAT_MA_CBL,9/8/04,13:45,14:45,1080.00,1058.00,,0.30,0.29,,1.10,1.08,,"Piette, M. A., Watson, D. S., Motegi, N., & Bourassa, N. (2005). Automated Demand Response and Commissioning."
GSA Ronald V. Dellums Oakland Federal Building,OAT_MA_CBL,9/8/04,14:45,15:45,1043.00,847.00,,0.29,0.24,,1.07,0.87,,"Piette, M. A., Watson, D. S., Motegi, N., & Bourassa, N. (2005). Automated Demand Response and Commissioning."
GSA Ronald V. Dellums Oakland Federal Building,OAT_MA_CBL,9/21/04,13:15,14:15,221.00,172.00,,0.09,0.07,,0.23,0.18,,"Piette, M. A., Watson, D. S., Motegi, N., & Bourassa, N. (2005). Automated Demand Response and Commissioning."
GSA Ronald V. Dellums Oakland Federal Building,OAT_MA_CBL,9/21/04,14:15,15:15,162.00,150.00,,0.07,0.06,,0.17,0.15,,"Piette, M. A., Watson, D. S., Motegi, N., & Bourassa, N. (2005). Automated Demand Response and Commissioning."
GSA Ronald V. Dellums Oakland Federal Building,OAT_MA_CBL,9/21/04,15:15,16:15,221.00,190.00,,0.09,0.08,,0.23,0.19,,"Piette, M. A., Watson, D. S., Motegi, N., & Bourassa, N. (2005). Automated Demand Response and Commissioning."
GSA Ronald V. Dellums Oakland Federal Building,OAT_MA_CBL,11/5/04,12:45,13:45,102.00,63.00,,0.05,0.03,,0.10,0.06,,"Piette, M. A., Watson, D. S., Motegi, N., & Bourassa, N. (2005). Automated Demand Response and Commissioning."
GSA Ronald V. Dellums Oakland Federal Building,OAT_MA_CBL,11/5/04,13:45,14:45,214.00,179.00,,0.10,0.09,,0.22,0.18,,"Piette, M. A., Watson, D. S., Motegi, N., & Bourassa, N. (2005). Automated Demand Response and Commissioning."
GSA Ronald V. Dellums Oakland Federal Building,OAT_MA_CBL,11/5/04,14:45,15:45,133.00,103.00,,0.06,0.05,,0.14,0.11,,"Piette, M. A., Watson, D. S., Motegi, N., & Bourassa, N. (2005). Automated Demand Response and Commissioning."
Kadant Grantek,OAT_MA_CBL,11/5/04,,,,,,,,,,,,"Piette, M. A., Watson, D. S., Motegi, N., & Bourassa, N. (2005). Automated Demand Response and Commissioning."
Monterey Commerce Center,OAT_MA_CBL,11/5/04,,,,,,,,,,,,"Piette, M. A., Watson, D. S., Motegi, N., & Bourassa, N. (2005). Automated Demand Response and Commissioning."
OSIsoft,OAT_MA_CBL,11/5/04,12:45,13:45,-1.00,-4.00,,-0.01,-0.02,,-0.02,-0.07,,"Piette, M. A., Watson, D. S., Motegi, N., & Bourassa, N. (2005). Automated Demand Response and Commissioning."
OSIsoft,OAT_MA_CBL,11/5/04,13:45,14:45,12.00,3.00,,0.06,0.01,,0.20,0.05,,"Piette, M. A., Watson, D. S., Motegi, N., & Bourassa, N. (2005). Automated Demand Response and Commissioning."
OSIsoft,OAT_MA_CBL,11/5/04,14:45,15:45,10.00,-2.00,,0.05,-0.01,,0.16,-0.03,,"Piette, M. A., Watson, D. S., Motegi, N., & Bourassa, N. (2005). Automated Demand Response and Commissioning."
Roche Palo Alto,OAT_MA_CBL,9/21/04,13:15,14:15,108.00,99.00,,0.15,0.14,,0.56,0.51,,"Piette, M. A., Watson, D. S., Motegi, N., & Bourassa, N. (2005). Automated Demand Response and Commissioning."
Roche Palo Alto,OAT_MA_CBL,9/21/04,14:15,15:15,120.00,108.00,,0.19,0.17,,0.63,0.56,,"Piette, M. A., Watson, D. S., Motegi, N., & Bourassa, N. (2005). Automated Demand Response and Commissioning."
Roche Palo Alto,OAT_MA_CBL,9/21/04,15:15,16:15,101.00,94.00,,0.17,0.16,,0.52,0.49,,"Piette, M. A., Watson, D. S., Motegi, N., & Bourassa, N. (2005). Automated Demand Response and Commissioning."
Roche Palo Alto,OAT_MA_CBL,10/13/04,12:45,13:45,63.00,39.00,,0.09,0.06,,0.33,0.20,,"Piette, M. A., Watson, D. S., Motegi, N., & Bourassa, N. (2005). Automated Demand Response and Commissioning."
Roche Palo Alto,OAT_MA_CBL,10/13/04,13:45,14:45,123.00,102.00,,0.20,0.16,,0.64,0.53,,"Piette, M. A., Watson, D. S., Motegi, N., & Bourassa, N. (2005). Automated Demand Response and Commissioning."
Roche Palo Alto,OAT_MA_CBL,10/13/04,14:45,15:45,74.00,53.00,,0.12,0.09,,0.39,0.28,,"Piette, M. A., Watson, D. S., Motegi, N., & Bourassa, N. (2005). Automated Demand Response and Commissioning."
Roche Palo Alto,OAT_MA_CBL,11/5/04,12:45,13:45,124.00,88.00,,0.20,0.14,,0.65,0.46,,"Piette, M. A., Watson, D. S., Motegi, N., & Bourassa, N. (2005). Automated Demand Response and Commissioning."
Roche Palo Alto,OAT_MA_CBL,11/5/04,13:45,14:45,136.00,96.00,,0.22,0.17,,0.71,0.50,,"Piette, M. A., Watson, D. S., Motegi, N., & Bourassa, N. (2005). Automated Demand Response and Commissioning."
Roche Palo Alto,OAT_MA_CBL,11/5/04,14:45,15:45,83.00,77.00,,0.16,0.15,,0.43,0.40,,"Piette, M. A., Watson, D. S., Motegi, N., & Bourassa, N. (2005). Automated Demand Response and Commissioning."
UC Santa Barbara Davidson Library,OAT_MA_CBL,9/8/04,12:45,13:45,62.00,24.00,,0.07,0.03,,0.22,0.08,,"Piette, M. A., Watson, D. S., Motegi, N., & Bourassa, N. (2005). Automated Demand Response and Commissioning."
UC Santa Barbara Davidson Library,OAT_MA_CBL,9/8/04,13:45,14:45,274.00,263.00,,0.31,0.30,,0.95,0.91,,"Piette, M. A., Watson, D. S., Motegi, N., & Bourassa, N. (2005). Automated Demand Response and Commissioning."
UC Santa Barbara Davidson Library,OAT_MA_CBL,9/8/04,14:45,15:45,46.00,-44.00,,0.05,-0.05,,0.16,-0.15,,"Piette, M. A., Watson, D. S., Motegi, N., & Bourassa, N. (2005). Automated Demand Response and Commissioning."
"US Postal Service, San Jose Process & Distribution Center",OAT_MA_CBL,10/13/04,12:45,13:45,333.00,205.00,,0.23,0.14,,0.85,0.53,,"Piette, M. A., Watson, D. S., Motegi, N., & Bourassa, N. (2005). Automated Demand Response and Commissioning."
"US Postal Service, San Jose Process & Distribution Center",OAT_MA_CBL,10/13/04,13:45,14:45,321.00,272.00,,0.22,0.19,,0.82,0.70,,"Piette, M. A., Watson, D. S., Motegi, N., & Bourassa, N. (2005). Automated Demand Response and Commissioning."
"US Postal Service, San Jose Process & Distribution Center",OAT_MA_CBL,10/13/04,14:45,15:45,219.00,83.00,,0.15,0.06,,0.56,0.21,,"Piette, M. A., Watson, D. S., Motegi, N., & Bourassa, N. (2005). Automated Demand Response and Commissioning."
"US Postal Service, San Jose Process & Distribution Center",OAT_MA_CBL,11/5/04,12:45,13:45,33.00,18.00,,0.03,0.02,,0.08,0.05,,"Piette, M. A., Watson, D. S., Motegi, N., & Bourassa, N. (2005). Automated Demand Response and Commissioning."
"US Postal Service, San Jose Process & Distribution Center",OAT_MA_CBL,11/5/04,13:45,14:45,196.00,132.00,,0.17,0.12,,0.50,0.34,,"Piette, M. A., Watson, D. S., Motegi, N., & Bourassa, N. (2005). Automated Demand Response and Commissioning."
"US Postal Service, San Jose Process & Distribution Center",OAT_MA_CBL,11/5/04,14:45,15:45,111.00,74.00,,0.10,0.07,,0.29,0.19,,"Piette, M. A., Watson, D. S., Motegi, N., & Bourassa, N. (2005). Automated Demand Response and Commissioning."
"Alameda County Water District, Headquarter",,9/29/05,12:00,15:00,101.00,67.00,,0.38,0.24,,2.30,1.53,,"Piette, M. A., D. Watson, N. Motegi, S. Kiliccote, and P. Xu. 2006. Automated Critical Peak Pricing Field Tests: Program Description and Results."
"Alameda County Water District, Headquarter",,9/29/05,15:00,18:00,72.00,57.00,,0.23,0.19,,1.63,1.29,,"Piette, M. A., D. Watson, N. Motegi, S. Kiliccote, and P. Xu. 2006. Automated Critical Peak Pricing Field Tests: Program Description and Results."
"Alameda County Water District, Headquarter",,10/6/05,12:00,15:00,74.00,55.00,,0.31,0.22,,1.69,1.25,,"Piette, M. A., D. Watson, N. Motegi, S. Kiliccote, and P. Xu. 2006. Automated Critical Peak Pricing Field Tests: Program Description and Results."
"Alameda County Water District, Headquarter",,10/6/05,15:00,18:00,47.00,28.00,,0.19,0.12,,1.06,0.63,,"Piette, M. A., D. Watson, N. Motegi, S. Kiliccote, and P. Xu. 2006. Automated Critical Peak Pricing Field Tests: Program Description and Results."
"Alameda County Water District, Headquarter",,10/13/05,12:00,15:00,73.00,53.00,,0.31,0.21,,1.66,1.20,,"Piette, M. A., D. Watson, N. Motegi, S. Kiliccote, and P. Xu. 2006. Automated Critical Peak Pricing Field Tests: Program Description and Results."
"Alameda County Water District, Headquarter",,10/13/05,15:00,18:00,83.00,66.00,,0.29,0.24,,1.89,1.49,,"Piette, M. A., D. Watson, N. Motegi, S. Kiliccote, and P. Xu. 2006. Automated Critical Peak Pricing Field Tests: Program Description and Results."
"Alameda County Water District, Headquarter",,10/25/05,12:00,15:00,77.00,69.00,,0.35,0.30,,1.76,1.57,,"Piette, M. A., D. Watson, N. Motegi, S. Kiliccote, and P. Xu. 2006. Automated Critical Peak Pricing Field Tests: Program Description and Results."
"Alameda County Water District, Headquarter",,10/25/05,15:00,18:00,66.00,57.00,,0.30,0.26,,1.50,1.29,,"Piette, M. A., D. Watson, N. Motegi, S. Kiliccote, and P. Xu. 2006. Automated Critical Peak Pricing Field Tests: Program Description and Results."
"Bank of America, Concord Technology Center",,9/29/05,12:00,15:00,132.00,22.00,,0.03,0.00,,0.21,0.04,,"Piette, M. A., D. Watson, N. Motegi, S. Kiliccote, and P. Xu. 2006. Automated Critical Peak Pricing Field Tests: Program Description and Results."
"Bank of America, Concord Technology Center",,9/29/05,15:00,18:00,291.00,184.00,,0.06,0.04,,0.47,0.30,,"Piette, M. A., D. Watson, N. Motegi, S. Kiliccote, and P. Xu. 2006. Automated Critical Peak Pricing Field Tests: Program Description and Results."
"Bank of America, Concord Technology Center",,10/13/05,12:00,15:00,-30.00,-89.00,,-0.01,-0.02,,-0.05,-0.14,,"Piette, M. A., D. Watson, N. Motegi, S. Kiliccote, and P. Xu. 2006. Automated Critical Peak Pricing Field Tests: Program Description and Results."
"Bank of America, Concord Technology Center",,10/13/05,15:00,18:00,219.00,111.00,,0.04,0.02,,0.35,0.18,,"Piette, M. A., D. Watson, N. Motegi, S. Kiliccote, and P. Xu. 2006. Automated Critical Peak Pricing Field Tests: Program Description and Results."
"Bank of America, Concord Technology Center",,10/25/05,12:00,15:00,461.00,279.00,,0.09,0.06,,0.75,0.45,,"Piette, M. A., D. Watson, N. Motegi, S. Kiliccote, and P. Xu. 2006. Automated Critical Peak Pricing Field Tests: Program Description and Results."
"Bank of America, Concord Technology Center",,10/25/05,15:00,18:00,552.00,291.00,,0.11,0.06,,0.90,0.47,,"Piette, M. A., D. Watson, N. Motegi, S. Kiliccote, and P. Xu. 2006. Automated Critical Peak Pricing Field Tests: Program Description and Results."
"Chabot Space and Science Center, Building 1&2",,9/22/05,12:00,15:00,-23.00,-38.00,,-0.10,-0.18,,-0.27,-0.44,,"Piette, M. A., D. Watson, N. Motegi, S. Kiliccote, and P. Xu. 2006. Automated Critical Peak Pricing Field Tests: Program Description and Results."
"Chabot Space and Science Center, Building 1&2",,9/22/05,15:00,18:00,19.00,-16.00,,0.11,-0.07,,0.22,-0.18,,"Piette, M. A., D. Watson, N. Motegi, S. Kiliccote, and P. Xu. 2006. Automated Critical Peak Pricing Field Tests: Program Description and Results."
"Chabot Space and Science Center, Building 1&2",,9/29/05,12:00,15:00,31.00,2.00,,0.10,0.00,,0.35,0.02,,"Piette, M. A., D. Watson, N. Motegi, S. Kiliccote, and P. Xu. 2006. Automated Critical Peak Pricing Field Tests: Program Description and Results."
"Chabot Space and Science Center, Building 1&2",,9/29/05,15:00,18:00,88.00,32.00,,0.28,0.03,,1.02,0.37,,"Piette, M. A., D. Watson, N. Motegi, S. Kiliccote, and P. Xu. 2006. Automated Critical Peak Pricing Field Tests: Program Description and Results."
"Chabot Space and Science Center, Building 1&2",,10/6/05,12:00,15:00,24.00,2.00,,0.10,0.01,,0.28,0.03,,"Piette, M. A., D. Watson, N. Motegi, S. Kiliccote, and P. Xu. 2006. Automated Critical Peak Pricing Field Tests: Program Description and Results."
"Chabot Space and Science Center, Building 1&2",,10/6/05,15:00,18:00,36.00,23.00,,0.15,0.10,,0.42,0.27,,"Piette, M. A., D. Watson, N. Motegi, S. Kiliccote, and P. Xu. 2006. Automated Critical Peak Pricing Field Tests: Program Description and Results."
"Chabot Space and Science Center, Building 1&2",,10/13/05,12:00,15:00,20.00,-2.00,,0.08,-0.01,,0.23,-0.02,,"Piette, M. A., D. Watson, N. Motegi, S. Kiliccote, and P. Xu. 2006. Automated Critical Peak Pricing Field Tests: Program Description and Results."
"Chabot Space and Science Center, Building 1&2",,10/13/05,15:00,18:00,42.00,33.00,,0.19,0.13,,0.49,0.38,,"Piette, M. A., D. Watson, N. Motegi, S. Kiliccote, and P. Xu. 2006. Automated Critical Peak Pricing Field Tests: Program Description and Results."
"Contra Costa County, 2530 Arnold",,9/22/05,12:00,15:00,99.00,63.00,,0.24,0.15,,0.76,0.48,,"Piette, M. A., D. Watson, N. Motegi, S. Kiliccote, and P. Xu. 2006. Automated Critical Peak Pricing Field Tests: Program Description and Results."
"Contra Costa County, 2530 Arnold",,9/22/05,15:00,18:00,119.00,93.00,,0.28,0.24,,0.91,0.71,,"Piette, M. A., D. Watson, N. Motegi, S. Kiliccote, and P. Xu. 2006. Automated Critical Peak Pricing Field Tests: Program Description and Results."
"Contra Costa County, 2530 Arnold",,9/29/05,12:00,15:00,90.00,34.00,,0.21,0.08,,0.69,0.26,,"Piette, M. A., D. Watson, N. Motegi, S. Kiliccote, and P. Xu. 2006. Automated Critical Peak Pricing Field Tests: Program Description and Results."
"Contra Costa County, 2530 Arnold",,9/29/05,15:00,18:00,89.00,58.00,,0.21,0.14,,0.68,0.44,,"Piette, M. A., D. Watson, N. Motegi, S. Kiliccote, and P. Xu. 2006. Automated Critical Peak Pricing Field Tests: Program Description and Results."
"Contra Costa County, 2530 Arnold",,10/6/05,12:00,15:00,44.00,22.00,,0.11,0.06,,0.33,0.17,,"Piette, M. A., D. Watson, N. Motegi, S. Kiliccote, and P. Xu. 2006. Automated Critical Peak Pricing Field Tests: Program Description and Results."
"Contra Costa County, 2530 Arnold",,10/6/05,15:00,18:00,63.00,34.00,,0.17,0.09,,0.48,0.26,,"Piette, M. A., D. Watson, N. Motegi, S. Kiliccote, and P. Xu. 2006. Automated Critical Peak Pricing Field Tests: Program Description and Results."
"Contra Costa County, 2530 Arnold",,10/13/05,12:00,15:00,60.00,22.00,,0.15,0.06,,0.46,0.17,,"Piette, M. A., D. Watson, N. Motegi, S. Kiliccote, and P. Xu. 2006. Automated Critical Peak Pricing Field Tests: Program Description and Results."
"Contra Costa County, 2530 Arnold",,10/13/05,15:00,18:00,89.00,47.00,,0.22,0.13,,0.68,0.36,,"Piette, M. A., D. Watson, N. Motegi, S. Kiliccote, and P. Xu. 2006. Automated Critical Peak Pricing Field Tests: Program Description and Results."
"Contra Costa County, 2530 Arnold",,10/25/05,12:00,15:00,40.00,28.00,,0.12,0.08,,0.31,0.21,,"Piette, M. A., D. Watson, N. Motegi, S. Kiliccote, and P. Xu. 2006. Automated Critical Peak Pricing Field Tests: Program Description and Results."
"Contra Costa County, 2530 Arnold",,10/25/05,15:00,18:00,39.00,17.00,,0.12,0.06,,0.30,0.13,,"Piette, M. A., D. Watson, N. Motegi, S. Kiliccote, and P. Xu. 2006. Automated Critical Peak Pricing Field Tests: Program Description and Results."
"Contra Costa County, 50 Douglas",,10/25/05,12:00,15:00,75.00,41.00,,0.30,0.17,,0.83,0.46,,"Piette, M. A., D. Watson, N. Motegi, S. Kiliccote, and P. Xu. 2006. Automated Critical Peak Pricing Field Tests: Program Description and Results."
"Contra Costa County, 50 Douglas",,10/25/05,15:00,18:00,78.00,42.00,,0.32,0.20,,0.87,0.47,,"Piette, M. A., D. Watson, N. Motegi, S. Kiliccote, and P. Xu. 2006. Automated Critical Peak Pricing Field Tests: Program Description and Results."
"Echelon, San Jose Headquarter",,9/22/05,12:00,15:00,38.00,29.00,,0.12,0.10,,0.51,0.39,,"Piette, M. A., D. Watson, N. Motegi, S. Kiliccote, and P. Xu. 2006. Automated Critical Peak Pricing Field Tests: Program Description and Results."
"Echelon, San Jose Headquarter",,9/22/05,15:00,18:00,115.00,74.00,,0.35,0.23,,1.53,0.99,,"Piette, M. A., D. Watson, N. Motegi, S. Kiliccote, and P. Xu. 2006. Automated Critical Peak Pricing Field Tests: Program Description and Results."
"Echelon, San Jose Headquarter",,9/29/05,12:00,15:00,42.00,32.00,,0.12,0.09,,0.56,0.43,,"Piette, M. A., D. Watson, N. Motegi, S. Kiliccote, and P. Xu. 2006. Automated Critical Peak Pricing Field Tests: Program Description and Results."
"Echelon, San Jose Headquarter",,9/29/05,15:00,18:00,143.00,109.00,,0.37,0.28,,1.91,1.45,,"Piette, M. A., D. Watson, N. Motegi, S. Kiliccote, and P. Xu. 2006. Automated Critical Peak Pricing Field Tests: Program Description and Results."
"Echelon, San Jose Headquarter",,10/6/05,12:00,15:00,72.00,60.00,,0.20,0.17,,0.96,0.81,,"Piette, M. A., D. Watson, N. Motegi, S. Kiliccote, and P. Xu. 2006. Automated Critical Peak Pricing Field Tests: Program Description and Results."
"Echelon, San Jose Headquarter",,10/6/05,15:00,18:00,132.00,89.00,,0.37,0.26,,1.76,1.19,,"Piette, M. A., D. Watson, N. Motegi, S. Kiliccote, and P. Xu. 2006. Automated Critical Peak Pricing Field Tests: Program Description and Results."
"Echelon, San Jose Headquarter",,10/13/05,12:00,15:00,49.00,35.00,,0.15,0.11,,0.65,0.47,,"Piette, M. A., D. Watson, N. Motegi, S. Kiliccote, and P. Xu. 2006. Automated Critical Peak Pricing Field Tests: Program Description and Results."
"Echelon, San Jose Headquarter",,10/13/05,15:00,18:00,117.00,83.00,,0.17,0.24,,1.56,1.10,,"Piette, M. A., D. Watson, N. Motegi, S. Kiliccote, and P. Xu. 2006. Automated Critical Peak Pricing Field Tests: Program Description and Results."
"Echelon, San Jose Headquarter",,10/25/05,12:00,15:00,45.00,33.00,,0.16,0.11,,0.60,0.43,,"Piette, M. A., D. Watson, N. Motegi, S. Kiliccote, and P. Xu. 2006. Automated Critical Peak Pricing Field Tests: Program Description and Results."
"Echelon, San Jose Headquarter",,10/25/05,15:00,18:00,84.00,60.00,,0.28,0.21,,1.11,0.80,,"Piette, M. A., D. Watson, N. Motegi, S. Kiliccote, and P. Xu. 2006. Automated Critical Peak Pricing Field Tests: Program Description and Results."
"Gilead Science, 342 Lakeside Dr.",,9/22/05,12:00,15:00,94.00,72.00,,0.33,0.25,,2.93,2.25,,"Piette, M. A., D. Watson, N. Motegi, S. Kiliccote, and P. Xu. 2006. Automated Critical Peak Pricing Field Tests: Program Description and Results."
"Gilead Science, 342 Lakeside Dr.",,9/22/05,15:00,18:00,56.00,42.00,,0.21,0.16,,1.76,1.31,,"Piette, M. A., D. Watson, N. Motegi, S. Kiliccote, and P. Xu. 2006. Automated Critical Peak Pricing Field Tests: Program Description and Results."
"Gilead Science, 342 Lakeside Dr.",,9/29/05,12:00,15:00,73.00,45.00,,0.19,0.13,,2.30,1.39,,"Piette, M. A., D. Watson, N. Motegi, S. Kiliccote, and P. Xu. 2006. Automated Critical Peak Pricing Field Tests: Program Description and Results."
"Gilead Science, 342 Lakeside Dr.",,9/29/05,15:00,18:00,75.00,55.00,,0.20,0.15,,2.36,1.72,,"Piette, M. A., D. Watson, N. Motegi, S. Kiliccote, and P. Xu. 2006. Automated Critical Peak Pricing Field Tests: Program Description and Results."
"Gilead Science, 342 Lakeside Dr.",,10/6/05,12:00,15:00,45.00,24.00,,0.16,0.09,,1.40,0.75,,"Piette, M. A., D. Watson, N. Motegi, S. Kiliccote, and P. Xu. 2006. Automated Critical Peak Pricing Field Tests: Program Description and Results."
"Gilead Science, 342 Lakeside Dr.",,10/6/05,15:00,18:00,32.00,21.00,,0.12,0.08,,0.98,0.65,,"Piette, M. A., D. Watson, N. Motegi, S. Kiliccote, and P. Xu. 2006. Automated Critical Peak Pricing Field Tests: Program Description and Results."
"Gilead Science, 342 Lakeside Dr.",,10/13/05,12:00,15:00,55.00,32.00,,0.11,0.11,,1.72,1.01,,"Piette, M. A., D. Watson, N. Motegi, S. Kiliccote, and P. Xu. 2006. Automated Critical Peak Pricing Field Tests: Program Description and Results."
"Gilead Science, 342 Lakeside Dr.",,10/13/05,15:00,18:00,55.00,34.00,,0.17,0.10,,1.73,1.06,,"Piette, M. A., D. Watson, N. Motegi, S. Kiliccote, and P. Xu. 2006. Automated Critical Peak Pricing Field Tests: Program Description and Results."
"Gilead Science, 342 Lakeside Dr.",,10/25/05,12:00,15:00,80.00,60.00,,0.30,0.22,,2.51,1.89,,"Piette, M. A., D. Watson, N. Motegi, S. Kiliccote, and P. Xu. 2006. Automated Critical Peak Pricing Field Tests: Program Description and Results."
"Gilead Science, 342 Lakeside Dr.",,10/25/05,15:00,18:00,70.00,53.00,,0.26,0.20,,2.20,1.64,,"Piette, M. A., D. Watson, N. Motegi, S. Kiliccote, and P. Xu. 2006. Automated Critical Peak Pricing Field Tests: Program Description and Results."
"Gilead Science, 357 Lakeside Dr.",,9/29/05,12:00,15:00,94.00,48.00,,0.16,0.09,,2.95,1.50,,"Piette, M. A., D. Watson, N. Motegi, S. Kiliccote, and P. Xu. 2006. Automated Critical Peak Pricing Field Tests: Program Description and Results."
"Gilead Science, 357 Lakeside Dr.",,9/29/05,15:00,18:00,150.00,62.00,,0.25,0.11,,4.68,1.95,,"Piette, M. A., D. Watson, N. Motegi, S. Kiliccote, and P. Xu. 2006. Automated Critical Peak Pricing Field Tests: Program Description and Results."
"Gilead Science, 357 Lakeside Dr.",,10/13/05,12:00,15:00,24.00,12.00,,0.07,0.04,,0.72,0.37,,"Piette, M. A., D. Watson, N. Motegi, S. Kiliccote, and P. Xu. 2006. Automated Critical Peak Pricing Field Tests: Program Description and Results."
"Gilead Science, 357 Lakeside Dr.",,10/13/05,15:00,18:00,119.00,68.00,,0.17,0.17,,3.60,2.07,,"Piette, M. A., D. Watson, N. Motegi, S. Kiliccote, and P. Xu. 2006. Automated Critical Peak Pricing Field Tests: Program Description and Results."
"Gilead Science, 357 Lakeside Dr.",,10/25/05,12:00,15:00,145.00,66.00,,0.35,0.16,,4.38,2.00,,"Piette, M. A., D. Watson, N. Motegi, S. Kiliccote, and P. Xu. 2006. Automated Critical Peak Pricing Field Tests: Program Description and Results."
"Gilead Science, 357 Lakeside Dr.",,10/25/05,15:00,18:00,-11.00,-40.00,,-0.03,-0.11,,-0.34,-1.20,,"Piette, M. A., D. Watson, N. Motegi, S. Kiliccote, and P. Xu. 2006. Automated Critical Peak Pricing Field Tests: Program Description and Results."
"IKEA, East Palo Alto Store",,10/13/05,12:00,15:00,296.00,253.00,,0.16,0.13,,0.99,0.84,,"Piette, M. A., D. Watson, N. Motegi, S. Kiliccote, and P. Xu. 2006. Automated Critical Peak Pricing Field Tests: Program Description and Results."
"IKEA, East Palo Alto Store",,10/13/05,15:00,18:00,321.00,268.00,,0.17,0.14,,1.07,0.89,,"Piette, M. A., D. Watson, N. Motegi, S. Kiliccote, and P. Xu. 2006. Automated Critical Peak Pricing Field Tests: Program Description and Results."
"IKEA, East Palo Alto Store",,10/25/05,12:00,15:00,223.00,204.00,,0.12,0.12,,0.74,0.68,,"Piette, M. A., D. Watson, N. Motegi, S. Kiliccote, and P. Xu. 2006. Automated Critical Peak Pricing Field Tests: Program Description and Results."
"IKEA, East Palo Alto Store",,10/25/05,15:00,18:00,207.00,169.00,,0.12,0.10,,0.69,0.56,,"Piette, M. A., D. Watson, N. Motegi, S. Kiliccote, and P. Xu. 2006. Automated Critical Peak Pricing Field Tests: Program Description and Results."
"Lawrence Berkeley National Laboratory, Oakland Scientific Facility",,10/25/05,,,,,,,,,,,,"Piette, M. A., D. Watson, N. Motegi, S. Kiliccote, and P. Xu. 2006. Automated Critical Peak Pricing Field Tests: Program Description and Results."
"Oracle Corporation, Rocklin",,10/25/05,,,,,,,,,,,,"Piette, M. A., D. Watson, N. Motegi, S. Kiliccote, and P. Xu. 2006. Automated Critical Peak Pricing Field Tests: Program Description and Results."
"Target, Hayward Store",,9/22/05,12:00,15:00,18.00,7.00,,0.06,0.02,,0.14,0.05,,"Piette, M. A., D. Watson, N. Motegi, S. Kiliccote, and P. Xu. 2006. Automated Critical Peak Pricing Field Tests: Program Description and Results."
"Target, Hayward Store",,9/22/05,15:00,18:00,52.00,35.00,,0.17,0.11,,0.40,0.27,,"Piette, M. A., D. Watson, N. Motegi, S. Kiliccote, and P. Xu. 2006. Automated Critical Peak Pricing Field Tests: Program Description and Results."
"Target, Hayward Store",,9/29/05,12:00,15:00,53.00,14.00,,0.15,0.04,,0.41,0.11,,"Piette, M. A., D. Watson, N. Motegi, S. Kiliccote, and P. Xu. 2006. Automated Critical Peak Pricing Field Tests: Program Description and Results."
"Target, Hayward Store",,9/29/05,15:00,18:00,44.00,33.00,,0.12,0.09,,0.34,0.25,,"Piette, M. A., D. Watson, N. Motegi, S. Kiliccote, and P. Xu. 2006. Automated Critical Peak Pricing Field Tests: Program Description and Results."
"Target, Hayward Store",,10/6/05,12:00,15:00,60.00,22.00,,0.18,0.07,,0.46,0.17,,"Piette, M. A., D. Watson, N. Motegi, S. Kiliccote, and P. Xu. 2006. Automated Critical Peak Pricing Field Tests: Program Description and Results."
"Target, Hayward Store",,10/6/05,15:00,18:00,39.00,24.00,,0.13,0.08,,0.30,0.19,,"Piette, M. A., D. Watson, N. Motegi, S. Kiliccote, and P. Xu. 2006. Automated Critical Peak Pricing Field Tests: Program Description and Results."
"Target, Hayward Store",,10/13/05,12:00,15:00,20.00,12.00,,0.07,0.04,,0.16,0.09,,"Piette, M. A., D. Watson, N. Motegi, S. Kiliccote, and P. Xu. 2006. Automated Critical Peak Pricing Field Tests: Program Description and Results."
"Target, Hayward Store",,10/13/05,15:00,18:00,64.00,55.00,,0.19,0.17,,0.49,0.43,,"Piette, M. A., D. Watson, N. Motegi, S. Kiliccote, and P. Xu. 2006. Automated Critical Peak Pricing Field Tests: Program Description and Results."
"Target, Hayward Store",,10/25/05,12:00,15:00,33.00,15.00,,0.12,0.05,,0.25,0.11,,"Piette, M. A., D. Watson, N. Motegi, S. Kiliccote, and P. Xu. 2006. Automated Critical Peak Pricing Field Tests: Program Description and Results."
"United States Postal Service, San Jose Process and Distribution Center",,10/25/05,15:00,18:00,49.00,16.00,,0.18,0.06,,0.38,0.12,,"Piette, M. A., D. Watson, N. Motegi, S. Kiliccote, and P. Xu. 2006. Automated Critical Peak Pricing Field Tests: Program Description and Results."
Alameda County Water,,6/23/06,12:00,15:00,,77.00,,,0.27,,,1.51,,"Piette, M A, D Watson, N Motegi, S Kiliccote, Mary Ann Piette, David Watson, Naoya Motegi, and Sila Kiliccote. 2007. Automated Critical Peak Pricing Field Tests: 2006 Pilot Program Description and Results."
Alameda County Water,,6/23/06,15:00,18:00,,95.00,,,0.33,,,1.85,,"Piette, M A, D Watson, N Motegi, S Kiliccote, Mary Ann Piette, David Watson, Naoya Motegi, and Sila Kiliccote. 2007. Automated Critical Peak Pricing Field Tests: 2006 Pilot Program Description and Results."
Alameda County Water,,6/23/06,12:00,18:00,,86.00,,,0.30,,,1.67,,"Piette, M A, D Watson, N Motegi, S Kiliccote, Mary Ann Piette, David Watson, Naoya Motegi, and Sila Kiliccote. 2007. Automated Critical Peak Pricing Field Tests: 2006 Pilot Program Description and Results."
Alameda County Water,,6/26/06,12:00,15:00,,78.00,,,0.28,,,1.53,,"Piette, M A, D Watson, N Motegi, S Kiliccote, Mary Ann Piette, David Watson, Naoya Motegi, and Sila Kiliccote. 2007. Automated Critical Peak Pricing Field Tests: 2006 Pilot Program Description and Results."
Alameda County Water,,6/26/06,15:00,18:00,,91.00,,,0.32,,,1.78,,"Piette, M A, D Watson, N Motegi, S Kiliccote, Mary Ann Piette, David Watson, Naoya Motegi, and Sila Kiliccote. 2007. Automated Critical Peak Pricing Field Tests: 2006 Pilot Program Description and Results."
Alameda County Water,,6/26/06,12:00,18:00,,85.00,,,0.30,,,1.66,,"Piette, M A, D Watson, N Motegi, S Kiliccote, Mary Ann Piette, David Watson, Naoya Motegi, and Sila Kiliccote. 2007. Automated Critical Peak Pricing Field Tests: 2006 Pilot Program Description and Results."
Alameda County Water,,7/17/06,12:00,15:00,,58.00,,,0.19,,,1.14,,"Piette, M A, D Watson, N Motegi, S Kiliccote, Mary Ann Piette, David Watson, Naoya Motegi, and Sila Kiliccote. 2007. Automated Critical Peak Pricing Field Tests: 2006 Pilot Program Description and Results."
Alameda County Water,,7/17/06,15:00,18:00,,95.00,,,0.28,,,1.85,,"Piette, M A, D Watson, N Motegi, S Kiliccote, Mary Ann Piette, David Watson, Naoya Motegi, and Sila Kiliccote. 2007. Automated Critical Peak Pricing Field Tests: 2006 Pilot Program Description and Results."
Alameda County Water,,7/17/06,12:00,18:00,,77.00,,,0.24,,,1.50,,"Piette, M A, D Watson, N Motegi, S Kiliccote, Mary Ann Piette, David Watson, Naoya Motegi, and Sila Kiliccote. 2007. Automated Critical Peak Pricing Field Tests: 2006 Pilot Program Description and Results."
Alameda County Water,,7/18/06,12:00,15:00,,58.00,,,0.19,,,1.12,,"Piette, M A, D Watson, N Motegi, S Kiliccote, Mary Ann Piette, David Watson, Naoya Motegi, and Sila Kiliccote. 2007. Automated Critical Peak Pricing Field Tests: 2006 Pilot Program Description and Results."
Alameda County Water,,7/18/06,15:00,18:00,,79.00,,,0.24,,,1.54,,"Piette, M A, D Watson, N Motegi, S Kiliccote, Mary Ann Piette, David Watson, Naoya Motegi, and Sila Kiliccote. 2007. Automated Critical Peak Pricing Field Tests: 2006 Pilot Program Description and Results."
Alameda County Water,,7/18/06,12:00,18:00,,68.00,,,0.22,,,1.33,,"Piette, M A, D Watson, N Motegi, S Kiliccote, Mary Ann Piette, David Watson, Naoya Motegi, and Sila Kiliccote. 2007. Automated Critical Peak Pricing Field Tests: 2006 Pilot Program Description and Results."
Alameda County Water,,7/24/06,12:00,15:00,,87.00,,,0.24,,,1.70,,"Piette, M A, D Watson, N Motegi, S Kiliccote, Mary Ann Piette, David Watson, Naoya Motegi, and Sila Kiliccote. 2007. Automated Critical Peak Pricing Field Tests: 2006 Pilot Program Description and Results."
Alameda County Water,,7/24/06,15:00,18:00,,133.00,,,0.33,,,2.60,,"Piette, M A, D Watson, N Motegi, S Kiliccote, Mary Ann Piette, David Watson, Naoya Motegi, and Sila Kiliccote. 2007. Automated Critical Peak Pricing Field Tests: 2006 Pilot Program Description and Results."
Alameda County Water,,7/24/06,12:00,18:00,,110.00,,,0.29,,,2.15,,"Piette, M A, D Watson, N Motegi, S Kiliccote, Mary Ann Piette, David Watson, Naoya Motegi, and Sila Kiliccote. 2007. Automated Critical Peak Pricing Field Tests: 2006 Pilot Program Description and Results."
Alameda County Water,,6/21/06,12:00,18:00,,83.00,,,0.26,,,1.62,,"Piette, M A, D Watson, N Motegi, S Kiliccote, Mary Ann Piette, David Watson, Naoya Motegi, and Sila Kiliccote. 2007. Automated Critical Peak Pricing Field Tests: 2006 Pilot Program Description and Results."
Alameda County Water,,6/22/06,12:00,18:00,,112.00,,,0.30,,,2.19,,"Piette, M A, D Watson, N Motegi, S Kiliccote, Mary Ann Piette, David Watson, Naoya Motegi, and Sila Kiliccote. 2007. Automated Critical Peak Pricing Field Tests: 2006 Pilot Program Description and Results."
Alameda County Water,,7/20/06,12:00,18:00,,63.00,,,0.21,,,1.23,,"Piette, M A, D Watson, N Motegi, S Kiliccote, Mary Ann Piette, David Watson, Naoya Motegi, and Sila Kiliccote. 2007. Automated Critical Peak Pricing Field Tests: 2006 Pilot Program Description and Results."
Alameda County Water,,7/21/06,12:00,18:00,,74.00,,,0.23,,,1.45,,"Piette, M A, D Watson, N Motegi, S Kiliccote, Mary Ann Piette, David Watson, Naoya Motegi, and Sila Kiliccote. 2007. Automated Critical Peak Pricing Field Tests: 2006 Pilot Program Description and Results."
Alameda County Water,,7/25/06,12:00,18:00,,93.00,,,0.27,,,1.82,,"Piette, M A, D Watson, N Motegi, S Kiliccote, Mary Ann Piette, David Watson, Naoya Motegi, and Sila Kiliccote. 2007. Automated Critical Peak Pricing Field Tests: 2006 Pilot Program Description and Results."
Alameda County Water,,7/26/06,12:00,18:00,,101.00,,,0.33,,,1.97,,"Piette, M A, D Watson, N Motegi, S Kiliccote, Mary Ann Piette, David Watson, Naoya Motegi, and Sila Kiliccote. 2007. Automated Critical Peak Pricing Field Tests: 2006 Pilot Program Description and Results."
"Bank of America, Conco",,6/23/06,12:00,15:00,,337.00,,,0.07,,,0.38,,"Piette, M A, D Watson, N Motegi, S Kiliccote, Mary Ann Piette, David Watson, Naoya Motegi, and Sila Kiliccote. 2007. Automated Critical Peak Pricing Field Tests: 2006 Pilot Program Description and Results."
"Bank of America, Conco",,6/23/06,15:00,18:00,,388.00,,,0.12,,,0.59,,"Piette, M A, D Watson, N Motegi, S Kiliccote, Mary Ann Piette, David Watson, Naoya Motegi, and Sila Kiliccote. 2007. Automated Critical Peak Pricing Field Tests: 2006 Pilot Program Description and Results."
"Bank of America, Conco",,6/23/06,12:00,18:00,,363.00,,,0.07,,,0.55,,"Piette, M A, D Watson, N Motegi, S Kiliccote, Mary Ann Piette, David Watson, Naoya Motegi, and Sila Kiliccote. 2007. Automated Critical Peak Pricing Field Tests: 2006 Pilot Program Description and Results."
"Bank of America, Conco",,7/18/06,12:00,15:00,,849.00,,,0.05,,,0.45,,"Piette, M A, D Watson, N Motegi, S Kiliccote, Mary Ann Piette, David Watson, Naoya Motegi, and Sila Kiliccote. 2007. Automated Critical Peak Pricing Field Tests: 2006 Pilot Program Description and Results."
"Bank of America, Conco",,7/18/06,15:00,18:00,,961.00,,,0.04,,,0.50,,"Piette, M A, D Watson, N Motegi, S Kiliccote, Mary Ann Piette, David Watson, Naoya Motegi, and Sila Kiliccote. 2007. Automated Critical Peak Pricing Field Tests: 2006 Pilot Program Description and Results."
"Bank of America, Conco",,7/18/06,12:00,18:00,,214.00,,,0.04,,,0.11,,"Piette, M A, D Watson, N Motegi, S Kiliccote, Mary Ann Piette, David Watson, Naoya Motegi, and Sila Kiliccote. 2007. Automated Critical Peak Pricing Field Tests: 2006 Pilot Program Description and Results."
"Bank of America, Conco",,6/26/06,12:00,15:00,,478.00,,,0.09,,,0.67,,"Piette, M A, D Watson, N Motegi, S Kiliccote, Mary Ann Piette, David Watson, Naoya Motegi, and Sila Kiliccote. 2007. Automated Critical Peak Pricing Field Tests: 2006 Pilot Program Description and Results."
"Bank of America, Conco",,6/26/06,15:00,18:00,,604.00,,,0.12,,,0.85,,"Piette, M A, D Watson, N Motegi, S Kiliccote, Mary Ann Piette, David Watson, Naoya Motegi, and Sila Kiliccote. 2007. Automated Critical Peak Pricing Field Tests: 2006 Pilot Program Description and Results."
"Bank of America, Conco",,6/26/06,12:00,18:00,,541.00,,,0.10,,,0.76,,"Piette, M A, D Watson, N Motegi, S Kiliccote, Mary Ann Piette, David Watson, Naoya Motegi, and Sila Kiliccote. 2007. Automated Critical Peak Pricing Field Tests: 2006 Pilot Program Description and Results."
"Bank of America, Conco",,6/21/06,12:00,18:00,,310.00,,,0.06,,,0.44,,"Piette, M A, D Watson, N Motegi, S Kiliccote, Mary Ann Piette, David Watson, Naoya Motegi, and Sila Kiliccote. 2007. Automated Critical Peak Pricing Field Tests: 2006 Pilot Program Description and Results."
"Bank of America, Conco",,6/22/06,12:00,18:00,,152.00,,,0.03,,,0.21,,"Piette, M A, D Watson, N Motegi, S Kiliccote, Mary Ann Piette, David Watson, Naoya Motegi, and Sila Kiliccote. 2007. Automated Critical Peak Pricing Field Tests: 2006 Pilot Program Description and Results."
"Bank of America, Conco",,7/20/06,12:00,18:00,,259.00,,,0.05,,,0.36,,"Piette, M A, D Watson, N Motegi, S Kiliccote, Mary Ann Piette, David Watson, Naoya Motegi, and Sila Kiliccote. 2007. Automated Critical Peak Pricing Field Tests: 2006 Pilot Program Description and Results."
"Bank of America, Conco",,7/25/06,12:00,18:00,,264.00,,,0.05,,,0.37,,"Piette, M A, D Watson, N Motegi, S Kiliccote, Mary Ann Piette, David Watson, Naoya Motegi, and Sila Kiliccote. 2007. Automated Critical Peak Pricing Field Tests: 2006 Pilot Program Description and Results."
"Bank of America, Conco",,7/26/06,12:00,18:00,,251.00,,,0.05,,,0.35,,"Piette, M A, D Watson, N Motegi, S Kiliccote, Mary Ann Piette, David Watson, Naoya Motegi, and Sila Kiliccote. 2007. Automated Critical Peak Pricing Field Tests: 2006 Pilot Program Description and Results."
Chabot Space and Scienc,,6/23/06,12:00,15:00,,-36.00,,,-0.17,,,-0.42,,"Piette, M A, D Watson, N Motegi, S Kiliccote, Mary Ann Piette, David Watson, Naoya Motegi, and Sila Kiliccote. 2007. Automated Critical Peak Pricing Field Tests: 2006 Pilot Program Description and Results."
Chabot Space and Scienc,,6/23/06,15:00,18:00,,-43.00,,,-0.22,,,-0.50,,"Piette, M A, D Watson, N Motegi, S Kiliccote, Mary Ann Piette, David Watson, Naoya Motegi, and Sila Kiliccote. 2007. Automated Critical Peak Pricing Field Tests: 2006 Pilot Program Description and Results."
Chabot Space and Scienc,,6/23/06,12:00,18:00,,-39.00,,,-0.19,,,-0.45,,"Piette, M A, D Watson, N Motegi, S Kiliccote, Mary Ann Piette, David Watson, Naoya Motegi, and Sila Kiliccote. 2007. Automated Critical Peak Pricing Field Tests: 2006 Pilot Program Description and Results."
Chabot Space and Scienc,,6/21/06,12:00,18:00,,37.00,,,0.14,,,0.43,,"Piette, M A, D Watson, N Motegi, S Kiliccote, Mary Ann Piette, David Watson, Naoya Motegi, and Sila Kiliccote. 2007. Automated Critical Peak Pricing Field Tests: 2006 Pilot Program Description and Results."
Chabot Space and Scienc,,6/22/06,12:00,18:00,,29.00,,,0.11,,,0.34,,"Piette, M A, D Watson, N Motegi, S Kiliccote, Mary Ann Piette, David Watson, Naoya Motegi, and Sila Kiliccote. 2007. Automated Critical Peak Pricing Field Tests: 2006 Pilot Program Description and Results."
Chabot Space and Scienc,,7/20/06,12:00,18:00,,6.00,,,0.03,,,0.07,,"Piette, M A, D Watson, N Motegi, S Kiliccote, Mary Ann Piette, David Watson, Naoya Motegi, and Sila Kiliccote. 2007. Automated Critical Peak Pricing Field Tests: 2006 Pilot Program Description and Results."
Chabot Space and Scienc,,7/21/06,12:00,18:00,,-30.00,,,-0.11,,,-0.35,,"Piette, M A, D Watson, N Motegi, S Kiliccote, Mary Ann Piette, David Watson, Naoya Motegi, and Sila Kiliccote. 2007. Automated Critical Peak Pricing Field Tests: 2006 Pilot Program Description and Results."
Chabot Space and Scienc,,7/26/06,12:00,18:00,,-43.00,,,-0.21,,,-0.50,,"Piette, M A, D Watson, N Motegi, S Kiliccote, Mary Ann Piette, David Watson, Naoya Motegi, and Sila Kiliccote. 2007. Automated Critical Peak Pricing Field Tests: 2006 Pilot Program Description and Results."
"Contra Costa County, 2530 Arnold",,6/23/06,12:00,15:00,,78.00,,,0.17,,,0.59,,"Piette, M A, D Watson, N Motegi, S Kiliccote, Mary Ann Piette, David Watson, Naoya Motegi, and Sila Kiliccote. 2007. Automated Critical Peak Pricing Field Tests: 2006 Pilot Program Description and Results."
"Contra Costa County, 2530 Arnold",,6/23/06,15:00,18:00,,113.00,,,0.25,,,0.86,,"Piette, M A, D Watson, N Motegi, S Kiliccote, Mary Ann Piette, David Watson, Naoya Motegi, and Sila Kiliccote. 2007. Automated Critical Peak Pricing Field Tests: 2006 Pilot Program Description and Results."
"Contra Costa County, 2530 Arnold",,6/23/06,12:00,18:00,,95.00,,,0.21,,,0.72,,"Piette, M A, D Watson, N Motegi, S Kiliccote, Mary Ann Piette, David Watson, Naoya Motegi, and Sila Kiliccote. 2007. Automated Critical Peak Pricing Field Tests: 2006 Pilot Program Description and Results."
"Contra Costa County, 2530 Arnold",,6/26/06,12:00,15:00,,102.00,,,0.20,,,0.78,,"Piette, M A, D Watson, N Motegi, S Kiliccote, Mary Ann Piette, David Watson, Naoya Motegi, and Sila Kiliccote. 2007. Automated Critical Peak Pricing Field Tests: 2006 Pilot Program Description and Results."
"Contra Costa County, 2530 Arnold",,6/26/06,15:00,18:00,,140.00,,,0.29,,,1.07,,"Piette, M A, D Watson, N Motegi, S Kiliccote, Mary Ann Piette, David Watson, Naoya Motegi, and Sila Kiliccote. 2007. Automated Critical Peak Pricing Field Tests: 2006 Pilot Program Description and Results."
"Contra Costa County, 2530 Arnold",,6/26/06,12:00,18:00,,121.00,,,0.24,,,0.92,,"Piette, M A, D Watson, N Motegi, S Kiliccote, Mary Ann Piette, David Watson, Naoya Motegi, and Sila Kiliccote. 2007. Automated Critical Peak Pricing Field Tests: 2006 Pilot Program Description and Results."
"Contra Costa County, 2530 Arnold",,7/17/06,12:00,15:00,,48.00,,,0.09,,,0.37,,"Piette, M A, D Watson, N Motegi, S Kiliccote, Mary Ann Piette, David Watson, Naoya Motegi, and Sila Kiliccote. 2007. Automated Critical Peak Pricing Field Tests: 2006 Pilot Program Description and Results."
"Contra Costa County, 2530 Arnold",,7/17/06,15:00,18:00,,105.00,,,0.20,,,0.80,,"Piette, M A, D Watson, N Motegi, S Kiliccote, Mary Ann Piette, David Watson, Naoya Motegi, and Sila Kiliccote. 2007. Automated Critical Peak Pricing Field Tests: 2006 Pilot Program Description and Results."
"Contra Costa County, 2530 Arnold",,7/17/06,12:00,18:00,,76.00,,,0.14,,,0.58,,"Piette, M A, D Watson, N Motegi, S Kiliccote, Mary Ann Piette, David Watson, Naoya Motegi, and Sila Kiliccote. 2007. Automated Critical Peak Pricing Field Tests: 2006 Pilot Program Description and Results."
"Contra Costa County, 2530 Arnold",,7/18/06,12:00,15:00,,62.00,,,0.13,,,0.47,,"Piette, M A, D Watson, N Motegi, S Kiliccote, Mary Ann Piette, David Watson, Naoya Motegi, and Sila Kiliccote. 2007. Automated Critical Peak Pricing Field Tests: 2006 Pilot Program Description and Results."
"Contra Costa County, 2530 Arnold",,7/18/06,15:00,18:00,,101.00,,,0.22,,,0.77,,"Piette, M A, D Watson, N Motegi, S Kiliccote, Mary Ann Piette, David Watson, Naoya Motegi, and Sila Kiliccote. 2007. Automated Critical Peak Pricing Field Tests: 2006 Pilot Program Description and Results."
"Contra Costa County, 2530 Arnold",,7/18/06,12:00,18:00,,81.00,,,0.17,,,0.62,,"Piette, M A, D Watson, N Motegi, S Kiliccote, Mary Ann Piette, David Watson, Naoya Motegi, and Sila Kiliccote. 2007. Automated Critical Peak Pricing Field Tests: 2006 Pilot Program Description and Results."
"Contra Costa County, 2530 Arnold",,7/24/06,12:00,15:00,,56.00,,,0.10,,,0.43,,"Piette, M A, D Watson, N Motegi, S Kiliccote, Mary Ann Piette, David Watson, Naoya Motegi, and Sila Kiliccote. 2007. Automated Critical Peak Pricing Field Tests: 2006 Pilot Program Description and Results."
"Contra Costa County, 2530 Arnold",,7/24/06,15:00,18:00,,99.00,,,0.18,,,0.76,,"Piette, M A, D Watson, N Motegi, S Kiliccote, Mary Ann Piette, David Watson, Naoya Motegi, and Sila Kiliccote. 2007. Automated Critical Peak Pricing Field Tests: 2006 Pilot Program Description and Results."
"Contra Costa County, 2530 Arnold",,7/24/06,12:00,18:00,,78.00,,,0.14,,,0.60,,"Piette, M A, D Watson, N Motegi, S Kiliccote, Mary Ann Piette, David Watson, Naoya Motegi, and Sila Kiliccote. 2007. Automated Critical Peak Pricing Field Tests: 2006 Pilot Program Description and Results."
"Contra Costa County, 2530 Arnold",,6/21/06,12:00,18:00,,100.00,,,0.21,,,0.77,,"Piette, M A, D Watson, N Motegi, S Kiliccote, Mary Ann Piette, David Watson, Naoya Motegi, and Sila Kiliccote. 2007. Automated Critical Peak Pricing Field Tests: 2006 Pilot Program Description and Results."
"Contra Costa County, 2530 Arnold",,6/22/06,12:00,18:00,,83.00,,,0.17,,,0.64,,"Piette, M A, D Watson, N Motegi, S Kiliccote, Mary Ann Piette, David Watson, Naoya Motegi, and Sila Kiliccote. 2007. Automated Critical Peak Pricing Field Tests: 2006 Pilot Program Description and Results."
"Contra Costa County, 2530 Arnold",,7/20/06,12:00,18:00,,74.00,,,0.16,,,0.57,,"Piette, M A, D Watson, N Motegi, S Kiliccote, Mary Ann Piette, David Watson, Naoya Motegi, and Sila Kiliccote. 2007. Automated Critical Peak Pricing Field Tests: 2006 Pilot Program Description and Results."
"Contra Costa County, 2530 Arnold",,7/21/06,12:00,18:00,,71.00,,,0.15,,,0.55,,"Piette, M A, D Watson, N Motegi, S Kiliccote, Mary Ann Piette, David Watson, Naoya Motegi, and Sila Kiliccote. 2007. Automated Critical Peak Pricing Field Tests: 2006 Pilot Program Description and Results."
"Contra Costa County, 2530 Arnold",,7/25/06,12:00,18:00,,80.00,,,0.15,,,0.61,,"Piette, M A, D Watson, N Motegi, S Kiliccote, Mary Ann Piette, David Watson, Naoya Motegi, and Sila Kiliccote. 2007. Automated Critical Peak Pricing Field Tests: 2006 Pilot Program Description and Results."
"Contra Costa County, 2530 Arnold",,7/26/06,12:00,18:00,,76.00,,,0.17,,,0.58,,"Piette, M A, D Watson, N Motegi, S Kiliccote, Mary Ann Piette, David Watson, Naoya Motegi, and Sila Kiliccote. 2007. Automated Critical Peak Pricing Field Tests: 2006 Pilot Program Description and Results."
"Contra Costa County, 50 Douglas",,6/23/06,12:00,15:00,,59.00,,,0.14,,,0.66,,"Piette, M A, D Watson, N Motegi, S Kiliccote, Mary Ann Piette, David Watson, Naoya Motegi, and Sila Kiliccote. 2007. Automated Critical Peak Pricing Field Tests: 2006 Pilot Program Description and Results."
"Contra Costa County, 50 Douglas",,6/23/06,15:00,18:00,,92.00,,,0.23,,,1.02,,"Piette, M A, D Watson, N Motegi, S Kiliccote, Mary Ann Piette, David Watson, Naoya Motegi, and Sila Kiliccote. 2007. Automated Critical Peak Pricing Field Tests: 2006 Pilot Program Description and Results."
"Contra Costa County, 50 Douglas",,6/23/06,12:00,18:00,,48.00,,,0.11,,,0.53,,"Piette, M A, D Watson, N Motegi, S Kiliccote, Mary Ann Piette, David Watson, Naoya Motegi, and Sila Kiliccote. 2007. Automated Critical Peak Pricing Field Tests: 2006 Pilot Program Description and Results."
"Contra Costa County, 50 Douglas",,6/26/06,12:00,15:00,,57.00,,,0.13,,,0.63,,"Piette, M A, D Watson, N Motegi, S Kiliccote, Mary Ann Piette, David Watson, Naoya Motegi, and Sila Kiliccote. 2007. Automated Critical Peak Pricing Field Tests: 2006 Pilot Program Description and Results."
"Contra Costa County, 50 Douglas",,6/26/06,15:00,18:00,,94.00,,,0.22,,,1.04,,"Piette, M A, D Watson, N Motegi, S Kiliccote, Mary Ann Piette, David Watson, Naoya Motegi, and Sila Kiliccote. 2007. Automated Critical Peak Pricing Field Tests: 2006 Pilot Program Description and Results."
"Contra Costa County, 50 Douglas",,6/26/06,12:00,18:00,,75.00,,,0.17,,,0.83,,"Piette, M A, D Watson, N Motegi, S Kiliccote, Mary Ann Piette, David Watson, Naoya Motegi, and Sila Kiliccote. 2007. Automated Critical Peak Pricing Field Tests: 2006 Pilot Program Description and Results."
"Contra Costa County, 50 Douglas",,7/17/06,12:00,15:00,,22.00,,,0.05,,,0.25,,"Piette, M A, D Watson, N Motegi, S Kiliccote, Mary Ann Piette, David Watson, Naoya Motegi, and Sila Kiliccote. 2007. Automated Critical Peak Pricing Field Tests: 2006 Pilot Program Description and Results."
"Contra Costa County, 50 Douglas",,7/17/06,15:00,18:00,,51.00,,,0.10,,,0.56,,"Piette, M A, D Watson, N Motegi, S Kiliccote, Mary Ann Piette, David Watson, Naoya Motegi, and Sila Kiliccote. 2007. Automated Critical Peak Pricing Field Tests: 2006 Pilot Program Description and Results."
"Contra Costa County, 50 Douglas",,7/17/06,12:00,18:00,,36.00,,,0.08,,,0.40,,"Piette, M A, D Watson, N Motegi, S Kiliccote, Mary Ann Piette, David Watson, Naoya Motegi, and Sila Kiliccote. 2007. Automated Critical Peak Pricing Field Tests: 2006 Pilot Program Description and Results."
"Contra Costa County, 50 Douglas",,7/18/06,12:00,15:00,,29.00,,,0.06,,,0.32,,"Piette, M A, D Watson, N Motegi, S Kiliccote, Mary Ann Piette, David Watson, Naoya Motegi, and Sila Kiliccote. 2007. Automated Critical Peak Pricing Field Tests: 2006 Pilot Program Description and Results."
"Contra Costa County, 50 Douglas",,7/18/06,15:00,18:00,,49.00,,,0.11,,,0.54,,"Piette, M A, D Watson, N Motegi, S Kiliccote, Mary Ann Piette, David Watson, Naoya Motegi, and Sila Kiliccote. 2007. Automated Critical Peak Pricing Field Tests: 2006 Pilot Program Description and Results."
"Contra Costa County, 50 Douglas",,7/18/06,12:00,18:00,,39.00,,,0.09,,,0.43,,"Piette, M A, D Watson, N Motegi, S Kiliccote, Mary Ann Piette, David Watson, Naoya Motegi, and Sila Kiliccote. 2007. Automated Critical Peak Pricing Field Tests: 2006 Pilot Program Description and Results."
"Contra Costa County, 50 Douglas",,7/24/06,12:00,15:00,,16.00,,,0.03,,,0.18,,"Piette, M A, D Watson, N Motegi, S Kiliccote, Mary Ann Piette, David Watson, Naoya Motegi, and Sila Kiliccote. 2007. Automated Critical Peak Pricing Field Tests: 2006 Pilot Program Description and Results."
"Contra Costa County, 50 Douglas",,7/24/06,15:00,18:00,,57.00,,,0.11,,,0.64,,"Piette, M A, D Watson, N Motegi, S Kiliccote, Mary Ann Piette, David Watson, Naoya Motegi, and Sila Kiliccote. 2007. Automated Critical Peak Pricing Field Tests: 2006 Pilot Program Description and Results."
"Contra Costa County, 50 Douglas",,7/24/06,12:00,18:00,,37.00,,,0.07,,,0.42,,"Piette, M A, D Watson, N Motegi, S Kiliccote, Mary Ann Piette, David Watson, Naoya Motegi, and Sila Kiliccote. 2007. Automated Critical Peak Pricing Field Tests: 2006 Pilot Program Description and Results."
"Contra Costa County, 50 Douglas",,6/21/06,12:00,18:00,,37.00,,,0.09,,,0.42,,"Piette, M A, D Watson, N Motegi, S Kiliccote, Mary Ann Piette, David Watson, Naoya Motegi, and Sila Kiliccote. 2007. Automated Critical Peak Pricing Field Tests: 2006 Pilot Program Description and Results."
"Contra Costa County, 50 Douglas",,6/22/06,12:00,18:00,,48.00,,,0.11,,,0.54,,"Piette, M A, D Watson, N Motegi, S Kiliccote, Mary Ann Piette, David Watson, Naoya Motegi, and Sila Kiliccote. 2007. Automated Critical Peak Pricing Field Tests: 2006 Pilot Program Description and Results."
"Contra Costa County, 50 Douglas",,7/20/06,12:00,18:00,,41.00,,,0.10,,,0.46,,"Piette, M A, D Watson, N Motegi, S Kiliccote, Mary Ann Piette, David Watson, Naoya Motegi, and Sila Kiliccote. 2007. Automated Critical Peak Pricing Field Tests: 2006 Pilot Program Description and Results."
"Contra Costa County, 50 Douglas",,7/21/06,12:00,18:00,,69.00,,,0.15,,,0.77,,"Piette, M A, D Watson, N Motegi, S Kiliccote, Mary Ann Piette, David Watson, Naoya Motegi, and Sila Kiliccote. 2007. Automated Critical Peak Pricing Field Tests: 2006 Pilot Program Description and Results."
"Contra Costa County, 50 Douglas",,7/25/06,12:00,18:00,,78.00,,,0.15,,,0.88,,"Piette, M A, D Watson, N Motegi, S Kiliccote, Mary Ann Piette, David Watson, Naoya Motegi, and Sila Kiliccote. 2007. Automated Critical Peak Pricing Field Tests: 2006 Pilot Program Description and Results."
"Contra Costa County, 50 Douglas",,7/26/06,12:00,18:00,,35.00,,,0.08,,,0.39,,"Piette, M A, D Watson, N Motegi, S Kiliccote, Mary Ann Piette, David Watson, Naoya Motegi, and Sila Kiliccote. 2007. Automated Critical Peak Pricing Field Tests: 2006 Pilot Program Description and Results."
MDF,,6/23/06,12:00,15:00,,-75.00,,,-0.17,,,-0.44,,"Piette, M A, D Watson, N Motegi, S Kiliccote, Mary Ann Piette, David Watson, Naoya Motegi, and Sila Kiliccote. 2007. Automated Critical Peak Pricing Field Tests: 2006 Pilot Program Description and Results."
MDF,,6/23/06,15:00,18:00,,1.00,,,0.00,,,0.01,,"Piette, M A, D Watson, N Motegi, S Kiliccote, Mary Ann Piette, David Watson, Naoya Motegi, and Sila Kiliccote. 2007. Automated Critical Peak Pricing Field Tests: 2006 Pilot Program Description and Results."
MDF,,6/23/06,12:00,18:00,,-37.00,,,-0.08,,,-0.37,,"Piette, M A, D Watson, N Motegi, S Kiliccote, Mary Ann Piette, David Watson, Naoya Motegi, and Sila Kiliccote. 2007. Automated Critical Peak Pricing Field Tests: 2006 Pilot Program Description and Results."
MDF,,6/26/06,12:00,15:00,,90.00,,,0.17,,,0.52,,"Piette, M A, D Watson, N Motegi, S Kiliccote, Mary Ann Piette, David Watson, Naoya Motegi, and Sila Kiliccote. 2007. Automated Critical Peak Pricing Field Tests: 2006 Pilot Program Description and Results."
MDF,,6/26/06,15:00,18:00,,155.00,,,0.30,,,0.90,,"Piette, M A, D Watson, N Motegi, S Kiliccote, Mary Ann Piette, David Watson, Naoya Motegi, and Sila Kiliccote. 2007. Automated Critical Peak Pricing Field Tests: 2006 Pilot Program Description and Results."
MDF,,6/26/06,12:00,18:00,,122.00,,,0.24,,,0.71,,"Piette, M A, D Watson, N Motegi, S Kiliccote, Mary Ann Piette, David Watson, Naoya Motegi, and Sila Kiliccote. 2007. Automated Critical Peak Pricing Field Tests: 2006 Pilot Program Description and Results."
MDF,,7/17/06,12:00,15:00,,86.00,,,0.16,,,0.50,,"Piette, M A, D Watson, N Motegi, S Kiliccote, Mary Ann Piette, David Watson, Naoya Motegi, and Sila Kiliccote. 2007. Automated Critical Peak Pricing Field Tests: 2006 Pilot Program Description and Results."
MDF,,7/17/06,15:00,18:00,,186.00,,,0.33,,,1.08,,"Piette, M A, D Watson, N Motegi, S Kiliccote, Mary Ann Piette, David Watson, Naoya Motegi, and Sila Kiliccote. 2007. Automated Critical Peak Pricing Field Tests: 2006 Pilot Program Description and Results."
MDF,,7/17/06,12:00,18:00,,136.00,,,0.25,,,0.79,,"Piette, M A, D Watson, N Motegi, S Kiliccote, Mary Ann Piette, David Watson, Naoya Motegi, and Sila Kiliccote. 2007. Automated Critical Peak Pricing Field Tests: 2006 Pilot Program Description and Results."
MDF,,7/18/06,12:00,15:00,,69.00,,,0.12,,,0.40,,"Piette, M A, D Watson, N Motegi, S Kiliccote, Mary Ann Piette, David Watson, Naoya Motegi, and Sila Kiliccote. 2007. Automated Critical Peak Pricing Field Tests: 2006 Pilot Program Description and Results."
MDF,,7/18/06,15:00,18:00,,149.00,,,0.27,,,0.87,,"Piette, M A, D Watson, N Motegi, S Kiliccote, Mary Ann Piette, David Watson, Naoya Motegi, and Sila Kiliccote. 2007. Automated Critical Peak Pricing Field Tests: 2006 Pilot Program Description and Results."
MDF,,7/18/06,12:00,18:00,,109.00,,,0.20,,,0.64,,"Piette, M A, D Watson, N Motegi, S Kiliccote, Mary Ann Piette, David Watson, Naoya Motegi, and Sila Kiliccote. 2007. Automated Critical Peak Pricing Field Tests: 2006 Pilot Program Description and Results."
MDF,,7/24/06,12:00,15:00,,72.00,,,0.11,,,0.42,,"Piette, M A, D Watson, N Motegi, S Kiliccote, Mary Ann Piette, David Watson, Naoya Motegi, and Sila Kiliccote. 2007. Automated Critical Peak Pricing Field Tests: 2006 Pilot Program Description and Results."
MDF,,7/24/06,15:00,18:00,,127.00,,,0.18,,,0.73,,"Piette, M A, D Watson, N Motegi, S Kiliccote, Mary Ann Piette, David Watson, Naoya Motegi, and Sila Kiliccote. 2007. Automated Critical Peak Pricing Field Tests: 2006 Pilot Program Description and Results."
MDF,,7/24/06,12:00,18:00,,99.00,,,0.15,,,0.57,,"Piette, M A, D Watson, N Motegi, S Kiliccote, Mary Ann Piette, David Watson, Naoya Motegi, and Sila Kiliccote. 2007. Automated Critical Peak Pricing Field Tests: 2006 Pilot Program Description and Results."
MDF,,6/21/06,12:00,18:00,,75.00,,,0.18,,,0.43,,"Piette, M A, D Watson, N Motegi, S Kiliccote, Mary Ann Piette, David Watson, Naoya Motegi, and Sila Kiliccote. 2007. Automated Critical Peak Pricing Field Tests: 2006 Pilot Program Description and Results."
MDF,,6/22/06,12:00,18:00,,69.00,,,0.16,,,0.40,,"Piette, M A, D Watson, N Motegi, S Kiliccote, Mary Ann Piette, David Watson, Naoya Motegi, and Sila Kiliccote. 2007. Automated Critical Peak Pricing Field Tests: 2006 Pilot Program Description and Results."
MDF,,7/20/06,12:00,18:00,,56.00,,,0.13,,,0.32,,"Piette, M A, D Watson, N Motegi, S Kiliccote, Mary Ann Piette, David Watson, Naoya Motegi, and Sila Kiliccote. 2007. Automated Critical Peak Pricing Field Tests: 2006 Pilot Program Description and Results."
MDF,,7/21/06,12:00,18:00,,67.00,,,0.15,,,0.39,,"Piette, M A, D Watson, N Motegi, S Kiliccote, Mary Ann Piette, David Watson, Naoya Motegi, and Sila Kiliccote. 2007. Automated Critical Peak Pricing Field Tests: 2006 Pilot Program Description and Results."
MDF,,7/25/06,12:00,18:00,,93.00,,,0.19,,,0.53,,"Piette, M A, D Watson, N Motegi, S Kiliccote, Mary Ann Piette, David Watson, Naoya Motegi, and Sila Kiliccote. 2007. Automated Critical Peak Pricing Field Tests: 2006 Pilot Program Description and Results."
MDF,,7/26/06,12:00,18:00,,66.00,,,0.16,,,0.38,,"Piette, M A, D Watson, N Motegi, S Kiliccote, Mary Ann Piette, David Watson, Naoya Motegi, and Sila Kiliccote. 2007. Automated Critical Peak Pricing Field Tests: 2006 Pilot Program Description and Results."
Echelon,,6/23/06,12:00,15:00,,29.00,,,0.07,,,0.38,,"Piette, M A, D Watson, N Motegi, S Kiliccote, Mary Ann Piette, David Watson, Naoya Motegi, and Sila Kiliccote. 2007. Automated Critical Peak Pricing Field Tests: 2006 Pilot Program Description and Results."
Echelon,,6/23/06,15:00,18:00,,118.00,,,0.31,,,1.57,,"Piette, M A, D Watson, N Motegi, S Kiliccote, Mary Ann Piette, David Watson, Naoya Motegi, and Sila Kiliccote. 2007. Automated Critical Peak Pricing Field Tests: 2006 Pilot Program Description and Results."
Echelon,,6/23/06,12:00,18:00,,73.00,,,0.19,,,0.97,,"Piette, M A, D Watson, N Motegi, S Kiliccote, Mary Ann Piette, David Watson, Naoya Motegi, and Sila Kiliccote. 2007. Automated Critical Peak Pricing Field Tests: 2006 Pilot Program Description and Results."
Echelon,,6/26/06,12:00,15:00,,-2.00,,,0.00,,,-0.02,,"Piette, M A, D Watson, N Motegi, S Kiliccote, Mary Ann Piette, David Watson, Naoya Motegi, and Sila Kiliccote. 2007. Automated Critical Peak Pricing Field Tests: 2006 Pilot Program Description and Results."
Echelon,,6/26/06,15:00,18:00,,80.00,,,0.22,,,1.07,,"Piette, M A, D Watson, N Motegi, S Kiliccote, Mary Ann Piette, David Watson, Naoya Motegi, and Sila Kiliccote. 2007. Automated Critical Peak Pricing Field Tests: 2006 Pilot Program Description and Results."
Echelon,,6/26/06,12:00,18:00,,39.00,,,0.11,,,0.52,,"Piette, M A, D Watson, N Motegi, S Kiliccote, Mary Ann Piette, David Watson, Naoya Motegi, and Sila Kiliccote. 2007. Automated Critical Peak Pricing Field Tests: 2006 Pilot Program Description and Results."
Echelon,,7/17/06,12:00,15:00,,81.00,,,0.17,,,1.08,,"Piette, M A, D Watson, N Motegi, S Kiliccote, Mary Ann Piette, David Watson, Naoya Motegi, and Sila Kiliccote. 2007. Automated Critical Peak Pricing Field Tests: 2006 Pilot Program Description and Results."
Echelon,,7/17/06,15:00,18:00,,124.00,,,0.26,,,1.65,,"Piette, M A, D Watson, N Motegi, S Kiliccote, Mary Ann Piette, David Watson, Naoya Motegi, and Sila Kiliccote. 2007. Automated Critical Peak Pricing Field Tests: 2006 Pilot Program Description and Results."
Echelon,,7/17/06,12:00,18:00,,102.00,,,0.21,,,1.36,,"Piette, M A, D Watson, N Motegi, S Kiliccote, Mary Ann Piette, David Watson, Naoya Motegi, and Sila Kiliccote. 2007. Automated Critical Peak Pricing Field Tests: 2006 Pilot Program Description and Results."
Echelon,,7/18/06,12:00,15:00,,47.00,,,0.11,,,0.62,,"Piette, M A, D Watson, N Motegi, S Kiliccote, Mary Ann Piette, David Watson, Naoya Motegi, and Sila Kiliccote. 2007. Automated Critical Peak Pricing Field Tests: 2006 Pilot Program Description and Results."
Echelon,,7/18/06,15:00,18:00,,72.00,,,0.16,,,0.97,,"Piette, M A, D Watson, N Motegi, S Kiliccote, Mary Ann Piette, David Watson, Naoya Motegi, and Sila Kiliccote. 2007. Automated Critical Peak Pricing Field Tests: 2006 Pilot Program Description and Results."
Echelon,,7/18/06,12:00,18:00,,59.00,,,0.14,,,0.79,,"Piette, M A, D Watson, N Motegi, S Kiliccote, Mary Ann Piette, David Watson, Naoya Motegi, and Sila Kiliccote. 2007. Automated Critical Peak Pricing Field Tests: 2006 Pilot Program Description and Results."
Echelon,,7/24/06,12:00,15:00,,51.00,,,0.10,,,0.68,,"Piette, M A, D Watson, N Motegi, S Kiliccote, Mary Ann Piette, David Watson, Naoya Motegi, and Sila Kiliccote. 2007. Automated Critical Peak Pricing Field Tests: 2006 Pilot Program Description and Results."
Echelon,,7/24/06,15:00,18:00,,84.00,,,0.16,,,1.12,,"Piette, M A, D Watson, N Motegi, S Kiliccote, Mary Ann Piette, David Watson, Naoya Motegi, and Sila Kiliccote. 2007. Automated Critical Peak Pricing Field Tests: 2006 Pilot Program Description and Results."
Echelon,,7/24/06,12:00,18:00,,68.00,,,0.13,,,0.91,,"Piette, M A, D Watson, N Motegi, S Kiliccote, Mary Ann Piette, David Watson, Naoya Motegi, and Sila Kiliccote. 2007. Automated Critical Peak Pricing Field Tests: 2006 Pilot Program Description and Results."
Echelon,,6/21/06,12:00,18:00,,75.00,,,0.18,,,1.00,,"Piette, M A, D Watson, N Motegi, S Kiliccote, Mary Ann Piette, David Watson, Naoya Motegi, and Sila Kiliccote. 2007. Automated Critical Peak Pricing Field Tests: 2006 Pilot Program Description and Results."
Echelon,,6/22/06,12:00,18:00,,69.00,,,0.16,,,0.92,,"Piette, M A, D Watson, N Motegi, S Kiliccote, Mary Ann Piette, David Watson, Naoya Motegi, and Sila Kiliccote. 2007. Automated Critical Peak Pricing Field Tests: 2006 Pilot Program Description and Results."
Echelon,,7/20/06,12:00,18:00,,56.00,,,0.13,,,0.75,,"Piette, M A, D Watson, N Motegi, S Kiliccote, Mary Ann Piette, David Watson, Naoya Motegi, and Sila Kiliccote. 2007. Automated Critical Peak Pricing Field Tests: 2006 Pilot Program Description and Results."
Echelon,,7/21/06,12:00,18:00,,67.00,,,0.15,,,0.89,,"Piette, M A, D Watson, N Motegi, S Kiliccote, Mary Ann Piette, David Watson, Naoya Motegi, and Sila Kiliccote. 2007. Automated Critical Peak Pricing Field Tests: 2006 Pilot Program Description and Results."
Echelon,,7/25/06,12:00,18:00,,93.00,,,0.19,,,1.24,,"Piette, M A, D Watson, N Motegi, S Kiliccote, Mary Ann Piette, David Watson, Naoya Motegi, and Sila Kiliccote. 2007. Automated Critical Peak Pricing Field Tests: 2006 Pilot Program Description and Results."
Echelon,,7/26/06,12:00,18:00,,66.00,,,0.16,,,0.88,,"Piette, M A, D Watson, N Motegi, S Kiliccote, Mary Ann Piette, David Watson, Naoya Motegi, and Sila Kiliccote. 2007. Automated Critical Peak Pricing Field Tests: 2006 Pilot Program Description and Results."
"Gilead Science, 300 Lake",,6/23/06,12:00,15:00,,19.00,,,0.09,,,0.23,,"Piette, M A, D Watson, N Motegi, S Kiliccote, Mary Ann Piette, David Watson, Naoya Motegi, and Sila Kiliccote. 2007. Automated Critical Peak Pricing Field Tests: 2006 Pilot Program Description and Results."
"Gilead Science, 300 Lake",,6/23/06,15:00,18:00,,16.00,,,0.08,,,0.19,,"Piette, M A, D Watson, N Motegi, S Kiliccote, Mary Ann Piette, David Watson, Naoya Motegi, and Sila Kiliccote. 2007. Automated Critical Peak Pricing Field Tests: 2006 Pilot Program Description and Results."
"Gilead Science, 300 Lake",,6/23/06,12:00,18:00,,17.00,,,0.09,,,0.20,,"Piette, M A, D Watson, N Motegi, S Kiliccote, Mary Ann Piette, David Watson, Naoya Motegi, and Sila Kiliccote. 2007. Automated Critical Peak Pricing Field Tests: 2006 Pilot Program Description and Results."
"Gilead Science, 300 Lake",,7/17/06,12:00,15:00,,13.00,,,0.05,,,0.16,,"Piette, M A, D Watson, N Motegi, S Kiliccote, Mary Ann Piette, David Watson, Naoya Motegi, and Sila Kiliccote. 2007. Automated Critical Peak Pricing Field Tests: 2006 Pilot Program Description and Results."
"Gilead Science, 300 Lake",,7/17/06,15:00,18:00,,14.00,,,0.05,,,0.16,,"Piette, M A, D Watson, N Motegi, S Kiliccote, Mary Ann Piette, David Watson, Naoya Motegi, and Sila Kiliccote. 2007. Automated Critical Peak Pricing Field Tests: 2006 Pilot Program Description and Results."
"Gilead Science, 300 Lake",,7/17/06,12:00,18:00,,13.00,,,0.05,,,0.15,,"Piette, M A, D Watson, N Motegi, S Kiliccote, Mary Ann Piette, David Watson, Naoya Motegi, and Sila Kiliccote. 2007. Automated Critical Peak Pricing Field Tests: 2006 Pilot Program Description and Results."
"Gilead Science, 300 Lake",,7/18/06,12:00,15:00,,30.00,,,0.12,,,0.36,,"Piette, M A, D Watson, N Motegi, S Kiliccote, Mary Ann Piette, David Watson, Naoya Motegi, and Sila Kiliccote. 2007. Automated Critical Peak Pricing Field Tests: 2006 Pilot Program Description and Results."
"Gilead Science, 300 Lake",,7/18/06,15:00,18:00,,14.00,,,0.06,,,0.17,,"Piette, M A, D Watson, N Motegi, S Kiliccote, Mary Ann Piette, David Watson, Naoya Motegi, and Sila Kiliccote. 2007. Automated Critical Peak Pricing Field Tests: 2006 Pilot Program Description and Results."
"Gilead Science, 300 Lake",,7/18/06,12:00,18:00,,22.00,,,0.09,,,0.27,,"Piette, M A, D Watson, N Motegi, S Kiliccote, Mary Ann Piette, David Watson, Naoya Motegi, and Sila Kiliccote. 2007. Automated Critical Peak Pricing Field Tests: 2006 Pilot Program Description and Results."
"Gilead Science, 300 Lake",,7/24/06,12:00,15:00,,20.00,,,0.08,,,0.24,,"Piette, M A, D Watson, N Motegi, S Kiliccote, Mary Ann Piette, David Watson, Naoya Motegi, and Sila Kiliccote. 2007. Automated Critical Peak Pricing Field Tests: 2006 Pilot Program Description and Results."
"Gilead Science, 300 Lake",,7/24/06,15:00,18:00,,14.00,,,0.06,,,0.16,,"Piette, M A, D Watson, N Motegi, S Kiliccote, Mary Ann Piette, David Watson, Naoya Motegi, and Sila Kiliccote. 2007. Automated Critical Peak Pricing Field Tests: 2006 Pilot Program Description and Results."
"Gilead Science, 300 Lake",,7/24/06,12:00,18:00,,17.00,,,0.07,,,0.19,,"Piette, M A, D Watson, N Motegi, S Kiliccote, Mary Ann Piette, David Watson, Naoya Motegi, and Sila Kiliccote. 2007. Automated Critical Peak Pricing Field Tests: 2006 Pilot Program Description and Results."
"Gilead Science, 300 Lake",,7/21/06,12:00,18:00,,6.00,,,0.03,,,0.07,,"Piette, M A, D Watson, N Motegi, S Kiliccote, Mary Ann Piette, David Watson, Naoya Motegi, and Sila Kiliccote. 2007. Automated Critical Peak Pricing Field Tests: 2006 Pilot Program Description and Results."
"Gilead Science, 300 Lake",,8/9/06,12:00,18:00,,-8.00,,,0.03,,,-0.09,,"Piette, M A, D Watson, N Motegi, S Kiliccote, Mary Ann Piette, David Watson, Naoya Motegi, and Sila Kiliccote. 2007. Automated Critical Peak Pricing Field Tests: 2006 Pilot Program Description and Results."
"Gilead Science, 300 Lake",,8/31/06,12:00,18:00,,4.00,,,0.02,,,0.05,,"Piette, M A, D Watson, N Motegi, S Kiliccote, Mary Ann Piette, David Watson, Naoya Motegi, and Sila Kiliccote. 2007. Automated Critical Peak Pricing Field Tests: 2006 Pilot Program Description and Results."
"Gilead Science, 300 Lake",,9/1/06,12:00,18:00,,31.00,,,0.15,,,0.35,,"Piette, M A, D Watson, N Motegi, S Kiliccote, Mary Ann Piette, David Watson, Naoya Motegi, and Sila Kiliccote. 2007. Automated Critical Peak Pricing Field Tests: 2006 Pilot Program Description and Results."
"Gilead Science, 300 Lake",,9/22/06,12:00,18:00,,39.00,,,0.14,,,0.45,,"Piette, M A, D Watson, N Motegi, S Kiliccote, Mary Ann Piette, David Watson, Naoya Motegi, and Sila Kiliccote. 2007. Automated Critical Peak Pricing Field Tests: 2006 Pilot Program Description and Results."
"Gilead Science, 342 Lake",,6/23/06,12:00,15:00,,62.00,,,0.18,,,1.94,,"Piette, M A, D Watson, N Motegi, S Kiliccote, Mary Ann Piette, David Watson, Naoya Motegi, and Sila Kiliccote. 2007. Automated Critical Peak Pricing Field Tests: 2006 Pilot Program Description and Results."
"Gilead Science, 342 Lake",,6/23/06,15:00,18:00,,77.00,,,0.22,,,2.39,,"Piette, M A, D Watson, N Motegi, S Kiliccote, Mary Ann Piette, David Watson, Naoya Motegi, and Sila Kiliccote. 2007. Automated Critical Peak Pricing Field Tests: 2006 Pilot Program Description and Results."
"Gilead Science, 342 Lake",,6/23/06,12:00,18:00,,69.00,,,0.20,,,2.14,,"Piette, M A, D Watson, N Motegi, S Kiliccote, Mary Ann Piette, David Watson, Naoya Motegi, and Sila Kiliccote. 2007. Automated Critical Peak Pricing Field Tests: 2006 Pilot Program Description and Results."
"Gilead Science, 342 Lake",,7/17/06,12:00,15:00,,5.00,,,0.01,,,0.14,,"Piette, M A, D Watson, N Motegi, S Kiliccote, Mary Ann Piette, David Watson, Naoya Motegi, and Sila Kiliccote. 2007. Automated Critical Peak Pricing Field Tests: 2006 Pilot Program Description and Results."
"Gilead Science, 342 Lake",,7/17/06,15:00,18:00,,38.00,,,0.10,,,1.18,,"Piette, M A, D Watson, N Motegi, S Kiliccote, Mary Ann Piette, David Watson, Naoya Motegi, and Sila Kiliccote. 2007. Automated Critical Peak Pricing Field Tests: 2006 Pilot Program Description and Results."
"Gilead Science, 342 Lake",,7/17/06,12:00,18:00,,21.00,,,0.06,,,0.65,,"Piette, M A, D Watson, N Motegi, S Kiliccote, Mary Ann Piette, David Watson, Naoya Motegi, and Sila Kiliccote. 2007. Automated Critical Peak Pricing Field Tests: 2006 Pilot Program Description and Results."
"Gilead Science, 342 Lake",,7/18/06,12:00,15:00,,29.00,,,0.08,,,0.91,,"Piette, M A, D Watson, N Motegi, S Kiliccote, Mary Ann Piette, David Watson, Naoya Motegi, and Sila Kiliccote. 2007. Automated Critical Peak Pricing Field Tests: 2006 Pilot Program Description and Results."
"Gilead Science, 342 Lake",,7/18/06,15:00,18:00,,27.00,,,0.08,,,0.86,,"Piette, M A, D Watson, N Motegi, S Kiliccote, Mary Ann Piette, David Watson, Naoya Motegi, and Sila Kiliccote. 2007. Automated Critical Peak Pricing Field Tests: 2006 Pilot Program Description and Results."
"Gilead Science, 342 Lake",,7/18/06,12:00,18:00,,28.00,,,0.08,,,0.89,,"Piette, M A, D Watson, N Motegi, S Kiliccote, Mary Ann Piette, David Watson, Naoya Motegi, and Sila Kiliccote. 2007. Automated Critical Peak Pricing Field Tests: 2006 Pilot Program Description and Results."
"Gilead Science, 342 Lake",,7/21/06,12:00,15:00,,12.00,,,0.03,,,0.37,,"Piette, M A, D Watson, N Motegi, S Kiliccote, Mary Ann Piette, David Watson, Naoya Motegi, and Sila Kiliccote. 2007. Automated Critical Peak Pricing Field Tests: 2006 Pilot Program Description and Results."
"Gilead Science, 342 Lake",,7/21/06,15:00,18:00,,21.00,,,0.06,,,0.66,,"Piette, M A, D Watson, N Motegi, S Kiliccote, Mary Ann Piette, David Watson, Naoya Motegi, and Sila Kiliccote. 2007. Automated Critical Peak Pricing Field Tests: 2006 Pilot Program Description and Results."
"Gilead Science, 342 Lake",,7/21/06,12:00,18:00,,2.00,,,0.00,,,0.06,,"Piette, M A, D Watson, N Motegi, S Kiliccote, Mary Ann Piette, David Watson, Naoya Motegi, and Sila Kiliccote. 2007. Automated Critical Peak Pricing Field Tests: 2006 Pilot Program Description and Results."
"Gilead Science, 342 Lake",,7/24/06,12:00,18:00,,16.00,,,0.05,,,0.50,,"Piette, M A, D Watson, N Motegi, S Kiliccote, Mary Ann Piette, David Watson, Naoya Motegi, and Sila Kiliccote. 2007. Automated Critical Peak Pricing Field Tests: 2006 Pilot Program Description and Results."
"Gilead Science, 342 Lake",,8/9/06,12:00,18:00,,-1.00,,,0.00,,,-0.03,,"Piette, M A, D Watson, N Motegi, S Kiliccote, Mary Ann Piette, David Watson, Naoya Motegi, and Sila Kiliccote. 2007. Automated Critical Peak Pricing Field Tests: 2006 Pilot Program Description and Results."
"Gilead Science, 342 Lake",,8/31/06,12:00,18:00,,33.00,,,0.10,,,1.04,,"Piette, M A, D Watson, N Motegi, S Kiliccote, Mary Ann Piette, David Watson, Naoya Motegi, and Sila Kiliccote. 2007. Automated Critical Peak Pricing Field Tests: 2006 Pilot Program Description and Results."
"Gilead Science, 342 Lake",,9/1/06,12:00,18:00,,93.00,,,0.28,,,2.92,,"Piette, M A, D Watson, N Motegi, S Kiliccote, Mary Ann Piette, David Watson, Naoya Motegi, and Sila Kiliccote. 2007. Automated Critical Peak Pricing Field Tests: 2006 Pilot Program Description and Results."
"Gilead Science, 342 Lake",,9/22/06,12:00,18:00,,69.00,,,0.18,,,2.17,,"Piette, M A, D Watson, N Motegi, S Kiliccote, Mary Ann Piette, David Watson, Naoya Motegi, and Sila Kiliccote. 2007. Automated Critical Peak Pricing Field Tests: 2006 Pilot Program Description and Results."
"Gilead Science, 357 Lake",,6/23/06,12:00,15:00,,-14.00,,,-0.03,,,-0.42,,"Piette, M A, D Watson, N Motegi, S Kiliccote, Mary Ann Piette, David Watson, Naoya Motegi, and Sila Kiliccote. 2007. Automated Critical Peak Pricing Field Tests: 2006 Pilot Program Description and Results."
"Gilead Science, 357 Lake",,6/23/06,15:00,18:00,,44.00,,,0.12,,,1.32,,"Piette, M A, D Watson, N Motegi, S Kiliccote, Mary Ann Piette, David Watson, Naoya Motegi, and Sila Kiliccote. 2007. Automated Critical Peak Pricing Field Tests: 2006 Pilot Program Description and Results."
"Gilead Science, 357 Lake",,6/23/06,12:00,18:00,,15.00,,,0.04,,,0.45,,"Piette, M A, D Watson, N Motegi, S Kiliccote, Mary Ann Piette, David Watson, Naoya Motegi, and Sila Kiliccote. 2007. Automated Critical Peak Pricing Field Tests: 2006 Pilot Program Description and Results."
"Gilead Science, 357 Lake",,7/17/06,12:00,15:00,,30.00,,,0.05,,,0.92,,"Piette, M A, D Watson, N Motegi, S Kiliccote, Mary Ann Piette, David Watson, Naoya Motegi, and Sila Kiliccote. 2007. Automated Critical Peak Pricing Field Tests: 2006 Pilot Program Description and Results."
"Gilead Science, 357 Lake",,7/17/06,15:00,18:00,,86.00,,,0.14,,,2.59,,"Piette, M A, D Watson, N Motegi, S Kiliccote, Mary Ann Piette, David Watson, Naoya Motegi, and Sila Kiliccote. 2007. Automated Critical Peak Pricing Field Tests: 2006 Pilot Program Description and Results."
"Gilead Science, 357 Lake",,7/17/06,12:00,18:00,,58.00,,,0.09,,,1.75,,"Piette, M A, D Watson, N Motegi, S Kiliccote, Mary Ann Piette, David Watson, Naoya Motegi, and Sila Kiliccote. 2007. Automated Critical Peak Pricing Field Tests: 2006 Pilot Program Description and Results."
"Gilead Science, 357 Lake",,7/18/06,12:00,15:00,,94.00,,,0.19,,,2.84,,"Piette, M A, D Watson, N Motegi, S Kiliccote, Mary Ann Piette, David Watson, Naoya Motegi, and Sila Kiliccote. 2007. Automated Critical Peak Pricing Field Tests: 2006 Pilot Program Description and Results."
"Gilead Science, 357 Lake",,7/18/06,15:00,18:00,,-5.00,,,-0.01,,,-0.15,,"Piette, M A, D Watson, N Motegi, S Kiliccote, Mary Ann Piette, David Watson, Naoya Motegi, and Sila Kiliccote. 2007. Automated Critical Peak Pricing Field Tests: 2006 Pilot Program Description and Results."
"Gilead Science, 357 Lake",,7/18/06,12:00,18:00,,44.00,,,0.09,,,1.32,,"Piette, M A, D Watson, N Motegi, S Kiliccote, Mary Ann Piette, David Watson, Naoya Motegi, and Sila Kiliccote. 2007. Automated Critical Peak Pricing Field Tests: 2006 Pilot Program Description and Results."
"Gilead Science, 357 Lake",,7/24/06,12:00,15:00,,77.00,,,0.16,,,2.33,,"Piette, M A, D Watson, N Motegi, S Kiliccote, Mary Ann Piette, David Watson, Naoya Motegi, and Sila Kiliccote. 2007. Automated Critical Peak Pricing Field Tests: 2006 Pilot Program Description and Results."
"Gilead Science, 357 Lake",,7/24/06,15:00,18:00,,35.00,,,0.08,,,1.06,,"Piette, M A, D Watson, N Motegi, S Kiliccote, Mary Ann Piette, David Watson, Naoya Motegi, and Sila Kiliccote. 2007. Automated Critical Peak Pricing Field Tests: 2006 Pilot Program Description and Results."
"Gilead Science, 357 Lake",,7/24/06,12:00,18:00,,56.00,,,0.04,,,1.70,,"Piette, M A, D Watson, N Motegi, S Kiliccote, Mary Ann Piette, David Watson, Naoya Motegi, and Sila Kiliccote. 2007. Automated Critical Peak Pricing Field Tests: 2006 Pilot Program Description and Results."
"Gilead Science, 357 Lake",,7/21/06,,,,19.00,,,0.04,,,0.58,,"Piette, M A, D Watson, N Motegi, S Kiliccote, Mary Ann Piette, David Watson, Naoya Motegi, and Sila Kiliccote. 2007. Automated Critical Peak Pricing Field Tests: 2006 Pilot Program Description and Results."
"Gilead Science, 357 Lake",,8/9/06,12:00,18:00,,-28.00,,,-0.06,,,-0.85,,"Piette, M A, D Watson, N Motegi, S Kiliccote, Mary Ann Piette, David Watson, Naoya Motegi, and Sila Kiliccote. 2007. Automated Critical Peak Pricing Field Tests: 2006 Pilot Program Description and Results."
"Gilead Science, 357 Lake",,8/31/06,12:00,18:00,,1.00,,,0.00,,,0.03,,"Piette, M A, D Watson, N Motegi, S Kiliccote, Mary Ann Piette, David Watson, Naoya Motegi, and Sila Kiliccote. 2007. Automated Critical Peak Pricing Field Tests: 2006 Pilot Program Description and Results."
"Gilead Science, 357 Lake",,9/1/06,12:00,18:00,,61.00,,,0.08,,,1.85,,"Piette, M A, D Watson, N Motegi, S Kiliccote, Mary Ann Piette, David Watson, Naoya Motegi, and Sila Kiliccote. 2007. Automated Critical Peak Pricing Field Tests: 2006 Pilot Program Description and Results."
"Gilead Science, 357 Lake",,9/22/06,12:00,18:00,,31.00,,,0.06,,,0.94,,"Piette, M A, D Watson, N Motegi, S Kiliccote, Mary Ann Piette, David Watson, Naoya Motegi, and Sila Kiliccote. 2007. Automated Critical Peak Pricing Field Tests: 2006 Pilot Program Description and Results."
"IKEA, East Palo Alto St",,6/23/06,12:00,15:00,,137.00,,,0.12,,,0.46,,"Piette, M A, D Watson, N Motegi, S Kiliccote, Mary Ann Piette, David Watson, Naoya Motegi, and Sila Kiliccote. 2007. Automated Critical Peak Pricing Field Tests: 2006 Pilot Program Description and Results."
"IKEA, East Palo Alto St",,6/23/06,15:00,18:00,,120.00,,,0.11,,,0.40,,"Piette, M A, D Watson, N Motegi, S Kiliccote, Mary Ann Piette, David Watson, Naoya Motegi, and Sila Kiliccote. 2007. Automated Critical Peak Pricing Field Tests: 2006 Pilot Program Description and Results."
"IKEA, East Palo Alto St",,6/23/06,12:00,18:00,,128.00,,,0.12,,,0.43,,"Piette, M A, D Watson, N Motegi, S Kiliccote, Mary Ann Piette, David Watson, Naoya Motegi, and Sila Kiliccote. 2007. Automated Critical Peak Pricing Field Tests: 2006 Pilot Program Description and Results."
"IKEA, East Palo Alto St",,7/17/06,12:00,15:00,,184.00,,,0.16,,,0.61,,"Piette, M A, D Watson, N Motegi, S Kiliccote, Mary Ann Piette, David Watson, Naoya Motegi, and Sila Kiliccote. 2007. Automated Critical Peak Pricing Field Tests: 2006 Pilot Program Description and Results."
"IKEA, East Palo Alto St",,7/17/06,15:00,18:00,,175.00,,,0.15,,,0.58,,"Piette, M A, D Watson, N Motegi, S Kiliccote, Mary Ann Piette, David Watson, Naoya Motegi, and Sila Kiliccote. 2007. Automated Critical Peak Pricing Field Tests: 2006 Pilot Program Description and Results."
"IKEA, East Palo Alto St",,7/17/06,12:00,18:00,,180.00,,,0.16,,,0.60,,"Piette, M A, D Watson, N Motegi, S Kiliccote, Mary Ann Piette, David Watson, Naoya Motegi, and Sila Kiliccote. 2007. Automated Critical Peak Pricing Field Tests: 2006 Pilot Program Description and Results."
"IKEA, East Palo Alto St",,7/18/06,12:00,15:00,,74.00,,,0.06,,,0.25,,"Piette, M A, D Watson, N Motegi, S Kiliccote, Mary Ann Piette, David Watson, Naoya Motegi, and Sila Kiliccote. 2007. Automated Critical Peak Pricing Field Tests: 2006 Pilot Program Description and Results."
"IKEA, East Palo Alto St",,7/18/06,15:00,18:00,,90.00,,,0.08,,,0.30,,"Piette, M A, D Watson, N Motegi, S Kiliccote, Mary Ann Piette, David Watson, Naoya Motegi, and Sila Kiliccote. 2007. Automated Critical Peak Pricing Field Tests: 2006 Pilot Program Description and Results."
"IKEA, East Palo Alto St",,7/18/06,12:00,18:00,,82.00,,,0.07,,,0.27,,"Piette, M A, D Watson, N Motegi, S Kiliccote, Mary Ann Piette, David Watson, Naoya Motegi, and Sila Kiliccote. 2007. Automated Critical Peak Pricing Field Tests: 2006 Pilot Program Description and Results."
"IKEA, East Palo Alto St",,7/24/06,12:00,15:00,,82.00,,,0.07,,,0.27,,"Piette, M A, D Watson, N Motegi, S Kiliccote, Mary Ann Piette, David Watson, Naoya Motegi, and Sila Kiliccote. 2007. Automated Critical Peak Pricing Field Tests: 2006 Pilot Program Description and Results."
"IKEA, East Palo Alto St",,7/24/06,15:00,18:00,,93.00,,,0.07,,,0.31,,"Piette, M A, D Watson, N Motegi, S Kiliccote, Mary Ann Piette, David Watson, Naoya Motegi, and Sila Kiliccote. 2007. Automated Critical Peak Pricing Field Tests: 2006 Pilot Program Description and Results."
"IKEA, East Palo Alto St",,7/24/06,12:00,18:00,,88.00,,,0.07,,,0.29,,"Piette, M A, D Watson, N Motegi, S Kiliccote, Mary Ann Piette, David Watson, Naoya Motegi, and Sila Kiliccote. 2007. Automated Critical Peak Pricing Field Tests: 2006 Pilot Program Description and Results."
"IKEA, East Palo Alto St",,7/21/06,12:00,18:00,,91.00,,,0.08,,,0.30,,"Piette, M A, D Watson, N Motegi, S Kiliccote, Mary Ann Piette, David Watson, Naoya Motegi, and Sila Kiliccote. 2007. Automated Critical Peak Pricing Field Tests: 2006 Pilot Program Description and Results."
"IKEA, East Palo Alto St",,8/9/06,12:00,18:00,,-3.00,,,0.00,,,-0.01,,"Piette, M A, D Watson, N Motegi, S Kiliccote, Mary Ann Piette, David Watson, Naoya Motegi, and Sila Kiliccote. 2007. Automated Critical Peak Pricing Field Tests: 2006 Pilot Program Description and Results."
"IKEA, East Palo Alto St",,8/31/06,12:00,18:00,,-17.00,,,-0.02,,,-0.06,,"Piette, M A, D Watson, N Motegi, S Kiliccote, Mary Ann Piette, David Watson, Naoya Motegi, and Sila Kiliccote. 2007. Automated Critical Peak Pricing Field Tests: 2006 Pilot Program Description and Results."
"IKEA, East Palo Alto St",,9/1/06,12:00,18:00,,2.00,,,0.00,,,0.01,,"Piette, M A, D Watson, N Motegi, S Kiliccote, Mary Ann Piette, David Watson, Naoya Motegi, and Sila Kiliccote. 2007. Automated Critical Peak Pricing Field Tests: 2006 Pilot Program Description and Results."
"IKEA, East Palo Alto St",,9/22/06,12:00,18:00,,97.00,,,0.10,,,0.32,,"Piette, M A, D Watson, N Motegi, S Kiliccote, Mary Ann Piette, David Watson, Naoya Motegi, and Sila Kiliccote. 2007. Automated Critical Peak Pricing Field Tests: 2006 Pilot Program Description and Results."
"IKEA, Emeryville",,9/22/06,,,,,,,,,,,,"Piette, M A, D Watson, N Motegi, S Kiliccote, Mary Ann Piette, David Watson, Naoya Motegi, and Sila Kiliccote. 2007. Automated Critical Peak Pricing Field Tests: 2006 Pilot Program Description and Results."
"Oracle Corporation, Roc",,6/23/06,12:00,15:00,,23.00,,,0.05,,,0.23,,"Piette, M A, D Watson, N Motegi, S Kiliccote, Mary Ann Piette, David Watson, Naoya Motegi, and Sila Kiliccote. 2007. Automated Critical Peak Pricing Field Tests: 2006 Pilot Program Description and Results."
"Oracle Corporation, Roc",,6/23/06,15:00,18:00,,101.00,,,0.26,,,1.01,,"Piette, M A, D Watson, N Motegi, S Kiliccote, Mary Ann Piette, David Watson, Naoya Motegi, and Sila Kiliccote. 2007. Automated Critical Peak Pricing Field Tests: 2006 Pilot Program Description and Results."
"Oracle Corporation, Roc",,6/23/06,12:00,18:00,,62.00,,,0.15,,,0.62,,"Piette, M A, D Watson, N Motegi, S Kiliccote, Mary Ann Piette, David Watson, Naoya Motegi, and Sila Kiliccote. 2007. Automated Critical Peak Pricing Field Tests: 2006 Pilot Program Description and Results."
"Oracle Corporation, Roc",,6/26/06,12:00,15:00,,85.00,,,0.17,,,0.85,,"Piette, M A, D Watson, N Motegi, S Kiliccote, Mary Ann Piette, David Watson, Naoya Motegi, and Sila Kiliccote. 2007. Automated Critical Peak Pricing Field Tests: 2006 Pilot Program Description and Results."
"Oracle Corporation, Roc",,6/26/06,15:00,18:00,,60.00,,,0.14,,,0.60,,"Piette, M A, D Watson, N Motegi, S Kiliccote, Mary Ann Piette, David Watson, Naoya Motegi, and Sila Kiliccote. 2007. Automated Critical Peak Pricing Field Tests: 2006 Pilot Program Description and Results."
"Oracle Corporation, Roc",,6/26/06,12:00,18:00,,73.00,,,0.16,,,0.73,,"Piette, M A, D Watson, N Motegi, S Kiliccote, Mary Ann Piette, David Watson, Naoya Motegi, and Sila Kiliccote. 2007. Automated Critical Peak Pricing Field Tests: 2006 Pilot Program Description and Results."
"Oracle Corporation, Roc",,7/17/06,12:00,15:00,,9.00,,,0.02,,,0.09,,"Piette, M A, D Watson, N Motegi, S Kiliccote, Mary Ann Piette, David Watson, Naoya Motegi, and Sila Kiliccote. 2007. Automated Critical Peak Pricing Field Tests: 2006 Pilot Program Description and Results."
"Oracle Corporation, Roc",,7/17/06,15:00,18:00,,103.00,,,0.25,,,1.03,,"Piette, M A, D Watson, N Motegi, S Kiliccote, Mary Ann Piette, David Watson, Naoya Motegi, and Sila Kiliccote. 2007. Automated Critical Peak Pricing Field Tests: 2006 Pilot Program Description and Results."
"Oracle Corporation, Roc",,7/17/06,12:00,18:00,,56.00,,,0.13,,,0.56,,"Piette, M A, D Watson, N Motegi, S Kiliccote, Mary Ann Piette, David Watson, Naoya Motegi, and Sila Kiliccote. 2007. Automated Critical Peak Pricing Field Tests: 2006 Pilot Program Description and Results."
"Oracle Corporation, Roc",,7/18/06,12:00,15:00,,46.00,,,0.10,,,0.46,,"Piette, M A, D Watson, N Motegi, S Kiliccote, Mary Ann Piette, David Watson, Naoya Motegi, and Sila Kiliccote. 2007. Automated Critical Peak Pricing Field Tests: 2006 Pilot Program Description and Results."
"Oracle Corporation, Roc",,7/18/06,15:00,18:00,,110.00,,,0.28,,,1.10,,"Piette, M A, D Watson, N Motegi, S Kiliccote, Mary Ann Piette, David Watson, Naoya Motegi, and Sila Kiliccote. 2007. Automated Critical Peak Pricing Field Tests: 2006 Pilot Program Description and Results."
"Oracle Corporation, Roc",,7/18/06,12:00,18:00,,78.00,,,0.19,,,0.78,,"Piette, M A, D Watson, N Motegi, S Kiliccote, Mary Ann Piette, David Watson, Naoya Motegi, and Sila Kiliccote. 2007. Automated Critical Peak Pricing Field Tests: 2006 Pilot Program Description and Results."
"Oracle Corporation, Roc",,7/24/06,12:00,15:00,,33.00,,,0.06,,,0.33,,"Piette, M A, D Watson, N Motegi, S Kiliccote, Mary Ann Piette, David Watson, Naoya Motegi, and Sila Kiliccote. 2007. Automated Critical Peak Pricing Field Tests: 2006 Pilot Program Description and Results."
"Oracle Corporation, Roc",,7/24/06,15:00,18:00,,151.00,,,0.31,,,1.51,,"Piette, M A, D Watson, N Motegi, S Kiliccote, Mary Ann Piette, David Watson, Naoya Motegi, and Sila Kiliccote. 2007. Automated Critical Peak Pricing Field Tests: 2006 Pilot Program Description and Results."
"Oracle Corporation, Roc",,7/24/06,12:00,18:00,,92.00,,,0.18,,,0.92,,"Piette, M A, D Watson, N Motegi, S Kiliccote, Mary Ann Piette, David Watson, Naoya Motegi, and Sila Kiliccote. 2007. Automated Critical Peak Pricing Field Tests: 2006 Pilot Program Description and Results."
"Oracle Corporation, Roc",,6/21/06,12:00,18:00,,43.00,,,0.12,,,0.43,,"Piette, M A, D Watson, N Motegi, S Kiliccote, Mary Ann Piette, David Watson, Naoya Motegi, and Sila Kiliccote. 2007. Automated Critical Peak Pricing Field Tests: 2006 Pilot Program Description and Results."
"Oracle Corporation, Roc",,6/22/06,12:00,18:00,,40.00,,,0.11,,,0.40,,"Piette, M A, D Watson, N Motegi, S Kiliccote, Mary Ann Piette, David Watson, Naoya Motegi, and Sila Kiliccote. 2007. Automated Critical Peak Pricing Field Tests: 2006 Pilot Program Description and Results."
"Oracle Corporation, Roc",,7/20/06,12:00,18:00,,53.00,,,0.13,,,0.53,,"Piette, M A, D Watson, N Motegi, S Kiliccote, Mary Ann Piette, David Watson, Naoya Motegi, and Sila Kiliccote. 2007. Automated Critical Peak Pricing Field Tests: 2006 Pilot Program Description and Results."
"Oracle Corporation, Roc",,7/21/06,12:00,18:00,,21.00,,,0.05,,,0.21,,"Piette, M A, D Watson, N Motegi, S Kiliccote, Mary Ann Piette, David Watson, Naoya Motegi, and Sila Kiliccote. 2007. Automated Critical Peak Pricing Field Tests: 2006 Pilot Program Description and Results."
"Oracle Corporation, Roc",,7/24/06,12:00,18:00,,92.00,,,0.18,,,0.92,,"Piette, M A, D Watson, N Motegi, S Kiliccote, Mary Ann Piette, David Watson, Naoya Motegi, and Sila Kiliccote. 2007. Automated Critical Peak Pricing Field Tests: 2006 Pilot Program Description and Results."
"Oracle Corporation, Roc",,7/25/06,12:00,18:00,,21.00,,,0.05,,,0.21,,"Piette, M A, D Watson, N Motegi, S Kiliccote, Mary Ann Piette, David Watson, Naoya Motegi, and Sila Kiliccote. 2007. Automated Critical Peak Pricing Field Tests: 2006 Pilot Program Description and Results."
"Oracle Corporation, Roc",,7/26/06,12:00,18:00,,54.00,,,0.12,,,0.54,,"Piette, M A, D Watson, N Motegi, S Kiliccote, Mary Ann Piette, David Watson, Naoya Motegi, and Sila Kiliccote. 2007. Automated Critical Peak Pricing Field Tests: 2006 Pilot Program Description and Results."
"Solectron, Corporate He",,7/26/06,,,,,,,,,,,,"Piette, M A, D Watson, N Motegi, S Kiliccote, Mary Ann Piette, David Watson, Naoya Motegi, and Sila Kiliccote. 2007. Automated Critical Peak Pricing Field Tests: 2006 Pilot Program Description and Results."
Svenhard's Swedish Bak,,7/26/06,,,,,,,,,,,,"Piette, M A, D Watson, N Motegi, S Kiliccote, Mary Ann Piette, David Watson, Naoya Motegi, and Sila Kiliccote. 2007. Automated Critical Peak Pricing Field Tests: 2006 Pilot Program Description and Results."
"Sybase, Corporate Head",,7/26/06,,,,,,,,,,,,"Piette, M A, D Watson, N Motegi, S Kiliccote, Mary Ann Piette, David Watson, Naoya Motegi, and Sila Kiliccote. 2007. Automated Critical Peak Pricing Field Tests: 2006 Pilot Program Description and Results."
"Target, Hayward Store",,6/23/06,12:00,15:00,,53.00,,,0.13,,,0.41,,"Piette, M A, D Watson, N Motegi, S Kiliccote, Mary Ann Piette, David Watson, Naoya Motegi, and Sila Kiliccote. 2007. Automated Critical Peak Pricing Field Tests: 2006 Pilot Program Description and Results."
"Target, Hayward Store",,6/23/06,15:00,18:00,,52.00,,,0.13,,,0.40,,"Piette, M A, D Watson, N Motegi, S Kiliccote, Mary Ann Piette, David Watson, Naoya Motegi, and Sila Kiliccote. 2007. Automated Critical Peak Pricing Field Tests: 2006 Pilot Program Description and Results."
"Target, Hayward Store",,6/23/06,12:00,18:00,,52.00,,,0.14,,,0.40,,"Piette, M A, D Watson, N Motegi, S Kiliccote, Mary Ann Piette, David Watson, Naoya Motegi, and Sila Kiliccote. 2007. Automated Critical Peak Pricing Field Tests: 2006 Pilot Program Description and Results."
"Target, Hayward Store",,6/26/06,12:00,18:00,,59.00,,,0.15,,,0.45,,"Piette, M A, D Watson, N Motegi, S Kiliccote, Mary Ann Piette, David Watson, Naoya Motegi, and Sila Kiliccote. 2007. Automated Critical Peak Pricing Field Tests: 2006 Pilot Program Description and Results."
"Target, Hayward Store",,6/26/06,12:00,15:00,,56.00,,,0.15,,,0.43,,"Piette, M A, D Watson, N Motegi, S Kiliccote, Mary Ann Piette, David Watson, Naoya Motegi, and Sila Kiliccote. 2007. Automated Critical Peak Pricing Field Tests: 2006 Pilot Program Description and Results."
"Target, Hayward Store",,6/26/06,15:00,18:00,,57.00,,,0.15,,,0.44,,"Piette, M A, D Watson, N Motegi, S Kiliccote, Mary Ann Piette, David Watson, Naoya Motegi, and Sila Kiliccote. 2007. Automated Critical Peak Pricing Field Tests: 2006 Pilot Program Description and Results."
"Target, Hayward Store",,7/17/06,12:00,15:00,,68.00,,,0.16,,,0.52,,"Piette, M A, D Watson, N Motegi, S Kiliccote, Mary Ann Piette, David Watson, Naoya Motegi, and Sila Kiliccote. 2007. Automated Critical Peak Pricing Field Tests: 2006 Pilot Program Description and Results."
"Target, Hayward Store",,7/17/06,15:00,18:00,,76.00,,,0.18,,,0.58,,"Piette, M A, D Watson, N Motegi, S Kiliccote, Mary Ann Piette, David Watson, Naoya Motegi, and Sila Kiliccote. 2007. Automated Critical Peak Pricing Field Tests: 2006 Pilot Program Description and Results."
"Target, Hayward Store",,7/17/06,12:00,18:00,,72.00,,,0.17,,,0.55,,"Piette, M A, D Watson, N Motegi, S Kiliccote, Mary Ann Piette, David Watson, Naoya Motegi, and Sila Kiliccote. 2007. Automated Critical Peak Pricing Field Tests: 2006 Pilot Program Description and Results."
"Target, Hayward Store",,7/18/06,12:00,15:00,,85.00,,,0.21,,,0.65,,"Piette, M A, D Watson, N Motegi, S Kiliccote, Mary Ann Piette, David Watson, Naoya Motegi, and Sila Kiliccote. 2007. Automated Critical Peak Pricing Field Tests: 2006 Pilot Program Description and Results."
"Target, Hayward Store",,7/18/06,15:00,18:00,,74.00,,,0.18,,,0.57,,"Piette, M A, D Watson, N Motegi, S Kiliccote, Mary Ann Piette, David Watson, Naoya Motegi, and Sila Kiliccote. 2007. Automated Critical Peak Pricing Field Tests: 2006 Pilot Program Description and Results."
"Target, Hayward Store",,7/18/06,12:00,18:00,,79.00,,,0.20,,,0.61,,"Piette, M A, D Watson, N Motegi, S Kiliccote, Mary Ann Piette, David Watson, Naoya Motegi, and Sila Kiliccote. 2007. Automated Critical Peak Pricing Field Tests: 2006 Pilot Program Description and Results."
"Target, Hayward Store",,7/24/06,12:00,15:00,,98.00,,,0.23,,,0.75,,"Piette, M A, D Watson, N Motegi, S Kiliccote, Mary Ann Piette, David Watson, Naoya Motegi, and Sila Kiliccote. 2007. Automated Critical Peak Pricing Field Tests: 2006 Pilot Program Description and Results."
"Target, Hayward Store",,7/24/06,15:00,18:00,,102.00,,,0.23,,,0.79,,"Piette, M A, D Watson, N Motegi, S Kiliccote, Mary Ann Piette, David Watson, Naoya Motegi, and Sila Kiliccote. 2007. Automated Critical Peak Pricing Field Tests: 2006 Pilot Program Description and Results."
"Target, Hayward Store",,7/24/06,12:00,18:00,,100.00,,,0.23,,,0.77,,"Piette, M A, D Watson, N Motegi, S Kiliccote, Mary Ann Piette, David Watson, Naoya Motegi, and Sila Kiliccote. 2007. Automated Critical Peak Pricing Field Tests: 2006 Pilot Program Description and Results."
"Target, Hayward Store",,6/21/06,12:00,18:00,,55.00,,,0.13,,,0.43,,"Piette, M A, D Watson, N Motegi, S Kiliccote, Mary Ann Piette, David Watson, Naoya Motegi, and Sila Kiliccote. 2007. Automated Critical Peak Pricing Field Tests: 2006 Pilot Program Description and Results."
"Target, Hayward Store",,6/22/06,12:00,18:00,,67.00,,,0.15,,,0.52,,"Piette, M A, D Watson, N Motegi, S Kiliccote, Mary Ann Piette, David Watson, Naoya Motegi, and Sila Kiliccote. 2007. Automated Critical Peak Pricing Field Tests: 2006 Pilot Program Description and Results."
"Target, Hayward Store",,7/20/06,12:00,18:00,,62.00,,,0.16,,,0.48,,"Piette, M A, D Watson, N Motegi, S Kiliccote, Mary Ann Piette, David Watson, Naoya Motegi, and Sila Kiliccote. 2007. Automated Critical Peak Pricing Field Tests: 2006 Pilot Program Description and Results."
"Target, Hayward Store",,7/21/06,12:00,18:00,,75.00,,,0.18,,,0.58,,"Piette, M A, D Watson, N Motegi, S Kiliccote, Mary Ann Piette, David Watson, Naoya Motegi, and Sila Kiliccote. 2007. Automated Critical Peak Pricing Field Tests: 2006 Pilot Program Description and Results."
"Target, Hayward Store",,7/24/06,12:00,18:00,,100.00,,,0.23,,,0.77,,"Piette, M A, D Watson, N Motegi, S Kiliccote, Mary Ann Piette, David Watson, Naoya Motegi, and Sila Kiliccote. 2007. Automated Critical Peak Pricing Field Tests: 2006 Pilot Program Description and Results."
"Target, Hayward Store",,7/25/06,12:00,18:00,,78.00,,,0.19,,,0.60,,"Piette, M A, D Watson, N Motegi, S Kiliccote, Mary Ann Piette, David Watson, Naoya Motegi, and Sila Kiliccote. 2007. Automated Critical Peak Pricing Field Tests: 2006 Pilot Program Description and Results."
"Target, Hayward Store",,7/26/06,12:00,18:00,,75.00,,,0.20,,,0.58,,"Piette, M A, D Watson, N Motegi, S Kiliccote, Mary Ann Piette, David Watson, Naoya Motegi, and Sila Kiliccote. 2007. Automated Critical Peak Pricing Field Tests: 2006 Pilot Program Description and Results."
"Target, Antioch Store",,7/26/06,,,,,,,,,,,,"Piette, M A, D Watson, N Motegi, S Kiliccote, Mary Ann Piette, David Watson, Naoya Motegi, and Sila Kiliccote. 2007. Automated Critical Peak Pricing Field Tests: 2006 Pilot Program Description and Results."
"Target, Bakersfield Store",,7/26/06,,,,,,,,,,,,"Piette, M A, D Watson, N Motegi, S Kiliccote, Mary Ann Piette, David Watson, Naoya Motegi, and Sila Kiliccote. 2007. Automated Critical Peak Pricing Field Tests: 2006 Pilot Program Description and Results."
Trane,OAT_MA_CBL,9/24/10,14:00,15:00,7.73,-3.40,-20.56,0.04,-0.02,-0.11,0.31,-0.14,-0.82,"Page, Janie, Sila Kiliccote, Han Dudley, Mary Ann Piette, Albert K. Chiu, Bashar Kellow, Ed Koch, and Paul Lipkin Akuacom. 2011. Automated Demand Response Technology Demonstration for Small and Medium Commercial Buildings."
Trane,OAT_MA_CBL,9/24/10,15:00,16:00,-22.28,-30.28,-36.63,-0.12,-0.16,-0.19,-0.89,-1.21,-1.47,"Page, Janie, Sila Kiliccote, Han Dudley, Mary Ann Piette, Albert K. Chiu, Bashar Kellow, Ed Koch, and Paul Lipkin Akuacom. 2011. Automated Demand Response Technology Demonstration for Small and Medium Commercial Buildings."
Trane,OAT_MA_CBL,9/24/10,16:00,17:00,-14.42,-40.90,-71.60,-0.07,-0.22,-0.40,-0.58,-1.64,-2.86,"Page, Janie, Sila Kiliccote, Han Dudley, Mary Ann Piette, Albert K. Chiu, Bashar Kellow, Ed Koch, and Paul Lipkin Akuacom. 2011. Automated Demand Response Technology Demonstration for Small and Medium Commercial Buildings."
Trane,OAT_MA_CBL,9/24/10,17:00,18:00,-21.27,-36.09,-53.59,-0.11,-0.21,-0.33,-0.85,-1.44,-2.14,"Page, Janie, Sila Kiliccote, Han Dudley, Mary Ann Piette, Albert K. Chiu, Bashar Kellow, Ed Koch, and Paul Lipkin Akuacom. 2011. Automated Demand Response Technology Demonstration for Small and Medium Commercial Buildings."
Trane,OAT_MA_CBL,9/24/10,14:00,18:00,7.73,-27.67,-71.60,0.04,-0.15,-0.40,0.31,-1.11,-2.86,"Page, Janie, Sila Kiliccote, Han Dudley, Mary Ann Piette, Albert K. Chiu, Bashar Kellow, Ed Koch, and Paul Lipkin Akuacom. 2011. Automated Demand Response Technology Demonstration for Small and Medium Commercial Buildings."
Trane,10/10_CBL,9/24/10,14:00,15:00,18.91,7.61,-15.72,0.10,0.04,-0.08,0.76,0.30,-0.63,"Page, Janie, Sila Kiliccote, Han Dudley, Mary Ann Piette, Albert K. Chiu, Bashar Kellow, Ed Koch, and Paul Lipkin Akuacom. 2011. Automated Demand Response Technology Demonstration for Small and Medium Commercial Buildings."
Trane,10/10_CBL,9/24/10,15:00,16:00,-5.16,-13.71,-26.37,-0.02,-0.07,-0.13,-0.21,-0.55,-1.05,"Page, Janie, Sila Kiliccote, Han Dudley, Mary Ann Piette, Albert K. Chiu, Bashar Kellow, Ed Koch, and Paul Lipkin Akuacom. 2011. Automated Demand Response Technology Demonstration for Small and Medium Commercial Buildings."
Trane,10/10_CBL,9/24/10,16:00,17:00,-0.95,-22.59,-39.59,0.00,-0.11,-0.19,-0.04,-0.90,-1.58,"Page, Janie, Sila Kiliccote, Han Dudley, Mary Ann Piette, Albert K. Chiu, Bashar Kellow, Ed Koch, and Paul Lipkin Akuacom. 2011. Automated Demand Response Technology Demonstration for Small and Medium Commercial Buildings."
Trane,10/10_CBL,9/24/10,17:00,18:00,-6.89,-24.18,-42.59,-0.03,-0.13,-0.24,-0.28,-0.97,-1.7,"Page, Janie, Sila Kiliccote, Han Dudley, Mary Ann Piette, Albert K. Chiu, Bashar Kellow, Ed Koch, and Paul Lipkin Akuacom. 2011. Automated Demand Response Technology Demonstration for Small and Medium Commercial Buildings."
Trane,10/10_CBL,9/24/10,14:00,18:00,18.91,-13.22,-42.59,0.10,-0.07,-0.24,0.76,-0.53,-1.7,"Page, Janie, Sila Kiliccote, Han Dudley, Mary Ann Piette, Albert K. Chiu, Bashar Kellow, Ed Koch, and Paul Lipkin Akuacom. 2011. Automated Demand Response Technology Demonstration for Small and Medium Commercial Buildings."
Trane,OAT_MA_CBL,9/27/10,14:00,15:00,32.66,-2.69,-21.06,0.11,-0.01,-0.07,1.31,-0.11,-0.84,"Page, Janie, Sila Kiliccote, Han Dudley, Mary Ann Piette, Albert K. Chiu, Bashar Kellow, Ed Koch, and Paul Lipkin Akuacom. 2011. Automated Demand Response Technology Demonstration for Small and Medium Commercial Buildings."
Trane,OAT_MA_CBL,9/27/10,15:00,16:00,-1.85,-15.53,-31.64,-0.01,-0.06,-0.12,-0.07,-0.62,-1.27,"Page, Janie, Sila Kiliccote, Han Dudley, Mary Ann Piette, Albert K. Chiu, Bashar Kellow, Ed Koch, and Paul Lipkin Akuacom. 2011. Automated Demand Response Technology Demonstration for Small and Medium Commercial Buildings."
Trane,OAT_MA_CBL,9/27/10,16:00,17:00,72.14,28.65,-47.04,0.24,0.09,-0.20,2.89,1.15,-1.88,"Page, Janie, Sila Kiliccote, Han Dudley, Mary Ann Piette, Albert K. Chiu, Bashar Kellow, Ed Koch, and Paul Lipkin Akuacom. 2011. Automated Demand Response Technology Demonstration for Small and Medium Commercial Buildings."
Trane,OAT_MA_CBL,9/27/10,17:00,18:00,73.44,58.33,50.94,0.25,0.22,0.21,2.94,2.33,2.04,"Page, Janie, Sila Kiliccote, Han Dudley, Mary Ann Piette, Albert K. Chiu, Bashar Kellow, Ed Koch, and Paul Lipkin Akuacom. 2011. Automated Demand Response Technology Demonstration for Small and Medium Commercial Buildings."
Trane,OAT_MA_CBL,9/27/10,14:00,18:00,73.44,17.19,-47.04,0.25,0.06,-0.20,2.94,0.69,-1.88,"Page, Janie, Sila Kiliccote, Han Dudley, Mary Ann Piette, Albert K. Chiu, Bashar Kellow, Ed Koch, and Paul Lipkin Akuacom. 2011. Automated Demand Response Technology Demonstration for Small and Medium Commercial Buildings."
Trane,10/10_CBL,9/27/10,14:00,15:00,-41.61,-55.37,-70.53,-0.19,-0.24,-0.30,-1.66,-2.21,-2.82,"Page, Janie, Sila Kiliccote, Han Dudley, Mary Ann Piette, Albert K. Chiu, Bashar Kellow, Ed Koch, and Paul Lipkin Akuacom. 2011. Automated Demand Response Technology Demonstration for Small and Medium Commercial Buildings."
Trane,10/10_CBL,9/27/10,15:00,16:00,-38.80,-52.71,-64.79,-0.17,-0.22,-0.28,-1.55,-2.11,-2.59,"Page, Janie, Sila Kiliccote, Han Dudley, Mary Ann Piette, Albert K. Chiu, Bashar Kellow, Ed Koch, and Paul Lipkin Akuacom. 2011. Automated Demand Response Technology Demonstration for Small and Medium Commercial Buildings."
Trane,10/10_CBL,9/27/10,16:00,17:00,19.70,-4.82,-36.84,0.08,-0.02,-0.15,0.79,-0.19,-1.47,"Page, Janie, Sila Kiliccote, Han Dudley, Mary Ann Piette, Albert K. Chiu, Bashar Kellow, Ed Koch, and Paul Lipkin Akuacom. 2011. Automated Demand Response Technology Demonstration for Small and Medium Commercial Buildings."
Trane,10/10_CBL,9/27/10,17:00,18:00,32.28,19.79,0.97,0.14,0.09,0.00,1.29,0.79,0.04,"Page, Janie, Sila Kiliccote, Han Dudley, Mary Ann Piette, Albert K. Chiu, Bashar Kellow, Ed Koch, and Paul Lipkin Akuacom. 2011. Automated Demand Response Technology Demonstration for Small and Medium Commercial Buildings."
Trane,10/10_CBL,9/27/10,14:00,18:00,32.28,-23.28,-70.53,0.14,-0.10,-0.30,1.29,-0.93,-2.82,"Page, Janie, Sila Kiliccote, Han Dudley, Mary Ann Piette, Albert K. Chiu, Bashar Kellow, Ed Koch, and Paul Lipkin Akuacom. 2011. Automated Demand Response Technology Demonstration for Small and Medium Commercial Buildings."
Trane,OAT_MA_CBL,9/28/10,14:00,15:00,18.86,-12.61,-38.76,0.07,-0.05,-0.16,0.75,-0.50,-1.55,"Page, Janie, Sila Kiliccote, Han Dudley, Mary Ann Piette, Albert K. Chiu, Bashar Kellow, Ed Koch, and Paul Lipkin Akuacom. 2011. Automated Demand Response Technology Demonstration for Small and Medium Commercial Buildings."
Trane,OAT_MA_CBL,9/28/10,15:00,16:00,-27.91,-50.26,-66.99,-0.10,-0.20,-0.27,-1.12,-2.01,-2.68,"Page, Janie, Sila Kiliccote, Han Dudley, Mary Ann Piette, Albert K. Chiu, Bashar Kellow, Ed Koch, and Paul Lipkin Akuacom. 2011. Automated Demand Response Technology Demonstration for Small and Medium Commercial Buildings."
Trane,OAT_MA_CBL,9/28/10,16:00,17:00,37.34,-0.33,-73.81,0.13,-0.02,-0.35,1.49,-0.01,-2.95,"Page, Janie, Sila Kiliccote, Han Dudley, Mary Ann Piette, Albert K. Chiu, Bashar Kellow, Ed Koch, and Paul Lipkin Akuacom. 2011. Automated Demand Response Technology Demonstration for Small and Medium Commercial Buildings."
Trane,OAT_MA_CBL,9/28/10,17:00,18:00,56.26,25.93,1.85,0.25,0.11,0.01,2.25,1.04,0.07,"Page, Janie, Sila Kiliccote, Han Dudley, Mary Ann Piette, Albert K. Chiu, Bashar Kellow, Ed Koch, and Paul Lipkin Akuacom. 2011. Automated Demand Response Technology Demonstration for Small and Medium Commercial Buildings."
Trane,OAT_MA_CBL,9/28/10,14:00,18:00,56.26,-9.32,-73.81,0.25,-0.04,-0.35,2.25,-0.37,-2.95,"Page, Janie, Sila Kiliccote, Han Dudley, Mary Ann Piette, Albert K. Chiu, Bashar Kellow, Ed Koch, and Paul Lipkin Akuacom. 2011. Automated Demand Response Technology Demonstration for Small and Medium Commercial Buildings."
Trane,10/10_CBL,9/28/10,14:00,15:00,-39.97,-48.77,-58.62,-0.18,-0.21,-0.25,-1.60,-1.95,-2.34,"Page, Janie, Sila Kiliccote, Han Dudley, Mary Ann Piette, Albert K. Chiu, Bashar Kellow, Ed Koch, and Paul Lipkin Akuacom. 2011. Automated Demand Response Technology Demonstration for Small and Medium Commercial Buildings."
Trane,10/10_CBL,9/28/10,15:00,16:00,-57.04,-67.77,-85.18,-0.24,-0.28,-0.36,-2.28,-2.71,-3.41,"Page, Janie, Sila Kiliccote, Han Dudley, Mary Ann Piette, Albert K. Chiu, Bashar Kellow, Ed Koch, and Paul Lipkin Akuacom. 2011. Automated Demand Response Technology Demonstration for Small and Medium Commercial Buildings."
Trane,10/10_CBL,9/28/10,16:00,17:00,4.32,-12.45,-37.97,0.02,-0.05,-0.15,0.17,-0.50,-1.52,"Page, Janie, Sila Kiliccote, Han Dudley, Mary Ann Piette, Albert K. Chiu, Bashar Kellow, Ed Koch, and Paul Lipkin Akuacom. 2011. Automated Demand Response Technology Demonstration for Small and Medium Commercial Buildings."
Trane,10/10_CBL,9/28/10,17:00,18:00,27.63,8.14,-14.77,0.14,0.04,-0.07,1.11,0.33,-0.59,"Page, Janie, Sila Kiliccote, Han Dudley, Mary Ann Piette, Albert K. Chiu, Bashar Kellow, Ed Koch, and Paul Lipkin Akuacom. 2011. Automated Demand Response Technology Demonstration for Small and Medium Commercial Buildings."
Trane,10/10_CBL,9/28/10,14:00,18:00,27.63,-30.21,-85.18,0.14,-0.13,-0.36,1.11,-1.21,-3.41,"Page, Janie, Sila Kiliccote, Han Dudley, Mary Ann Piette, Albert K. Chiu, Bashar Kellow, Ed Koch, and Paul Lipkin Akuacom. 2011. Automated Demand Response Technology Demonstration for Small and Medium Commercial Buildings."
Trane,OAT_MA_CBL,10/12/10,14:00,15:00,-19.60,-27.40,-39.84,-0.11,-0.15,-0.22,-0.78,-1.10,-1.59,"Page, Janie, Sila Kiliccote, Han Dudley, Mary Ann Piette, Albert K. Chiu, Bashar Kellow, Ed Koch, and Paul Lipkin Akuacom. 2011. Automated Demand Response Technology Demonstration for Small and Medium Commercial Buildings."
Trane,OAT_MA_CBL,10/12/10,15:00,16:00,-29.75,-42.06,-56.88,-0.17,-0.23,-0.31,-1.19,-1.68,-2.28,"Page, Janie, Sila Kiliccote, Han Dudley, Mary Ann Piette, Albert K. Chiu, Bashar Kellow, Ed Koch, and Paul Lipkin Akuacom. 2011. Automated Demand Response Technology Demonstration for Small and Medium Commercial Buildings."
Trane,OAT_MA_CBL,10/12/10,16:00,17:00,-33.24,-40.67,-46.40,-0.19,-0.23,-0.26,-1.33,-1.63,-1.86,"Page, Janie, Sila Kiliccote, Han Dudley, Mary Ann Piette, Albert K. Chiu, Bashar Kellow, Ed Koch, and Paul Lipkin Akuacom. 2011. Automated Demand Response Technology Demonstration for Small and Medium Commercial Buildings."
Trane,OAT_MA_CBL,10/12/10,17:00,18:00,-15.40,-33.39,-43.41,-0.12,-0.23,-0.32,-0.62,-1.34,-1.74,"Page, Janie, Sila Kiliccote, Han Dudley, Mary Ann Piette, Albert K. Chiu, Bashar Kellow, Ed Koch, and Paul Lipkin Akuacom. 2011. Automated Demand Response Technology Demonstration for Small and Medium Commercial Buildings."
Trane,OAT_MA_CBL,10/12/10,14:00,18:00,-15.40,-35.88,-56.88,-0.11,-0.21,-0.32,-0.62,-1.44,-2.28,"Page, Janie, Sila Kiliccote, Han Dudley, Mary Ann Piette, Albert K. Chiu, Bashar Kellow, Ed Koch, and Paul Lipkin Akuacom. 2011. Automated Demand Response Technology Demonstration for Small and Medium Commercial Buildings."
Trane,10/10_CBL,10/12/10,14:00,15:00,-20.15,-26.81,-36.54,-0.12,-0.15,-0.20,-0.81,-1.07,-1.46,"Page, Janie, Sila Kiliccote, Han Dudley, Mary Ann Piette, Albert K. Chiu, Bashar Kellow, Ed Koch, and Paul Lipkin Akuacom. 2011. Automated Demand Response Technology Demonstration for Small and Medium Commercial Buildings."
Trane,10/10_CBL,10/12/10,15:00,16:00,-24.72,-39.28,-52.95,-0.13,-0.21,-0.28,-0.99,-1.57,-2.12,"Page, Janie, Sila Kiliccote, Han Dudley, Mary Ann Piette, Albert K. Chiu, Bashar Kellow, Ed Koch, and Paul Lipkin Akuacom. 2011. Automated Demand Response Technology Demonstration for Small and Medium Commercial Buildings."
Trane,10/10_CBL,10/12/10,16:00,17:00,-30.29,-37.50,-47.08,-0.17,-0.21,-0.26,-1.21,-1.50,-1.88,"Page, Janie, Sila Kiliccote, Han Dudley, Mary Ann Piette, Albert K. Chiu, Bashar Kellow, Ed Koch, and Paul Lipkin Akuacom. 2011. Automated Demand Response Technology Demonstration for Small and Medium Commercial Buildings."
Trane,10/10_CBL,10/12/10,17:00,18:00,-13.99,-34.03,-44.62,-0.11,-0.23,-0.28,-0.56,-1.36,-1.78,"Page, Janie, Sila Kiliccote, Han Dudley, Mary Ann Piette, Albert K. Chiu, Bashar Kellow, Ed Koch, and Paul Lipkin Akuacom. 2011. Automated Demand Response Technology Demonstration for Small and Medium Commercial Buildings."
Trane,10/10_CBL,10/12/10,14:00,18:00,-13.99,-34.41,-52.95,-0.11,-0.20,-0.28,-0.56,-1.38,-2.12,"Page, Janie, Sila Kiliccote, Han Dudley, Mary Ann Piette, Albert K. Chiu, Bashar Kellow, Ed Koch, and Paul Lipkin Akuacom. 2011. Automated Demand Response Technology Demonstration for Small and Medium Commercial Buildings."
Trane,OAT_MA_CBL,10/13/10,14:00,15:00,31.22,-3.25,-45.16,0.16,-0.01,-0.23,1.25,-0.13,-1.81,"Page, Janie, Sila Kiliccote, Han Dudley, Mary Ann Piette, Albert K. Chiu, Bashar Kellow, Ed Koch, and Paul Lipkin Akuacom. 2011. Automated Demand Response Technology Demonstration for Small and Medium Commercial Buildings."
Trane,OAT_MA_CBL,10/13/10,15:00,16:00,-22.15,-33.88,-49.48,-0.11,-0.17,-0.24,-0.89,-1.36,-1.98,"Page, Janie, Sila Kiliccote, Han Dudley, Mary Ann Piette, Albert K. Chiu, Bashar Kellow, Ed Koch, and Paul Lipkin Akuacom. 2011. Automated Demand Response Technology Demonstration for Small and Medium Commercial Buildings."
Trane,OAT_MA_CBL,10/13/10,16:00,17:00,-25.31,-40.08,-63.90,-0.13,-0.21,-0.34,-1.01,-1.60,-2.56,"Page, Janie, Sila Kiliccote, Han Dudley, Mary Ann Piette, Albert K. Chiu, Bashar Kellow, Ed Koch, and Paul Lipkin Akuacom. 2011. Automated Demand Response Technology Demonstration for Small and Medium Commercial Buildings."
Trane,OAT_MA_CBL,10/13/10,17:00,18:00,-32.63,-43.19,-50.94,-0.18,-0.27,-0.35,-1.31,-1.73,-2.04,"Page, Janie, Sila Kiliccote, Han Dudley, Mary Ann Piette, Albert K. Chiu, Bashar Kellow, Ed Koch, and Paul Lipkin Akuacom. 2011. Automated Demand Response Technology Demonstration for Small and Medium Commercial Buildings."
Trane,OAT_MA_CBL,10/13/10,14:00,18:00,31.22,-30.10,-63.90,0.16,-0.17,-0.35,1.25,-1.20,-2.56,"Page, Janie, Sila Kiliccote, Han Dudley, Mary Ann Piette, Albert K. Chiu, Bashar Kellow, Ed Koch, and Paul Lipkin Akuacom. 2011. Automated Demand Response Technology Demonstration for Small and Medium Commercial Buildings."
Trane,10/10_CBL,10/13/10,14:00,15:00,34.70,-5.01,-51.24,0.18,-0.03,-0.27,1.39,-0.20,-2.05,"Page, Janie, Sila Kiliccote, Han Dudley, Mary Ann Piette, Albert K. Chiu, Bashar Kellow, Ed Koch, and Paul Lipkin Akuacom. 2011. Automated Demand Response Technology Demonstration for Small and Medium Commercial Buildings."
Trane,10/10_CBL,10/13/10,15:00,16:00,-25.60,-34.79,-48.69,-0.13,-0.17,-0.24,-1.02,-1.39,-1.95,"Page, Janie, Sila Kiliccote, Han Dudley, Mary Ann Piette, Albert K. Chiu, Bashar Kellow, Ed Koch, and Paul Lipkin Akuacom. 2011. Automated Demand Response Technology Demonstration for Small and Medium Commercial Buildings."
Trane,10/10_CBL,10/13/10,16:00,17:00,-26.84,-39.01,-58.76,-0.14,-0.20,-0.30,-1.07,-1.56,-2.35,"Page, Janie, Sila Kiliccote, Han Dudley, Mary Ann Piette, Albert K. Chiu, Bashar Kellow, Ed Koch, and Paul Lipkin Akuacom. 2011. Automated Demand Response Technology Demonstration for Small and Medium Commercial Buildings."
Trane,10/10_CBL,10/13/10,17:00,18:00,-38.48,-47.12,-53.28,-0.22,-0.30,-0.37,-1.54,-1.88,-2.13,"Page, Janie, Sila Kiliccote, Han Dudley, Mary Ann Piette, Albert K. Chiu, Bashar Kellow, Ed Koch, and Paul Lipkin Akuacom. 2011. Automated Demand Response Technology Demonstration for Small and Medium Commercial Buildings."
Trane,10/10_CBL,10/13/10,14:00,18:00,34.70,-31.48,-58.76,0.18,-0.18,-0.37,1.39,-1.26,-2.35,"Page, Janie, Sila Kiliccote, Han Dudley, Mary Ann Piette, Albert K. Chiu, Bashar Kellow, Ed Koch, and Paul Lipkin Akuacom. 2011. Automated Demand Response Technology Demonstration for Small and Medium Commercial Buildings."
Trane,OAT_MA_CBL,10/15/10,14:00,15:00,15.73,-8.89,-20.93,0.09,-0.04,-0.11,0.63,-0.36,-0.84,"Page, Janie, Sila Kiliccote, Han Dudley, Mary Ann Piette, Albert K. Chiu, Bashar Kellow, Ed Koch, and Paul Lipkin Akuacom. 2011. Automated Demand Response Technology Demonstration for Small and Medium Commercial Buildings."
Trane,OAT_MA_CBL,10/15/10,15:00,16:00,-13.63,-28.64,-38.62,-0.07,-0.14,-0.19,-0.55,-1.15,-1.54,"Page, Janie, Sila Kiliccote, Han Dudley, Mary Ann Piette, Albert K. Chiu, Bashar Kellow, Ed Koch, and Paul Lipkin Akuacom. 2011. Automated Demand Response Technology Demonstration for Small and Medium Commercial Buildings."
Trane,OAT_MA_CBL,10/15/10,16:00,17:00,-31.35,-38.71,-44.21,-0.16,-0.20,-0.23,-1.25,-1.55,-1.77,"Page, Janie, Sila Kiliccote, Han Dudley, Mary Ann Piette, Albert K. Chiu, Bashar Kellow, Ed Koch, and Paul Lipkin Akuacom. 2011. Automated Demand Response Technology Demonstration for Small and Medium Commercial Buildings."
Trane,OAT_MA_CBL,10/15/10,17:00,18:00,-21.22,-31.23,-42.52,-0.14,-0.19,-0.26,-0.85,-1.25,-1.7,"Page, Janie, Sila Kiliccote, Han Dudley, Mary Ann Piette, Albert K. Chiu, Bashar Kellow, Ed Koch, and Paul Lipkin Akuacom. 2011. Automated Demand Response Technology Demonstration for Small and Medium Commercial Buildings."
Trane,OAT_MA_CBL,10/15/10,14:00,18:00,15.73,-26.87,-44.21,0.09,-0.14,-0.26,0.63,-1.07,-1.77,"Page, Janie, Sila Kiliccote, Han Dudley, Mary Ann Piette, Albert K. Chiu, Bashar Kellow, Ed Koch, and Paul Lipkin Akuacom. 2011. Automated Demand Response Technology Demonstration for Small and Medium Commercial Buildings."
Trane,10/10_CBL,10/15/10,14:00,15:00,22.18,-7.07,-24.98,0.12,-0.04,-0.13,0.89,-0.28,-1,"Page, Janie, Sila Kiliccote, Han Dudley, Mary Ann Piette, Albert K. Chiu, Bashar Kellow, Ed Koch, and Paul Lipkin Akuacom. 2011. Automated Demand Response Technology Demonstration for Small and Medium Commercial Buildings."
Trane,10/10_CBL,10/15/10,15:00,16:00,-7.98,-25.67,-37.44,-0.04,-0.13,-0.18,-0.32,-1.03,-1.5,"Page, Janie, Sila Kiliccote, Han Dudley, Mary Ann Piette, Albert K. Chiu, Bashar Kellow, Ed Koch, and Paul Lipkin Akuacom. 2011. Automated Demand Response Technology Demonstration for Small and Medium Commercial Buildings."
Trane,10/10_CBL,10/15/10,16:00,17:00,-31.83,-37.48,-46.85,-0.16,-0.19,-0.24,-1.27,-1.50,-1.87,"Page, Janie, Sila Kiliccote, Han Dudley, Mary Ann Piette, Albert K. Chiu, Bashar Kellow, Ed Koch, and Paul Lipkin Akuacom. 2011. Automated Demand Response Technology Demonstration for Small and Medium Commercial Buildings."
Trane,10/10_CBL,10/15/10,17:00,18:00,-25.74,-38.22,-53.26,-0.18,-0.24,-0.34,-1.03,-1.53,-2.13,"Page, Janie, Sila Kiliccote, Han Dudley, Mary Ann Piette, Albert K. Chiu, Bashar Kellow, Ed Koch, and Paul Lipkin Akuacom. 2011. Automated Demand Response Technology Demonstration for Small and Medium Commercial Buildings."
Trane,10/10_CBL,10/15/10,14:00,18:00,22.18,-27.11,-53.26,0.12,-0.15,-0.34,0.89,-1.08,-2.13,"Page, Janie, Sila Kiliccote, Han Dudley, Mary Ann Piette, Albert K. Chiu, Bashar Kellow, Ed Koch, and Paul Lipkin Akuacom. 2011. Automated Demand Response Technology Demonstration for Small and Medium Commercial Buildings."
LimeAmps,OAT_MA_CBL,8/24/10,14:00,15:00,12.15,5.77,2.08,0.43,0.22,0.07,3.44,1.63,0.59,"Page, Janie, Sila Kiliccote, Han Dudley, Mary Ann Piette, Albert K. Chiu, Bashar Kellow, Ed Koch, and Paul Lipkin Akuacom. 2011. Automated Demand Response Technology Demonstration for Small and Medium Commercial Buildings."
LimeAmps,OAT_MA_CBL,8/24/10,15:00,16:00,1.78,-0.92,-7.85,0.06,-0.05,-0.34,0.50,-0.26,-2.22,"Page, Janie, Sila Kiliccote, Han Dudley, Mary Ann Piette, Albert K. Chiu, Bashar Kellow, Ed Koch, and Paul Lipkin Akuacom. 2011. Automated Demand Response Technology Demonstration for Small and Medium Commercial Buildings."
LimeAmps,OAT_MA_CBL,8/24/10,16:00,17:00,2.61,0.08,-1.99,0.08,0.00,-0.07,0.74,0.02,-0.56,"Page, Janie, Sila Kiliccote, Han Dudley, Mary Ann Piette, Albert K. Chiu, Bashar Kellow, Ed Koch, and Paul Lipkin Akuacom. 2011. Automated Demand Response Technology Demonstration for Small and Medium Commercial Buildings."
LimeAmps,OAT_MA_CBL,8/24/10,17:00,18:00,4.51,2.90,0.30,0.15,0.10,0.01,1.28,0.82,0.09,"Page, Janie, Sila Kiliccote, Han Dudley, Mary Ann Piette, Albert K. Chiu, Bashar Kellow, Ed Koch, and Paul Lipkin Akuacom. 2011. Automated Demand Response Technology Demonstration for Small and Medium Commercial Buildings."
LimeAmps,OAT_MA_CBL,8/24/10,14:00,18:00,12.15,1.96,-7.85,0.43,0.07,-0.34,3.44,0.55,-2.22,"Page, Janie, Sila Kiliccote, Han Dudley, Mary Ann Piette, Albert K. Chiu, Bashar Kellow, Ed Koch, and Paul Lipkin Akuacom. 2011. Automated Demand Response Technology Demonstration for Small and Medium Commercial Buildings."
LimeAmps,10/10_CBL,8/24/10,14:00,15:00,11.95,6.73,2.39,0.42,0.24,0.08,3.38,1.91,0.68,"Page, Janie, Sila Kiliccote, Han Dudley, Mary Ann Piette, Albert K. Chiu, Bashar Kellow, Ed Koch, and Paul Lipkin Akuacom. 2011. Automated Demand Response Technology Demonstration for Small and Medium Commercial Buildings."
LimeAmps,10/10_CBL,8/24/10,15:00,16:00,0.68,-1.27,-6.20,0.03,-0.05,-0.25,0.19,-0.36,-1.76,"Page, Janie, Sila Kiliccote, Han Dudley, Mary Ann Piette, Albert K. Chiu, Bashar Kellow, Ed Koch, and Paul Lipkin Akuacom. 2011. Automated Demand Response Technology Demonstration for Small and Medium Commercial Buildings."
LimeAmps,10/10_CBL,8/24/10,16:00,17:00,1.16,-1.15,-2.66,0.04,-0.04,-0.09,0.33,-0.33,-0.75,"Page, Janie, Sila Kiliccote, Han Dudley, Mary Ann Piette, Albert K. Chiu, Bashar Kellow, Ed Koch, and Paul Lipkin Akuacom. 2011. Automated Demand Response Technology Demonstration for Small and Medium Commercial Buildings."
LimeAmps,10/10_CBL,8/24/10,17:00,18:00,2.62,1.28,-1.10,0.09,0.05,-0.05,0.74,0.36,-0.31,"Page, Janie, Sila Kiliccote, Han Dudley, Mary Ann Piette, Albert K. Chiu, Bashar Kellow, Ed Koch, and Paul Lipkin Akuacom. 2011. Automated Demand Response Technology Demonstration for Small and Medium Commercial Buildings."
LimeAmps,10/10_CBL,8/24/10,14:00,18:00,11.95,1.40,-6.20,0.42,0.05,-0.25,3.38,0.40,-1.76,"Page, Janie, Sila Kiliccote, Han Dudley, Mary Ann Piette, Albert K. Chiu, Bashar Kellow, Ed Koch, and Paul Lipkin Akuacom. 2011. Automated Demand Response Technology Demonstration for Small and Medium Commercial Buildings."
LimeAmps,OAT_MA_CBL,9/1/10,14:00,15:00,7.71,2.52,-1.59,2.18,0.71,-0.45,0.38,0.13,-0.08,"Page, Janie, Sila Kiliccote, Han Dudley, Mary Ann Piette, Albert K. Chiu, Bashar Kellow, Ed Koch, and Paul Lipkin Akuacom. 2011. Automated Demand Response Technology Demonstration for Small and Medium Commercial Buildings."
LimeAmps,OAT_MA_CBL,9/1/10,15:00,16:00,5.15,3.09,-1.05,1.46,0.87,-0.30,0.28,0.16,-0.06,"Page, Janie, Sila Kiliccote, Han Dudley, Mary Ann Piette, Albert K. Chiu, Bashar Kellow, Ed Koch, and Paul Lipkin Akuacom. 2011. Automated Demand Response Technology Demonstration for Small and Medium Commercial Buildings."
LimeAmps,OAT_MA_CBL,9/1/10,16:00,17:00,4.29,0.27,-6.57,1.21,0.08,-1.86,0.18,0.00,-0.33,"Page, Janie, Sila Kiliccote, Han Dudley, Mary Ann Piette, Albert K. Chiu, Bashar Kellow, Ed Koch, and Paul Lipkin Akuacom. 2011. Automated Demand Response Technology Demonstration for Small and Medium Commercial Buildings."
LimeAmps,OAT_MA_CBL,9/1/10,17:00,18:00,3.77,-0.27,-6.43,1.07,-0.08,-1.82,0.17,-0.02,-0.33,"Page, Janie, Sila Kiliccote, Han Dudley, Mary Ann Piette, Albert K. Chiu, Bashar Kellow, Ed Koch, and Paul Lipkin Akuacom. 2011. Automated Demand Response Technology Demonstration for Small and Medium Commercial Buildings."
LimeAmps,OAT_MA_CBL,9/1/10,14:00,18:00,7.71,1.40,-6.57,2.18,0.40,-1.86,0.38,0.07,-0.33,"Page, Janie, Sila Kiliccote, Han Dudley, Mary Ann Piette, Albert K. Chiu, Bashar Kellow, Ed Koch, and Paul Lipkin Akuacom. 2011. Automated Demand Response Technology Demonstration for Small and Medium Commercial Buildings."
LimeAmps,10/10_CBL,9/1/10,14:00,15:00,8.96,3.26,-0.78,2.54,0.92,-0.22,0.42,0.16,-0.04,"Page, Janie, Sila Kiliccote, Han Dudley, Mary Ann Piette, Albert K. Chiu, Bashar Kellow, Ed Koch, and Paul Lipkin Akuacom. 2011. Automated Demand Response Technology Demonstration for Small and Medium Commercial Buildings."
LimeAmps,10/10_CBL,9/1/10,15:00,16:00,5.96,3.27,-0.63,1.69,0.93,-0.18,0.31,0.17,-0.03,"Page, Janie, Sila Kiliccote, Han Dudley, Mary Ann Piette, Albert K. Chiu, Bashar Kellow, Ed Koch, and Paul Lipkin Akuacom. 2011. Automated Demand Response Technology Demonstration for Small and Medium Commercial Buildings."
LimeAmps,10/10_CBL,9/1/10,16:00,17:00,3.44,-0.11,-6.07,0.97,-0.03,-1.72,0.15,-0.01,-0.3,"Page, Janie, Sila Kiliccote, Han Dudley, Mary Ann Piette, Albert K. Chiu, Bashar Kellow, Ed Koch, and Paul Lipkin Akuacom. 2011. Automated Demand Response Technology Demonstration for Small and Medium Commercial Buildings."
LimeAmps,10/10_CBL,9/1/10,17:00,18:00,1.72,-1.33,-6.11,0.49,-0.38,-1.73,0.08,-0.07,-0.31,"Page, Janie, Sila Kiliccote, Han Dudley, Mary Ann Piette, Albert K. Chiu, Bashar Kellow, Ed Koch, and Paul Lipkin Akuacom. 2011. Automated Demand Response Technology Demonstration for Small and Medium Commercial Buildings."
LimeAmps,10/10_CBL,9/1/10,14:00,18:00,8.96,1.27,-6.11,2.54,0.36,-1.73,0.42,0.06,-0.31,"Page, Janie, Sila Kiliccote, Han Dudley, Mary Ann Piette, Albert K. Chiu, Bashar Kellow, Ed Koch, and Paul Lipkin Akuacom. 2011. Automated Demand Response Technology Demonstration for Small and Medium Commercial Buildings."
LimeAmps,OAT_MA_CBL,9/2/10,14:00,15:00,3.46,0.11,-2.95,0.17,0.01,-0.13,0.98,0.03,-0.84,"Page, Janie, Sila Kiliccote, Han Dudley, Mary Ann Piette, Albert K. Chiu, Bashar Kellow, Ed Koch, and Paul Lipkin Akuacom. 2011. Automated Demand Response Technology Demonstration for Small and Medium Commercial Buildings."
LimeAmps,OAT_MA_CBL,9/2/10,15:00,16:00,6.83,2.81,0.88,0.35,0.14,0.04,1.93,0.80,0.25,"Page, Janie, Sila Kiliccote, Han Dudley, Mary Ann Piette, Albert K. Chiu, Bashar Kellow, Ed Koch, and Paul Lipkin Akuacom. 2011. Automated Demand Response Technology Demonstration for Small and Medium Commercial Buildings."
LimeAmps,OAT_MA_CBL,9/2/10,16:00,17:00,2.12,1.45,0.38,0.10,0.07,0.02,0.60,0.41,0.11,"Page, Janie, Sila Kiliccote, Han Dudley, Mary Ann Piette, Albert K. Chiu, Bashar Kellow, Ed Koch, and Paul Lipkin Akuacom. 2011. Automated Demand Response Technology Demonstration for Small and Medium Commercial Buildings."
LimeAmps,OAT_MA_CBL,9/2/10,17:00,18:00,1.99,-1.62,-6.11,0.09,-0.09,-0.32,0.56,-0.46,-1.73,"Page, Janie, Sila Kiliccote, Han Dudley, Mary Ann Piette, Albert K. Chiu, Bashar Kellow, Ed Koch, and Paul Lipkin Akuacom. 2011. Automated Demand Response Technology Demonstration for Small and Medium Commercial Buildings."
LimeAmps,OAT_MA_CBL,9/2/10,14:00,18:00,6.83,0.69,-6.11,0.35,0.03,-0.32,1.93,0.20,-1.73,"Page, Janie, Sila Kiliccote, Han Dudley, Mary Ann Piette, Albert K. Chiu, Bashar Kellow, Ed Koch, and Paul Lipkin Akuacom. 2011. Automated Demand Response Technology Demonstration for Small and Medium Commercial Buildings."
LimeAmps,10/10_CBL,9/2/10,14:00,15:00,3.78,1.02,-2.00,0.18,0.05,-0.08,1.07,0.29,-0.57,"Page, Janie, Sila Kiliccote, Han Dudley, Mary Ann Piette, Albert K. Chiu, Bashar Kellow, Ed Koch, and Paul Lipkin Akuacom. 2011. Automated Demand Response Technology Demonstration for Small and Medium Commercial Buildings."
LimeAmps,10/10_CBL,9/2/10,15:00,16:00,7.24,3.63,1.60,0.36,0.18,0.08,2.05,1.03,0.45,"Page, Janie, Sila Kiliccote, Han Dudley, Mary Ann Piette, Albert K. Chiu, Bashar Kellow, Ed Koch, and Paul Lipkin Akuacom. 2011. Automated Demand Response Technology Demonstration for Small and Medium Commercial Buildings."
LimeAmps,10/10_CBL,9/2/10,16:00,17:00,3.67,2.88,2.21,0.17,0.12,0.10,1.04,0.82,0.63,"Page, Janie, Sila Kiliccote, Han Dudley, Mary Ann Piette, Albert K. Chiu, Bashar Kellow, Ed Koch, and Paul Lipkin Akuacom. 2011. Automated Demand Response Technology Demonstration for Small and Medium Commercial Buildings."
LimeAmps,10/10_CBL,9/2/10,17:00,18:00,2.81,-0.13,-3.57,0.13,-0.01,-0.17,0.80,-0.04,-1.01,"Page, Janie, Sila Kiliccote, Han Dudley, Mary Ann Piette, Albert K. Chiu, Bashar Kellow, Ed Koch, and Paul Lipkin Akuacom. 2011. Automated Demand Response Technology Demonstration for Small and Medium Commercial Buildings."
LimeAmps,10/10_CBL,9/2/10,14:00,18:00,7.24,1.85,-3.57,0.36,0.09,-0.17,2.05,0.52,-1.01,"Page, Janie, Sila Kiliccote, Han Dudley, Mary Ann Piette, Albert K. Chiu, Bashar Kellow, Ed Koch, and Paul Lipkin Akuacom. 2011. Automated Demand Response Technology Demonstration for Small and Medium Commercial Buildings."
LimeAmps,OAT_MA_CBL,9/24/10,14:00,15:00,0.32,-2.03,-4.69,0.01,-0.09,-0.21,0.09,-0.58,-1.33,"Page, Janie, Sila Kiliccote, Han Dudley, Mary Ann Piette, Albert K. Chiu, Bashar Kellow, Ed Koch, and Paul Lipkin Akuacom. 2011. Automated Demand Response Technology Demonstration for Small and Medium Commercial Buildings."
LimeAmps,OAT_MA_CBL,9/24/10,15:00,16:00,1.34,0.22,-1.91,0.07,0.01,-0.10,0.38,0.06,-0.54,"Page, Janie, Sila Kiliccote, Han Dudley, Mary Ann Piette, Albert K. Chiu, Bashar Kellow, Ed Koch, and Paul Lipkin Akuacom. 2011. Automated Demand Response Technology Demonstration for Small and Medium Commercial Buildings."
LimeAmps,OAT_MA_CBL,9/24/10,16:00,17:00,5.83,1.37,-1.89,0.24,0.06,-0.08,1.65,0.39,-0.53,"Page, Janie, Sila Kiliccote, Han Dudley, Mary Ann Piette, Albert K. Chiu, Bashar Kellow, Ed Koch, and Paul Lipkin Akuacom. 2011. Automated Demand Response Technology Demonstration for Small and Medium Commercial Buildings."
LimeAmps,OAT_MA_CBL,9/24/10,17:00,18:00,0.05,-2.95,-7.23,0.00,-0.14,-0.35,0.01,-0.84,-2.05,"Page, Janie, Sila Kiliccote, Han Dudley, Mary Ann Piette, Albert K. Chiu, Bashar Kellow, Ed Koch, and Paul Lipkin Akuacom. 2011. Automated Demand Response Technology Demonstration for Small and Medium Commercial Buildings."
LimeAmps,OAT_MA_CBL,9/24/10,14:00,18:00,5.83,-0.85,-7.23,0.24,-0.04,-0.35,1.65,-0.24,-2.05,"Page, Janie, Sila Kiliccote, Han Dudley, Mary Ann Piette, Albert K. Chiu, Bashar Kellow, Ed Koch, and Paul Lipkin Akuacom. 2011. Automated Demand Response Technology Demonstration for Small and Medium Commercial Buildings."
LimeAmps,10/10_CBL,9/24/10,14:00,15:00,-1.73,-3.28,-4.58,-0.09,-0.16,-0.21,-0.49,-0.93,-1.3,"Page, Janie, Sila Kiliccote, Han Dudley, Mary Ann Piette, Albert K. Chiu, Bashar Kellow, Ed Koch, and Paul Lipkin Akuacom. 2011. Automated Demand Response Technology Demonstration for Small and Medium Commercial Buildings."
LimeAmps,10/10_CBL,9/24/10,15:00,16:00,1.34,-0.41,-2.25,0.07,-0.02,-0.12,0.38,-0.12,-0.64,"Page, Janie, Sila Kiliccote, Han Dudley, Mary Ann Piette, Albert K. Chiu, Bashar Kellow, Ed Koch, and Paul Lipkin Akuacom. 2011. Automated Demand Response Technology Demonstration for Small and Medium Commercial Buildings."
LimeAmps,10/10_CBL,9/24/10,16:00,17:00,4.99,0.76,-2.94,0.22,0.03,-0.13,1.41,0.22,-0.83,"Page, Janie, Sila Kiliccote, Han Dudley, Mary Ann Piette, Albert K. Chiu, Bashar Kellow, Ed Koch, and Paul Lipkin Akuacom. 2011. Automated Demand Response Technology Demonstration for Small and Medium Commercial Buildings."
LimeAmps,10/10_CBL,9/24/10,17:00,18:00,-2.12,-4.88,-8.34,-0.09,-0.24,-0.42,-0.60,-1.38,-2.36,"Page, Janie, Sila Kiliccote, Han Dudley, Mary Ann Piette, Albert K. Chiu, Bashar Kellow, Ed Koch, and Paul Lipkin Akuacom. 2011. Automated Demand Response Technology Demonstration for Small and Medium Commercial Buildings."
LimeAmps,10/10_CBL,9/24/10,14:00,18:00,4.99,-1.95,-8.34,0.22,-0.10,-0.42,1.41,-0.55,-2.36,"Page, Janie, Sila Kiliccote, Han Dudley, Mary Ann Piette, Albert K. Chiu, Bashar Kellow, Ed Koch, and Paul Lipkin Akuacom. 2011. Automated Demand Response Technology Demonstration for Small and Medium Commercial Buildings."
LimeAmps,OAT_MA_CBL,9/27/10,14:00,15:00,5.29,1.46,-0.16,0.22,0.06,-0.01,1.50,0.41,-0.05,"Page, Janie, Sila Kiliccote, Han Dudley, Mary Ann Piette, Albert K. Chiu, Bashar Kellow, Ed Koch, and Paul Lipkin Akuacom. 2011. Automated Demand Response Technology Demonstration for Small and Medium Commercial Buildings."
LimeAmps,OAT_MA_CBL,9/27/10,15:00,16:00,4.00,0.06,-3.43,0.18,0.00,-0.15,1.13,0.02,-0.97,"Page, Janie, Sila Kiliccote, Han Dudley, Mary Ann Piette, Albert K. Chiu, Bashar Kellow, Ed Koch, and Paul Lipkin Akuacom. 2011. Automated Demand Response Technology Demonstration for Small and Medium Commercial Buildings."
LimeAmps,OAT_MA_CBL,9/27/10,16:00,17:00,7.03,4.71,2.45,0.25,0.18,0.11,1.99,1.34,0.7,"Page, Janie, Sila Kiliccote, Han Dudley, Mary Ann Piette, Albert K. Chiu, Bashar Kellow, Ed Koch, and Paul Lipkin Akuacom. 2011. Automated Demand Response Technology Demonstration for Small and Medium Commercial Buildings."
LimeAmps,OAT_MA_CBL,9/27/10,17:00,18:00,1.73,1.22,0.91,0.07,0.05,0.04,0.49,0.34,0.26,"Page, Janie, Sila Kiliccote, Han Dudley, Mary Ann Piette, Albert K. Chiu, Bashar Kellow, Ed Koch, and Paul Lipkin Akuacom. 2011. Automated Demand Response Technology Demonstration for Small and Medium Commercial Buildings."
LimeAmps,OAT_MA_CBL,9/27/10,14:00,18:00,7.03,1.86,-3.43,0.25,0.07,-0.15,1.99,0.53,-0.97,"Page, Janie, Sila Kiliccote, Han Dudley, Mary Ann Piette, Albert K. Chiu, Bashar Kellow, Ed Koch, and Paul Lipkin Akuacom. 2011. Automated Demand Response Technology Demonstration for Small and Medium Commercial Buildings."
LimeAmps,10/10_CBL,9/27/10,14:00,15:00,6.16,0.09,-3.40,0.24,0.00,-0.15,1.74,0.02,-0.96,"Page, Janie, Sila Kiliccote, Han Dudley, Mary Ann Piette, Albert K. Chiu, Bashar Kellow, Ed Koch, and Paul Lipkin Akuacom. 2011. Automated Demand Response Technology Demonstration for Small and Medium Commercial Buildings."
LimeAmps,10/10_CBL,9/27/10,15:00,16:00,4.14,-0.45,-4.66,0.18,-0.02,-0.22,1.17,-0.13,-1.32,"Page, Janie, Sila Kiliccote, Han Dudley, Mary Ann Piette, Albert K. Chiu, Bashar Kellow, Ed Koch, and Paul Lipkin Akuacom. 2011. Automated Demand Response Technology Demonstration for Small and Medium Commercial Buildings."
LimeAmps,10/10_CBL,9/27/10,16:00,17:00,5.98,3.92,1.41,0.23,0.15,0.06,1.69,1.11,0.4,"Page, Janie, Sila Kiliccote, Han Dudley, Mary Ann Piette, Albert K. Chiu, Bashar Kellow, Ed Koch, and Paul Lipkin Akuacom. 2011. Automated Demand Response Technology Demonstration for Small and Medium Commercial Buildings."
LimeAmps,10/10_CBL,9/27/10,17:00,18:00,2.22,-0.98,-4.04,0.09,-0.05,-0.19,0.63,-0.28,-1.14,"Page, Janie, Sila Kiliccote, Han Dudley, Mary Ann Piette, Albert K. Chiu, Bashar Kellow, Ed Koch, and Paul Lipkin Akuacom. 2011. Automated Demand Response Technology Demonstration for Small and Medium Commercial Buildings."
LimeAmps,10/10_CBL,9/27/10,14:00,18:00,6.16,0.64,-4.66,0.24,0.02,-0.22,1.74,0.18,-1.32,"Page, Janie, Sila Kiliccote, Han Dudley, Mary Ann Piette, Albert K. Chiu, Bashar Kellow, Ed Koch, and Paul Lipkin Akuacom. 2011. Automated Demand Response Technology Demonstration for Small and Medium Commercial Buildings."
LimeAmps,OAT_MA_CBL,9/28/10,14:00,15:00,2.25,-3.64,-7.27,0.08,-0.15,-0.29,0.64,-1.03,-2.06,"Page, Janie, Sila Kiliccote, Han Dudley, Mary Ann Piette, Albert K. Chiu, Bashar Kellow, Ed Koch, and Paul Lipkin Akuacom. 2011. Automated Demand Response Technology Demonstration for Small and Medium Commercial Buildings."
LimeAmps,OAT_MA_CBL,9/28/10,15:00,16:00,-3.59,-4.93,-8.08,-0.16,-0.22,-0.36,-1.02,-1.40,-2.29,"Page, Janie, Sila Kiliccote, Han Dudley, Mary Ann Piette, Albert K. Chiu, Bashar Kellow, Ed Koch, and Paul Lipkin Akuacom. 2011. Automated Demand Response Technology Demonstration for Small and Medium Commercial Buildings."
LimeAmps,OAT_MA_CBL,9/28/10,16:00,17:00,9.61,0.66,-4.16,0.34,0.02,-0.18,2.72,0.19,-1.18,"Page, Janie, Sila Kiliccote, Han Dudley, Mary Ann Piette, Albert K. Chiu, Bashar Kellow, Ed Koch, and Paul Lipkin Akuacom. 2011. Automated Demand Response Technology Demonstration for Small and Medium Commercial Buildings."
LimeAmps,OAT_MA_CBL,9/28/10,17:00,18:00,1.73,-0.67,-3.71,0.07,-0.03,-0.14,0.49,-0.19,-1.05,"Page, Janie, Sila Kiliccote, Han Dudley, Mary Ann Piette, Albert K. Chiu, Bashar Kellow, Ed Koch, and Paul Lipkin Akuacom. 2011. Automated Demand Response Technology Demonstration for Small and Medium Commercial Buildings."
LimeAmps,OAT_MA_CBL,9/28/10,14:00,18:00,9.61,-2.15,-8.08,2.72,-0.61,-2.29,0.34,-0.09,-0.36,"Page, Janie, Sila Kiliccote, Han Dudley, Mary Ann Piette, Albert K. Chiu, Bashar Kellow, Ed Koch, and Paul Lipkin Akuacom. 2011. Automated Demand Response Technology Demonstration for Small and Medium Commercial Buildings."
LimeAmps,10/10_CBL,9/28/10,14:00,15:00,-1.43,-5.35,-8.54,-0.06,-0.23,-0.36,-0.40,-1.52,-2.42,"Page, Janie, Sila Kiliccote, Han Dudley, Mary Ann Piette, Albert K. Chiu, Bashar Kellow, Ed Koch, and Paul Lipkin Akuacom. 2011. Automated Demand Response Technology Demonstration for Small and Medium Commercial Buildings."
LimeAmps,10/10_CBL,9/28/10,15:00,16:00,-3.77,-5.48,-7.36,-0.16,-0.24,-0.32,-1.07,-1.55,-2.09,"Page, Janie, Sila Kiliccote, Han Dudley, Mary Ann Piette, Albert K. Chiu, Bashar Kellow, Ed Koch, and Paul Lipkin Akuacom. 2011. Automated Demand Response Technology Demonstration for Small and Medium Commercial Buildings."
LimeAmps,10/10_CBL,9/28/10,16:00,17:00,8.69,0.01,-3.24,0.32,0.00,-0.13,2.46,0.00,-0.92,"Page, Janie, Sila Kiliccote, Han Dudley, Mary Ann Piette, Albert K. Chiu, Bashar Kellow, Ed Koch, and Paul Lipkin Akuacom. 2011. Automated Demand Response Technology Demonstration for Small and Medium Commercial Buildings."
LimeAmps,10/10_CBL,9/28/10,17:00,18:00,2.62,-2.38,-8.02,0.10,-0.11,-0.36,0.74,-0.67,-2.27,"Page, Janie, Sila Kiliccote, Han Dudley, Mary Ann Piette, Albert K. Chiu, Bashar Kellow, Ed Koch, and Paul Lipkin Akuacom. 2011. Automated Demand Response Technology Demonstration for Small and Medium Commercial Buildings."
LimeAmps,10/10_CBL,9/28/10,14:00,18:00,8.69,-3.30,-8.54,2.46,-0.93,-2.42,0.32,-0.15,-0.36,"Page, Janie, Sila Kiliccote, Han Dudley, Mary Ann Piette, Albert K. Chiu, Bashar Kellow, Ed Koch, and Paul Lipkin Akuacom. 2011. Automated Demand Response Technology Demonstration for Small and Medium Commercial Buildings."
LimeAmps,OAT_MA_CBL,10/7/10,14:00,15:00,1.32,-1.03,-2.44,0.07,-0.07,-0.14,0.37,-0.29,-0.69,"Page, Janie, Sila Kiliccote, Han Dudley, Mary Ann Piette, Albert K. Chiu, Bashar Kellow, Ed Koch, and Paul Lipkin Akuacom. 2011. Automated Demand Response Technology Demonstration for Small and Medium Commercial Buildings."
LimeAmps,OAT_MA_CBL,10/7/10,15:00,16:00,3.25,-0.90,-6.00,0.19,-0.06,-0.37,0.92,-0.25,-1.7,"Page, Janie, Sila Kiliccote, Han Dudley, Mary Ann Piette, Albert K. Chiu, Bashar Kellow, Ed Koch, and Paul Lipkin Akuacom. 2011. Automated Demand Response Technology Demonstration for Small and Medium Commercial Buildings."
LimeAmps,OAT_MA_CBL,10/7/10,16:00,17:00,4.59,1.87,-1.41,0.24,0.10,-0.07,1.30,0.53,-0.4,"Page, Janie, Sila Kiliccote, Han Dudley, Mary Ann Piette, Albert K. Chiu, Bashar Kellow, Ed Koch, and Paul Lipkin Akuacom. 2011. Automated Demand Response Technology Demonstration for Small and Medium Commercial Buildings."
LimeAmps,OAT_MA_CBL,10/7/10,17:00,18:00,6.47,1.06,-1.79,0.35,0.06,-0.10,1.83,0.30,-0.51,"Page, Janie, Sila Kiliccote, Han Dudley, Mary Ann Piette, Albert K. Chiu, Bashar Kellow, Ed Koch, and Paul Lipkin Akuacom. 2011. Automated Demand Response Technology Demonstration for Small and Medium Commercial Buildings."
LimeAmps,OAT_MA_CBL,10/7/10,14:00,18:00,6.47,0.25,-6.00,0.35,0.01,-0.37,1.83,0.07,-1.7,"Page, Janie, Sila Kiliccote, Han Dudley, Mary Ann Piette, Albert K. Chiu, Bashar Kellow, Ed Koch, and Paul Lipkin Akuacom. 2011. Automated Demand Response Technology Demonstration for Small and Medium Commercial Buildings."
LimeAmps,10/10_CBL,10/7/10,14:00,15:00,3.22,1.13,-1.20,0.15,0.05,-0.07,0.91,0.32,-0.34,"Page, Janie, Sila Kiliccote, Han Dudley, Mary Ann Piette, Albert K. Chiu, Bashar Kellow, Ed Koch, and Paul Lipkin Akuacom. 2011. Automated Demand Response Technology Demonstration for Small and Medium Commercial Buildings."
LimeAmps,10/10_CBL,10/7/10,15:00,16:00,6.11,-0.52,-4.86,0.31,-0.04,-0.28,1.73,-0.15,-1.38,"Page, Janie, Sila Kiliccote, Han Dudley, Mary Ann Piette, Albert K. Chiu, Bashar Kellow, Ed Koch, and Paul Lipkin Akuacom. 2011. Automated Demand Response Technology Demonstration for Small and Medium Commercial Buildings."
LimeAmps,10/10_CBL,10/7/10,16:00,17:00,3.00,1.15,-0.49,0.17,0.07,-0.02,0.85,0.33,-0.14,"Page, Janie, Sila Kiliccote, Han Dudley, Mary Ann Piette, Albert K. Chiu, Bashar Kellow, Ed Koch, and Paul Lipkin Akuacom. 2011. Automated Demand Response Technology Demonstration for Small and Medium Commercial Buildings."
LimeAmps,10/10_CBL,10/7/10,17:00,18:00,6.75,0.92,-2.52,0.36,0.05,-0.13,1.91,0.26,-0.71,"Page, Janie, Sila Kiliccote, Han Dudley, Mary Ann Piette, Albert K. Chiu, Bashar Kellow, Ed Koch, and Paul Lipkin Akuacom. 2011. Automated Demand Response Technology Demonstration for Small and Medium Commercial Buildings."
LimeAmps,10/10_CBL,10/7/10,14:00,18:00,6.75,0.67,-4.86,0.36,0.03,-0.28,1.91,0.19,-1.38,"Page, Janie, Sila Kiliccote, Han Dudley, Mary Ann Piette, Albert K. Chiu, Bashar Kellow, Ed Koch, and Paul Lipkin Akuacom. 2011. Automated Demand Response Technology Demonstration for Small and Medium Commercial Buildings."
LimeAmps,OAT_MA_CBL,10/13/10,14:00,15:00,5.57,-1.39,-10.03,0.21,-0.08,-0.47,1.58,-0.39,-2.84,"Page, Janie, Sila Kiliccote, Han Dudley, Mary Ann Piette, Albert K. Chiu, Bashar Kellow, Ed Koch, and Paul Lipkin Akuacom. 2011. Automated Demand Response Technology Demonstration for Small and Medium Commercial Buildings."
LimeAmps,OAT_MA_CBL,10/13/10,15:00,16:00,7.51,1.08,-6.79,0.32,0.03,-0.33,2.13,0.30,-1.92,"Page, Janie, Sila Kiliccote, Han Dudley, Mary Ann Piette, Albert K. Chiu, Bashar Kellow, Ed Koch, and Paul Lipkin Akuacom. 2011. Automated Demand Response Technology Demonstration for Small and Medium Commercial Buildings."
LimeAmps,OAT_MA_CBL,10/13/10,16:00,17:00,3.45,-0.95,-4.86,0.12,-0.04,-0.20,0.98,-0.27,-1.38,"Page, Janie, Sila Kiliccote, Han Dudley, Mary Ann Piette, Albert K. Chiu, Bashar Kellow, Ed Koch, and Paul Lipkin Akuacom. 2011. Automated Demand Response Technology Demonstration for Small and Medium Commercial Buildings."
LimeAmps,OAT_MA_CBL,10/13/10,17:00,18:00,2.54,-1.24,-4.48,0.11,-0.05,-0.19,0.72,-0.35,-1.27,"Page, Janie, Sila Kiliccote, Han Dudley, Mary Ann Piette, Albert K. Chiu, Bashar Kellow, Ed Koch, and Paul Lipkin Akuacom. 2011. Automated Demand Response Technology Demonstration for Small and Medium Commercial Buildings."
LimeAmps,OAT_MA_CBL,10/13/10,14:00,18:00,7.51,-0.63,-10.03,0.32,-0.04,-0.47,2.13,-0.18,-2.84,"Page, Janie, Sila Kiliccote, Han Dudley, Mary Ann Piette, Albert K. Chiu, Bashar Kellow, Ed Koch, and Paul Lipkin Akuacom. 2011. Automated Demand Response Technology Demonstration for Small and Medium Commercial Buildings."
LimeAmps,10/10_CBL,10/13/10,14:00,15:00,4.76,-1.33,-9.08,0.18,-0.06,-0.40,1.35,-0.38,-2.57,"Page, Janie, Sila Kiliccote, Han Dudley, Mary Ann Piette, Albert K. Chiu, Bashar Kellow, Ed Koch, and Paul Lipkin Akuacom. 2011. Automated Demand Response Technology Demonstration for Small and Medium Commercial Buildings."
LimeAmps,10/10_CBL,10/13/10,15:00,16:00,5.63,-0.86,-6.64,0.26,-0.04,-0.32,1.60,-0.24,-1.88,"Page, Janie, Sila Kiliccote, Han Dudley, Mary Ann Piette, Albert K. Chiu, Bashar Kellow, Ed Koch, and Paul Lipkin Akuacom. 2011. Automated Demand Response Technology Demonstration for Small and Medium Commercial Buildings."
LimeAmps,10/10_CBL,10/13/10,16:00,17:00,-0.01,-2.70,-5.52,0.00,-0.12,-0.23,0.00,-0.76,-1.56,"Page, Janie, Sila Kiliccote, Han Dudley, Mary Ann Piette, Albert K. Chiu, Bashar Kellow, Ed Koch, and Paul Lipkin Akuacom. 2011. Automated Demand Response Technology Demonstration for Small and Medium Commercial Buildings."
LimeAmps,10/10_CBL,10/13/10,17:00,18:00,1.63,-1.88,-5.85,0.07,-0.08,-0.26,0.46,-0.53,-1.66,"Page, Janie, Sila Kiliccote, Han Dudley, Mary Ann Piette, Albert K. Chiu, Bashar Kellow, Ed Koch, and Paul Lipkin Akuacom. 2011. Automated Demand Response Technology Demonstration for Small and Medium Commercial Buildings."
LimeAmps,10/10_CBL,10/13/10,14:00,18:00,5.63,-1.69,-9.08,0.26,-0.08,-0.40,1.60,-0.48,-2.57,"Page, Janie, Sila Kiliccote, Han Dudley, Mary Ann Piette, Albert K. Chiu, Bashar Kellow, Ed Koch, and Paul Lipkin Akuacom. 2011. Automated Demand Response Technology Demonstration for Small and Medium Commercial Buildings."
LimeAmps,OAT_MA_CBL,9/1/10,14:00,15:00,-2.27,-5.91,-10.12,-0.09,-0.23,-0.39,-0.54,-1.41,-2.41,"Page, Janie, Sila Kiliccote, Han Dudley, Mary Ann Piette, Albert K. Chiu, Bashar Kellow, Ed Koch, and Paul Lipkin Akuacom. 2011. Automated Demand Response Technology Demonstration for Small and Medium Commercial Buildings."
LimeAmps,OAT_MA_CBL,9/1/10,15:00,16:00,2.54,-3.15,-10.71,0.09,-0.13,-0.45,0.60,-0.75,-2.55,"Page, Janie, Sila Kiliccote, Han Dudley, Mary Ann Piette, Albert K. Chiu, Bashar Kellow, Ed Koch, and Paul Lipkin Akuacom. 2011. Automated Demand Response Technology Demonstration for Small and Medium Commercial Buildings."
LimeAmps,OAT_MA_CBL,9/1/10,16:00,17:00,6.09,-1.31,-8.90,0.20,-0.06,-0.36,1.45,-0.31,-2.12,"Page, Janie, Sila Kiliccote, Han Dudley, Mary Ann Piette, Albert K. Chiu, Bashar Kellow, Ed Koch, and Paul Lipkin Akuacom. 2011. Automated Demand Response Technology Demonstration for Small and Medium Commercial Buildings."
LimeAmps,OAT_MA_CBL,9/1/10,17:00,18:00,6.50,1.96,-5.55,0.19,0.05,-0.20,1.55,0.47,-1.32,"Page, Janie, Sila Kiliccote, Han Dudley, Mary Ann Piette, Albert K. Chiu, Bashar Kellow, Ed Koch, and Paul Lipkin Akuacom. 2011. Automated Demand Response Technology Demonstration for Small and Medium Commercial Buildings."
LimeAmps,OAT_MA_CBL,9/1/10,14:00,18:00,6.50,-2.10,-10.71,0.20,-0.09,-0.45,1.55,-0.50,-2.55,"Page, Janie, Sila Kiliccote, Han Dudley, Mary Ann Piette, Albert K. Chiu, Bashar Kellow, Ed Koch, and Paul Lipkin Akuacom. 2011. Automated Demand Response Technology Demonstration for Small and Medium Commercial Buildings."
LimeAmps,10/10_CBL,9/1/10,14:00,15:00,-5.86,-9.13,-13.79,-0.28,-0.40,-0.63,-1.39,-2.17,-3.28,"Page, Janie, Sila Kiliccote, Han Dudley, Mary Ann Piette, Albert K. Chiu, Bashar Kellow, Ed Koch, and Paul Lipkin Akuacom. 2011. Automated Demand Response Technology Demonstration for Small and Medium Commercial Buildings."
LimeAmps,10/10_CBL,9/1/10,15:00,16:00,-3.81,-8.31,-14.10,-0.18,-0.41,-0.69,-0.91,-1.98,-3.36,"Page, Janie, Sila Kiliccote, Han Dudley, Mary Ann Piette, Albert K. Chiu, Bashar Kellow, Ed Koch, and Paul Lipkin Akuacom. 2011. Automated Demand Response Technology Demonstration for Small and Medium Commercial Buildings."
LimeAmps,10/10_CBL,9/1/10,16:00,17:00,0.30,-5.94,-12.94,0.01,-0.27,-0.62,0.07,-1.41,-3.08,"Page, Janie, Sila Kiliccote, Han Dudley, Mary Ann Piette, Albert K. Chiu, Bashar Kellow, Ed Koch, and Paul Lipkin Akuacom. 2011. Automated Demand Response Technology Demonstration for Small and Medium Commercial Buildings."
LimeAmps,10/10_CBL,9/1/10,17:00,18:00,-4.13,-5.17,-7.20,-0.16,-0.21,-0.27,-0.98,-1.23,-1.72,"Page, Janie, Sila Kiliccote, Han Dudley, Mary Ann Piette, Albert K. Chiu, Bashar Kellow, Ed Koch, and Paul Lipkin Akuacom. 2011. Automated Demand Response Technology Demonstration for Small and Medium Commercial Buildings."
LimeAmps,10/10_CBL,9/1/10,14:00,18:00,0.30,-7.14,-14.10,0.01,-0.32,-0.69,0.07,-1.70,-3.36,"Page, Janie, Sila Kiliccote, Han Dudley, Mary Ann Piette, Albert K. Chiu, Bashar Kellow, Ed Koch, and Paul Lipkin Akuacom. 2011. Automated Demand Response Technology Demonstration for Small and Medium Commercial Buildings."
LimeAmps,OAT_MA_CBL,9/2/10,14:00,15:00,3.22,-0.95,-8.12,0.10,-0.03,-0.28,0.77,-0.23,-1.93,"Page, Janie, Sila Kiliccote, Han Dudley, Mary Ann Piette, Albert K. Chiu, Bashar Kellow, Ed Koch, and Paul Lipkin Akuacom. 2011. Automated Demand Response Technology Demonstration for Small and Medium Commercial Buildings."
LimeAmps,OAT_MA_CBL,9/2/10,15:00,16:00,10.77,6.00,0.96,0.36,0.21,0.04,2.56,1.43,0.23,"Page, Janie, Sila Kiliccote, Han Dudley, Mary Ann Piette, Albert K. Chiu, Bashar Kellow, Ed Koch, and Paul Lipkin Akuacom. 2011. Automated Demand Response Technology Demonstration for Small and Medium Commercial Buildings."
LimeAmps,OAT_MA_CBL,9/2/10,16:00,17:00,6.55,2.84,-2.13,0.21,0.09,-0.08,1.56,0.68,-0.51,"Page, Janie, Sila Kiliccote, Han Dudley, Mary Ann Piette, Albert K. Chiu, Bashar Kellow, Ed Koch, and Paul Lipkin Akuacom. 2011. Automated Demand Response Technology Demonstration for Small and Medium Commercial Buildings."
LimeAmps,OAT_MA_CBL,9/2/10,17:00,18:00,6.59,2.00,-2.03,0.20,0.06,-0.07,1.57,0.48,-0.48,"Page, Janie, Sila Kiliccote, Han Dudley, Mary Ann Piette, Albert K. Chiu, Bashar Kellow, Ed Koch, and Paul Lipkin Akuacom. 2011. Automated Demand Response Technology Demonstration for Small and Medium Commercial Buildings."
LimeAmps,OAT_MA_CBL,9/2/10,14:00,18:00,10.77,2.47,-8.12,0.36,0.08,-0.28,2.56,0.59,-1.93,"Page, Janie, Sila Kiliccote, Han Dudley, Mary Ann Piette, Albert K. Chiu, Bashar Kellow, Ed Koch, and Paul Lipkin Akuacom. 2011. Automated Demand Response Technology Demonstration for Small and Medium Commercial Buildings."
LimeAmps,10/10_CBL,9/2/10,14:00,15:00,0.06,-4.98,-12.73,0.00,-0.21,-0.53,0.01,-1.19,-3.03,"Page, Janie, Sila Kiliccote, Han Dudley, Mary Ann Piette, Albert K. Chiu, Bashar Kellow, Ed Koch, and Paul Lipkin Akuacom. 2011. Automated Demand Response Technology Demonstration for Small and Medium Commercial Buildings."
LimeAmps,10/10_CBL,9/2/10,15:00,16:00,5.77,0.47,-3.13,0.26,0.02,-0.13,1.37,0.11,-0.75,"Page, Janie, Sila Kiliccote, Han Dudley, Mary Ann Piette, Albert K. Chiu, Bashar Kellow, Ed Koch, and Paul Lipkin Akuacom. 2011. Automated Demand Response Technology Demonstration for Small and Medium Commercial Buildings."
LimeAmps,10/10_CBL,9/2/10,16:00,17:00,2.77,-0.70,-2.81,0.10,-0.03,-0.12,0.66,-0.17,-0.67,"Page, Janie, Sila Kiliccote, Han Dudley, Mary Ann Piette, Albert K. Chiu, Bashar Kellow, Ed Koch, and Paul Lipkin Akuacom. 2011. Automated Demand Response Technology Demonstration for Small and Medium Commercial Buildings."
LimeAmps,10/10_CBL,9/2/10,17:00,18:00,-0.30,-2.28,-6.06,-0.01,-0.08,-0.23,-0.07,-0.54,-1.44,"Page, Janie, Sila Kiliccote, Han Dudley, Mary Ann Piette, Albert K. Chiu, Bashar Kellow, Ed Koch, and Paul Lipkin Akuacom. 2011. Automated Demand Response Technology Demonstration for Small and Medium Commercial Buildings."
LimeAmps,10/10_CBL,9/2/10,14:00,18:00,5.77,-1.88,-12.73,0.26,-0.08,-0.53,1.37,-0.45,-3.03,"Page, Janie, Sila Kiliccote, Han Dudley, Mary Ann Piette, Albert K. Chiu, Bashar Kellow, Ed Koch, and Paul Lipkin Akuacom. 2011. Automated Demand Response Technology Demonstration for Small and Medium Commercial Buildings."
LimeAmps,OAT_MA_CBL,9/24/10,14:00,15:00,7.81,5.00,3.61,0.28,0.17,0.12,1.86,1.19,0.86,"Page, Janie, Sila Kiliccote, Han Dudley, Mary Ann Piette, Albert K. Chiu, Bashar Kellow, Ed Koch, and Paul Lipkin Akuacom. 2011. Automated Demand Response Technology Demonstration for Small and Medium Commercial Buildings."
LimeAmps,OAT_MA_CBL,9/24/10,15:00,16:00,11.20,3.76,-2.93,0.41,0.13,-0.12,2.67,0.90,-0.7,"Page, Janie, Sila Kiliccote, Han Dudley, Mary Ann Piette, Albert K. Chiu, Bashar Kellow, Ed Koch, and Paul Lipkin Akuacom. 2011. Automated Demand Response Technology Demonstration for Small and Medium Commercial Buildings."
LimeAmps,OAT_MA_CBL,9/24/10,16:00,17:00,2.59,1.35,-0.32,0.10,0.05,-0.01,0.62,0.32,-0.08,"Page, Janie, Sila Kiliccote, Han Dudley, Mary Ann Piette, Albert K. Chiu, Bashar Kellow, Ed Koch, and Paul Lipkin Akuacom. 2011. Automated Demand Response Technology Demonstration for Small and Medium Commercial Buildings."
LimeAmps,OAT_MA_CBL,9/24/10,17:00,18:00,-0.50,-2.99,-6.29,-0.02,-0.10,-0.21,-0.12,-0.71,-1.5,"Page, Janie, Sila Kiliccote, Han Dudley, Mary Ann Piette, Albert K. Chiu, Bashar Kellow, Ed Koch, and Paul Lipkin Akuacom. 2011. Automated Demand Response Technology Demonstration for Small and Medium Commercial Buildings."
LimeAmps,OAT_MA_CBL,9/24/10,14:00,18:00,11.20,1.78,-6.29,0.41,0.06,-0.21,2.67,0.42,-1.5,"Page, Janie, Sila Kiliccote, Han Dudley, Mary Ann Piette, Albert K. Chiu, Bashar Kellow, Ed Koch, and Paul Lipkin Akuacom. 2011. Automated Demand Response Technology Demonstration for Small and Medium Commercial Buildings."
LimeAmps,10/10_CBL,9/24/10,14:00,15:00,4.69,1.54,-0.22,0.19,0.06,-0.01,1.12,0.37,-0.05,"Page, Janie, Sila Kiliccote, Han Dudley, Mary Ann Piette, Albert K. Chiu, Bashar Kellow, Ed Koch, and Paul Lipkin Akuacom. 2011. Automated Demand Response Technology Demonstration for Small and Medium Commercial Buildings."
LimeAmps,10/10_CBL,9/24/10,15:00,16:00,8.62,1.33,-4.10,0.35,0.05,-0.17,2.05,0.32,-0.98,"Page, Janie, Sila Kiliccote, Han Dudley, Mary Ann Piette, Albert K. Chiu, Bashar Kellow, Ed Koch, and Paul Lipkin Akuacom. 2011. Automated Demand Response Technology Demonstration for Small and Medium Commercial Buildings."
LimeAmps,10/10_CBL,9/24/10,16:00,17:00,0.37,-1.51,-4.08,0.02,-0.05,-0.14,0.09,-0.36,-0.97,"Page, Janie, Sila Kiliccote, Han Dudley, Mary Ann Piette, Albert K. Chiu, Bashar Kellow, Ed Koch, and Paul Lipkin Akuacom. 2011. Automated Demand Response Technology Demonstration for Small and Medium Commercial Buildings."
LimeAmps,10/10_CBL,9/24/10,17:00,18:00,-2.95,-5.22,-8.38,-0.10,-0.18,-0.30,-0.70,-1.24,-2,"Page, Janie, Sila Kiliccote, Han Dudley, Mary Ann Piette, Albert K. Chiu, Bashar Kellow, Ed Koch, and Paul Lipkin Akuacom. 2011. Automated Demand Response Technology Demonstration for Small and Medium Commercial Buildings."
LimeAmps,10/10_CBL,9/24/10,14:00,18:00,8.62,-0.97,-8.38,0.35,-0.03,-0.30,2.05,-0.23,-2,"Page, Janie, Sila Kiliccote, Han Dudley, Mary Ann Piette, Albert K. Chiu, Bashar Kellow, Ed Koch, and Paul Lipkin Akuacom. 2011. Automated Demand Response Technology Demonstration for Small and Medium Commercial Buildings."
LimeAmps,OAT_MA_CBL,10/7/10,14:00,15:00,1.54,-1.57,-3.28,0.06,-0.07,-0.15,0.37,-0.37,-0.78,"Page, Janie, Sila Kiliccote, Han Dudley, Mary Ann Piette, Albert K. Chiu, Bashar Kellow, Ed Koch, and Paul Lipkin Akuacom. 2011. Automated Demand Response Technology Demonstration for Small and Medium Commercial Buildings."
LimeAmps,OAT_MA_CBL,10/7/10,15:00,16:00,-0.90,-1.95,-3.64,-0.04,-0.09,-0.18,-0.22,-0.47,-0.87,"Page, Janie, Sila Kiliccote, Han Dudley, Mary Ann Piette, Albert K. Chiu, Bashar Kellow, Ed Koch, and Paul Lipkin Akuacom. 2011. Automated Demand Response Technology Demonstration for Small and Medium Commercial Buildings."
LimeAmps,OAT_MA_CBL,10/7/10,16:00,17:00,0.97,-1.22,-3.43,0.05,-0.08,-0.22,0.23,-0.29,-0.82,"Page, Janie, Sila Kiliccote, Han Dudley, Mary Ann Piette, Albert K. Chiu, Bashar Kellow, Ed Koch, and Paul Lipkin Akuacom. 2011. Automated Demand Response Technology Demonstration for Small and Medium Commercial Buildings."
LimeAmps,OAT_MA_CBL,10/7/10,17:00,18:00,1.75,0.71,0.08,0.09,0.04,0.00,0.42,0.17,0.02,"Page, Janie, Sila Kiliccote, Han Dudley, Mary Ann Piette, Albert K. Chiu, Bashar Kellow, Ed Koch, and Paul Lipkin Akuacom. 2011. Automated Demand Response Technology Demonstration for Small and Medium Commercial Buildings."
LimeAmps,OAT_MA_CBL,10/7/10,14:00,18:00,1.75,-1.01,-3.64,0.09,-0.05,-0.22,0.42,-0.24,-0.87,"Page, Janie, Sila Kiliccote, Han Dudley, Mary Ann Piette, Albert K. Chiu, Bashar Kellow, Ed Koch, and Paul Lipkin Akuacom. 2011. Automated Demand Response Technology Demonstration for Small and Medium Commercial Buildings."
LimeAmps,10/10_CBL,10/7/10,14:00,15:00,0.30,-1.37,-2.86,0.01,-0.06,-0.13,0.07,-0.33,-0.68,"Page, Janie, Sila Kiliccote, Han Dudley, Mary Ann Piette, Albert K. Chiu, Bashar Kellow, Ed Koch, and Paul Lipkin Akuacom. 2011. Automated Demand Response Technology Demonstration for Small and Medium Commercial Buildings."
LimeAmps,10/10_CBL,10/7/10,15:00,16:00,0.34,-0.41,-1.04,0.01,-0.02,-0.05,0.08,-0.10,-0.25,"Page, Janie, Sila Kiliccote, Han Dudley, Mary Ann Piette, Albert K. Chiu, Bashar Kellow, Ed Koch, and Paul Lipkin Akuacom. 2011. Automated Demand Response Technology Demonstration for Small and Medium Commercial Buildings."
LimeAmps,10/10_CBL,10/7/10,16:00,17:00,4.35,1.99,0.94,0.20,0.10,0.05,1.04,0.47,0.22,"Page, Janie, Sila Kiliccote, Han Dudley, Mary Ann Piette, Albert K. Chiu, Bashar Kellow, Ed Koch, and Paul Lipkin Akuacom. 2011. Automated Demand Response Technology Demonstration for Small and Medium Commercial Buildings."
LimeAmps,10/10_CBL,10/7/10,17:00,18:00,4.85,3.93,2.86,0.23,0.19,0.14,1.15,0.94,0.68,"Page, Janie, Sila Kiliccote, Han Dudley, Mary Ann Piette, Albert K. Chiu, Bashar Kellow, Ed Koch, and Paul Lipkin Akuacom. 2011. Automated Demand Response Technology Demonstration for Small and Medium Commercial Buildings."
LimeAmps,10/10_CBL,10/7/10,14:00,18:00,4.85,1.03,-2.86,0.23,0.05,-0.13,1.15,0.25,-0.68,"Page, Janie, Sila Kiliccote, Han Dudley, Mary Ann Piette, Albert K. Chiu, Bashar Kellow, Ed Koch, and Paul Lipkin Akuacom. 2011. Automated Demand Response Technology Demonstration for Small and Medium Commercial Buildings."
LimeAmps,OAT_MA_CBL,10/13/10,14:00,15:00,3.82,2.73,1.49,0.14,0.10,0.06,0.91,0.65,0.35,"Page, Janie, Sila Kiliccote, Han Dudley, Mary Ann Piette, Albert K. Chiu, Bashar Kellow, Ed Koch, and Paul Lipkin Akuacom. 2011. Automated Demand Response Technology Demonstration for Small and Medium Commercial Buildings."
LimeAmps,OAT_MA_CBL,10/13/10,15:00,16:00,3.28,-3.89,-7.99,0.12,-0.16,-0.33,0.78,-0.93,-1.9,"Page, Janie, Sila Kiliccote, Han Dudley, Mary Ann Piette, Albert K. Chiu, Bashar Kellow, Ed Koch, and Paul Lipkin Akuacom. 2011. Automated Demand Response Technology Demonstration for Small and Medium Commercial Buildings."
LimeAmps,OAT_MA_CBL,10/13/10,16:00,17:00,4.27,1.48,-0.86,0.14,0.05,-0.03,1.02,0.35,-0.21,"Page, Janie, Sila Kiliccote, Han Dudley, Mary Ann Piette, Albert K. Chiu, Bashar Kellow, Ed Koch, and Paul Lipkin Akuacom. 2011. Automated Demand Response Technology Demonstration for Small and Medium Commercial Buildings."
LimeAmps,OAT_MA_CBL,10/13/10,17:00,18:00,-4.39,-5.33,-6.21,-0.17,-0.20,-0.24,-1.05,-1.27,-1.48,"Page, Janie, Sila Kiliccote, Han Dudley, Mary Ann Piette, Albert K. Chiu, Bashar Kellow, Ed Koch, and Paul Lipkin Akuacom. 2011. Automated Demand Response Technology Demonstration for Small and Medium Commercial Buildings."
LimeAmps,OAT_MA_CBL,10/13/10,14:00,18:00,4.27,-1.25,-7.99,0.14,-0.05,-0.33,1.02,-0.30,-1.9,"Page, Janie, Sila Kiliccote, Han Dudley, Mary Ann Piette, Albert K. Chiu, Bashar Kellow, Ed Koch, and Paul Lipkin Akuacom. 2011. Automated Demand Response Technology Demonstration for Small and Medium Commercial Buildings."
LimeAmps,10/10_CBL,10/13/10,14:00,15:00,1.71,-1.14,-3.52,0.07,-0.05,-0.16,0.41,-0.27,-0.84,"Page, Janie, Sila Kiliccote, Han Dudley, Mary Ann Piette, Albert K. Chiu, Bashar Kellow, Ed Koch, and Paul Lipkin Akuacom. 2011. Automated Demand Response Technology Demonstration for Small and Medium Commercial Buildings."
LimeAmps,10/10_CBL,10/13/10,15:00,16:00,-4.82,-9.28,-12.61,-0.24,-0.45,-0.65,-1.15,-2.21,-3,"Page, Janie, Sila Kiliccote, Han Dudley, Mary Ann Piette, Albert K. Chiu, Bashar Kellow, Ed Koch, and Paul Lipkin Akuacom. 2011. Automated Demand Response Technology Demonstration for Small and Medium Commercial Buildings."
LimeAmps,10/10_CBL,10/13/10,16:00,17:00,-2.12,-3.43,-5.78,-0.09,-0.16,-0.26,-0.51,-0.82,-1.38,"Page, Janie, Sila Kiliccote, Han Dudley, Mary Ann Piette, Albert K. Chiu, Bashar Kellow, Ed Koch, and Paul Lipkin Akuacom. 2011. Automated Demand Response Technology Demonstration for Small and Medium Commercial Buildings."
LimeAmps,10/10_CBL,10/13/10,17:00,18:00,-4.99,-6.97,-7.93,-0.20,-0.28,-0.32,-1.19,-1.66,-1.89,"Page, Janie, Sila Kiliccote, Han Dudley, Mary Ann Piette, Albert K. Chiu, Bashar Kellow, Ed Koch, and Paul Lipkin Akuacom. 2011. Automated Demand Response Technology Demonstration for Small and Medium Commercial Buildings."
LimeAmps,10/10_CBL,10/13/10,14:00,18:00,1.71,-5.20,-12.61,0.07,-0.24,-0.65,0.41,-1.24,-3,"Page, Janie, Sila Kiliccote, Han Dudley, Mary Ann Piette, Albert K. Chiu, Bashar Kellow, Ed Koch, and Paul Lipkin Akuacom. 2011. Automated Demand Response Technology Demonstration for Small and Medium Commercial Buildings."
Our Home Spaces,OAT_MA_CBL,9/1/10,14:00,15:00,0.13,-1.48,-2.30,0.07,-1.12,-1.79,0.17,-1.85,-2.88,"Page, Janie, Sila Kiliccote, Han Dudley, Mary Ann Piette, Albert K. Chiu, Bashar Kellow, Ed Koch, and Paul Lipkin Akuacom. 2011. Automated Demand Response Technology Demonstration for Small and Medium Commercial Buildings."
Our Home Spaces,OAT_MA_CBL,9/1/10,15:00,16:00,0.23,-2.17,-4.10,0.18,-1.63,-3.92,0.29,-2.72,-5.13,"Page, Janie, Sila Kiliccote, Han Dudley, Mary Ann Piette, Albert K. Chiu, Bashar Kellow, Ed Koch, and Paul Lipkin Akuacom. 2011. Automated Demand Response Technology Demonstration for Small and Medium Commercial Buildings."
Our Home Spaces,OAT_MA_CBL,9/1/10,16:00,17:00,-1.85,-2.92,-3.99,-1.26,-5.82,-16.53,-2.31,-3.64,-4.99,"Page, Janie, Sila Kiliccote, Han Dudley, Mary Ann Piette, Albert K. Chiu, Bashar Kellow, Ed Koch, and Paul Lipkin Akuacom. 2011. Automated Demand Response Technology Demonstration for Small and Medium Commercial Buildings."
Our Home Spaces,OAT_MA_CBL,9/1/10,17:00,18:00,0.00,-0.58,-1.46,0.00,-0.95,-2.03,0.00,-0.72,-1.82,"Page, Janie, Sila Kiliccote, Han Dudley, Mary Ann Piette, Albert K. Chiu, Bashar Kellow, Ed Koch, and Paul Lipkin Akuacom. 2011. Automated Demand Response Technology Demonstration for Small and Medium Commercial Buildings."
Our Home Spaces,OAT_MA_CBL,9/1/10,14:00,18:00,0.23,-1.79,-4.10,0.18,-2.38,-16.53,0.29,-2.23,-5.13,"Page, Janie, Sila Kiliccote, Han Dudley, Mary Ann Piette, Albert K. Chiu, Bashar Kellow, Ed Koch, and Paul Lipkin Akuacom. 2011. Automated Demand Response Technology Demonstration for Small and Medium Commercial Buildings."
Our Home Spaces,10/10_CBL,9/1/10,14:00,15:00,0.53,-1.18,-2.04,0.22,-0.77,-1.32,0.66,-1.47,-2.55,"Page, Janie, Sila Kiliccote, Han Dudley, Mary Ann Piette, Albert K. Chiu, Bashar Kellow, Ed Koch, and Paul Lipkin Akuacom. 2011. Automated Demand Response Technology Demonstration for Small and Medium Commercial Buildings."
Our Home Spaces,10/10_CBL,9/1/10,15:00,16:00,0.50,-1.88,-3.89,0.31,-1.19,-3.10,0.62,-2.36,-4.87,"Page, Janie, Sila Kiliccote, Han Dudley, Mary Ann Piette, Albert K. Chiu, Bashar Kellow, Ed Koch, and Paul Lipkin Akuacom. 2011. Automated Demand Response Technology Demonstration for Small and Medium Commercial Buildings."
Our Home Spaces,10/10_CBL,9/1/10,16:00,17:00,-1.56,-2.72,-3.75,-0.88,-4.69,-13.61,-1.95,-3.40,-4.69,"Page, Janie, Sila Kiliccote, Han Dudley, Mary Ann Piette, Albert K. Chiu, Bashar Kellow, Ed Koch, and Paul Lipkin Akuacom. 2011. Automated Demand Response Technology Demonstration for Small and Medium Commercial Buildings."
Our Home Spaces,10/10_CBL,9/1/10,17:00,18:00,0.21,-0.42,-1.31,0.17,-0.62,-1.52,0.26,-0.52,-1.64,"Page, Janie, Sila Kiliccote, Han Dudley, Mary Ann Piette, Albert K. Chiu, Bashar Kellow, Ed Koch, and Paul Lipkin Akuacom. 2011. Automated Demand Response Technology Demonstration for Small and Medium Commercial Buildings."
Our Home Spaces,10/10_CBL,9/1/10,14:00,18:00,0.53,-1.55,-3.89,0.31,-1.82,-13.61,0.66,-1.94,-4.87,"Page, Janie, Sila Kiliccote, Han Dudley, Mary Ann Piette, Albert K. Chiu, Bashar Kellow, Ed Koch, and Paul Lipkin Akuacom. 2011. Automated Demand Response Technology Demonstration for Small and Medium Commercial Buildings."
Our Home Spaces,OAT_MA_CBL,9/24/10,14:00,15:00,0.48,-0.31,-1.16,0.13,-0.11,-0.42,0.60,-0.38,-1.45,"Page, Janie, Sila Kiliccote, Han Dudley, Mary Ann Piette, Albert K. Chiu, Bashar Kellow, Ed Koch, and Paul Lipkin Akuacom. 2011. Automated Demand Response Technology Demonstration for Small and Medium Commercial Buildings."
Our Home Spaces,OAT_MA_CBL,9/24/10,15:00,16:00,0.32,-0.50,-1.92,0.09,-0.33,-1.27,0.41,-0.63,-2.4,"Page, Janie, Sila Kiliccote, Han Dudley, Mary Ann Piette, Albert K. Chiu, Bashar Kellow, Ed Koch, and Paul Lipkin Akuacom. 2011. Automated Demand Response Technology Demonstration for Small and Medium Commercial Buildings."
Our Home Spaces,OAT_MA_CBL,9/24/10,16:00,17:00,2.36,0.88,-1.41,0.95,0.43,-0.72,2.95,1.10,-1.76,"Page, Janie, Sila Kiliccote, Han Dudley, Mary Ann Piette, Albert K. Chiu, Bashar Kellow, Ed Koch, and Paul Lipkin Akuacom. 2011. Automated Demand Response Technology Demonstration for Small and Medium Commercial Buildings."
Our Home Spaces,OAT_MA_CBL,9/24/10,17:00,18:00,2.02,1.53,1.06,0.93,0.91,0.89,2.53,1.92,1.33,"Page, Janie, Sila Kiliccote, Han Dudley, Mary Ann Piette, Albert K. Chiu, Bashar Kellow, Ed Koch, and Paul Lipkin Akuacom. 2011. Automated Demand Response Technology Demonstration for Small and Medium Commercial Buildings."
Our Home Spaces,OAT_MA_CBL,9/24/10,14:00,18:00,2.36,0.40,-1.92,0.95,0.23,-1.27,2.95,0.50,-2.4,"Page, Janie, Sila Kiliccote, Han Dudley, Mary Ann Piette, Albert K. Chiu, Bashar Kellow, Ed Koch, and Paul Lipkin Akuacom. 2011. Automated Demand Response Technology Demonstration for Small and Medium Commercial Buildings."
Our Home Spaces,10/10_CBL,9/24/10,14:00,15:00,-1.13,-1.94,-2.53,-0.55,-1.22,-1.73,-1.41,-2.42,-3.17,"Page, Janie, Sila Kiliccote, Han Dudley, Mary Ann Piette, Albert K. Chiu, Bashar Kellow, Ed Koch, and Paul Lipkin Akuacom. 2011. Automated Demand Response Technology Demonstration for Small and Medium Commercial Buildings."
Our Home Spaces,10/10_CBL,9/24/10,15:00,16:00,-0.97,-1.14,-1.39,-0.47,-0.55,-0.63,-1.22,-1.42,-1.74,"Page, Janie, Sila Kiliccote, Han Dudley, Mary Ann Piette, Albert K. Chiu, Bashar Kellow, Ed Koch, and Paul Lipkin Akuacom. 2011. Automated Demand Response Technology Demonstration for Small and Medium Commercial Buildings."
Our Home Spaces,10/10_CBL,9/24/10,16:00,17:00,1.88,0.77,-1.29,0.93,0.44,-0.62,2.35,0.96,-1.61,"Page, Janie, Sila Kiliccote, Han Dudley, Mary Ann Piette, Albert K. Chiu, Bashar Kellow, Ed Koch, and Paul Lipkin Akuacom. 2011. Automated Demand Response Technology Demonstration for Small and Medium Commercial Buildings."
Our Home Spaces,10/10_CBL,9/24/10,17:00,18:00,1.52,1.47,1.42,0.92,0.90,0.87,1.90,1.84,1.77,"Page, Janie, Sila Kiliccote, Han Dudley, Mary Ann Piette, Albert K. Chiu, Bashar Kellow, Ed Koch, and Paul Lipkin Akuacom. 2011. Automated Demand Response Technology Demonstration for Small and Medium Commercial Buildings."
Our Home Spaces,10/10_CBL,9/24/10,14:00,18:00,1.88,-0.21,-2.53,0.93,-0.10,-1.73,2.35,-0.26,-3.17,"Page, Janie, Sila Kiliccote, Han Dudley, Mary Ann Piette, Albert K. Chiu, Bashar Kellow, Ed Koch, and Paul Lipkin Akuacom. 2011. Automated Demand Response Technology Demonstration for Small and Medium Commercial Buildings."
Our Home Spaces,OAT_MA_CBL,9/27/10,14:00,15:00,4.52,2.92,1.10,0.46,0.36,0.15,5.65,3.66,1.38,"Page, Janie, Sila Kiliccote, Han Dudley, Mary Ann Piette, Albert K. Chiu, Bashar Kellow, Ed Koch, and Paul Lipkin Akuacom. 2011. Automated Demand Response Technology Demonstration for Small and Medium Commercial Buildings."
Our Home Spaces,OAT_MA_CBL,9/27/10,15:00,16:00,6.01,2.43,-0.37,0.88,0.29,-0.28,7.51,3.04,-0.46,"Page, Janie, Sila Kiliccote, Han Dudley, Mary Ann Piette, Albert K. Chiu, Bashar Kellow, Ed Koch, and Paul Lipkin Akuacom. 2011. Automated Demand Response Technology Demonstration for Small and Medium Commercial Buildings."
Our Home Spaces,OAT_MA_CBL,9/27/10,16:00,17:00,5.13,3.57,1.68,0.98,0.96,0.94,6.41,4.46,2.1,"Page, Janie, Sila Kiliccote, Han Dudley, Mary Ann Piette, Albert K. Chiu, Bashar Kellow, Ed Koch, and Paul Lipkin Akuacom. 2011. Automated Demand Response Technology Demonstration for Small and Medium Commercial Buildings."
Our Home Spaces,OAT_MA_CBL,9/27/10,17:00,18:00,4.71,2.95,1.32,0.98,0.94,0.86,5.89,3.68,1.65,"Page, Janie, Sila Kiliccote, Han Dudley, Mary Ann Piette, Albert K. Chiu, Bashar Kellow, Ed Koch, and Paul Lipkin Akuacom. 2011. Automated Demand Response Technology Demonstration for Small and Medium Commercial Buildings."
Our Home Spaces,OAT_MA_CBL,9/27/10,14:00,18:00,6.01,2.97,-0.37,0.98,0.64,-0.28,7.51,3.71,-0.46,"Page, Janie, Sila Kiliccote, Han Dudley, Mary Ann Piette, Albert K. Chiu, Bashar Kellow, Ed Koch, and Paul Lipkin Akuacom. 2011. Automated Demand Response Technology Demonstration for Small and Medium Commercial Buildings."
Our Home Spaces,10/10_CBL,9/27/10,14:00,15:00,-2.14,-3.43,-4.62,-1.50,-2.10,-3.16,-2.67,-4.28,-5.78,"Page, Janie, Sila Kiliccote, Han Dudley, Mary Ann Piette, Albert K. Chiu, Bashar Kellow, Ed Koch, and Paul Lipkin Akuacom. 2011. Automated Demand Response Technology Demonstration for Small and Medium Commercial Buildings."
Our Home Spaces,10/10_CBL,9/27/10,15:00,16:00,1.40,-1.20,-3.52,0.64,-0.67,-1.89,1.75,-1.50,-4.4,"Page, Janie, Sila Kiliccote, Han Dudley, Mary Ann Piette, Albert K. Chiu, Bashar Kellow, Ed Koch, and Paul Lipkin Akuacom. 2011. Automated Demand Response Technology Demonstration for Small and Medium Commercial Buildings."
Our Home Spaces,10/10_CBL,9/27/10,16:00,17:00,1.99,1.77,1.51,0.96,0.94,0.90,2.49,2.22,1.88,"Page, Janie, Sila Kiliccote, Han Dudley, Mary Ann Piette, Albert K. Chiu, Bashar Kellow, Ed Koch, and Paul Lipkin Akuacom. 2011. Automated Demand Response Technology Demonstration for Small and Medium Commercial Buildings."
Our Home Spaces,10/10_CBL,9/27/10,17:00,18:00,1.56,1.48,1.42,0.93,0.91,0.87,1.96,1.85,1.78,"Page, Janie, Sila Kiliccote, Han Dudley, Mary Ann Piette, Albert K. Chiu, Bashar Kellow, Ed Koch, and Paul Lipkin Akuacom. 2011. Automated Demand Response Technology Demonstration for Small and Medium Commercial Buildings."
Our Home Spaces,10/10_CBL,9/27/10,14:00,18:00,1.99,-0.34,-4.62,0.96,-0.23,-3.16,2.49,-0.43,-5.78,"Page, Janie, Sila Kiliccote, Han Dudley, Mary Ann Piette, Albert K. Chiu, Bashar Kellow, Ed Koch, and Paul Lipkin Akuacom. 2011. Automated Demand Response Technology Demonstration for Small and Medium Commercial Buildings."
Our Home Spaces,OAT_MA_CBL,9/28/10,14:00,15:00,1.12,0.32,-0.64,0.18,0.05,-0.14,1.39,0.40,-0.8,"Page, Janie, Sila Kiliccote, Han Dudley, Mary Ann Piette, Albert K. Chiu, Bashar Kellow, Ed Koch, and Paul Lipkin Akuacom. 2011. Automated Demand Response Technology Demonstration for Small and Medium Commercial Buildings."
Our Home Spaces,OAT_MA_CBL,9/28/10,15:00,16:00,0.24,-0.95,-3.03,0.05,-1.02,-3.90,0.30,-1.18,-3.79,"Page, Janie, Sila Kiliccote, Han Dudley, Mary Ann Piette, Albert K. Chiu, Bashar Kellow, Ed Koch, and Paul Lipkin Akuacom. 2011. Automated Demand Response Technology Demonstration for Small and Medium Commercial Buildings."
Our Home Spaces,OAT_MA_CBL,9/28/10,16:00,17:00,-1.04,-2.25,-3.59,-0.32,-1.39,-3.23,-1.30,-2.82,-4.48,"Page, Janie, Sila Kiliccote, Han Dudley, Mary Ann Piette, Albert K. Chiu, Bashar Kellow, Ed Koch, and Paul Lipkin Akuacom. 2011. Automated Demand Response Technology Demonstration for Small and Medium Commercial Buildings."
Our Home Spaces,OAT_MA_CBL,9/28/10,17:00,18:00,2.62,1.57,0.68,0.89,0.79,0.68,3.28,1.97,0.85,"Page, Janie, Sila Kiliccote, Han Dudley, Mary Ann Piette, Albert K. Chiu, Bashar Kellow, Ed Koch, and Paul Lipkin Akuacom. 2011. Automated Demand Response Technology Demonstration for Small and Medium Commercial Buildings."
Our Home Spaces,OAT_MA_CBL,9/28/10,14:00,18:00,2.62,-0.33,-3.59,0.89,-0.39,-3.90,3.28,-0.41,-4.48,"Page, Janie, Sila Kiliccote, Han Dudley, Mary Ann Piette, Albert K. Chiu, Bashar Kellow, Ed Koch, and Paul Lipkin Akuacom. 2011. Automated Demand Response Technology Demonstration for Small and Medium Commercial Buildings."
Our Home Spaces,10/10_CBL,9/28/10,14:00,15:00,-2.28,-3.18,-3.81,-1.55,-1.95,-2.60,-2.85,-3.98,-4.76,"Page, Janie, Sila Kiliccote, Han Dudley, Mary Ann Piette, Albert K. Chiu, Bashar Kellow, Ed Koch, and Paul Lipkin Akuacom. 2011. Automated Demand Response Technology Demonstration for Small and Medium Commercial Buildings."
Our Home Spaces,10/10_CBL,9/28/10,15:00,16:00,-1.48,-2.45,-2.87,-0.63,-1.20,-1.55,-1.85,-3.06,-3.58,"Page, Janie, Sila Kiliccote, Han Dudley, Mary Ann Piette, Albert K. Chiu, Bashar Kellow, Ed Koch, and Paul Lipkin Akuacom. 2011. Automated Demand Response Technology Demonstration for Small and Medium Commercial Buildings."
Our Home Spaces,10/10_CBL,9/28/10,16:00,17:00,-2.25,-2.64,-3.09,-1.12,-1.42,-1.92,-2.81,-3.30,-3.86,"Page, Janie, Sila Kiliccote, Han Dudley, Mary Ann Piette, Albert K. Chiu, Bashar Kellow, Ed Koch, and Paul Lipkin Akuacom. 2011. Automated Demand Response Technology Demonstration for Small and Medium Commercial Buildings."
Our Home Spaces,10/10_CBL,9/28/10,17:00,18:00,1.34,1.28,1.12,0.81,0.79,0.73,1.68,1.60,1.41,"Page, Janie, Sila Kiliccote, Han Dudley, Mary Ann Piette, Albert K. Chiu, Bashar Kellow, Ed Koch, and Paul Lipkin Akuacom. 2011. Automated Demand Response Technology Demonstration for Small and Medium Commercial Buildings."
Our Home Spaces,10/10_CBL,9/28/10,14:00,18:00,1.34,-1.75,-3.81,0.81,-0.95,-2.60,1.68,-2.19,-4.76,"Page, Janie, Sila Kiliccote, Han Dudley, Mary Ann Piette, Albert K. Chiu, Bashar Kellow, Ed Koch, and Paul Lipkin Akuacom. 2011. Automated Demand Response Technology Demonstration for Small and Medium Commercial Buildings."
Our Home Spaces,OAT_MA_CBL,10/13/10,14:00,15:00,0.32,0.26,0.18,0.81,0.68,0.48,0.40,0.32,0.22,"Page, Janie, Sila Kiliccote, Han Dudley, Mary Ann Piette, Albert K. Chiu, Bashar Kellow, Ed Koch, and Paul Lipkin Akuacom. 2011. Automated Demand Response Technology Demonstration for Small and Medium Commercial Buildings."
Our Home Spaces,OAT_MA_CBL,10/13/10,15:00,16:00,0.34,0.25,0.11,0.81,0.67,0.34,0.43,0.32,0.14,"Page, Janie, Sila Kiliccote, Han Dudley, Mary Ann Piette, Albert K. Chiu, Bashar Kellow, Ed Koch, and Paul Lipkin Akuacom. 2011. Automated Demand Response Technology Demonstration for Small and Medium Commercial Buildings."
Our Home Spaces,OAT_MA_CBL,10/13/10,16:00,17:00,0.28,0.21,0.09,0.77,0.62,0.32,0.35,0.26,0.12,"Page, Janie, Sila Kiliccote, Han Dudley, Mary Ann Piette, Albert K. Chiu, Bashar Kellow, Ed Koch, and Paul Lipkin Akuacom. 2011. Automated Demand Response Technology Demonstration for Small and Medium Commercial Buildings."
Our Home Spaces,OAT_MA_CBL,10/13/10,17:00,18:00,0.16,0.11,-0.02,0.65,0.44,-0.07,0.20,0.13,-0.02,"Page, Janie, Sila Kiliccote, Han Dudley, Mary Ann Piette, Albert K. Chiu, Bashar Kellow, Ed Koch, and Paul Lipkin Akuacom. 2011. Automated Demand Response Technology Demonstration for Small and Medium Commercial Buildings."
Our Home Spaces,OAT_MA_CBL,10/13/10,14:00,18:00,0.34,0.21,-0.02,0.81,0.61,-0.07,0.43,0.26,-0.02,"Page, Janie, Sila Kiliccote, Han Dudley, Mary Ann Piette, Albert K. Chiu, Bashar Kellow, Ed Koch, and Paul Lipkin Akuacom. 2011. Automated Demand Response Technology Demonstration for Small and Medium Commercial Buildings."
Our Home Spaces,10/10_CBL,10/13/10,14:00,15:00,1.88,1.58,1.43,0.96,0.93,0.89,2.35,1.97,1.79,"Page, Janie, Sila Kiliccote, Han Dudley, Mary Ann Piette, Albert K. Chiu, Bashar Kellow, Ed Koch, and Paul Lipkin Akuacom. 2011. Automated Demand Response Technology Demonstration for Small and Medium Commercial Buildings."
Our Home Spaces,10/10_CBL,10/13/10,15:00,16:00,1.97,1.80,1.49,0.96,0.94,0.90,2.46,2.25,1.87,"Page, Janie, Sila Kiliccote, Han Dudley, Mary Ann Piette, Albert K. Chiu, Bashar Kellow, Ed Koch, and Paul Lipkin Akuacom. 2011. Automated Demand Response Technology Demonstration for Small and Medium Commercial Buildings."
Our Home Spaces,10/10_CBL,10/13/10,16:00,17:00,1.87,1.68,1.58,0.96,0.93,0.89,2.33,2.10,1.97,"Page, Janie, Sila Kiliccote, Han Dudley, Mary Ann Piette, Albert K. Chiu, Bashar Kellow, Ed Koch, and Paul Lipkin Akuacom. 2011. Automated Demand Response Technology Demonstration for Small and Medium Commercial Buildings."
Our Home Spaces,10/10_CBL,10/13/10,17:00,18:00,1.29,0.97,0.70,0.94,0.87,0.75,1.61,1.21,0.88,"Page, Janie, Sila Kiliccote, Han Dudley, Mary Ann Piette, Albert K. Chiu, Bashar Kellow, Ed Koch, and Paul Lipkin Akuacom. 2011. Automated Demand Response Technology Demonstration for Small and Medium Commercial Buildings."
Our Home Spaces,10/10_CBL,10/13/10,14:00,18:00,1.97,1.51,0.70,0.96,0.92,0.75,2.46,1.88,0.88,"Page, Janie, Sila Kiliccote, Han Dudley, Mary Ann Piette, Albert K. Chiu, Bashar Kellow, Ed Koch, and Paul Lipkin Akuacom. 2011. Automated Demand Response Technology Demonstration for Small and Medium Commercial Buildings."
InThrMa,OAT_MA_CBL,8/24/10,14:00,15:00,9.28,5.61,0.89,0.69,0.44,0.08,3.71,2.24,0.36,"Page, Janie, Sila Kiliccote, Han Dudley, Mary Ann Piette, Albert K. Chiu, Bashar Kellow, Ed Koch, and Paul Lipkin Akuacom. 2011. Automated Demand Response Technology Demonstration for Small and Medium Commercial Buildings."
InThrMa,OAT_MA_CBL,8/24/10,15:00,16:00,3.69,-0.62,-7.48,0.34,-0.10,-0.88,1.47,-0.25,-2.99,"Page, Janie, Sila Kiliccote, Han Dudley, Mary Ann Piette, Albert K. Chiu, Bashar Kellow, Ed Koch, and Paul Lipkin Akuacom. 2011. Automated Demand Response Technology Demonstration for Small and Medium Commercial Buildings."
InThrMa,OAT_MA_CBL,8/24/10,16:00,17:00,-1.92,-2.41,-3.09,-0.23,-0.32,-0.44,-0.77,-0.96,-1.23,"Page, Janie, Sila Kiliccote, Han Dudley, Mary Ann Piette, Albert K. Chiu, Bashar Kellow, Ed Koch, and Paul Lipkin Akuacom. 2011. Automated Demand Response Technology Demonstration for Small and Medium Commercial Buildings."
InThrMa,OAT_MA_CBL,8/24/10,17:00,18:00,-6.60,-11.22,-18.10,-0.99,-2.05,-4.28,-2.64,-4.49,-7.24,"Page, Janie, Sila Kiliccote, Han Dudley, Mary Ann Piette, Albert K. Chiu, Bashar Kellow, Ed Koch, and Paul Lipkin Akuacom. 2011. Automated Demand Response Technology Demonstration for Small and Medium Commercial Buildings."
InThrMa,OAT_MA_CBL,8/24/10,14:00,18:00,9.28,-2.16,-18.10,0.69,-0.51,-4.28,3.71,-0.86,-7.24,"Page, Janie, Sila Kiliccote, Han Dudley, Mary Ann Piette, Albert K. Chiu, Bashar Kellow, Ed Koch, and Paul Lipkin Akuacom. 2011. Automated Demand Response Technology Demonstration for Small and Medium Commercial Buildings."
InThrMa,10/10_CBL,8/24/10,14:00,15:00,10.40,7.08,3.26,0.72,0.51,0.23,4.16,2.83,1.3,"Page, Janie, Sila Kiliccote, Han Dudley, Mary Ann Piette, Albert K. Chiu, Bashar Kellow, Ed Koch, and Paul Lipkin Akuacom. 2011. Automated Demand Response Technology Demonstration for Small and Medium Commercial Buildings."
InThrMa,10/10_CBL,8/24/10,15:00,16:00,7.20,3.75,-2.12,0.50,0.27,-0.15,2.88,1.50,-0.85,"Page, Janie, Sila Kiliccote, Han Dudley, Mary Ann Piette, Albert K. Chiu, Bashar Kellow, Ed Koch, and Paul Lipkin Akuacom. 2011. Automated Demand Response Technology Demonstration for Small and Medium Commercial Buildings."
InThrMa,10/10_CBL,8/24/10,16:00,17:00,3.35,2.84,2.07,0.25,0.22,0.16,1.34,1.13,0.83,"Page, Janie, Sila Kiliccote, Han Dudley, Mary Ann Piette, Albert K. Chiu, Bashar Kellow, Ed Koch, and Paul Lipkin Akuacom. 2011. Automated Demand Response Technology Demonstration for Small and Medium Commercial Buildings."
InThrMa,10/10_CBL,8/24/10,17:00,18:00,-0.54,-6.23,-15.14,-0.04,-0.72,-2.11,-0.22,-2.49,-6.06,"Page, Janie, Sila Kiliccote, Han Dudley, Mary Ann Piette, Albert K. Chiu, Bashar Kellow, Ed Koch, and Paul Lipkin Akuacom. 2011. Automated Demand Response Technology Demonstration for Small and Medium Commercial Buildings."
InThrMa,10/10_CBL,8/24/10,14:00,18:00,10.40,1.86,-15.14,0.72,0.07,-2.11,4.16,0.74,-6.06,"Page, Janie, Sila Kiliccote, Han Dudley, Mary Ann Piette, Albert K. Chiu, Bashar Kellow, Ed Koch, and Paul Lipkin Akuacom. 2011. Automated Demand Response Technology Demonstration for Small and Medium Commercial Buildings."
InThrMa,OAT_MA_CBL,9/1/10,14:00,15:00,8.06,7.42,6.59,0.80,0.76,0.72,3.23,2.97,2.64,"Page, Janie, Sila Kiliccote, Han Dudley, Mary Ann Piette, Albert K. Chiu, Bashar Kellow, Ed Koch, and Paul Lipkin Akuacom. 2011. Automated Demand Response Technology Demonstration for Small and Medium Commercial Buildings."
InThrMa,OAT_MA_CBL,9/1/10,15:00,16:00,0.11,-1.13,-2.97,0.01,-0.13,-0.36,0.04,-0.45,-1.19,"Page, Janie, Sila Kiliccote, Han Dudley, Mary Ann Piette, Albert K. Chiu, Bashar Kellow, Ed Koch, and Paul Lipkin Akuacom. 2011. Automated Demand Response Technology Demonstration for Small and Medium Commercial Buildings."
InThrMa,OAT_MA_CBL,9/1/10,16:00,17:00,-3.31,-4.06,-4.90,-0.41,-0.54,-0.65,-1.32,-1.62,-1.96,"Page, Janie, Sila Kiliccote, Han Dudley, Mary Ann Piette, Albert K. Chiu, Bashar Kellow, Ed Koch, and Paul Lipkin Akuacom. 2011. Automated Demand Response Technology Demonstration for Small and Medium Commercial Buildings."
InThrMa,OAT_MA_CBL,9/1/10,17:00,18:00,-3.49,-6.26,-11.39,-0.46,-0.95,-1.97,-1.40,-2.51,-4.55,"Page, Janie, Sila Kiliccote, Han Dudley, Mary Ann Piette, Albert K. Chiu, Bashar Kellow, Ed Koch, and Paul Lipkin Akuacom. 2011. Automated Demand Response Technology Demonstration for Small and Medium Commercial Buildings."
InThrMa,OAT_MA_CBL,9/1/10,14:00,18:00,8.06,-1.01,-11.39,0.80,-0.21,-1.97,3.23,-0.40,-4.55,"Page, Janie, Sila Kiliccote, Han Dudley, Mary Ann Piette, Albert K. Chiu, Bashar Kellow, Ed Koch, and Paul Lipkin Akuacom. 2011. Automated Demand Response Technology Demonstration for Small and Medium Commercial Buildings."
InThrMa,10/10_CBL,9/1/10,14:00,15:00,10.20,9.29,8.38,0.84,0.80,0.76,4.08,3.72,3.35,"Page, Janie, Sila Kiliccote, Han Dudley, Mary Ann Piette, Albert K. Chiu, Bashar Kellow, Ed Koch, and Paul Lipkin Akuacom. 2011. Automated Demand Response Technology Demonstration for Small and Medium Commercial Buildings."
InThrMa,10/10_CBL,9/1/10,15:00,16:00,2.10,1.38,0.56,0.17,0.12,0.05,0.84,0.55,0.23,"Page, Janie, Sila Kiliccote, Han Dudley, Mary Ann Piette, Albert K. Chiu, Bashar Kellow, Ed Koch, and Paul Lipkin Akuacom. 2011. Automated Demand Response Technology Demonstration for Small and Medium Commercial Buildings."
InThrMa,10/10_CBL,9/1/10,16:00,17:00,-0.31,-1.20,-2.26,-0.03,-0.12,-0.22,-0.12,-0.48,-0.9,"Page, Janie, Sila Kiliccote, Han Dudley, Mary Ann Piette, Albert K. Chiu, Bashar Kellow, Ed Koch, and Paul Lipkin Akuacom. 2011. Automated Demand Response Technology Demonstration for Small and Medium Commercial Buildings."
InThrMa,10/10_CBL,9/1/10,17:00,18:00,-0.57,-3.93,-10.45,-0.05,-0.52,-1.56,-0.23,-1.57,-4.18,"Page, Janie, Sila Kiliccote, Han Dudley, Mary Ann Piette, Albert K. Chiu, Bashar Kellow, Ed Koch, and Paul Lipkin Akuacom. 2011. Automated Demand Response Technology Demonstration for Small and Medium Commercial Buildings."
InThrMa,10/10_CBL,9/1/10,14:00,18:00,10.20,1.39,-10.45,0.84,0.07,-1.56,4.08,0.55,-4.18,"Page, Janie, Sila Kiliccote, Han Dudley, Mary Ann Piette, Albert K. Chiu, Bashar Kellow, Ed Koch, and Paul Lipkin Akuacom. 2011. Automated Demand Response Technology Demonstration for Small and Medium Commercial Buildings."
InThrMa,OAT_MA_CBL,9/2/10,14:00,15:00,12.46,11.30,10.34,0.83,0.80,0.80,4.98,4.52,4.14,"Page, Janie, Sila Kiliccote, Han Dudley, Mary Ann Piette, Albert K. Chiu, Bashar Kellow, Ed Koch, and Paul Lipkin Akuacom. 2011. Automated Demand Response Technology Demonstration for Small and Medium Commercial Buildings."
InThrMa,OAT_MA_CBL,9/2/10,15:00,16:00,12.00,5.51,1.99,0.80,0.39,0.17,4.80,2.21,0.8,"Page, Janie, Sila Kiliccote, Han Dudley, Mary Ann Piette, Albert K. Chiu, Bashar Kellow, Ed Koch, and Paul Lipkin Akuacom. 2011. Automated Demand Response Technology Demonstration for Small and Medium Commercial Buildings."
InThrMa,OAT_MA_CBL,9/2/10,16:00,17:00,9.91,1.64,-6.59,1.00,0.18,-0.61,3.96,0.66,-2.64,"Page, Janie, Sila Kiliccote, Han Dudley, Mary Ann Piette, Albert K. Chiu, Bashar Kellow, Ed Koch, and Paul Lipkin Akuacom. 2011. Automated Demand Response Technology Demonstration for Small and Medium Commercial Buildings."
InThrMa,OAT_MA_CBL,9/2/10,17:00,18:00,-2.04,-6.34,-10.64,-0.21,-0.73,-1.44,-0.81,-2.54,-4.26,"Page, Janie, Sila Kiliccote, Han Dudley, Mary Ann Piette, Albert K. Chiu, Bashar Kellow, Ed Koch, and Paul Lipkin Akuacom. 2011. Automated Demand Response Technology Demonstration for Small and Medium Commercial Buildings."
InThrMa,OAT_MA_CBL,9/2/10,14:00,18:00,12.46,3.03,-10.64,1.00,0.16,-1.44,4.98,1.21,-4.26,"Page, Janie, Sila Kiliccote, Han Dudley, Mary Ann Piette, Albert K. Chiu, Bashar Kellow, Ed Koch, and Paul Lipkin Akuacom. 2011. Automated Demand Response Technology Demonstration for Small and Medium Commercial Buildings."
InThrMa,10/10_CBL,9/2/10,14:00,15:00,13.01,12.51,11.75,0.83,0.82,0.81,5.20,5.01,4.7,"Page, Janie, Sila Kiliccote, Han Dudley, Mary Ann Piette, Albert K. Chiu, Bashar Kellow, Ed Koch, and Paul Lipkin Akuacom. 2011. Automated Demand Response Technology Demonstration for Small and Medium Commercial Buildings."
InThrMa,10/10_CBL,9/2/10,15:00,16:00,13.25,7.93,5.89,0.81,0.50,0.39,5.30,3.17,2.36,"Page, Janie, Sila Kiliccote, Han Dudley, Mary Ann Piette, Albert K. Chiu, Bashar Kellow, Ed Koch, and Paul Lipkin Akuacom. 2011. Automated Demand Response Technology Demonstration for Small and Medium Commercial Buildings."
InThrMa,10/10_CBL,9/2/10,16:00,17:00,14.31,5.15,-3.27,1.00,0.37,-0.23,5.72,2.06,-1.31,"Page, Janie, Sila Kiliccote, Han Dudley, Mary Ann Piette, Albert K. Chiu, Bashar Kellow, Ed Koch, and Paul Lipkin Akuacom. 2011. Automated Demand Response Technology Demonstration for Small and Medium Commercial Buildings."
InThrMa,10/10_CBL,9/2/10,17:00,18:00,1.36,-3.27,-9.24,0.10,-0.33,-1.05,0.55,-1.31,-3.7,"Page, Janie, Sila Kiliccote, Han Dudley, Mary Ann Piette, Albert K. Chiu, Bashar Kellow, Ed Koch, and Paul Lipkin Akuacom. 2011. Automated Demand Response Technology Demonstration for Small and Medium Commercial Buildings."
InThrMa,10/10_CBL,9/2/10,14:00,18:00,14.31,5.58,-9.24,1.00,0.34,-1.05,5.72,2.23,-3.7,"Page, Janie, Sila Kiliccote, Han Dudley, Mary Ann Piette, Albert K. Chiu, Bashar Kellow, Ed Koch, and Paul Lipkin Akuacom. 2011. Automated Demand Response Technology Demonstration for Small and Medium Commercial Buildings."
InThrMa,OAT_MA_CBL,9/24/10,14:00,15:00,4.60,4.33,4.12,0.71,0.66,0.63,1.84,1.73,1.65,"Page, Janie, Sila Kiliccote, Han Dudley, Mary Ann Piette, Albert K. Chiu, Bashar Kellow, Ed Koch, and Paul Lipkin Akuacom. 2011. Automated Demand Response Technology Demonstration for Small and Medium Commercial Buildings."
InThrMa,OAT_MA_CBL,9/24/10,15:00,16:00,4.34,2.12,-0.50,0.66,0.33,-0.09,1.74,0.85,-0.2,"Page, Janie, Sila Kiliccote, Han Dudley, Mary Ann Piette, Albert K. Chiu, Bashar Kellow, Ed Koch, and Paul Lipkin Akuacom. 2011. Automated Demand Response Technology Demonstration for Small and Medium Commercial Buildings."
InThrMa,OAT_MA_CBL,9/24/10,16:00,17:00,3.67,2.83,1.62,0.68,0.51,0.29,1.47,1.13,0.65,"Page, Janie, Sila Kiliccote, Han Dudley, Mary Ann Piette, Albert K. Chiu, Bashar Kellow, Ed Koch, and Paul Lipkin Akuacom. 2011. Automated Demand Response Technology Demonstration for Small and Medium Commercial Buildings."
InThrMa,OAT_MA_CBL,9/24/10,17:00,18:00,3.88,3.15,1.33,0.67,0.58,0.33,1.55,1.26,0.53,"Page, Janie, Sila Kiliccote, Han Dudley, Mary Ann Piette, Albert K. Chiu, Bashar Kellow, Ed Koch, and Paul Lipkin Akuacom. 2011. Automated Demand Response Technology Demonstration for Small and Medium Commercial Buildings."
InThrMa,OAT_MA_CBL,9/24/10,14:00,18:00,4.60,3.11,-0.50,0.71,0.52,-0.09,1.84,1.24,-0.2,"Page, Janie, Sila Kiliccote, Han Dudley, Mary Ann Piette, Albert K. Chiu, Bashar Kellow, Ed Koch, and Paul Lipkin Akuacom. 2011. Automated Demand Response Technology Demonstration for Small and Medium Commercial Buildings."
InThrMa,10/10_CBL,9/24/10,14:00,15:00,6.95,6.28,5.65,0.78,0.74,0.70,2.78,2.51,2.26,"Page, Janie, Sila Kiliccote, Han Dudley, Mary Ann Piette, Albert K. Chiu, Bashar Kellow, Ed Koch, and Paul Lipkin Akuacom. 2011. Automated Demand Response Technology Demonstration for Small and Medium Commercial Buildings."
InThrMa,10/10_CBL,9/24/10,15:00,16:00,5.70,3.23,0.62,0.72,0.44,0.09,2.28,1.29,0.25,"Page, Janie, Sila Kiliccote, Han Dudley, Mary Ann Piette, Albert K. Chiu, Bashar Kellow, Ed Koch, and Paul Lipkin Akuacom. 2011. Automated Demand Response Technology Demonstration for Small and Medium Commercial Buildings."
InThrMa,10/10_CBL,9/24/10,16:00,17:00,5.43,4.62,3.91,0.76,0.63,0.50,2.17,1.85,1.56,"Page, Janie, Sila Kiliccote, Han Dudley, Mary Ann Piette, Albert K. Chiu, Bashar Kellow, Ed Koch, and Paul Lipkin Akuacom. 2011. Automated Demand Response Technology Demonstration for Small and Medium Commercial Buildings."
InThrMa,10/10_CBL,9/24/10,17:00,18:00,5.77,4.50,0.92,0.76,0.63,0.25,2.31,1.80,0.37,"Page, Janie, Sila Kiliccote, Han Dudley, Mary Ann Piette, Albert K. Chiu, Bashar Kellow, Ed Koch, and Paul Lipkin Akuacom. 2011. Automated Demand Response Technology Demonstration for Small and Medium Commercial Buildings."
InThrMa,10/10_CBL,9/24/10,14:00,18:00,6.95,4.66,0.62,0.78,0.61,0.09,2.78,1.86,0.25,"Page, Janie, Sila Kiliccote, Han Dudley, Mary Ann Piette, Albert K. Chiu, Bashar Kellow, Ed Koch, and Paul Lipkin Akuacom. 2011. Automated Demand Response Technology Demonstration for Small and Medium Commercial Buildings."
InThrMa,OAT_MA_CBL,9/27/10,14:00,15:00,8.01,5.83,4.32,0.60,0.44,0.34,3.20,2.33,1.73,"Page, Janie, Sila Kiliccote, Han Dudley, Mary Ann Piette, Albert K. Chiu, Bashar Kellow, Ed Koch, and Paul Lipkin Akuacom. 2011. Automated Demand Response Technology Demonstration for Small and Medium Commercial Buildings."
InThrMa,OAT_MA_CBL,9/27/10,15:00,16:00,5.94,1.71,-7.30,0.44,0.12,-0.66,2.37,0.68,-2.92,"Page, Janie, Sila Kiliccote, Han Dudley, Mary Ann Piette, Albert K. Chiu, Bashar Kellow, Ed Koch, and Paul Lipkin Akuacom. 2011. Automated Demand Response Technology Demonstration for Small and Medium Commercial Buildings."
InThrMa,OAT_MA_CBL,9/27/10,16:00,17:00,-4.86,-7.25,-9.54,-0.42,-0.71,-0.94,-1.94,-2.90,-3.82,"Page, Janie, Sila Kiliccote, Han Dudley, Mary Ann Piette, Albert K. Chiu, Bashar Kellow, Ed Koch, and Paul Lipkin Akuacom. 2011. Automated Demand Response Technology Demonstration for Small and Medium Commercial Buildings."
InThrMa,OAT_MA_CBL,9/27/10,17:00,18:00,-5.90,-8.56,-12.06,-0.60,-0.93,-1.51,-2.36,-3.43,-4.83,"Page, Janie, Sila Kiliccote, Han Dudley, Mary Ann Piette, Albert K. Chiu, Bashar Kellow, Ed Koch, and Paul Lipkin Akuacom. 2011. Automated Demand Response Technology Demonstration for Small and Medium Commercial Buildings."
InThrMa,OAT_MA_CBL,9/27/10,14:00,18:00,8.01,-2.07,-12.06,0.60,-0.27,-1.51,3.20,-0.83,-4.83,"Page, Janie, Sila Kiliccote, Han Dudley, Mary Ann Piette, Albert K. Chiu, Bashar Kellow, Ed Koch, and Paul Lipkin Akuacom. 2011. Automated Demand Response Technology Demonstration for Small and Medium Commercial Buildings."
InThrMa,10/10_CBL,9/27/10,14:00,15:00,6.90,5.41,4.12,0.56,0.43,0.34,2.76,2.17,1.65,"Page, Janie, Sila Kiliccote, Han Dudley, Mary Ann Piette, Albert K. Chiu, Bashar Kellow, Ed Koch, and Paul Lipkin Akuacom. 2011. Automated Demand Response Technology Demonstration for Small and Medium Commercial Buildings."
InThrMa,10/10_CBL,9/27/10,15:00,16:00,4.41,0.52,-7.92,0.37,0.04,-0.76,1.76,0.21,-3.17,"Page, Janie, Sila Kiliccote, Han Dudley, Mary Ann Piette, Albert K. Chiu, Bashar Kellow, Ed Koch, and Paul Lipkin Akuacom. 2011. Automated Demand Response Technology Demonstration for Small and Medium Commercial Buildings."
InThrMa,10/10_CBL,9/27/10,16:00,17:00,-5.70,-6.56,-7.90,-0.53,-0.59,-0.67,-2.28,-2.62,-3.16,"Page, Janie, Sila Kiliccote, Han Dudley, Mary Ann Piette, Albert K. Chiu, Bashar Kellow, Ed Koch, and Paul Lipkin Akuacom. 2011. Automated Demand Response Technology Demonstration for Small and Medium Commercial Buildings."
InThrMa,10/10_CBL,9/27/10,17:00,18:00,-4.49,-8.19,-14.52,-0.40,-1.06,-2.64,-1.80,-3.28,-5.81,"Page, Janie, Sila Kiliccote, Han Dudley, Mary Ann Piette, Albert K. Chiu, Bashar Kellow, Ed Koch, and Paul Lipkin Akuacom. 2011. Automated Demand Response Technology Demonstration for Small and Medium Commercial Buildings."
InThrMa,10/10_CBL,9/27/10,14:00,18:00,6.90,-2.20,-14.52,0.56,-0.30,-2.64,2.76,-0.88,-5.81,"Page, Janie, Sila Kiliccote, Han Dudley, Mary Ann Piette, Albert K. Chiu, Bashar Kellow, Ed Koch, and Paul Lipkin Akuacom. 2011. Automated Demand Response Technology Demonstration for Small and Medium Commercial Buildings."
InThrMa,OAT_MA_CBL,9/28/10,14:00,15:00,2.61,0.67,-1.88,0.17,0.04,-0.12,1.05,0.27,-0.75,"Page, Janie, Sila Kiliccote, Han Dudley, Mary Ann Piette, Albert K. Chiu, Bashar Kellow, Ed Koch, and Paul Lipkin Akuacom. 2011. Automated Demand Response Technology Demonstration for Small and Medium Commercial Buildings."
InThrMa,OAT_MA_CBL,9/28/10,15:00,16:00,1.66,-3.06,-7.94,0.13,-0.23,-0.65,0.66,-1.22,-3.17,"Page, Janie, Sila Kiliccote, Han Dudley, Mary Ann Piette, Albert K. Chiu, Bashar Kellow, Ed Koch, and Paul Lipkin Akuacom. 2011. Automated Demand Response Technology Demonstration for Small and Medium Commercial Buildings."
InThrMa,OAT_MA_CBL,9/28/10,16:00,17:00,3.65,0.67,-2.08,0.28,0.05,-0.20,1.46,0.27,-0.83,"Page, Janie, Sila Kiliccote, Han Dudley, Mary Ann Piette, Albert K. Chiu, Bashar Kellow, Ed Koch, and Paul Lipkin Akuacom. 2011. Automated Demand Response Technology Demonstration for Small and Medium Commercial Buildings."
InThrMa,OAT_MA_CBL,9/28/10,17:00,18:00,3.23,1.56,0.52,0.28,0.14,0.05,1.29,0.62,0.21,"Page, Janie, Sila Kiliccote, Han Dudley, Mary Ann Piette, Albert K. Chiu, Bashar Kellow, Ed Koch, and Paul Lipkin Akuacom. 2011. Automated Demand Response Technology Demonstration for Small and Medium Commercial Buildings."
InThrMa,OAT_MA_CBL,9/28/10,14:00,18:00,3.65,-0.04,-7.94,0.28,0.00,-0.65,1.46,-0.02,-3.17,"Page, Janie, Sila Kiliccote, Han Dudley, Mary Ann Piette, Albert K. Chiu, Bashar Kellow, Ed Koch, and Paul Lipkin Akuacom. 2011. Automated Demand Response Technology Demonstration for Small and Medium Commercial Buildings."
InThrMa,10/10_CBL,9/28/10,14:00,15:00,-0.37,-1.81,-5.16,-0.03,-0.15,-0.43,-0.15,-0.72,-2.06,"Page, Janie, Sila Kiliccote, Han Dudley, Mary Ann Piette, Albert K. Chiu, Bashar Kellow, Ed Koch, and Paul Lipkin Akuacom. 2011. Automated Demand Response Technology Demonstration for Small and Medium Commercial Buildings."
InThrMa,10/10_CBL,9/28/10,15:00,16:00,-0.37,-5.95,-10.03,-0.04,-0.56,-0.98,-0.15,-2.38,-4.01,"Page, Janie, Sila Kiliccote, Han Dudley, Mary Ann Piette, Albert K. Chiu, Bashar Kellow, Ed Koch, and Paul Lipkin Akuacom. 2011. Automated Demand Response Technology Demonstration for Small and Medium Commercial Buildings."
InThrMa,10/10_CBL,9/28/10,16:00,17:00,1.57,0.13,-1.91,0.15,0.01,-0.18,0.63,0.05,-0.76,"Page, Janie, Sila Kiliccote, Han Dudley, Mary Ann Piette, Albert K. Chiu, Bashar Kellow, Ed Koch, and Paul Lipkin Akuacom. 2011. Automated Demand Response Technology Demonstration for Small and Medium Commercial Buildings."
InThrMa,10/10_CBL,9/28/10,17:00,18:00,3.02,0.74,-2.55,0.27,0.01,-0.46,1.21,0.30,-1.02,"Page, Janie, Sila Kiliccote, Han Dudley, Mary Ann Piette, Albert K. Chiu, Bashar Kellow, Ed Koch, and Paul Lipkin Akuacom. 2011. Automated Demand Response Technology Demonstration for Small and Medium Commercial Buildings."
InThrMa,10/10_CBL,9/28/10,14:00,18:00,3.02,-1.72,-10.03,0.27,-0.17,-0.98,1.21,-0.69,-4.01,"Page, Janie, Sila Kiliccote, Han Dudley, Mary Ann Piette, Albert K. Chiu, Bashar Kellow, Ed Koch, and Paul Lipkin Akuacom. 2011. Automated Demand Response Technology Demonstration for Small and Medium Commercial Buildings."
InThrMa,OAT_MA_CBL,10/13/10,14:00,15:00,15.10,0.65,-6.48,0.86,0.05,-0.36,6.04,0.26,-2.59,"Page, Janie, Sila Kiliccote, Han Dudley, Mary Ann Piette, Albert K. Chiu, Bashar Kellow, Ed Koch, and Paul Lipkin Akuacom. 2011. Automated Demand Response Technology Demonstration for Small and Medium Commercial Buildings."
InThrMa,OAT_MA_CBL,10/13/10,15:00,16:00,13.52,11.78,10.20,0.84,0.81,0.76,5.41,4.71,4.08,"Page, Janie, Sila Kiliccote, Han Dudley, Mary Ann Piette, Albert K. Chiu, Bashar Kellow, Ed Koch, and Paul Lipkin Akuacom. 2011. Automated Demand Response Technology Demonstration for Small and Medium Commercial Buildings."
InThrMa,OAT_MA_CBL,10/13/10,16:00,17:00,10.55,10.25,10.03,0.79,0.76,0.73,4.22,4.10,4.01,"Page, Janie, Sila Kiliccote, Han Dudley, Mary Ann Piette, Albert K. Chiu, Bashar Kellow, Ed Koch, and Paul Lipkin Akuacom. 2011. Automated Demand Response Technology Demonstration for Small and Medium Commercial Buildings."
InThrMa,OAT_MA_CBL,10/13/10,17:00,18:00,9.79,7.58,4.29,0.66,0.54,0.43,3.92,3.03,1.72,"Page, Janie, Sila Kiliccote, Han Dudley, Mary Ann Piette, Albert K. Chiu, Bashar Kellow, Ed Koch, and Paul Lipkin Akuacom. 2011. Automated Demand Response Technology Demonstration for Small and Medium Commercial Buildings."
InThrMa,OAT_MA_CBL,10/13/10,14:00,18:00,15.10,7.57,-6.48,0.86,0.54,-0.36,6.04,3.03,-2.59,"Page, Janie, Sila Kiliccote, Han Dudley, Mary Ann Piette, Albert K. Chiu, Bashar Kellow, Ed Koch, and Paul Lipkin Akuacom. 2011. Automated Demand Response Technology Demonstration for Small and Medium Commercial Buildings."
InThrMa,10/10_CBL,10/13/10,14:00,15:00,14.92,-0.58,-8.52,0.86,-0.05,-0.53,5.97,-0.23,-3.41,"Page, Janie, Sila Kiliccote, Han Dudley, Mary Ann Piette, Albert K. Chiu, Bashar Kellow, Ed Koch, and Paul Lipkin Akuacom. 2011. Automated Demand Response Technology Demonstration for Small and Medium Commercial Buildings."
InThrMa,10/10_CBL,10/13/10,15:00,16:00,13.69,12.82,11.94,0.84,0.82,0.79,5.48,5.13,4.78,"Page, Janie, Sila Kiliccote, Han Dudley, Mary Ann Piette, Albert K. Chiu, Bashar Kellow, Ed Koch, and Paul Lipkin Akuacom. 2011. Automated Demand Response Technology Demonstration for Small and Medium Commercial Buildings."
InThrMa,10/10_CBL,10/13/10,16:00,17:00,12.11,11.71,11.37,0.80,0.79,0.76,4.85,4.68,4.55,"Page, Janie, Sila Kiliccote, Han Dudley, Mary Ann Piette, Albert K. Chiu, Bashar Kellow, Ed Koch, and Paul Lipkin Akuacom. 2011. Automated Demand Response Technology Demonstration for Small and Medium Commercial Buildings."
InThrMa,10/10_CBL,10/13/10,17:00,18:00,9.39,7.14,3.55,0.65,0.52,0.39,3.76,2.86,1.42,"Page, Janie, Sila Kiliccote, Han Dudley, Mary Ann Piette, Albert K. Chiu, Bashar Kellow, Ed Koch, and Paul Lipkin Akuacom. 2011. Automated Demand Response Technology Demonstration for Small and Medium Commercial Buildings."
InThrMa,10/10_CBL,10/13/10,14:00,18:00,14.92,7.77,-8.52,0.86,0.52,-0.53,5.97,3.11,-3.41,"Page, Janie, Sila Kiliccote, Han Dudley, Mary Ann Piette, Albert K. Chiu, Bashar Kellow, Ed Koch, and Paul Lipkin Akuacom. 2011. Automated Demand Response Technology Demonstration for Small and Medium Commercial Buildings."
Lutron,OAT_MA_CBL,8/24/10,14:00,15:00,11.80,1.06,-11.69,0.17,0.01,-0.20,0.59,0.05,-0.58,"Page, Janie, Sila Kiliccote, Han Dudley, Mary Ann Piette, Albert K. Chiu, Bashar Kellow, Ed Koch, and Paul Lipkin Akuacom. 2011. Automated Demand Response Technology Demonstration for Small and Medium Commercial Buildings."
Lutron,OAT_MA_CBL,8/24/10,15:00,16:00,12.68,3.82,-2.44,0.19,0.06,-0.04,0.63,0.19,-0.12,"Page, Janie, Sila Kiliccote, Han Dudley, Mary Ann Piette, Albert K. Chiu, Bashar Kellow, Ed Koch, and Paul Lipkin Akuacom. 2011. Automated Demand Response Technology Demonstration for Small and Medium Commercial Buildings."
Lutron,OAT_MA_CBL,8/24/10,16:00,17:00,17.18,-1.43,-16.48,0.24,-0.05,-0.32,0.86,-0.07,-0.82,"Page, Janie, Sila Kiliccote, Han Dudley, Mary Ann Piette, Albert K. Chiu, Bashar Kellow, Ed Koch, and Paul Lipkin Akuacom. 2011. Automated Demand Response Technology Demonstration for Small and Medium Commercial Buildings."
Lutron,OAT_MA_CBL,8/24/10,17:00,18:00,5.86,0.24,-14.16,0.11,-0.03,-0.38,0.29,0.01,-0.71,"Page, Janie, Sila Kiliccote, Han Dudley, Mary Ann Piette, Albert K. Chiu, Bashar Kellow, Ed Koch, and Paul Lipkin Akuacom. 2011. Automated Demand Response Technology Demonstration for Small and Medium Commercial Buildings."
Lutron,OAT_MA_CBL,8/24/10,14:00,18:00,17.18,0.92,-16.48,0.24,0.00,-0.38,0.86,0.05,-0.82,"Page, Janie, Sila Kiliccote, Han Dudley, Mary Ann Piette, Albert K. Chiu, Bashar Kellow, Ed Koch, and Paul Lipkin Akuacom. 2011. Automated Demand Response Technology Demonstration for Small and Medium Commercial Buildings."
Lutron,10/10_CBL,8/24/10,14:00,15:00,-8.14,-14.06,-21.93,-0.16,-0.29,-0.45,-0.41,-0.70,-1.1,"Page, Janie, Sila Kiliccote, Han Dudley, Mary Ann Piette, Albert K. Chiu, Bashar Kellow, Ed Koch, and Paul Lipkin Akuacom. 2011. Automated Demand Response Technology Demonstration for Small and Medium Commercial Buildings."
Lutron,10/10_CBL,8/24/10,15:00,16:00,-2.39,-14.13,-18.91,-0.05,-0.28,-0.39,-0.12,-0.71,-0.95,"Page, Janie, Sila Kiliccote, Han Dudley, Mary Ann Piette, Albert K. Chiu, Bashar Kellow, Ed Koch, and Paul Lipkin Akuacom. 2011. Automated Demand Response Technology Demonstration for Small and Medium Commercial Buildings."
Lutron,10/10_CBL,8/24/10,16:00,17:00,-5.93,-15.90,-22.22,-0.12,-0.33,-0.46,-0.30,-0.79,-1.11,"Page, Janie, Sila Kiliccote, Han Dudley, Mary Ann Piette, Albert K. Chiu, Bashar Kellow, Ed Koch, and Paul Lipkin Akuacom. 2011. Automated Demand Response Technology Demonstration for Small and Medium Commercial Buildings."
Lutron,10/10_CBL,8/24/10,17:00,18:00,-5.19,-11.75,-17.69,-0.12,-0.31,-0.47,-0.26,-0.59,-0.88,"Page, Janie, Sila Kiliccote, Han Dudley, Mary Ann Piette, Albert K. Chiu, Bashar Kellow, Ed Koch, and Paul Lipkin Akuacom. 2011. Automated Demand Response Technology Demonstration for Small and Medium Commercial Buildings."
Lutron,10/10_CBL,8/24/10,14:00,18:00,-2.39,-13.96,-22.22,-0.05,-0.30,-0.47,-0.12,-0.70,-1.11,"Page, Janie, Sila Kiliccote, Han Dudley, Mary Ann Piette, Albert K. Chiu, Bashar Kellow, Ed Koch, and Paul Lipkin Akuacom. 2011. Automated Demand Response Technology Demonstration for Small and Medium Commercial Buildings."
Lutron,OAT_MA_CBL,9/1/10,14:00,15:00,12.44,5.24,1.15,0.23,0.10,0.02,0.62,0.26,0.06,"Page, Janie, Sila Kiliccote, Han Dudley, Mary Ann Piette, Albert K. Chiu, Bashar Kellow, Ed Koch, and Paul Lipkin Akuacom. 2011. Automated Demand Response Technology Demonstration for Small and Medium Commercial Buildings."
Lutron,OAT_MA_CBL,9/1/10,15:00,16:00,10.88,5.15,-4.66,0.21,0.09,-0.09,0.54,0.26,-0.23,"Page, Janie, Sila Kiliccote, Han Dudley, Mary Ann Piette, Albert K. Chiu, Bashar Kellow, Ed Koch, and Paul Lipkin Akuacom. 2011. Automated Demand Response Technology Demonstration for Small and Medium Commercial Buildings."
Lutron,OAT_MA_CBL,9/1/10,16:00,17:00,4.82,0.36,-4.58,0.09,0.01,-0.09,0.24,0.02,-0.23,"Page, Janie, Sila Kiliccote, Han Dudley, Mary Ann Piette, Albert K. Chiu, Bashar Kellow, Ed Koch, and Paul Lipkin Akuacom. 2011. Automated Demand Response Technology Demonstration for Small and Medium Commercial Buildings."
Lutron,OAT_MA_CBL,9/1/10,17:00,18:00,11.34,1.83,-7.84,0.24,0.03,-0.20,0.57,0.09,-0.39,"Page, Janie, Sila Kiliccote, Han Dudley, Mary Ann Piette, Albert K. Chiu, Bashar Kellow, Ed Koch, and Paul Lipkin Akuacom. 2011. Automated Demand Response Technology Demonstration for Small and Medium Commercial Buildings."
Lutron,OAT_MA_CBL,9/1/10,14:00,18:00,12.44,3.14,-7.84,0.24,0.06,-0.20,0.62,0.16,-0.39,"Page, Janie, Sila Kiliccote, Han Dudley, Mary Ann Piette, Albert K. Chiu, Bashar Kellow, Ed Koch, and Paul Lipkin Akuacom. 2011. Automated Demand Response Technology Demonstration for Small and Medium Commercial Buildings."
Lutron,10/10_CBL,9/1/10,14:00,15:00,8.73,2.74,-2.06,0.18,0.05,-0.04,0.44,0.14,-0.1,"Page, Janie, Sila Kiliccote, Han Dudley, Mary Ann Piette, Albert K. Chiu, Bashar Kellow, Ed Koch, and Paul Lipkin Akuacom. 2011. Automated Demand Response Technology Demonstration for Small and Medium Commercial Buildings."
Lutron,10/10_CBL,9/1/10,15:00,16:00,8.65,1.34,-9.87,0.17,0.02,-0.20,0.43,0.07,-0.49,"Page, Janie, Sila Kiliccote, Han Dudley, Mary Ann Piette, Albert K. Chiu, Bashar Kellow, Ed Koch, and Paul Lipkin Akuacom. 2011. Automated Demand Response Technology Demonstration for Small and Medium Commercial Buildings."
Lutron,10/10_CBL,9/1/10,16:00,17:00,3.25,-1.46,-5.30,0.06,-0.03,-0.11,0.16,-0.07,-0.26,"Page, Janie, Sila Kiliccote, Han Dudley, Mary Ann Piette, Albert K. Chiu, Bashar Kellow, Ed Koch, and Paul Lipkin Akuacom. 2011. Automated Demand Response Technology Demonstration for Small and Medium Commercial Buildings."
Lutron,10/10_CBL,9/1/10,17:00,18:00,7.65,-0.31,-9.99,0.18,-0.02,-0.27,0.38,-0.02,-0.5,"Page, Janie, Sila Kiliccote, Han Dudley, Mary Ann Piette, Albert K. Chiu, Bashar Kellow, Ed Koch, and Paul Lipkin Akuacom. 2011. Automated Demand Response Technology Demonstration for Small and Medium Commercial Buildings."
Lutron,10/10_CBL,9/1/10,14:00,18:00,8.73,0.58,-9.99,0.18,0.01,-0.27,0.44,0.03,-0.5,"Page, Janie, Sila Kiliccote, Han Dudley, Mary Ann Piette, Albert K. Chiu, Bashar Kellow, Ed Koch, and Paul Lipkin Akuacom. 2011. Automated Demand Response Technology Demonstration for Small and Medium Commercial Buildings."
Lutron,OAT_MA_CBL,9/2/10,14:00,15:00,8.50,1.03,-5.50,0.15,0.02,-0.10,0.43,0.05,-0.28,"Page, Janie, Sila Kiliccote, Han Dudley, Mary Ann Piette, Albert K. Chiu, Bashar Kellow, Ed Koch, and Paul Lipkin Akuacom. 2011. Automated Demand Response Technology Demonstration for Small and Medium Commercial Buildings."
Lutron,OAT_MA_CBL,9/2/10,15:00,16:00,10.69,4.53,1.17,0.20,0.08,0.02,0.53,0.23,0.06,"Page, Janie, Sila Kiliccote, Han Dudley, Mary Ann Piette, Albert K. Chiu, Bashar Kellow, Ed Koch, and Paul Lipkin Akuacom. 2011. Automated Demand Response Technology Demonstration for Small and Medium Commercial Buildings."
Lutron,OAT_MA_CBL,9/2/10,16:00,17:00,0.12,-2.45,-4.27,0.00,-0.05,-0.09,0.01,-0.12,-0.21,"Page, Janie, Sila Kiliccote, Han Dudley, Mary Ann Piette, Albert K. Chiu, Bashar Kellow, Ed Koch, and Paul Lipkin Akuacom. 2011. Automated Demand Response Technology Demonstration for Small and Medium Commercial Buildings."
Lutron,OAT_MA_CBL,9/2/10,17:00,18:00,2.02,-3.36,-6.60,0.05,-0.09,-0.15,0.10,-0.17,-0.33,"Page, Janie, Sila Kiliccote, Han Dudley, Mary Ann Piette, Albert K. Chiu, Bashar Kellow, Ed Koch, and Paul Lipkin Akuacom. 2011. Automated Demand Response Technology Demonstration for Small and Medium Commercial Buildings."
Lutron,OAT_MA_CBL,9/2/10,14:00,18:00,10.69,-0.06,-6.60,0.20,-0.01,-0.15,0.53,0.00,-0.33,"Page, Janie, Sila Kiliccote, Han Dudley, Mary Ann Piette, Albert K. Chiu, Bashar Kellow, Ed Koch, and Paul Lipkin Akuacom. 2011. Automated Demand Response Technology Demonstration for Small and Medium Commercial Buildings."
Lutron,10/10_CBL,9/2/10,14:00,15:00,5.40,0.32,-7.80,0.10,0.00,-0.15,0.27,0.02,-0.39,"Page, Janie, Sila Kiliccote, Han Dudley, Mary Ann Piette, Albert K. Chiu, Bashar Kellow, Ed Koch, and Paul Lipkin Akuacom. 2011. Automated Demand Response Technology Demonstration for Small and Medium Commercial Buildings."
Lutron,10/10_CBL,9/2/10,15:00,16:00,8.58,1.44,-1.76,0.16,0.03,-0.03,0.43,0.07,-0.09,"Page, Janie, Sila Kiliccote, Han Dudley, Mary Ann Piette, Albert K. Chiu, Bashar Kellow, Ed Koch, and Paul Lipkin Akuacom. 2011. Automated Demand Response Technology Demonstration for Small and Medium Commercial Buildings."
Lutron,10/10_CBL,9/2/10,16:00,17:00,1.45,-1.08,-5.27,0.03,-0.02,-0.10,0.07,-0.05,-0.26,"Page, Janie, Sila Kiliccote, Han Dudley, Mary Ann Piette, Albert K. Chiu, Bashar Kellow, Ed Koch, and Paul Lipkin Akuacom. 2011. Automated Demand Response Technology Demonstration for Small and Medium Commercial Buildings."
Lutron,10/10_CBL,9/2/10,17:00,18:00,3.65,-1.67,-4.69,0.08,-0.04,-0.10,0.18,-0.08,-0.23,"Page, Janie, Sila Kiliccote, Han Dudley, Mary Ann Piette, Albert K. Chiu, Bashar Kellow, Ed Koch, and Paul Lipkin Akuacom. 2011. Automated Demand Response Technology Demonstration for Small and Medium Commercial Buildings."
Lutron,10/10_CBL,9/2/10,14:00,18:00,8.58,-0.25,-7.80,0.16,-0.01,-0.15,0.43,-0.01,-0.39,"Page, Janie, Sila Kiliccote, Han Dudley, Mary Ann Piette, Albert K. Chiu, Bashar Kellow, Ed Koch, and Paul Lipkin Akuacom. 2011. Automated Demand Response Technology Demonstration for Small and Medium Commercial Buildings."
Lutron,OAT_MA_CBL,9/24/10,14:00,15:00,3.99,-0.22,-3.20,0.08,0.00,-0.07,0.20,-0.01,-0.16,"Page, Janie, Sila Kiliccote, Han Dudley, Mary Ann Piette, Albert K. Chiu, Bashar Kellow, Ed Koch, and Paul Lipkin Akuacom. 2011. Automated Demand Response Technology Demonstration for Small and Medium Commercial Buildings."
Lutron,OAT_MA_CBL,9/24/10,15:00,16:00,2.17,-0.28,-2.27,0.04,-0.01,-0.05,0.11,-0.01,-0.11,"Page, Janie, Sila Kiliccote, Han Dudley, Mary Ann Piette, Albert K. Chiu, Bashar Kellow, Ed Koch, and Paul Lipkin Akuacom. 2011. Automated Demand Response Technology Demonstration for Small and Medium Commercial Buildings."
Lutron,OAT_MA_CBL,9/24/10,16:00,17:00,5.03,4.43,3.67,0.10,0.09,0.08,0.25,0.22,0.18,"Page, Janie, Sila Kiliccote, Han Dudley, Mary Ann Piette, Albert K. Chiu, Bashar Kellow, Ed Koch, and Paul Lipkin Akuacom. 2011. Automated Demand Response Technology Demonstration for Small and Medium Commercial Buildings."
Lutron,OAT_MA_CBL,9/24/10,17:00,18:00,8.83,1.36,-3.33,0.22,0.03,-0.10,0.44,0.07,-0.17,"Page, Janie, Sila Kiliccote, Han Dudley, Mary Ann Piette, Albert K. Chiu, Bashar Kellow, Ed Koch, and Paul Lipkin Akuacom. 2011. Automated Demand Response Technology Demonstration for Small and Medium Commercial Buildings."
Lutron,OAT_MA_CBL,9/24/10,14:00,18:00,8.83,1.32,-3.33,0.22,0.03,-0.10,0.44,0.07,-0.17,"Page, Janie, Sila Kiliccote, Han Dudley, Mary Ann Piette, Albert K. Chiu, Bashar Kellow, Ed Koch, and Paul Lipkin Akuacom. 2011. Automated Demand Response Technology Demonstration for Small and Medium Commercial Buildings."
Lutron,10/10_CBL,9/24/10,14:00,15:00,2.21,-1.13,-3.54,0.05,-0.02,-0.07,0.11,-0.06,-0.18,"Page, Janie, Sila Kiliccote, Han Dudley, Mary Ann Piette, Albert K. Chiu, Bashar Kellow, Ed Koch, and Paul Lipkin Akuacom. 2011. Automated Demand Response Technology Demonstration for Small and Medium Commercial Buildings."
Lutron,10/10_CBL,9/24/10,15:00,16:00,2.37,-0.76,-3.39,0.05,-0.02,-0.07,0.12,-0.04,-0.17,"Page, Janie, Sila Kiliccote, Han Dudley, Mary Ann Piette, Albert K. Chiu, Bashar Kellow, Ed Koch, and Paul Lipkin Akuacom. 2011. Automated Demand Response Technology Demonstration for Small and Medium Commercial Buildings."
Lutron,10/10_CBL,9/24/10,16:00,17:00,8.31,4.60,1.82,0.16,0.10,0.04,0.42,0.23,0.09,"Page, Janie, Sila Kiliccote, Han Dudley, Mary Ann Piette, Albert K. Chiu, Bashar Kellow, Ed Koch, and Paul Lipkin Akuacom. 2011. Automated Demand Response Technology Demonstration for Small and Medium Commercial Buildings."
Lutron,10/10_CBL,9/24/10,17:00,18:00,4.87,1.33,-2.81,0.14,0.04,-0.08,0.24,0.07,-0.14,"Page, Janie, Sila Kiliccote, Han Dudley, Mary Ann Piette, Albert K. Chiu, Bashar Kellow, Ed Koch, and Paul Lipkin Akuacom. 2011. Automated Demand Response Technology Demonstration for Small and Medium Commercial Buildings."
Lutron,10/10_CBL,9/24/10,14:00,18:00,8.31,1.01,-3.54,0.16,0.02,-0.08,0.42,0.05,-0.18,"Page, Janie, Sila Kiliccote, Han Dudley, Mary Ann Piette, Albert K. Chiu, Bashar Kellow, Ed Koch, and Paul Lipkin Akuacom. 2011. Automated Demand Response Technology Demonstration for Small and Medium Commercial Buildings."
Lutron,OAT_MA_CBL,9/27/10,14:00,15:00,10.52,3.72,-1.68,0.16,0.06,-0.03,0.53,0.19,-0.08,"Page, Janie, Sila Kiliccote, Han Dudley, Mary Ann Piette, Albert K. Chiu, Bashar Kellow, Ed Koch, and Paul Lipkin Akuacom. 2011. Automated Demand Response Technology Demonstration for Small and Medium Commercial Buildings."
Lutron,OAT_MA_CBL,9/27/10,15:00,16:00,8.41,4.03,0.06,0.14,0.07,0.00,0.42,0.20,0,"Page, Janie, Sila Kiliccote, Han Dudley, Mary Ann Piette, Albert K. Chiu, Bashar Kellow, Ed Koch, and Paul Lipkin Akuacom. 2011. Automated Demand Response Technology Demonstration for Small and Medium Commercial Buildings."
Lutron,OAT_MA_CBL,9/27/10,16:00,17:00,8.08,3.95,-0.89,0.14,0.07,-0.02,0.40,0.20,-0.04,"Page, Janie, Sila Kiliccote, Han Dudley, Mary Ann Piette, Albert K. Chiu, Bashar Kellow, Ed Koch, and Paul Lipkin Akuacom. 2011. Automated Demand Response Technology Demonstration for Small and Medium Commercial Buildings."
Lutron,OAT_MA_CBL,9/27/10,17:00,18:00,4.08,1.41,-0.15,0.08,0.03,0.00,0.20,0.07,-0.01,"Page, Janie, Sila Kiliccote, Han Dudley, Mary Ann Piette, Albert K. Chiu, Bashar Kellow, Ed Koch, and Paul Lipkin Akuacom. 2011. Automated Demand Response Technology Demonstration for Small and Medium Commercial Buildings."
Lutron,OAT_MA_CBL,9/27/10,14:00,18:00,10.52,3.28,-1.68,0.16,0.06,-0.03,0.53,0.16,-0.08,"Page, Janie, Sila Kiliccote, Han Dudley, Mary Ann Piette, Albert K. Chiu, Bashar Kellow, Ed Koch, and Paul Lipkin Akuacom. 2011. Automated Demand Response Technology Demonstration for Small and Medium Commercial Buildings."
Lutron,10/10_CBL,9/27/10,14:00,15:00,-3.77,-6.13,-11.65,-0.08,-0.13,-0.24,-0.19,-0.31,-0.58,"Page, Janie, Sila Kiliccote, Han Dudley, Mary Ann Piette, Albert K. Chiu, Bashar Kellow, Ed Koch, and Paul Lipkin Akuacom. 2011. Automated Demand Response Technology Demonstration for Small and Medium Commercial Buildings."
Lutron,10/10_CBL,9/27/10,15:00,16:00,0.62,-6.16,-10.76,0.01,-0.13,-0.22,0.03,-0.31,-0.54,"Page, Janie, Sila Kiliccote, Han Dudley, Mary Ann Piette, Albert K. Chiu, Bashar Kellow, Ed Koch, and Paul Lipkin Akuacom. 2011. Automated Demand Response Technology Demonstration for Small and Medium Commercial Buildings."
Lutron,10/10_CBL,9/27/10,16:00,17:00,-0.42,-4.27,-10.70,-0.01,-0.10,-0.25,-0.02,-0.21,-0.54,"Page, Janie, Sila Kiliccote, Han Dudley, Mary Ann Piette, Albert K. Chiu, Bashar Kellow, Ed Koch, and Paul Lipkin Akuacom. 2011. Automated Demand Response Technology Demonstration for Small and Medium Commercial Buildings."
Lutron,10/10_CBL,9/27/10,17:00,18:00,-0.86,-5.73,-13.21,-0.02,-0.16,-0.36,-0.04,-0.29,-0.66,"Page, Janie, Sila Kiliccote, Han Dudley, Mary Ann Piette, Albert K. Chiu, Bashar Kellow, Ed Koch, and Paul Lipkin Akuacom. 2011. Automated Demand Response Technology Demonstration for Small and Medium Commercial Buildings."
Lutron,10/10_CBL,9/27/10,14:00,18:00,0.62,-5.58,-13.21,0.01,-0.13,-0.36,0.03,-0.28,-0.66,"Page, Janie, Sila Kiliccote, Han Dudley, Mary Ann Piette, Albert K. Chiu, Bashar Kellow, Ed Koch, and Paul Lipkin Akuacom. 2011. Automated Demand Response Technology Demonstration for Small and Medium Commercial Buildings."
Lutron,OAT_MA_CBL,9/28/10,14:00,15:00,7.90,2.95,-3.33,0.13,0.05,-0.05,0.40,0.15,-0.17,"Page, Janie, Sila Kiliccote, Han Dudley, Mary Ann Piette, Albert K. Chiu, Bashar Kellow, Ed Koch, and Paul Lipkin Akuacom. 2011. Automated Demand Response Technology Demonstration for Small and Medium Commercial Buildings."
Lutron,OAT_MA_CBL,9/28/10,15:00,16:00,7.26,2.89,-4.17,0.12,0.05,-0.07,0.36,0.14,-0.21,"Page, Janie, Sila Kiliccote, Han Dudley, Mary Ann Piette, Albert K. Chiu, Bashar Kellow, Ed Koch, and Paul Lipkin Akuacom. 2011. Automated Demand Response Technology Demonstration for Small and Medium Commercial Buildings."
Lutron,OAT_MA_CBL,9/28/10,16:00,17:00,6.80,3.69,1.97,0.12,0.06,0.03,0.34,0.18,0.1,"Page, Janie, Sila Kiliccote, Han Dudley, Mary Ann Piette, Albert K. Chiu, Bashar Kellow, Ed Koch, and Paul Lipkin Akuacom. 2011. Automated Demand Response Technology Demonstration for Small and Medium Commercial Buildings."
Lutron,OAT_MA_CBL,9/28/10,17:00,18:00,10.81,2.14,-4.58,0.22,0.04,-0.11,0.54,0.11,-0.23,"Page, Janie, Sila Kiliccote, Han Dudley, Mary Ann Piette, Albert K. Chiu, Bashar Kellow, Ed Koch, and Paul Lipkin Akuacom. 2011. Automated Demand Response Technology Demonstration for Small and Medium Commercial Buildings."
Lutron,OAT_MA_CBL,9/28/10,14:00,18:00,10.81,2.91,-4.58,0.22,0.05,-0.11,0.54,0.15,-0.23,"Page, Janie, Sila Kiliccote, Han Dudley, Mary Ann Piette, Albert K. Chiu, Bashar Kellow, Ed Koch, and Paul Lipkin Akuacom. 2011. Automated Demand Response Technology Demonstration for Small and Medium Commercial Buildings."
Lutron,10/10_CBL,9/28/10,14:00,15:00,-6.05,-9.85,-15.66,-0.13,-0.20,-0.32,-0.30,-0.49,-0.78,"Page, Janie, Sila Kiliccote, Han Dudley, Mary Ann Piette, Albert K. Chiu, Bashar Kellow, Ed Koch, and Paul Lipkin Akuacom. 2011. Automated Demand Response Technology Demonstration for Small and Medium Commercial Buildings."
Lutron,10/10_CBL,9/28/10,15:00,16:00,-2.69,-8.20,-14.92,-0.05,-0.17,-0.30,-0.13,-0.41,-0.75,"Page, Janie, Sila Kiliccote, Han Dudley, Mary Ann Piette, Albert K. Chiu, Bashar Kellow, Ed Koch, and Paul Lipkin Akuacom. 2011. Automated Demand Response Technology Demonstration for Small and Medium Commercial Buildings."
Lutron,10/10_CBL,9/28/10,16:00,17:00,-2.78,-5.61,-7.82,-0.05,-0.12,-0.17,-0.14,-0.28,-0.39,"Page, Janie, Sila Kiliccote, Han Dudley, Mary Ann Piette, Albert K. Chiu, Bashar Kellow, Ed Koch, and Paul Lipkin Akuacom. 2011. Automated Demand Response Technology Demonstration for Small and Medium Commercial Buildings."
Lutron,10/10_CBL,9/28/10,17:00,18:00,-1.78,-4.70,-9.28,-0.05,-0.12,-0.25,-0.09,-0.23,-0.46,"Page, Janie, Sila Kiliccote, Han Dudley, Mary Ann Piette, Albert K. Chiu, Bashar Kellow, Ed Koch, and Paul Lipkin Akuacom. 2011. Automated Demand Response Technology Demonstration for Small and Medium Commercial Buildings."
Lutron,10/10_CBL,9/28/10,14:00,18:00,-1.78,-7.09,-15.66,-0.05,-0.15,-0.32,-0.09,-0.35,-0.78,"Page, Janie, Sila Kiliccote, Han Dudley, Mary Ann Piette, Albert K. Chiu, Bashar Kellow, Ed Koch, and Paul Lipkin Akuacom. 2011. Automated Demand Response Technology Demonstration for Small and Medium Commercial Buildings."
Lutron,OAT_MA_CBL,10/13/10,14:00,15:00,5.14,2.21,-0.99,0.09,0.04,-0.02,0.26,0.11,-0.05,"Page, Janie, Sila Kiliccote, Han Dudley, Mary Ann Piette, Albert K. Chiu, Bashar Kellow, Ed Koch, and Paul Lipkin Akuacom. 2011. Automated Demand Response Technology Demonstration for Small and Medium Commercial Buildings."
Lutron,OAT_MA_CBL,10/13/10,15:00,16:00,9.01,-4.40,-14.23,0.16,-0.08,-0.27,0.45,-0.22,-0.71,"Page, Janie, Sila Kiliccote, Han Dudley, Mary Ann Piette, Albert K. Chiu, Bashar Kellow, Ed Koch, and Paul Lipkin Akuacom. 2011. Automated Demand Response Technology Demonstration for Small and Medium Commercial Buildings."
Lutron,OAT_MA_CBL,10/13/10,16:00,17:00,0.79,-4.51,-7.66,0.02,-0.09,-0.15,0.04,-0.23,-0.38,"Page, Janie, Sila Kiliccote, Han Dudley, Mary Ann Piette, Albert K. Chiu, Bashar Kellow, Ed Koch, and Paul Lipkin Akuacom. 2011. Automated Demand Response Technology Demonstration for Small and Medium Commercial Buildings."
Lutron,OAT_MA_CBL,10/13/10,17:00,18:00,0.31,-6.50,-15.74,0.01,-0.17,-0.36,0.02,-0.33,-0.79,"Page, Janie, Sila Kiliccote, Han Dudley, Mary Ann Piette, Albert K. Chiu, Bashar Kellow, Ed Koch, and Paul Lipkin Akuacom. 2011. Automated Demand Response Technology Demonstration for Small and Medium Commercial Buildings."
Lutron,OAT_MA_CBL,10/13/10,14:00,18:00,9.01,-3.30,-15.74,0.16,-0.08,-0.36,0.45,-0.17,-0.79,"Page, Janie, Sila Kiliccote, Han Dudley, Mary Ann Piette, Albert K. Chiu, Bashar Kellow, Ed Koch, and Paul Lipkin Akuacom. 2011. Automated Demand Response Technology Demonstration for Small and Medium Commercial Buildings."
Lutron,10/10_CBL,10/13/10,14:00,15:00,2.81,-0.64,-5.38,0.05,-0.01,-0.10,0.14,-0.03,-0.27,"Page, Janie, Sila Kiliccote, Han Dudley, Mary Ann Piette, Albert K. Chiu, Bashar Kellow, Ed Koch, and Paul Lipkin Akuacom. 2011. Automated Demand Response Technology Demonstration for Small and Medium Commercial Buildings."
Lutron,10/10_CBL,10/13/10,15:00,16:00,3.50,-6.75,-15.92,0.07,-0.13,-0.31,0.17,-0.34,-0.8,"Page, Janie, Sila Kiliccote, Han Dudley, Mary Ann Piette, Albert K. Chiu, Bashar Kellow, Ed Koch, and Paul Lipkin Akuacom. 2011. Automated Demand Response Technology Demonstration for Small and Medium Commercial Buildings."
Lutron,10/10_CBL,10/13/10,16:00,17:00,4.82,-3.98,-8.83,0.10,-0.08,-0.18,0.24,-0.20,-0.44,"Page, Janie, Sila Kiliccote, Han Dudley, Mary Ann Piette, Albert K. Chiu, Bashar Kellow, Ed Koch, and Paul Lipkin Akuacom. 2011. Automated Demand Response Technology Demonstration for Small and Medium Commercial Buildings."
Lutron,10/10_CBL,10/13/10,17:00,18:00,3.35,-6.19,-17.37,0.09,-0.17,-0.41,0.17,-0.31,-0.87,"Page, Janie, Sila Kiliccote, Han Dudley, Mary Ann Piette, Albert K. Chiu, Bashar Kellow, Ed Koch, and Paul Lipkin Akuacom. 2011. Automated Demand Response Technology Demonstration for Small and Medium Commercial Buildings."
Lutron,10/10_CBL,10/13/10,14:00,18:00,4.82,-4.39,-17.37,0.10,-0.10,-0.41,0.24,-0.22,-0.87,"Page, Janie, Sila Kiliccote, Han Dudley, Mary Ann Piette, Albert K. Chiu, Bashar Kellow, Ed Koch, and Paul Lipkin Akuacom. 2011. Automated Demand Response Technology Demonstration for Small and Medium Commercial Buildings."
Lutron,OAT_MA_CBL,9/22/10,13:00,14:00,6.61,2.05,-0.24,0.17,0.05,-0.01,0.33,0.10,-1%,"Page, Janie, Sila Kiliccote, Han Dudley, Mary Ann Piette, Albert K. Chiu, Bashar Kellow, Ed Koch, and Paul Lipkin Akuacom. 2011. Automated Demand Response Technology Demonstration for Small and Medium Commercial Buildings."
Lutron,OAT_MA_CBL,9/22/10,14:00,15:00,4.92,1.72,-4.13,0.13,0.05,-0.11,0.25,0.09,-21%,"Page, Janie, Sila Kiliccote, Han Dudley, Mary Ann Piette, Albert K. Chiu, Bashar Kellow, Ed Koch, and Paul Lipkin Akuacom. 2011. Automated Demand Response Technology Demonstration for Small and Medium Commercial Buildings."
Lutron,OAT_MA_CBL,9/22/10,15:00,16:00,7.91,0.51,-6.46,0.20,0.01,-0.17,0.40,0.03,-32%,"Page, Janie, Sila Kiliccote, Han Dudley, Mary Ann Piette, Albert K. Chiu, Bashar Kellow, Ed Koch, and Paul Lipkin Akuacom. 2011. Automated Demand Response Technology Demonstration for Small and Medium Commercial Buildings."
Lutron,OAT_MA_CBL,9/22/10,16:00,17:00,8.98,4.78,0.15,0.25,0.13,0.00,0.45,0.24,1%,"Page, Janie, Sila Kiliccote, Han Dudley, Mary Ann Piette, Albert K. Chiu, Bashar Kellow, Ed Koch, and Paul Lipkin Akuacom. 2011. Automated Demand Response Technology Demonstration for Small and Medium Commercial Buildings."
Lutron,OAT_MA_CBL,9/22/10,13:00,17:00,8.98,2.26,-6.46,0.25,0.06,-0.17,0.45,0.11,-32%,"Page, Janie, Sila Kiliccote, Han Dudley, Mary Ann Piette, Albert K. Chiu, Bashar Kellow, Ed Koch, and Paul Lipkin Akuacom. 2011. Automated Demand Response Technology Demonstration for Small and Medium Commercial Buildings."
Lutron,10/10_CBL,9/22/10,13:00,14:00,8.95,3.67,1.50,0.22,0.09,0.04,0.45,0.18,8%,"Page, Janie, Sila Kiliccote, Han Dudley, Mary Ann Piette, Albert K. Chiu, Bashar Kellow, Ed Koch, and Paul Lipkin Akuacom. 2011. Automated Demand Response Technology Demonstration for Small and Medium Commercial Buildings."
Lutron,10/10_CBL,9/22/10,14:00,15:00,7.68,3.42,-2.70,0.19,0.09,-0.07,0.38,0.17,-14%,"Page, Janie, Sila Kiliccote, Han Dudley, Mary Ann Piette, Albert K. Chiu, Bashar Kellow, Ed Koch, and Paul Lipkin Akuacom. 2011. Automated Demand Response Technology Demonstration for Small and Medium Commercial Buildings."
Lutron,10/10_CBL,9/22/10,15:00,16:00,11.36,2.50,-5.66,0.27,0.06,-0.14,0.57,0.12,-28%,"Page, Janie, Sila Kiliccote, Han Dudley, Mary Ann Piette, Albert K. Chiu, Bashar Kellow, Ed Koch, and Paul Lipkin Akuacom. 2011. Automated Demand Response Technology Demonstration for Small and Medium Commercial Buildings."
Lutron,10/10_CBL,9/22/10,16:00,17:00,10.72,6.22,0.79,0.28,0.16,0.02,0.54,0.31,4%,"Page, Janie, Sila Kiliccote, Han Dudley, Mary Ann Piette, Albert K. Chiu, Bashar Kellow, Ed Koch, and Paul Lipkin Akuacom. 2011. Automated Demand Response Technology Demonstration for Small and Medium Commercial Buildings."
Lutron,10/10_CBL,9/22/10,13:00,17:00,11.36,3.95,-5.66,0.28,0.10,-0.14,0.57,0.20,-28%,"Page, Janie, Sila Kiliccote, Han Dudley, Mary Ann Piette, Albert K. Chiu, Bashar Kellow, Ed Koch, and Paul Lipkin Akuacom. 2011. Automated Demand Response Technology Demonstration for Small and Medium Commercial Buildings."
Lutron,OAT_MA_CBL,9/22/10,13:00,14:00,1.72,1.45,1.27,0.23,0.20,0.17,0.09,0.07,0.06,"Page, Janie, Sila Kiliccote, Han Dudley, Mary Ann Piette, Albert K. Chiu, Bashar Kellow, Ed Koch, and Paul Lipkin Akuacom. 2011. Automated Demand Response Technology Demonstration for Small and Medium Commercial Buildings."
Lutron,OAT_MA_CBL,9/22/10,14:00,15:00,1.59,1.41,1.28,0.21,0.19,0.17,0.08,0.07,0.06,"Page, Janie, Sila Kiliccote, Han Dudley, Mary Ann Piette, Albert K. Chiu, Bashar Kellow, Ed Koch, and Paul Lipkin Akuacom. 2011. Automated Demand Response Technology Demonstration for Small and Medium Commercial Buildings."
Lutron,OAT_MA_CBL,9/22/10,15:00,16:00,1.82,1.57,1.46,0.24,0.21,0.20,0.09,0.08,0.07,"Page, Janie, Sila Kiliccote, Han Dudley, Mary Ann Piette, Albert K. Chiu, Bashar Kellow, Ed Koch, and Paul Lipkin Akuacom. 2011. Automated Demand Response Technology Demonstration for Small and Medium Commercial Buildings."
Lutron,OAT_MA_CBL,9/22/10,16:00,17:00,2.18,1.38,0.36,0.29,0.19,0.05,0.11,0.07,0.02,"Page, Janie, Sila Kiliccote, Han Dudley, Mary Ann Piette, Albert K. Chiu, Bashar Kellow, Ed Koch, and Paul Lipkin Akuacom. 2011. Automated Demand Response Technology Demonstration for Small and Medium Commercial Buildings."
Lutron,OAT_MA_CBL,9/22/10,13:00,17:00,2.18,1.45,0.36,0.29,0.20,0.05,0.11,0.07,0.02,"Page, Janie, Sila Kiliccote, Han Dudley, Mary Ann Piette, Albert K. Chiu, Bashar Kellow, Ed Koch, and Paul Lipkin Akuacom. 2011. Automated Demand Response Technology Demonstration for Small and Medium Commercial Buildings."
Lutron,10/10_CBL,9/22/10,13:00,14:00,1.68,1.42,1.24,0.23,0.19,0.17,0.08,0.07,0.06,"Page, Janie, Sila Kiliccote, Han Dudley, Mary Ann Piette, Albert K. Chiu, Bashar Kellow, Ed Koch, and Paul Lipkin Akuacom. 2011. Automated Demand Response Technology Demonstration for Small and Medium Commercial Buildings."
Lutron,10/10_CBL,9/22/10,14:00,15:00,1.57,1.38,1.26,0.21,0.18,0.17,0.08,0.07,0.06,"Page, Janie, Sila Kiliccote, Han Dudley, Mary Ann Piette, Albert K. Chiu, Bashar Kellow, Ed Koch, and Paul Lipkin Akuacom. 2011. Automated Demand Response Technology Demonstration for Small and Medium Commercial Buildings."
Lutron,10/10_CBL,9/22/10,15:00,16:00,1.78,1.53,1.42,0.24,0.21,0.19,0.09,0.08,0.07,"Page, Janie, Sila Kiliccote, Han Dudley, Mary Ann Piette, Albert K. Chiu, Bashar Kellow, Ed Koch, and Paul Lipkin Akuacom. 2011. Automated Demand Response Technology Demonstration for Small and Medium Commercial Buildings."
Lutron,10/10_CBL,9/22/10,16:00,17:00,2.12,1.31,0.27,0.28,0.18,0.04,0.11,0.07,0.01,"Page, Janie, Sila Kiliccote, Han Dudley, Mary Ann Piette, Albert K. Chiu, Bashar Kellow, Ed Koch, and Paul Lipkin Akuacom. 2011. Automated Demand Response Technology Demonstration for Small and Medium Commercial Buildings."
Lutron,10/10_CBL,9/22/10,13:00,17:00,2.12,1.41,0.27,0.28,0.19,0.04,0.11,0.07,0.01,"Page, Janie, Sila Kiliccote, Han Dudley, Mary Ann Piette, Albert K. Chiu, Bashar Kellow, Ed Koch, and Paul Lipkin Akuacom. 2011. Automated Demand Response Technology Demonstration for Small and Medium Commercial Buildings."
Enmetric,OAT_MA_CBL,8/24/10,14:00,15:00,-2.29,-2.47,-2.70,-0.13,-0.14,-0.16,-4.58,-4.94,-5.4,"Page, Janie, Sila Kiliccote, Han Dudley, Mary Ann Piette, Albert K. Chiu, Bashar Kellow, Ed Koch, and Paul Lipkin Akuacom. 2011. Automated Demand Response Technology Demonstration for Small and Medium Commercial Buildings."
Enmetric,OAT_MA_CBL,8/24/10,15:00,16:00,3.87,2.57,1.94,0.18,0.12,0.10,7.75,5.15,3.87,"Page, Janie, Sila Kiliccote, Han Dudley, Mary Ann Piette, Albert K. Chiu, Bashar Kellow, Ed Koch, and Paul Lipkin Akuacom. 2011. Automated Demand Response Technology Demonstration for Small and Medium Commercial Buildings."
Enmetric,OAT_MA_CBL,8/24/10,16:00,17:00,2.88,0.90,-0.90,0.14,0.04,-0.06,5.77,1.80,-1.79,"Page, Janie, Sila Kiliccote, Han Dudley, Mary Ann Piette, Albert K. Chiu, Bashar Kellow, Ed Koch, and Paul Lipkin Akuacom. 2011. Automated Demand Response Technology Demonstration for Small and Medium Commercial Buildings."
Enmetric,OAT_MA_CBL,8/24/10,17:00,18:00,1.18,0.51,-0.26,0.07,0.03,-0.02,2.36,1.03,-0.52,"Page, Janie, Sila Kiliccote, Han Dudley, Mary Ann Piette, Albert K. Chiu, Bashar Kellow, Ed Koch, and Paul Lipkin Akuacom. 2011. Automated Demand Response Technology Demonstration for Small and Medium Commercial Buildings."
Enmetric,OAT_MA_CBL,8/24/10,14:00,18:00,3.87,0.38,-2.70,0.18,0.01,-0.16,7.75,0.76,-5.4,"Page, Janie, Sila Kiliccote, Han Dudley, Mary Ann Piette, Albert K. Chiu, Bashar Kellow, Ed Koch, and Paul Lipkin Akuacom. 2011. Automated Demand Response Technology Demonstration for Small and Medium Commercial Buildings."
Enmetric,10/10_CBL,8/24/10,14:00,15:00,-1.32,-1.59,-2.01,-0.07,-0.09,-0.11,-2.64,-3.17,-4.02,"Page, Janie, Sila Kiliccote, Han Dudley, Mary Ann Piette, Albert K. Chiu, Bashar Kellow, Ed Koch, and Paul Lipkin Akuacom. 2011. Automated Demand Response Technology Demonstration for Small and Medium Commercial Buildings."
Enmetric,10/10_CBL,8/24/10,15:00,16:00,1.12,0.28,-0.17,0.06,0.01,-0.01,2.24,0.56,-0.34,"Page, Janie, Sila Kiliccote, Han Dudley, Mary Ann Piette, Albert K. Chiu, Bashar Kellow, Ed Koch, and Paul Lipkin Akuacom. 2011. Automated Demand Response Technology Demonstration for Small and Medium Commercial Buildings."
Enmetric,10/10_CBL,8/24/10,16:00,17:00,0.84,0.52,0.29,0.05,0.03,0.02,1.68,1.04,0.59,"Page, Janie, Sila Kiliccote, Han Dudley, Mary Ann Piette, Albert K. Chiu, Bashar Kellow, Ed Koch, and Paul Lipkin Akuacom. 2011. Automated Demand Response Technology Demonstration for Small and Medium Commercial Buildings."
Enmetric,10/10_CBL,8/24/10,17:00,18:00,-0.52,-0.71,-0.84,-0.03,-0.05,-0.05,-1.05,-1.41,-1.69,"Page, Janie, Sila Kiliccote, Han Dudley, Mary Ann Piette, Albert K. Chiu, Bashar Kellow, Ed Koch, and Paul Lipkin Akuacom. 2011. Automated Demand Response Technology Demonstration for Small and Medium Commercial Buildings."
Enmetric,10/10_CBL,8/24/10,14:00,18:00,1.12,-0.37,-2.01,0.06,-0.02,-0.11,2.24,-0.75,-4.02,"Page, Janie, Sila Kiliccote, Han Dudley, Mary Ann Piette, Albert K. Chiu, Bashar Kellow, Ed Koch, and Paul Lipkin Akuacom. 2011. Automated Demand Response Technology Demonstration for Small and Medium Commercial Buildings."
Enmetric,OAT_MA_CBL,9/1/10,14:00,15:00,2.32,1.80,1.36,0.12,0.09,0.07,4.64,3.61,2.71,"Page, Janie, Sila Kiliccote, Han Dudley, Mary Ann Piette, Albert K. Chiu, Bashar Kellow, Ed Koch, and Paul Lipkin Akuacom. 2011. Automated Demand Response Technology Demonstration for Small and Medium Commercial Buildings."
Enmetric,OAT_MA_CBL,9/1/10,15:00,16:00,4.99,3.40,2.59,0.22,0.16,0.13,9.99,6.81,5.18,"Page, Janie, Sila Kiliccote, Han Dudley, Mary Ann Piette, Albert K. Chiu, Bashar Kellow, Ed Koch, and Paul Lipkin Akuacom. 2011. Automated Demand Response Technology Demonstration for Small and Medium Commercial Buildings."
Enmetric,OAT_MA_CBL,9/1/10,16:00,17:00,2.32,0.08,-2.48,0.12,0.00,-0.15,4.64,0.16,-4.96,"Page, Janie, Sila Kiliccote, Han Dudley, Mary Ann Piette, Albert K. Chiu, Bashar Kellow, Ed Koch, and Paul Lipkin Akuacom. 2011. Automated Demand Response Technology Demonstration for Small and Medium Commercial Buildings."
Enmetric,OAT_MA_CBL,9/1/10,17:00,18:00,1.82,0.11,-1.36,0.11,0.01,-0.08,3.64,0.21,-2.72,"Page, Janie, Sila Kiliccote, Han Dudley, Mary Ann Piette, Albert K. Chiu, Bashar Kellow, Ed Koch, and Paul Lipkin Akuacom. 2011. Automated Demand Response Technology Demonstration for Small and Medium Commercial Buildings."
Enmetric,OAT_MA_CBL,9/1/10,14:00,18:00,4.99,1.35,-2.48,0.22,0.06,-0.15,9.99,2.70,-4.96,"Page, Janie, Sila Kiliccote, Han Dudley, Mary Ann Piette, Albert K. Chiu, Bashar Kellow, Ed Koch, and Paul Lipkin Akuacom. 2011. Automated Demand Response Technology Demonstration for Small and Medium Commercial Buildings."
Enmetric,10/10_CBL,9/1/10,14:00,15:00,2.45,1.55,0.88,0.12,0.08,0.04,4.90,3.11,1.77,"Page, Janie, Sila Kiliccote, Han Dudley, Mary Ann Piette, Albert K. Chiu, Bashar Kellow, Ed Koch, and Paul Lipkin Akuacom. 2011. Automated Demand Response Technology Demonstration for Small and Medium Commercial Buildings."
Enmetric,10/10_CBL,9/1/10,15:00,16:00,2.97,2.16,1.68,0.15,0.11,0.08,5.95,4.32,3.35,"Page, Janie, Sila Kiliccote, Han Dudley, Mary Ann Piette, Albert K. Chiu, Bashar Kellow, Ed Koch, and Paul Lipkin Akuacom. 2011. Automated Demand Response Technology Demonstration for Small and Medium Commercial Buildings."
Enmetric,10/10_CBL,9/1/10,16:00,17:00,1.57,0.42,-1.12,0.08,0.02,-0.06,3.13,0.85,-2.23,"Page, Janie, Sila Kiliccote, Han Dudley, Mary Ann Piette, Albert K. Chiu, Bashar Kellow, Ed Koch, and Paul Lipkin Akuacom. 2011. Automated Demand Response Technology Demonstration for Small and Medium Commercial Buildings."
Enmetric,10/10_CBL,9/1/10,17:00,18:00,1.07,-0.27,-1.21,0.07,-0.02,-0.07,2.14,-0.54,-2.41,"Page, Janie, Sila Kiliccote, Han Dudley, Mary Ann Piette, Albert K. Chiu, Bashar Kellow, Ed Koch, and Paul Lipkin Akuacom. 2011. Automated Demand Response Technology Demonstration for Small and Medium Commercial Buildings."
Enmetric,10/10_CBL,9/1/10,14:00,18:00,2.97,0.97,-1.21,0.15,0.05,-0.07,5.95,1.93,-2.41,"Page, Janie, Sila Kiliccote, Han Dudley, Mary Ann Piette, Albert K. Chiu, Bashar Kellow, Ed Koch, and Paul Lipkin Akuacom. 2011. Automated Demand Response Technology Demonstration for Small and Medium Commercial Buildings."
Enmetric,OAT_MA_CBL,9/2/10,14:00,15:00,1.15,-0.20,-1.60,0.06,-0.01,-0.09,2.31,-0.39,-3.21,"Page, Janie, Sila Kiliccote, Han Dudley, Mary Ann Piette, Albert K. Chiu, Bashar Kellow, Ed Koch, and Paul Lipkin Akuacom. 2011. Automated Demand Response Technology Demonstration for Small and Medium Commercial Buildings."
Enmetric,OAT_MA_CBL,9/2/10,15:00,16:00,0.66,-1.32,-2.46,0.04,-0.07,-0.14,1.32,-2.64,-4.92,"Page, Janie, Sila Kiliccote, Han Dudley, Mary Ann Piette, Albert K. Chiu, Bashar Kellow, Ed Koch, and Paul Lipkin Akuacom. 2011. Automated Demand Response Technology Demonstration for Small and Medium Commercial Buildings."
Enmetric,OAT_MA_CBL,9/2/10,16:00,17:00,-1.91,-2.74,-3.72,-0.11,-0.17,-0.24,-3.82,-5.48,-7.44,"Page, Janie, Sila Kiliccote, Han Dudley, Mary Ann Piette, Albert K. Chiu, Bashar Kellow, Ed Koch, and Paul Lipkin Akuacom. 2011. Automated Demand Response Technology Demonstration for Small and Medium Commercial Buildings."
Enmetric,OAT_MA_CBL,9/2/10,17:00,18:00,0.33,-0.78,-1.74,0.02,-0.05,-0.12,0.66,-1.57,-3.49,"Page, Janie, Sila Kiliccote, Han Dudley, Mary Ann Piette, Albert K. Chiu, Bashar Kellow, Ed Koch, and Paul Lipkin Akuacom. 2011. Automated Demand Response Technology Demonstration for Small and Medium Commercial Buildings."
Enmetric,OAT_MA_CBL,9/2/10,14:00,18:00,1.15,-1.26,-3.72,0.06,-0.08,-0.24,2.31,-2.52,-7.44,"Page, Janie, Sila Kiliccote, Han Dudley, Mary Ann Piette, Albert K. Chiu, Bashar Kellow, Ed Koch, and Paul Lipkin Akuacom. 2011. Automated Demand Response Technology Demonstration for Small and Medium Commercial Buildings."
Enmetric,10/10_CBL,9/2/10,14:00,15:00,1.59,0.40,-0.53,0.09,0.02,-0.03,3.18,0.81,-1.07,"Page, Janie, Sila Kiliccote, Han Dudley, Mary Ann Piette, Albert K. Chiu, Bashar Kellow, Ed Koch, and Paul Lipkin Akuacom. 2011. Automated Demand Response Technology Demonstration for Small and Medium Commercial Buildings."
Enmetric,10/10_CBL,9/2/10,15:00,16:00,1.11,-0.99,-1.98,0.06,-0.05,-0.11,2.22,-1.98,-3.96,"Page, Janie, Sila Kiliccote, Han Dudley, Mary Ann Piette, Albert K. Chiu, Bashar Kellow, Ed Koch, and Paul Lipkin Akuacom. 2011. Automated Demand Response Technology Demonstration for Small and Medium Commercial Buildings."
Enmetric,10/10_CBL,9/2/10,16:00,17:00,-0.82,-1.46,-1.92,-0.05,-0.08,-0.11,-1.63,-2.93,-3.84,"Page, Janie, Sila Kiliccote, Han Dudley, Mary Ann Piette, Albert K. Chiu, Bashar Kellow, Ed Koch, and Paul Lipkin Akuacom. 2011. Automated Demand Response Technology Demonstration for Small and Medium Commercial Buildings."
Enmetric,10/10_CBL,9/2/10,17:00,18:00,0.92,-0.14,-1.03,0.06,-0.01,-0.07,1.83,-0.28,-2.06,"Page, Janie, Sila Kiliccote, Han Dudley, Mary Ann Piette, Albert K. Chiu, Bashar Kellow, Ed Koch, and Paul Lipkin Akuacom. 2011. Automated Demand Response Technology Demonstration for Small and Medium Commercial Buildings."
Enmetric,10/10_CBL,9/2/10,14:00,18:00,1.59,-0.55,-1.98,0.09,-0.03,-0.11,3.18,-1.09,-3.96,"Page, Janie, Sila Kiliccote, Han Dudley, Mary Ann Piette, Albert K. Chiu, Bashar Kellow, Ed Koch, and Paul Lipkin Akuacom. 2011. Automated Demand Response Technology Demonstration for Small and Medium Commercial Buildings."
Enmetric,OAT_MA_CBL,9/24/10,14:00,15:00,1.21,-0.67,-2.02,0.11,-0.06,-0.19,2.42,-1.33,-4.04,"Page, Janie, Sila Kiliccote, Han Dudley, Mary Ann Piette, Albert K. Chiu, Bashar Kellow, Ed Koch, and Paul Lipkin Akuacom. 2011. Automated Demand Response Technology Demonstration for Small and Medium Commercial Buildings."
Enmetric,OAT_MA_CBL,9/24/10,15:00,16:00,1.64,0.12,-1.56,0.14,0.01,-0.14,3.27,0.23,-3.11,"Page, Janie, Sila Kiliccote, Han Dudley, Mary Ann Piette, Albert K. Chiu, Bashar Kellow, Ed Koch, and Paul Lipkin Akuacom. 2011. Automated Demand Response Technology Demonstration for Small and Medium Commercial Buildings."
Enmetric,OAT_MA_CBL,9/24/10,16:00,17:00,1.13,-0.08,-2.39,0.12,0.00,-0.22,2.26,-0.17,-4.79,"Page, Janie, Sila Kiliccote, Han Dudley, Mary Ann Piette, Albert K. Chiu, Bashar Kellow, Ed Koch, and Paul Lipkin Akuacom. 2011. Automated Demand Response Technology Demonstration for Small and Medium Commercial Buildings."
Enmetric,OAT_MA_CBL,9/24/10,17:00,18:00,1.48,0.85,0.20,0.16,0.09,0.02,2.96,1.70,0.4,"Page, Janie, Sila Kiliccote, Han Dudley, Mary Ann Piette, Albert K. Chiu, Bashar Kellow, Ed Koch, and Paul Lipkin Akuacom. 2011. Automated Demand Response Technology Demonstration for Small and Medium Commercial Buildings."
Enmetric,OAT_MA_CBL,9/24/10,14:00,18:00,1.64,0.05,-2.39,0.16,0.01,-0.22,3.27,0.11,-4.79,"Page, Janie, Sila Kiliccote, Han Dudley, Mary Ann Piette, Albert K. Chiu, Bashar Kellow, Ed Koch, and Paul Lipkin Akuacom. 2011. Automated Demand Response Technology Demonstration for Small and Medium Commercial Buildings."
Enmetric,10/10_CBL,9/24/10,14:00,15:00,4.23,2.57,1.26,0.30,0.18,0.09,8.47,5.14,2.52,"Page, Janie, Sila Kiliccote, Han Dudley, Mary Ann Piette, Albert K. Chiu, Bashar Kellow, Ed Koch, and Paul Lipkin Akuacom. 2011. Automated Demand Response Technology Demonstration for Small and Medium Commercial Buildings."
Enmetric,10/10_CBL,9/24/10,15:00,16:00,4.15,2.93,1.58,0.29,0.21,0.11,8.30,5.87,3.16,"Page, Janie, Sila Kiliccote, Han Dudley, Mary Ann Piette, Albert K. Chiu, Bashar Kellow, Ed Koch, and Paul Lipkin Akuacom. 2011. Automated Demand Response Technology Demonstration for Small and Medium Commercial Buildings."
Enmetric,10/10_CBL,9/24/10,16:00,17:00,5.05,3.42,1.14,0.38,0.25,0.08,10.11,6.84,2.27,"Page, Janie, Sila Kiliccote, Han Dudley, Mary Ann Piette, Albert K. Chiu, Bashar Kellow, Ed Koch, and Paul Lipkin Akuacom. 2011. Automated Demand Response Technology Demonstration for Small and Medium Commercial Buildings."
Enmetric,10/10_CBL,9/24/10,17:00,18:00,4.30,3.61,2.51,0.36,0.30,0.22,8.60,7.21,5.01,"Page, Janie, Sila Kiliccote, Han Dudley, Mary Ann Piette, Albert K. Chiu, Bashar Kellow, Ed Koch, and Paul Lipkin Akuacom. 2011. Automated Demand Response Technology Demonstration for Small and Medium Commercial Buildings."
Enmetric,10/10_CBL,9/24/10,14:00,18:00,5.05,3.13,1.14,0.38,0.24,0.08,10.11,6.26,2.27,"Page, Janie, Sila Kiliccote, Han Dudley, Mary Ann Piette, Albert K. Chiu, Bashar Kellow, Ed Koch, and Paul Lipkin Akuacom. 2011. Automated Demand Response Technology Demonstration for Small and Medium Commercial Buildings."
Enmetric,OAT_MA_CBL,9/27/10,14:00,15:00,-1.25,-3.80,-6.97,-0.08,-0.24,-0.45,-2.50,-7.59,-13.94,"Page, Janie, Sila Kiliccote, Han Dudley, Mary Ann Piette, Albert K. Chiu, Bashar Kellow, Ed Koch, and Paul Lipkin Akuacom. 2011. Automated Demand Response Technology Demonstration for Small and Medium Commercial Buildings."
Enmetric,OAT_MA_CBL,9/27/10,15:00,16:00,1.37,-0.86,-2.38,0.08,-0.05,-0.14,2.75,-1.72,-4.76,"Page, Janie, Sila Kiliccote, Han Dudley, Mary Ann Piette, Albert K. Chiu, Bashar Kellow, Ed Koch, and Paul Lipkin Akuacom. 2011. Automated Demand Response Technology Demonstration for Small and Medium Commercial Buildings."
Enmetric,OAT_MA_CBL,9/27/10,16:00,17:00,1.37,-3.38,-6.30,0.09,-0.25,-0.48,2.73,-6.75,-12.61,"Page, Janie, Sila Kiliccote, Han Dudley, Mary Ann Piette, Albert K. Chiu, Bashar Kellow, Ed Koch, and Paul Lipkin Akuacom. 2011. Automated Demand Response Technology Demonstration for Small and Medium Commercial Buildings."
Enmetric,OAT_MA_CBL,9/27/10,17:00,18:00,-2.87,-5.13,-7.87,-0.22,-0.40,-0.63,-5.75,-10.26,-15.74,"Page, Janie, Sila Kiliccote, Han Dudley, Mary Ann Piette, Albert K. Chiu, Bashar Kellow, Ed Koch, and Paul Lipkin Akuacom. 2011. Automated Demand Response Technology Demonstration for Small and Medium Commercial Buildings."
Enmetric,OAT_MA_CBL,9/27/10,14:00,18:00,1.37,-3.29,-7.87,0.09,-0.24,-0.63,2.75,-6.58,-15.74,"Page, Janie, Sila Kiliccote, Han Dudley, Mary Ann Piette, Albert K. Chiu, Bashar Kellow, Ed Koch, and Paul Lipkin Akuacom. 2011. Automated Demand Response Technology Demonstration for Small and Medium Commercial Buildings."
Enmetric,10/10_CBL,9/27/10,14:00,15:00,-0.07,-2.29,-4.78,0.00,-0.13,-0.27,-0.13,-4.57,-9.56,"Page, Janie, Sila Kiliccote, Han Dudley, Mary Ann Piette, Albert K. Chiu, Bashar Kellow, Ed Koch, and Paul Lipkin Akuacom. 2011. Automated Demand Response Technology Demonstration for Small and Medium Commercial Buildings."
Enmetric,10/10_CBL,9/27/10,15:00,16:00,0.87,-0.43,-1.91,0.05,-0.02,-0.11,1.74,-0.85,-3.83,"Page, Janie, Sila Kiliccote, Han Dudley, Mary Ann Piette, Albert K. Chiu, Bashar Kellow, Ed Koch, and Paul Lipkin Akuacom. 2011. Automated Demand Response Technology Demonstration for Small and Medium Commercial Buildings."
Enmetric,10/10_CBL,9/27/10,16:00,17:00,3.18,-1.26,-3.10,0.18,-0.08,-0.19,6.36,-2.51,-6.2,"Page, Janie, Sila Kiliccote, Han Dudley, Mary Ann Piette, Albert K. Chiu, Bashar Kellow, Ed Koch, and Paul Lipkin Akuacom. 2011. Automated Demand Response Technology Demonstration for Small and Medium Commercial Buildings."
Enmetric,10/10_CBL,9/27/10,17:00,18:00,-2.31,-3.49,-5.93,-0.17,-0.24,-0.41,-4.63,-6.97,-11.86,"Page, Janie, Sila Kiliccote, Han Dudley, Mary Ann Piette, Albert K. Chiu, Bashar Kellow, Ed Koch, and Paul Lipkin Akuacom. 2011. Automated Demand Response Technology Demonstration for Small and Medium Commercial Buildings."
Enmetric,10/10_CBL,9/27/10,14:00,18:00,3.18,-1.86,-5.93,0.18,-0.12,-0.41,6.36,-3.73,-11.86,"Page, Janie, Sila Kiliccote, Han Dudley, Mary Ann Piette, Albert K. Chiu, Bashar Kellow, Ed Koch, and Paul Lipkin Akuacom. 2011. Automated Demand Response Technology Demonstration for Small and Medium Commercial Buildings."
Enmetric,OAT_MA_CBL,9/28/10,14:00,15:00,7.60,3.77,0.62,0.22,0.11,0.02,15.20,7.54,1.23,"Page, Janie, Sila Kiliccote, Han Dudley, Mary Ann Piette, Albert K. Chiu, Bashar Kellow, Ed Koch, and Paul Lipkin Akuacom. 2011. Automated Demand Response Technology Demonstration for Small and Medium Commercial Buildings."
Enmetric,OAT_MA_CBL,9/28/10,15:00,16:00,5.48,1.60,-1.51,0.15,0.04,-0.04,10.95,3.20,-3.01,"Page, Janie, Sila Kiliccote, Han Dudley, Mary Ann Piette, Albert K. Chiu, Bashar Kellow, Ed Koch, and Paul Lipkin Akuacom. 2011. Automated Demand Response Technology Demonstration for Small and Medium Commercial Buildings."
Enmetric,OAT_MA_CBL,9/28/10,16:00,17:00,4.00,-1.52,-6.95,0.12,-0.06,-0.25,8.00,-3.05,-13.9,"Page, Janie, Sila Kiliccote, Han Dudley, Mary Ann Piette, Albert K. Chiu, Bashar Kellow, Ed Koch, and Paul Lipkin Akuacom. 2011. Automated Demand Response Technology Demonstration for Small and Medium Commercial Buildings."
Enmetric,OAT_MA_CBL,9/28/10,17:00,18:00,-2.12,-4.33,-8.12,-0.08,-0.16,-0.31,-4.25,-8.65,-16.23,"Page, Janie, Sila Kiliccote, Han Dudley, Mary Ann Piette, Albert K. Chiu, Bashar Kellow, Ed Koch, and Paul Lipkin Akuacom. 2011. Automated Demand Response Technology Demonstration for Small and Medium Commercial Buildings."
Enmetric,OAT_MA_CBL,9/28/10,14:00,18:00,7.60,-0.12,-8.12,0.22,-0.02,-0.31,15.20,-0.24,-16.23,"Page, Janie, Sila Kiliccote, Han Dudley, Mary Ann Piette, Albert K. Chiu, Bashar Kellow, Ed Koch, and Paul Lipkin Akuacom. 2011. Automated Demand Response Technology Demonstration for Small and Medium Commercial Buildings."
Enmetric,10/10_CBL,9/28/10,14:00,15:00,10.38,7.61,4.79,0.28,0.20,0.13,20.77,15.22,9.58,"Page, Janie, Sila Kiliccote, Han Dudley, Mary Ann Piette, Albert K. Chiu, Bashar Kellow, Ed Koch, and Paul Lipkin Akuacom. 2011. Automated Demand Response Technology Demonstration for Small and Medium Commercial Buildings."
Enmetric,10/10_CBL,9/28/10,15:00,16:00,6.68,2.70,0.60,0.18,0.07,0.02,13.36,5.41,1.21,"Page, Janie, Sila Kiliccote, Han Dudley, Mary Ann Piette, Albert K. Chiu, Bashar Kellow, Ed Koch, and Paul Lipkin Akuacom. 2011. Automated Demand Response Technology Demonstration for Small and Medium Commercial Buildings."
Enmetric,10/10_CBL,9/28/10,16:00,17:00,8.18,3.24,-1.25,0.22,0.09,-0.04,16.37,6.48,-2.49,"Page, Janie, Sila Kiliccote, Han Dudley, Mary Ann Piette, Albert K. Chiu, Bashar Kellow, Ed Koch, and Paul Lipkin Akuacom. 2011. Automated Demand Response Technology Demonstration for Small and Medium Commercial Buildings."
Enmetric,10/10_CBL,9/28/10,17:00,18:00,1.89,-0.56,-3.64,0.06,-0.02,-0.12,3.79,-1.13,-7.28,"Page, Janie, Sila Kiliccote, Han Dudley, Mary Ann Piette, Albert K. Chiu, Bashar Kellow, Ed Koch, and Paul Lipkin Akuacom. 2011. Automated Demand Response Technology Demonstration for Small and Medium Commercial Buildings."
Enmetric,10/10_CBL,9/28/10,14:00,18:00,10.38,3.25,-3.64,0.28,0.09,-0.12,20.77,6.49,-7.28,"Page, Janie, Sila Kiliccote, Han Dudley, Mary Ann Piette, Albert K. Chiu, Bashar Kellow, Ed Koch, and Paul Lipkin Akuacom. 2011. Automated Demand Response Technology Demonstration for Small and Medium Commercial Buildings."
Enmetric,OAT_MA_CBL,10/13/10,14:00,15:00,-1.05,-1.76,-3.11,-0.05,-0.09,-0.16,-2.11,-3.51,-6.22,"Page, Janie, Sila Kiliccote, Han Dudley, Mary Ann Piette, Albert K. Chiu, Bashar Kellow, Ed Koch, and Paul Lipkin Akuacom. 2011. Automated Demand Response Technology Demonstration for Small and Medium Commercial Buildings."
Enmetric,OAT_MA_CBL,10/13/10,15:00,16:00,-0.52,-1.39,-2.86,-0.02,-0.07,-0.15,-1.04,-2.79,-5.72,"Page, Janie, Sila Kiliccote, Han Dudley, Mary Ann Piette, Albert K. Chiu, Bashar Kellow, Ed Koch, and Paul Lipkin Akuacom. 2011. Automated Demand Response Technology Demonstration for Small and Medium Commercial Buildings."
Enmetric,OAT_MA_CBL,10/13/10,16:00,17:00,0.13,-0.75,-1.74,0.01,-0.04,-0.09,0.25,-1.49,-3.47,"Page, Janie, Sila Kiliccote, Han Dudley, Mary Ann Piette, Albert K. Chiu, Bashar Kellow, Ed Koch, and Paul Lipkin Akuacom. 2011. Automated Demand Response Technology Demonstration for Small and Medium Commercial Buildings."
Enmetric,OAT_MA_CBL,10/13/10,17:00,18:00,-2.41,-3.11,-4.46,-0.15,-0.19,-0.28,-4.82,-6.22,-8.91,"Page, Janie, Sila Kiliccote, Han Dudley, Mary Ann Piette, Albert K. Chiu, Bashar Kellow, Ed Koch, and Paul Lipkin Akuacom. 2011. Automated Demand Response Technology Demonstration for Small and Medium Commercial Buildings."
Enmetric,OAT_MA_CBL,10/13/10,14:00,18:00,0.13,-1.75,-4.46,0.01,-0.10,-0.28,0.25,-3.50,-8.91,"Page, Janie, Sila Kiliccote, Han Dudley, Mary Ann Piette, Albert K. Chiu, Bashar Kellow, Ed Koch, and Paul Lipkin Akuacom. 2011. Automated Demand Response Technology Demonstration for Small and Medium Commercial Buildings."
Enmetric,10/10_CBL,10/13/10,14:00,15:00,-1.63,-1.94,-2.61,-0.08,-0.10,-0.13,-3.27,-3.88,-5.22,"Page, Janie, Sila Kiliccote, Han Dudley, Mary Ann Piette, Albert K. Chiu, Bashar Kellow, Ed Koch, and Paul Lipkin Akuacom. 2011. Automated Demand Response Technology Demonstration for Small and Medium Commercial Buildings."
Enmetric,10/10_CBL,10/13/10,15:00,16:00,-0.66,-1.27,-1.76,-0.03,-0.06,-0.09,-1.33,-2.53,-3.52,"Page, Janie, Sila Kiliccote, Han Dudley, Mary Ann Piette, Albert K. Chiu, Bashar Kellow, Ed Koch, and Paul Lipkin Akuacom. 2011. Automated Demand Response Technology Demonstration for Small and Medium Commercial Buildings."
Enmetric,10/10_CBL,10/13/10,16:00,17:00,0.07,-0.83,-1.44,0.00,-0.04,-0.08,0.14,-1.66,-2.88,"Page, Janie, Sila Kiliccote, Han Dudley, Mary Ann Piette, Albert K. Chiu, Bashar Kellow, Ed Koch, and Paul Lipkin Akuacom. 2011. Automated Demand Response Technology Demonstration for Small and Medium Commercial Buildings."
Enmetric,10/10_CBL,10/13/10,17:00,18:00,-0.64,-1.67,-2.48,-0.04,-0.09,-0.14,-1.28,-3.34,-4.96,"Page, Janie, Sila Kiliccote, Han Dudley, Mary Ann Piette, Albert K. Chiu, Bashar Kellow, Ed Koch, and Paul Lipkin Akuacom. 2011. Automated Demand Response Technology Demonstration for Small and Medium Commercial Buildings."
Enmetric,10/10_CBL,10/13/10,14:00,18:00,0.07,-1.43,-2.61,0.00,-0.07,-0.14,0.14,-2.85,-5.22,"Page, Janie, Sila Kiliccote, Han Dudley, Mary Ann Piette, Albert K. Chiu, Bashar Kellow, Ed Koch, and Paul Lipkin Akuacom. 2011. Automated Demand Response Technology Demonstration for Small and Medium Commercial Buildings."
EnergyETC,OAT_MA_CBL,8/24/10,14:00,15:00,1.03,0.31,-1.12,0.16,0.04,-0.22,0.47,0.14,-0.51,"Page, Janie, Sila Kiliccote, Han Dudley, Mary Ann Piette, Albert K. Chiu, Bashar Kellow, Ed Koch, and Paul Lipkin Akuacom. 2011. Automated Demand Response Technology Demonstration for Small and Medium Commercial Buildings."
EnergyETC,OAT_MA_CBL,8/24/10,15:00,16:00,2.04,0.20,-1.46,0.29,-0.01,-0.33,0.93,0.09,-0.67,"Page, Janie, Sila Kiliccote, Han Dudley, Mary Ann Piette, Albert K. Chiu, Bashar Kellow, Ed Koch, and Paul Lipkin Akuacom. 2011. Automated Demand Response Technology Demonstration for Small and Medium Commercial Buildings."
EnergyETC,OAT_MA_CBL,8/24/10,16:00,17:00,0.73,-0.07,-1.53,0.13,-0.03,-0.36,0.33,-0.03,-0.7,"Page, Janie, Sila Kiliccote, Han Dudley, Mary Ann Piette, Albert K. Chiu, Bashar Kellow, Ed Koch, and Paul Lipkin Akuacom. 2011. Automated Demand Response Technology Demonstration for Small and Medium Commercial Buildings."
EnergyETC,OAT_MA_CBL,8/24/10,17:00,18:00,1.42,0.08,-1.26,0.24,-0.02,-0.30,0.64,0.04,-0.57,"Page, Janie, Sila Kiliccote, Han Dudley, Mary Ann Piette, Albert K. Chiu, Bashar Kellow, Ed Koch, and Paul Lipkin Akuacom. 2011. Automated Demand Response Technology Demonstration for Small and Medium Commercial Buildings."
EnergyETC,OAT_MA_CBL,8/24/10,14:00,18:00,2.04,0.13,-1.53,0.29,0.00,-0.36,0.93,0.06,-0.7,"Page, Janie, Sila Kiliccote, Han Dudley, Mary Ann Piette, Albert K. Chiu, Bashar Kellow, Ed Koch, and Paul Lipkin Akuacom. 2011. Automated Demand Response Technology Demonstration for Small and Medium Commercial Buildings."
EnergyETC,10/10_CBL,8/24/10,14:00,15:00,0.72,0.32,-0.40,0.13,0.06,-0.07,0.33,0.14,-0.18,"Page, Janie, Sila Kiliccote, Han Dudley, Mary Ann Piette, Albert K. Chiu, Bashar Kellow, Ed Koch, and Paul Lipkin Akuacom. 2011. Automated Demand Response Technology Demonstration for Small and Medium Commercial Buildings."
EnergyETC,10/10_CBL,8/24/10,15:00,16:00,0.67,-0.02,-0.80,0.12,-0.01,-0.16,0.31,-0.01,-0.36,"Page, Janie, Sila Kiliccote, Han Dudley, Mary Ann Piette, Albert K. Chiu, Bashar Kellow, Ed Koch, and Paul Lipkin Akuacom. 2011. Automated Demand Response Technology Demonstration for Small and Medium Commercial Buildings."
EnergyETC,10/10_CBL,8/24/10,16:00,17:00,-0.53,-0.69,-0.96,-0.12,-0.15,-0.20,-0.24,-0.31,-0.44,"Page, Janie, Sila Kiliccote, Han Dudley, Mary Ann Piette, Albert K. Chiu, Bashar Kellow, Ed Koch, and Paul Lipkin Akuacom. 2011. Automated Demand Response Technology Demonstration for Small and Medium Commercial Buildings."
EnergyETC,10/10_CBL,8/24/10,17:00,18:00,-0.43,-1.28,-1.96,-0.21,-0.43,-0.77,-0.19,-0.58,-0.89,"Page, Janie, Sila Kiliccote, Han Dudley, Mary Ann Piette, Albert K. Chiu, Bashar Kellow, Ed Koch, and Paul Lipkin Akuacom. 2011. Automated Demand Response Technology Demonstration for Small and Medium Commercial Buildings."
EnergyETC,10/10_CBL,8/24/10,14:00,18:00,0.72,-0.42,-1.96,0.13,-0.13,-0.77,0.33,-0.19,-0.89,"Page, Janie, Sila Kiliccote, Han Dudley, Mary Ann Piette, Albert K. Chiu, Bashar Kellow, Ed Koch, and Paul Lipkin Akuacom. 2011. Automated Demand Response Technology Demonstration for Small and Medium Commercial Buildings."
EnergyETC,OAT_MA_CBL,9/1/10,14:00,15:00,0.68,-0.15,-0.90,0.13,-0.03,-0.17,0.31,-0.07,-0.41,"Page, Janie, Sila Kiliccote, Han Dudley, Mary Ann Piette, Albert K. Chiu, Bashar Kellow, Ed Koch, and Paul Lipkin Akuacom. 2011. Automated Demand Response Technology Demonstration for Small and Medium Commercial Buildings."
EnergyETC,OAT_MA_CBL,9/1/10,15:00,16:00,0.45,0.08,-0.39,0.09,0.01,-0.09,0.20,0.04,-0.18,"Page, Janie, Sila Kiliccote, Han Dudley, Mary Ann Piette, Albert K. Chiu, Bashar Kellow, Ed Koch, and Paul Lipkin Akuacom. 2011. Automated Demand Response Technology Demonstration for Small and Medium Commercial Buildings."
EnergyETC,OAT_MA_CBL,9/1/10,16:00,17:00,0.31,-0.11,-0.51,0.06,-0.02,-0.11,0.14,-0.05,-0.23,"Page, Janie, Sila Kiliccote, Han Dudley, Mary Ann Piette, Albert K. Chiu, Bashar Kellow, Ed Koch, and Paul Lipkin Akuacom. 2011. Automated Demand Response Technology Demonstration for Small and Medium Commercial Buildings."
EnergyETC,OAT_MA_CBL,9/1/10,17:00,18:00,1.72,0.66,-0.28,0.32,0.11,-0.13,0.78,0.30,-0.13,"Page, Janie, Sila Kiliccote, Han Dudley, Mary Ann Piette, Albert K. Chiu, Bashar Kellow, Ed Koch, and Paul Lipkin Akuacom. 2011. Automated Demand Response Technology Demonstration for Small and Medium Commercial Buildings."
EnergyETC,OAT_MA_CBL,9/1/10,14:00,18:00,1.72,0.12,-0.90,0.32,0.02,-0.17,0.78,0.05,-0.41,"Page, Janie, Sila Kiliccote, Han Dudley, Mary Ann Piette, Albert K. Chiu, Bashar Kellow, Ed Koch, and Paul Lipkin Akuacom. 2011. Automated Demand Response Technology Demonstration for Small and Medium Commercial Buildings."
EnergyETC,10/10_CBL,9/1/10,14:00,15:00,0.86,0.21,-1.00,0.15,0.04,-0.19,0.39,0.10,-0.46,"Page, Janie, Sila Kiliccote, Han Dudley, Mary Ann Piette, Albert K. Chiu, Bashar Kellow, Ed Koch, and Paul Lipkin Akuacom. 2011. Automated Demand Response Technology Demonstration for Small and Medium Commercial Buildings."
EnergyETC,10/10_CBL,9/1/10,15:00,16:00,0.58,0.14,-0.31,0.11,0.03,-0.06,0.26,0.06,-0.14,"Page, Janie, Sila Kiliccote, Han Dudley, Mary Ann Piette, Albert K. Chiu, Bashar Kellow, Ed Koch, and Paul Lipkin Akuacom. 2011. Automated Demand Response Technology Demonstration for Small and Medium Commercial Buildings."
EnergyETC,10/10_CBL,9/1/10,16:00,17:00,-0.53,-0.85,-1.07,-0.13,-0.20,-0.25,-0.24,-0.38,-0.49,"Page, Janie, Sila Kiliccote, Han Dudley, Mary Ann Piette, Albert K. Chiu, Bashar Kellow, Ed Koch, and Paul Lipkin Akuacom. 2011. Automated Demand Response Technology Demonstration for Small and Medium Commercial Buildings."
EnergyETC,10/10_CBL,9/1/10,17:00,18:00,0.20,-0.38,-0.84,0.05,-0.13,-0.25,0.09,-0.17,-0.38,"Page, Janie, Sila Kiliccote, Han Dudley, Mary Ann Piette, Albert K. Chiu, Bashar Kellow, Ed Koch, and Paul Lipkin Akuacom. 2011. Automated Demand Response Technology Demonstration for Small and Medium Commercial Buildings."
EnergyETC,10/10_CBL,9/1/10,14:00,18:00,0.86,-0.22,-1.07,0.15,-0.07,-0.25,0.39,-0.10,-0.49,"Page, Janie, Sila Kiliccote, Han Dudley, Mary Ann Piette, Albert K. Chiu, Bashar Kellow, Ed Koch, and Paul Lipkin Akuacom. 2011. Automated Demand Response Technology Demonstration for Small and Medium Commercial Buildings."
EnergyETC,OAT_MA_CBL,9/2/10,14:00,15:00,0.45,-0.55,-1.96,0.08,-0.12,-0.44,0.20,-0.25,-0.89,"Page, Janie, Sila Kiliccote, Han Dudley, Mary Ann Piette, Albert K. Chiu, Bashar Kellow, Ed Koch, and Paul Lipkin Akuacom. 2011. Automated Demand Response Technology Demonstration for Small and Medium Commercial Buildings."
EnergyETC,OAT_MA_CBL,9/2/10,15:00,16:00,0.80,-0.24,-1.62,0.14,-0.07,-0.38,0.37,-0.11,-0.73,"Page, Janie, Sila Kiliccote, Han Dudley, Mary Ann Piette, Albert K. Chiu, Bashar Kellow, Ed Koch, and Paul Lipkin Akuacom. 2011. Automated Demand Response Technology Demonstration for Small and Medium Commercial Buildings."
EnergyETC,OAT_MA_CBL,9/2/10,16:00,17:00,0.38,-0.01,-0.42,0.08,0.00,-0.09,0.17,0.00,-0.19,"Page, Janie, Sila Kiliccote, Han Dudley, Mary Ann Piette, Albert K. Chiu, Bashar Kellow, Ed Koch, and Paul Lipkin Akuacom. 2011. Automated Demand Response Technology Demonstration for Small and Medium Commercial Buildings."
EnergyETC,OAT_MA_CBL,9/2/10,17:00,18:00,-0.06,-0.36,-0.49,-0.01,-0.11,-0.23,-0.03,-0.16,-0.22,"Page, Janie, Sila Kiliccote, Han Dudley, Mary Ann Piette, Albert K. Chiu, Bashar Kellow, Ed Koch, and Paul Lipkin Akuacom. 2011. Automated Demand Response Technology Demonstration for Small and Medium Commercial Buildings."
EnergyETC,OAT_MA_CBL,9/2/10,14:00,18:00,0.80,-0.29,-1.96,0.14,-0.08,-0.44,0.37,-0.13,-0.89,"Page, Janie, Sila Kiliccote, Han Dudley, Mary Ann Piette, Albert K. Chiu, Bashar Kellow, Ed Koch, and Paul Lipkin Akuacom. 2011. Automated Demand Response Technology Demonstration for Small and Medium Commercial Buildings."
EnergyETC,10/10_CBL,9/2/10,14:00,15:00,0.82,0.09,-0.52,0.14,0.02,-0.09,0.37,0.04,-0.24,"Page, Janie, Sila Kiliccote, Han Dudley, Mary Ann Piette, Albert K. Chiu, Bashar Kellow, Ed Koch, and Paul Lipkin Akuacom. 2011. Automated Demand Response Technology Demonstration for Small and Medium Commercial Buildings."
EnergyETC,10/10_CBL,9/2/10,15:00,16:00,0.83,0.10,-0.68,0.15,0.02,-0.13,0.38,0.05,-0.31,"Page, Janie, Sila Kiliccote, Han Dudley, Mary Ann Piette, Albert K. Chiu, Bashar Kellow, Ed Koch, and Paul Lipkin Akuacom. 2011. Automated Demand Response Technology Demonstration for Small and Medium Commercial Buildings."
EnergyETC,10/10_CBL,9/2/10,16:00,17:00,-0.10,-0.41,-0.92,-0.02,-0.09,-0.22,-0.05,-0.19,-0.42,"Page, Janie, Sila Kiliccote, Han Dudley, Mary Ann Piette, Albert K. Chiu, Bashar Kellow, Ed Koch, and Paul Lipkin Akuacom. 2011. Automated Demand Response Technology Demonstration for Small and Medium Commercial Buildings."
EnergyETC,10/10_CBL,9/2/10,17:00,18:00,-0.32,-0.82,-1.15,-0.14,-0.23,-0.29,-0.14,-0.37,-0.52,"Page, Janie, Sila Kiliccote, Han Dudley, Mary Ann Piette, Albert K. Chiu, Bashar Kellow, Ed Koch, and Paul Lipkin Akuacom. 2011. Automated Demand Response Technology Demonstration for Small and Medium Commercial Buildings."
EnergyETC,10/10_CBL,9/2/10,14:00,18:00,0.83,-0.26,-1.15,0.15,-0.07,-0.29,0.38,-0.12,-0.52,"Page, Janie, Sila Kiliccote, Han Dudley, Mary Ann Piette, Albert K. Chiu, Bashar Kellow, Ed Koch, and Paul Lipkin Akuacom. 2011. Automated Demand Response Technology Demonstration for Small and Medium Commercial Buildings."
EnergyETC,OAT_MA_CBL,9/24/10,14:00,15:00,1.42,0.55,-0.37,0.25,0.10,-0.07,0.64,0.25,-0.17,"Page, Janie, Sila Kiliccote, Han Dudley, Mary Ann Piette, Albert K. Chiu, Bashar Kellow, Ed Koch, and Paul Lipkin Akuacom. 2011. Automated Demand Response Technology Demonstration for Small and Medium Commercial Buildings."
EnergyETC,OAT_MA_CBL,9/24/10,15:00,16:00,0.45,0.07,-0.08,0.08,0.01,-0.02,0.20,0.03,-0.03,"Page, Janie, Sila Kiliccote, Han Dudley, Mary Ann Piette, Albert K. Chiu, Bashar Kellow, Ed Koch, and Paul Lipkin Akuacom. 2011. Automated Demand Response Technology Demonstration for Small and Medium Commercial Buildings."
EnergyETC,OAT_MA_CBL,9/24/10,16:00,17:00,1.99,0.75,-0.40,0.44,0.17,-0.08,0.90,0.34,-0.18,"Page, Janie, Sila Kiliccote, Han Dudley, Mary Ann Piette, Albert K. Chiu, Bashar Kellow, Ed Koch, and Paul Lipkin Akuacom. 2011. Automated Demand Response Technology Demonstration for Small and Medium Commercial Buildings."
EnergyETC,OAT_MA_CBL,9/24/10,17:00,18:00,2.62,1.01,-1.10,0.64,0.18,-0.52,1.19,0.46,-0.5,"Page, Janie, Sila Kiliccote, Han Dudley, Mary Ann Piette, Albert K. Chiu, Bashar Kellow, Ed Koch, and Paul Lipkin Akuacom. 2011. Automated Demand Response Technology Demonstration for Small and Medium Commercial Buildings."
EnergyETC,OAT_MA_CBL,9/24/10,14:00,18:00,2.62,0.60,-1.10,0.64,0.12,-0.52,1.19,0.27,-0.5,"Page, Janie, Sila Kiliccote, Han Dudley, Mary Ann Piette, Albert K. Chiu, Bashar Kellow, Ed Koch, and Paul Lipkin Akuacom. 2011. Automated Demand Response Technology Demonstration for Small and Medium Commercial Buildings."
EnergyETC,10/10_CBL,9/24/10,14:00,15:00,1.46,0.66,-0.27,0.26,0.12,-0.05,0.66,0.30,-0.12,"Page, Janie, Sila Kiliccote, Han Dudley, Mary Ann Piette, Albert K. Chiu, Bashar Kellow, Ed Koch, and Paul Lipkin Akuacom. 2011. Automated Demand Response Technology Demonstration for Small and Medium Commercial Buildings."
EnergyETC,10/10_CBL,9/24/10,15:00,16:00,0.29,-0.05,-0.36,0.06,-0.01,-0.07,0.13,-0.02,-0.17,"Page, Janie, Sila Kiliccote, Han Dudley, Mary Ann Piette, Albert K. Chiu, Bashar Kellow, Ed Koch, and Paul Lipkin Akuacom. 2011. Automated Demand Response Technology Demonstration for Small and Medium Commercial Buildings."
EnergyETC,10/10_CBL,9/24/10,16:00,17:00,1.96,0.47,-0.65,0.43,0.11,-0.13,0.89,0.21,-0.3,"Page, Janie, Sila Kiliccote, Han Dudley, Mary Ann Piette, Albert K. Chiu, Bashar Kellow, Ed Koch, and Paul Lipkin Akuacom. 2011. Automated Demand Response Technology Demonstration for Small and Medium Commercial Buildings."
EnergyETC,10/10_CBL,9/24/10,17:00,18:00,1.99,0.62,-0.87,0.58,0.14,-0.38,0.90,0.28,-0.4,"Page, Janie, Sila Kiliccote, Han Dudley, Mary Ann Piette, Albert K. Chiu, Bashar Kellow, Ed Koch, and Paul Lipkin Akuacom. 2011. Automated Demand Response Technology Demonstration for Small and Medium Commercial Buildings."
EnergyETC,10/10_CBL,9/24/10,14:00,18:00,1.99,0.42,-0.87,0.58,0.09,-0.38,0.90,0.19,-0.4,"Page, Janie, Sila Kiliccote, Han Dudley, Mary Ann Piette, Albert K. Chiu, Bashar Kellow, Ed Koch, and Paul Lipkin Akuacom. 2011. Automated Demand Response Technology Demonstration for Small and Medium Commercial Buildings."
EnergyETC,OAT_MA_CBL,9/27/10,14:00,15:00,1.16,0.01,-1.02,0.19,-0.01,-0.18,0.53,0.00,-0.46,"Page, Janie, Sila Kiliccote, Han Dudley, Mary Ann Piette, Albert K. Chiu, Bashar Kellow, Ed Koch, and Paul Lipkin Akuacom. 2011. Automated Demand Response Technology Demonstration for Small and Medium Commercial Buildings."
EnergyETC,OAT_MA_CBL,9/27/10,15:00,16:00,0.84,0.24,-0.45,0.14,0.04,-0.09,0.38,0.11,-0.2,"Page, Janie, Sila Kiliccote, Han Dudley, Mary Ann Piette, Albert K. Chiu, Bashar Kellow, Ed Koch, and Paul Lipkin Akuacom. 2011. Automated Demand Response Technology Demonstration for Small and Medium Commercial Buildings."
EnergyETC,OAT_MA_CBL,9/27/10,16:00,17:00,0.44,0.15,-0.12,0.09,0.03,-0.02,0.20,0.07,-0.05,"Page, Janie, Sila Kiliccote, Han Dudley, Mary Ann Piette, Albert K. Chiu, Bashar Kellow, Ed Koch, and Paul Lipkin Akuacom. 2011. Automated Demand Response Technology Demonstration for Small and Medium Commercial Buildings."
EnergyETC,OAT_MA_CBL,9/27/10,17:00,18:00,0.75,-0.05,-0.81,0.15,-0.06,-0.37,0.34,-0.02,-0.37,"Page, Janie, Sila Kiliccote, Han Dudley, Mary Ann Piette, Albert K. Chiu, Bashar Kellow, Ed Koch, and Paul Lipkin Akuacom. 2011. Automated Demand Response Technology Demonstration for Small and Medium Commercial Buildings."
EnergyETC,OAT_MA_CBL,9/27/10,14:00,18:00,1.16,0.08,-1.02,0.19,0.00,-0.37,0.53,0.04,-0.46,"Page, Janie, Sila Kiliccote, Han Dudley, Mary Ann Piette, Albert K. Chiu, Bashar Kellow, Ed Koch, and Paul Lipkin Akuacom. 2011. Automated Demand Response Technology Demonstration for Small and Medium Commercial Buildings."
EnergyETC,10/10_CBL,9/27/10,14:00,15:00,0.69,0.12,-0.93,0.12,0.02,-0.16,0.32,0.05,-0.42,"Page, Janie, Sila Kiliccote, Han Dudley, Mary Ann Piette, Albert K. Chiu, Bashar Kellow, Ed Koch, and Paul Lipkin Akuacom. 2011. Automated Demand Response Technology Demonstration for Small and Medium Commercial Buildings."
EnergyETC,10/10_CBL,9/27/10,15:00,16:00,0.11,-0.11,-0.53,0.02,-0.02,-0.10,0.05,-0.05,-0.24,"Page, Janie, Sila Kiliccote, Han Dudley, Mary Ann Piette, Albert K. Chiu, Bashar Kellow, Ed Koch, and Paul Lipkin Akuacom. 2011. Automated Demand Response Technology Demonstration for Small and Medium Commercial Buildings."
EnergyETC,10/10_CBL,9/27/10,16:00,17:00,-0.15,-0.59,-1.25,-0.03,-0.14,-0.32,-0.07,-0.27,-0.57,"Page, Janie, Sila Kiliccote, Han Dudley, Mary Ann Piette, Albert K. Chiu, Bashar Kellow, Ed Koch, and Paul Lipkin Akuacom. 2011. Automated Demand Response Technology Demonstration for Small and Medium Commercial Buildings."
EnergyETC,10/10_CBL,9/27/10,17:00,18:00,-0.54,-0.93,-1.91,-0.17,-0.27,-0.52,-0.25,-0.42,-0.87,"Page, Janie, Sila Kiliccote, Han Dudley, Mary Ann Piette, Albert K. Chiu, Bashar Kellow, Ed Koch, and Paul Lipkin Akuacom. 2011. Automated Demand Response Technology Demonstration for Small and Medium Commercial Buildings."
EnergyETC,10/10_CBL,9/27/10,14:00,18:00,0.69,-0.38,-1.91,0.12,-0.10,-0.52,0.32,-0.17,-0.87,"Page, Janie, Sila Kiliccote, Han Dudley, Mary Ann Piette, Albert K. Chiu, Bashar Kellow, Ed Koch, and Paul Lipkin Akuacom. 2011. Automated Demand Response Technology Demonstration for Small and Medium Commercial Buildings."
EnergyETC,OAT_MA_CBL,9/28/10,14:00,15:00,1.64,0.44,-1.19,0.24,0.06,-0.23,0.74,0.20,-0.54,"Page, Janie, Sila Kiliccote, Han Dudley, Mary Ann Piette, Albert K. Chiu, Bashar Kellow, Ed Koch, and Paul Lipkin Akuacom. 2011. Automated Demand Response Technology Demonstration for Small and Medium Commercial Buildings."
EnergyETC,OAT_MA_CBL,9/28/10,15:00,16:00,1.37,0.39,-0.97,0.22,0.05,-0.19,0.62,0.18,-0.44,"Page, Janie, Sila Kiliccote, Han Dudley, Mary Ann Piette, Albert K. Chiu, Bashar Kellow, Ed Koch, and Paul Lipkin Akuacom. 2011. Automated Demand Response Technology Demonstration for Small and Medium Commercial Buildings."
EnergyETC,OAT_MA_CBL,9/28/10,16:00,17:00,0.62,0.28,-0.30,0.10,0.05,-0.06,0.28,0.13,-0.14,"Page, Janie, Sila Kiliccote, Han Dudley, Mary Ann Piette, Albert K. Chiu, Bashar Kellow, Ed Koch, and Paul Lipkin Akuacom. 2011. Automated Demand Response Technology Demonstration for Small and Medium Commercial Buildings."
EnergyETC,OAT_MA_CBL,9/28/10,17:00,18:00,0.48,-0.59,-2.16,0.09,-0.25,-0.97,0.22,-0.27,-0.98,"Page, Janie, Sila Kiliccote, Han Dudley, Mary Ann Piette, Albert K. Chiu, Bashar Kellow, Ed Koch, and Paul Lipkin Akuacom. 2011. Automated Demand Response Technology Demonstration for Small and Medium Commercial Buildings."
EnergyETC,OAT_MA_CBL,9/28/10,14:00,18:00,1.64,0.13,-2.16,0.24,-0.02,-0.97,0.74,0.06,-0.98,"Page, Janie, Sila Kiliccote, Han Dudley, Mary Ann Piette, Albert K. Chiu, Bashar Kellow, Ed Koch, and Paul Lipkin Akuacom. 2011. Automated Demand Response Technology Demonstration for Small and Medium Commercial Buildings."
EnergyETC,10/10_CBL,9/28/10,14:00,15:00,0.75,0.25,-0.86,0.13,0.04,-0.15,0.34,0.11,-0.39,"Page, Janie, Sila Kiliccote, Han Dudley, Mary Ann Piette, Albert K. Chiu, Bashar Kellow, Ed Koch, and Paul Lipkin Akuacom. 2011. Automated Demand Response Technology Demonstration for Small and Medium Commercial Buildings."
EnergyETC,10/10_CBL,9/28/10,15:00,16:00,0.34,-0.20,-0.76,0.06,-0.04,-0.14,0.15,-0.09,-0.35,"Page, Janie, Sila Kiliccote, Han Dudley, Mary Ann Piette, Albert K. Chiu, Bashar Kellow, Ed Koch, and Paul Lipkin Akuacom. 2011. Automated Demand Response Technology Demonstration for Small and Medium Commercial Buildings."
EnergyETC,10/10_CBL,9/28/10,16:00,17:00,0.01,-0.61,-1.62,0.00,-0.15,-0.41,0.01,-0.28,-0.74,"Page, Janie, Sila Kiliccote, Han Dudley, Mary Ann Piette, Albert K. Chiu, Bashar Kellow, Ed Koch, and Paul Lipkin Akuacom. 2011. Automated Demand Response Technology Demonstration for Small and Medium Commercial Buildings."
EnergyETC,10/10_CBL,9/28/10,17:00,18:00,-1.13,-1.63,-2.23,-0.31,-0.51,-0.80,-0.51,-0.74,-1.01,"Page, Janie, Sila Kiliccote, Han Dudley, Mary Ann Piette, Albert K. Chiu, Bashar Kellow, Ed Koch, and Paul Lipkin Akuacom. 2011. Automated Demand Response Technology Demonstration for Small and Medium Commercial Buildings."
EnergyETC,10/10_CBL,9/28/10,14:00,18:00,0.75,-0.55,-2.23,0.13,-0.16,-0.80,0.34,-0.25,-1.01,"Page, Janie, Sila Kiliccote, Han Dudley, Mary Ann Piette, Albert K. Chiu, Bashar Kellow, Ed Koch, and Paul Lipkin Akuacom. 2011. Automated Demand Response Technology Demonstration for Small and Medium Commercial Buildings."
EnergyETC,OAT_MA_CBL,10/13/10,14:00,15:00,2.98,2.20,0.78,0.50,0.36,0.14,1.36,1.00,0.35,"Page, Janie, Sila Kiliccote, Han Dudley, Mary Ann Piette, Albert K. Chiu, Bashar Kellow, Ed Koch, and Paul Lipkin Akuacom. 2011. Automated Demand Response Technology Demonstration for Small and Medium Commercial Buildings."
EnergyETC,OAT_MA_CBL,10/13/10,15:00,16:00,2.96,1.81,0.31,0.48,0.30,0.06,1.35,0.82,0.14,"Page, Janie, Sila Kiliccote, Han Dudley, Mary Ann Piette, Albert K. Chiu, Bashar Kellow, Ed Koch, and Paul Lipkin Akuacom. 2011. Automated Demand Response Technology Demonstration for Small and Medium Commercial Buildings."
EnergyETC,OAT_MA_CBL,10/13/10,16:00,17:00,1.70,1.48,1.27,0.30,0.27,0.22,0.77,0.67,0.58,"Page, Janie, Sila Kiliccote, Han Dudley, Mary Ann Piette, Albert K. Chiu, Bashar Kellow, Ed Koch, and Paul Lipkin Akuacom. 2011. Automated Demand Response Technology Demonstration for Small and Medium Commercial Buildings."
EnergyETC,OAT_MA_CBL,10/13/10,17:00,18:00,2.27,1.44,0.71,0.38,0.31,0.15,1.03,0.65,0.32,"Page, Janie, Sila Kiliccote, Han Dudley, Mary Ann Piette, Albert K. Chiu, Bashar Kellow, Ed Koch, and Paul Lipkin Akuacom. 2011. Automated Demand Response Technology Demonstration for Small and Medium Commercial Buildings."
EnergyETC,OAT_MA_CBL,10/13/10,14:00,18:00,2.98,1.73,0.31,0.50,0.31,0.06,1.36,0.79,0.14,"Page, Janie, Sila Kiliccote, Han Dudley, Mary Ann Piette, Albert K. Chiu, Bashar Kellow, Ed Koch, and Paul Lipkin Akuacom. 2011. Automated Demand Response Technology Demonstration for Small and Medium Commercial Buildings."
EnergyETC,10/10_CBL,10/13/10,14:00,15:00,2.49,1.99,1.22,0.45,0.35,0.21,1.13,0.90,0.56,"Page, Janie, Sila Kiliccote, Han Dudley, Mary Ann Piette, Albert K. Chiu, Bashar Kellow, Ed Koch, and Paul Lipkin Akuacom. 2011. Automated Demand Response Technology Demonstration for Small and Medium Commercial Buildings."
EnergyETC,10/10_CBL,10/13/10,15:00,16:00,2.54,1.47,0.28,0.44,0.26,0.05,1.15,0.67,0.13,"Page, Janie, Sila Kiliccote, Han Dudley, Mary Ann Piette, Albert K. Chiu, Bashar Kellow, Ed Koch, and Paul Lipkin Akuacom. 2011. Automated Demand Response Technology Demonstration for Small and Medium Commercial Buildings."
EnergyETC,10/10_CBL,10/13/10,16:00,17:00,0.83,0.59,0.38,0.17,0.13,0.10,0.38,0.27,0.17,"Page, Janie, Sila Kiliccote, Han Dudley, Mary Ann Piette, Albert K. Chiu, Bashar Kellow, Ed Koch, and Paul Lipkin Akuacom. 2011. Automated Demand Response Technology Demonstration for Small and Medium Commercial Buildings."
EnergyETC,10/10_CBL,10/13/10,17:00,18:00,1.00,0.50,-0.15,0.26,0.14,-0.04,0.45,0.23,-0.07,"Page, Janie, Sila Kiliccote, Han Dudley, Mary Ann Piette, Albert K. Chiu, Bashar Kellow, Ed Koch, and Paul Lipkin Akuacom. 2011. Automated Demand Response Technology Demonstration for Small and Medium Commercial Buildings."
EnergyETC,10/10_CBL,10/13/10,14:00,18:00,2.54,1.14,-0.15,0.45,0.22,-0.04,1.15,0.52,-0.07,"Page, Janie, Sila Kiliccote, Han Dudley, Mary Ann Piette, Albert K. Chiu, Bashar Kellow, Ed Koch, and Paul Lipkin Akuacom. 2011. Automated Demand Response Technology Demonstration for Small and Medium Commercial Buildings."
Applied Power Technologies,OAT_MA_CBL,8/24/10,14:00,15:00,6.26,0.18,-4.78,0.35,-0.04,-0.45,3.02,0.09,-2.31,"Page, Janie, Sila Kiliccote, Han Dudley, Mary Ann Piette, Albert K. Chiu, Bashar Kellow, Ed Koch, and Paul Lipkin Akuacom. 2011. Automated Demand Response Technology Demonstration for Small and Medium Commercial Buildings."
Applied Power Technologies,OAT_MA_CBL,8/24/10,15:00,16:00,6.06,2.19,-0.49,0.32,0.12,-0.03,2.93,1.06,-0.24,"Page, Janie, Sila Kiliccote, Han Dudley, Mary Ann Piette, Albert K. Chiu, Bashar Kellow, Ed Koch, and Paul Lipkin Akuacom. 2011. Automated Demand Response Technology Demonstration for Small and Medium Commercial Buildings."
Applied Power Technologies,OAT_MA_CBL,8/24/10,16:00,17:00,1.04,-1.36,-7.84,0.10,-0.32,-1.48,0.50,-0.66,-3.79,"Page, Janie, Sila Kiliccote, Han Dudley, Mary Ann Piette, Albert K. Chiu, Bashar Kellow, Ed Koch, and Paul Lipkin Akuacom. 2011. Automated Demand Response Technology Demonstration for Small and Medium Commercial Buildings."
Applied Power Technologies,OAT_MA_CBL,8/24/10,17:00,18:00,-0.79,-4.09,-8.52,-0.33,-1.42,-3.17,-0.38,-1.97,-4.11,"Page, Janie, Sila Kiliccote, Han Dudley, Mary Ann Piette, Albert K. Chiu, Bashar Kellow, Ed Koch, and Paul Lipkin Akuacom. 2011. Automated Demand Response Technology Demonstration for Small and Medium Commercial Buildings."
Applied Power Technologies,OAT_MA_CBL,8/24/10,14:00,18:00,6.26,-0.77,-8.52,0.35,-0.42,-3.17,3.02,-0.37,-4.11,"Page, Janie, Sila Kiliccote, Han Dudley, Mary Ann Piette, Albert K. Chiu, Bashar Kellow, Ed Koch, and Paul Lipkin Akuacom. 2011. Automated Demand Response Technology Demonstration for Small and Medium Commercial Buildings."
Applied Power Technologies,10/10_CBL,8/24/10,14:00,15:00,0.67,-2.53,-4.16,0.06,-0.22,-0.37,0.33,-1.22,-2.01,"Page, Janie, Sila Kiliccote, Han Dudley, Mary Ann Piette, Albert K. Chiu, Bashar Kellow, Ed Koch, and Paul Lipkin Akuacom. 2011. Automated Demand Response Technology Demonstration for Small and Medium Commercial Buildings."
Applied Power Technologies,10/10_CBL,8/24/10,15:00,16:00,-2.10,-3.85,-5.87,-0.21,-0.35,-0.50,-1.01,-1.86,-2.84,"Page, Janie, Sila Kiliccote, Han Dudley, Mary Ann Piette, Albert K. Chiu, Bashar Kellow, Ed Koch, and Paul Lipkin Akuacom. 2011. Automated Demand Response Technology Demonstration for Small and Medium Commercial Buildings."
Applied Power Technologies,10/10_CBL,8/24/10,16:00,17:00,0.39,-2.54,-6.44,0.04,-0.34,-0.96,0.19,-1.22,-3.11,"Page, Janie, Sila Kiliccote, Han Dudley, Mary Ann Piette, Albert K. Chiu, Bashar Kellow, Ed Koch, and Paul Lipkin Akuacom. 2011. Automated Demand Response Technology Demonstration for Small and Medium Commercial Buildings."
Applied Power Technologies,10/10_CBL,8/24/10,17:00,18:00,0.99,-2.05,-5.41,0.24,-0.35,-0.93,0.48,-0.99,-2.61,"Page, Janie, Sila Kiliccote, Han Dudley, Mary Ann Piette, Albert K. Chiu, Bashar Kellow, Ed Koch, and Paul Lipkin Akuacom. 2011. Automated Demand Response Technology Demonstration for Small and Medium Commercial Buildings."
Applied Power Technologies,10/10_CBL,8/24/10,14:00,18:00,0.99,-2.74,-6.44,0.24,-0.31,-0.96,0.48,-1.32,-3.11,"Page, Janie, Sila Kiliccote, Han Dudley, Mary Ann Piette, Albert K. Chiu, Bashar Kellow, Ed Koch, and Paul Lipkin Akuacom. 2011. Automated Demand Response Technology Demonstration for Small and Medium Commercial Buildings."
Applied Power Technologies,OAT_MA_CBL,9/1/10,14:00,15:00,7.36,6.78,6.40,0.50,0.47,0.41,3.56,3.27,3.09,"Page, Janie, Sila Kiliccote, Han Dudley, Mary Ann Piette, Albert K. Chiu, Bashar Kellow, Ed Koch, and Paul Lipkin Akuacom. 2011. Automated Demand Response Technology Demonstration for Small and Medium Commercial Buildings."
Applied Power Technologies,OAT_MA_CBL,9/1/10,15:00,16:00,6.63,3.68,2.43,0.43,0.25,0.16,3.20,1.78,1.18,"Page, Janie, Sila Kiliccote, Han Dudley, Mary Ann Piette, Albert K. Chiu, Bashar Kellow, Ed Koch, and Paul Lipkin Akuacom. 2011. Automated Demand Response Technology Demonstration for Small and Medium Commercial Buildings."
Applied Power Technologies,OAT_MA_CBL,9/1/10,16:00,17:00,2.67,-0.25,-3.28,0.20,-0.11,-0.61,1.29,-0.12,-1.59,"Page, Janie, Sila Kiliccote, Han Dudley, Mary Ann Piette, Albert K. Chiu, Bashar Kellow, Ed Koch, and Paul Lipkin Akuacom. 2011. Automated Demand Response Technology Demonstration for Small and Medium Commercial Buildings."
Applied Power Technologies,OAT_MA_CBL,9/1/10,17:00,18:00,-1.08,-2.19,-3.85,-0.39,-0.61,-0.93,-0.52,-1.06,-1.86,"Page, Janie, Sila Kiliccote, Han Dudley, Mary Ann Piette, Albert K. Chiu, Bashar Kellow, Ed Koch, and Paul Lipkin Akuacom. 2011. Automated Demand Response Technology Demonstration for Small and Medium Commercial Buildings."
Applied Power Technologies,OAT_MA_CBL,9/1/10,14:00,18:00,7.36,2.01,-3.85,0.50,0.00,-0.93,3.56,0.97,-1.86,"Page, Janie, Sila Kiliccote, Han Dudley, Mary Ann Piette, Albert K. Chiu, Bashar Kellow, Ed Koch, and Paul Lipkin Akuacom. 2011. Automated Demand Response Technology Demonstration for Small and Medium Commercial Buildings."
Applied Power Technologies,10/10_CBL,9/1/10,14:00,15:00,5.44,4.86,4.28,0.45,0.39,0.32,2.63,2.35,2.07,"Page, Janie, Sila Kiliccote, Han Dudley, Mary Ann Piette, Albert K. Chiu, Bashar Kellow, Ed Koch, and Paul Lipkin Akuacom. 2011. Automated Demand Response Technology Demonstration for Small and Medium Commercial Buildings."
Applied Power Technologies,10/10_CBL,9/1/10,15:00,16:00,4.66,1.48,-0.92,0.35,0.11,-0.08,2.25,0.71,-0.45,"Page, Janie, Sila Kiliccote, Han Dudley, Mary Ann Piette, Albert K. Chiu, Bashar Kellow, Ed Koch, and Paul Lipkin Akuacom. 2011. Automated Demand Response Technology Demonstration for Small and Medium Commercial Buildings."
Applied Power Technologies,10/10_CBL,9/1/10,16:00,17:00,1.30,-0.66,-2.47,0.11,-0.11,-0.40,0.63,-0.32,-1.19,"Page, Janie, Sila Kiliccote, Han Dudley, Mary Ann Piette, Albert K. Chiu, Bashar Kellow, Ed Koch, and Paul Lipkin Akuacom. 2011. Automated Demand Response Technology Demonstration for Small and Medium Commercial Buildings."
Applied Power Technologies,10/10_CBL,9/1/10,17:00,18:00,-0.33,-1.33,-3.49,-0.08,-0.31,-0.77,-0.16,-0.64,-1.69,"Page, Janie, Sila Kiliccote, Han Dudley, Mary Ann Piette, Albert K. Chiu, Bashar Kellow, Ed Koch, and Paul Lipkin Akuacom. 2011. Automated Demand Response Technology Demonstration for Small and Medium Commercial Buildings."
Applied Power Technologies,10/10_CBL,9/1/10,14:00,18:00,5.44,1.09,-3.49,0.45,0.02,-0.77,2.63,0.53,-1.69,"Page, Janie, Sila Kiliccote, Han Dudley, Mary Ann Piette, Albert K. Chiu, Bashar Kellow, Ed Koch, and Paul Lipkin Akuacom. 2011. Automated Demand Response Technology Demonstration for Small and Medium Commercial Buildings."
Applied Power Technologies,OAT_MA_CBL,9/2/10,14:00,15:00,6.88,6.04,5.51,0.58,0.51,0.44,3.32,2.92,2.66,"Page, Janie, Sila Kiliccote, Han Dudley, Mary Ann Piette, Albert K. Chiu, Bashar Kellow, Ed Koch, and Paul Lipkin Akuacom. 2011. Automated Demand Response Technology Demonstration for Small and Medium Commercial Buildings."
Applied Power Technologies,OAT_MA_CBL,9/2/10,15:00,16:00,3.58,2.08,0.76,0.29,0.18,0.06,1.73,1.01,0.37,"Page, Janie, Sila Kiliccote, Han Dudley, Mary Ann Piette, Albert K. Chiu, Bashar Kellow, Ed Koch, and Paul Lipkin Akuacom. 2011. Automated Demand Response Technology Demonstration for Small and Medium Commercial Buildings."
Applied Power Technologies,OAT_MA_CBL,9/2/10,16:00,17:00,2.49,-0.70,-3.75,0.24,-0.20,-0.88,1.20,-0.34,-1.81,"Page, Janie, Sila Kiliccote, Han Dudley, Mary Ann Piette, Albert K. Chiu, Bashar Kellow, Ed Koch, and Paul Lipkin Akuacom. 2011. Automated Demand Response Technology Demonstration for Small and Medium Commercial Buildings."
Applied Power Technologies,OAT_MA_CBL,9/2/10,17:00,18:00,-0.96,-2.84,-5.48,-0.43,-1.01,-1.93,-0.47,-1.37,-2.65,"Page, Janie, Sila Kiliccote, Han Dudley, Mary Ann Piette, Albert K. Chiu, Bashar Kellow, Ed Koch, and Paul Lipkin Akuacom. 2011. Automated Demand Response Technology Demonstration for Small and Medium Commercial Buildings."
Applied Power Technologies,OAT_MA_CBL,9/2/10,14:00,18:00,6.88,1.15,-5.48,0.58,-0.13,-1.93,3.32,0.55,-2.65,"Page, Janie, Sila Kiliccote, Han Dudley, Mary Ann Piette, Albert K. Chiu, Bashar Kellow, Ed Koch, and Paul Lipkin Akuacom. 2011. Automated Demand Response Technology Demonstration for Small and Medium Commercial Buildings."
Applied Power Technologies,10/10_CBL,9/2/10,14:00,15:00,6.62,5.84,5.34,0.60,0.51,0.43,3.20,2.82,2.58,"Page, Janie, Sila Kiliccote, Han Dudley, Mary Ann Piette, Albert K. Chiu, Bashar Kellow, Ed Koch, and Paul Lipkin Akuacom. 2011. Automated Demand Response Technology Demonstration for Small and Medium Commercial Buildings."
Applied Power Technologies,10/10_CBL,9/2/10,15:00,16:00,2.17,1.67,0.63,0.20,0.15,0.05,1.05,0.81,0.3,"Page, Janie, Sila Kiliccote, Han Dudley, Mary Ann Piette, Albert K. Chiu, Bashar Kellow, Ed Koch, and Paul Lipkin Akuacom. 2011. Automated Demand Response Technology Demonstration for Small and Medium Commercial Buildings."
Applied Power Technologies,10/10_CBL,9/2/10,16:00,17:00,2.83,0.18,-2.37,0.26,-0.03,-0.42,1.37,0.09,-1.14,"Page, Janie, Sila Kiliccote, Han Dudley, Mary Ann Piette, Albert K. Chiu, Bashar Kellow, Ed Koch, and Paul Lipkin Akuacom. 2011. Automated Demand Response Technology Demonstration for Small and Medium Commercial Buildings."
Applied Power Technologies,10/10_CBL,9/2/10,17:00,18:00,0.01,-1.70,-3.46,0.00,-0.40,-0.71,0.00,-0.82,-1.67,"Page, Janie, Sila Kiliccote, Han Dudley, Mary Ann Piette, Albert K. Chiu, Bashar Kellow, Ed Koch, and Paul Lipkin Akuacom. 2011. Automated Demand Response Technology Demonstration for Small and Medium Commercial Buildings."
Applied Power Technologies,10/10_CBL,9/2/10,14:00,18:00,6.62,1.50,-3.46,0.60,0.06,-0.71,3.20,0.72,-1.67,"Page, Janie, Sila Kiliccote, Han Dudley, Mary Ann Piette, Albert K. Chiu, Bashar Kellow, Ed Koch, and Paul Lipkin Akuacom. 2011. Automated Demand Response Technology Demonstration for Small and Medium Commercial Buildings."
Applied Power Technologies,OAT_MA_CBL,9/24/10,14:00,15:00,1.85,1.01,0.48,0.29,0.17,0.08,0.89,0.49,0.23,"Page, Janie, Sila Kiliccote, Han Dudley, Mary Ann Piette, Albert K. Chiu, Bashar Kellow, Ed Koch, and Paul Lipkin Akuacom. 2011. Automated Demand Response Technology Demonstration for Small and Medium Commercial Buildings."
Applied Power Technologies,OAT_MA_CBL,9/24/10,15:00,16:00,1.06,-0.49,-1.77,0.18,-0.08,-0.30,0.51,-0.24,-0.86,"Page, Janie, Sila Kiliccote, Han Dudley, Mary Ann Piette, Albert K. Chiu, Bashar Kellow, Ed Koch, and Paul Lipkin Akuacom. 2011. Automated Demand Response Technology Demonstration for Small and Medium Commercial Buildings."
Applied Power Technologies,OAT_MA_CBL,9/24/10,16:00,17:00,0.20,-1.22,-2.77,0.04,-0.36,-1.04,0.10,-0.59,-1.34,"Page, Janie, Sila Kiliccote, Han Dudley, Mary Ann Piette, Albert K. Chiu, Bashar Kellow, Ed Koch, and Paul Lipkin Akuacom. 2011. Automated Demand Response Technology Demonstration for Small and Medium Commercial Buildings."
Applied Power Technologies,OAT_MA_CBL,9/24/10,17:00,18:00,-1.53,-2.29,-3.84,-0.75,-1.12,-1.72,-0.74,-1.11,-1.86,"Page, Janie, Sila Kiliccote, Han Dudley, Mary Ann Piette, Albert K. Chiu, Bashar Kellow, Ed Koch, and Paul Lipkin Akuacom. 2011. Automated Demand Response Technology Demonstration for Small and Medium Commercial Buildings."
Applied Power Technologies,OAT_MA_CBL,9/24/10,14:00,18:00,1.85,-0.75,-3.84,0.29,-0.35,-1.72,0.89,-0.36,-1.86,"Page, Janie, Sila Kiliccote, Han Dudley, Mary Ann Piette, Albert K. Chiu, Bashar Kellow, Ed Koch, and Paul Lipkin Akuacom. 2011. Automated Demand Response Technology Demonstration for Small and Medium Commercial Buildings."
Applied Power Technologies,10/10_CBL,9/24/10,14:00,15:00,2.28,1.85,1.56,0.34,0.28,0.23,1.10,0.89,0.75,"Page, Janie, Sila Kiliccote, Han Dudley, Mary Ann Piette, Albert K. Chiu, Bashar Kellow, Ed Koch, and Paul Lipkin Akuacom. 2011. Automated Demand Response Technology Demonstration for Small and Medium Commercial Buildings."
Applied Power Technologies,10/10_CBL,9/24/10,15:00,16:00,2.34,0.79,-0.79,0.33,0.11,-0.12,1.13,0.38,-0.38,"Page, Janie, Sila Kiliccote, Han Dudley, Mary Ann Piette, Albert K. Chiu, Bashar Kellow, Ed Koch, and Paul Lipkin Akuacom. 2011. Automated Demand Response Technology Demonstration for Small and Medium Commercial Buildings."
Applied Power Technologies,10/10_CBL,9/24/10,16:00,17:00,0.95,-0.12,-1.32,0.16,-0.04,-0.32,0.46,-0.06,-0.64,"Page, Janie, Sila Kiliccote, Han Dudley, Mary Ann Piette, Albert K. Chiu, Bashar Kellow, Ed Koch, and Paul Lipkin Akuacom. 2011. Automated Demand Response Technology Demonstration for Small and Medium Commercial Buildings."
Applied Power Technologies,10/10_CBL,9/24/10,17:00,18:00,0.36,-0.52,-1.98,0.10,-0.13,-0.48,0.17,-0.25,-0.96,"Page, Janie, Sila Kiliccote, Han Dudley, Mary Ann Piette, Albert K. Chiu, Bashar Kellow, Ed Koch, and Paul Lipkin Akuacom. 2011. Automated Demand Response Technology Demonstration for Small and Medium Commercial Buildings."
Applied Power Technologies,10/10_CBL,9/24/10,14:00,18:00,2.34,0.50,-1.98,0.34,0.05,-0.48,1.13,0.24,-0.96,"Page, Janie, Sila Kiliccote, Han Dudley, Mary Ann Piette, Albert K. Chiu, Bashar Kellow, Ed Koch, and Paul Lipkin Akuacom. 2011. Automated Demand Response Technology Demonstration for Small and Medium Commercial Buildings."
Applied Power Technologies,OAT_MA_CBL,9/27/10,14:00,15:00,3.69,2.53,1.00,0.33,0.23,0.09,1.78,1.22,0.48,"Page, Janie, Sila Kiliccote, Han Dudley, Mary Ann Piette, Albert K. Chiu, Bashar Kellow, Ed Koch, and Paul Lipkin Akuacom. 2011. Automated Demand Response Technology Demonstration for Small and Medium Commercial Buildings."
Applied Power Technologies,OAT_MA_CBL,9/27/10,15:00,16:00,1.01,0.39,-0.17,0.10,0.04,-0.02,0.49,0.19,-0.08,"Page, Janie, Sila Kiliccote, Han Dudley, Mary Ann Piette, Albert K. Chiu, Bashar Kellow, Ed Koch, and Paul Lipkin Akuacom. 2011. Automated Demand Response Technology Demonstration for Small and Medium Commercial Buildings."
Applied Power Technologies,OAT_MA_CBL,9/27/10,16:00,17:00,3.53,0.81,-2.18,0.36,0.02,-0.52,1.71,0.39,-1.05,"Page, Janie, Sila Kiliccote, Han Dudley, Mary Ann Piette, Albert K. Chiu, Bashar Kellow, Ed Koch, and Paul Lipkin Akuacom. 2011. Automated Demand Response Technology Demonstration for Small and Medium Commercial Buildings."
Applied Power Technologies,OAT_MA_CBL,9/27/10,17:00,18:00,-2.21,-2.56,-3.06,-0.72,-0.87,-0.98,-1.07,-1.24,-1.48,"Page, Janie, Sila Kiliccote, Han Dudley, Mary Ann Piette, Albert K. Chiu, Bashar Kellow, Ed Koch, and Paul Lipkin Akuacom. 2011. Automated Demand Response Technology Demonstration for Small and Medium Commercial Buildings."
Applied Power Technologies,OAT_MA_CBL,9/27/10,14:00,18:00,3.69,0.29,-3.06,0.36,-0.14,-0.98,1.78,0.14,-1.48,"Page, Janie, Sila Kiliccote, Han Dudley, Mary Ann Piette, Albert K. Chiu, Bashar Kellow, Ed Koch, and Paul Lipkin Akuacom. 2011. Automated Demand Response Technology Demonstration for Small and Medium Commercial Buildings."
Applied Power Technologies,10/10_CBL,9/27/10,14:00,15:00,1.80,0.68,-0.52,0.20,0.08,-0.05,0.87,0.33,-0.25,"Page, Janie, Sila Kiliccote, Han Dudley, Mary Ann Piette, Albert K. Chiu, Bashar Kellow, Ed Koch, and Paul Lipkin Akuacom. 2011. Automated Demand Response Technology Demonstration for Small and Medium Commercial Buildings."
Applied Power Technologies,10/10_CBL,9/27/10,15:00,16:00,0.28,-0.52,-1.99,0.03,-0.06,-0.22,0.13,-0.25,-0.96,"Page, Janie, Sila Kiliccote, Han Dudley, Mary Ann Piette, Albert K. Chiu, Bashar Kellow, Ed Koch, and Paul Lipkin Akuacom. 2011. Automated Demand Response Technology Demonstration for Small and Medium Commercial Buildings."
Applied Power Technologies,10/10_CBL,9/27/10,16:00,17:00,2.13,0.35,-1.80,0.25,0.03,-0.22,1.03,0.17,-0.87,"Page, Janie, Sila Kiliccote, Han Dudley, Mary Ann Piette, Albert K. Chiu, Bashar Kellow, Ed Koch, and Paul Lipkin Akuacom. 2011. Automated Demand Response Technology Demonstration for Small and Medium Commercial Buildings."
Applied Power Technologies,10/10_CBL,9/27/10,17:00,18:00,0.28,-0.43,-1.13,0.06,-0.08,-0.21,0.14,-0.21,-0.54,"Page, Janie, Sila Kiliccote, Han Dudley, Mary Ann Piette, Albert K. Chiu, Bashar Kellow, Ed Koch, and Paul Lipkin Akuacom. 2011. Automated Demand Response Technology Demonstration for Small and Medium Commercial Buildings."
Applied Power Technologies,10/10_CBL,9/27/10,14:00,18:00,2.13,0.02,-1.99,0.25,-0.01,-0.22,1.03,0.01,-0.96,"Page, Janie, Sila Kiliccote, Han Dudley, Mary Ann Piette, Albert K. Chiu, Bashar Kellow, Ed Koch, and Paul Lipkin Akuacom. 2011. Automated Demand Response Technology Demonstration for Small and Medium Commercial Buildings."
Applied Power Technologies,OAT_MA_CBL,9/28/10,14:00,15:00,3.37,0.73,-4.00,0.26,0.04,-0.39,1.63,0.35,-1.93,"Page, Janie, Sila Kiliccote, Han Dudley, Mary Ann Piette, Albert K. Chiu, Bashar Kellow, Ed Koch, and Paul Lipkin Akuacom. 2011. Automated Demand Response Technology Demonstration for Small and Medium Commercial Buildings."
Applied Power Technologies,OAT_MA_CBL,9/28/10,15:00,16:00,1.71,-2.00,-5.99,0.14,-0.19,-0.58,0.83,-0.96,-2.89,"Page, Janie, Sila Kiliccote, Han Dudley, Mary Ann Piette, Albert K. Chiu, Bashar Kellow, Ed Koch, and Paul Lipkin Akuacom. 2011. Automated Demand Response Technology Demonstration for Small and Medium Commercial Buildings."
Applied Power Technologies,OAT_MA_CBL,9/28/10,16:00,17:00,0.95,-1.35,-4.77,0.09,-0.29,-1.06,0.46,-0.65,-2.3,"Page, Janie, Sila Kiliccote, Han Dudley, Mary Ann Piette, Albert K. Chiu, Bashar Kellow, Ed Koch, and Paul Lipkin Akuacom. 2011. Automated Demand Response Technology Demonstration for Small and Medium Commercial Buildings."
Applied Power Technologies,OAT_MA_CBL,9/28/10,17:00,18:00,-2.98,-6.62,-10.18,-1.21,-2.06,-3.13,-1.44,-3.20,-4.92,"Page, Janie, Sila Kiliccote, Han Dudley, Mary Ann Piette, Albert K. Chiu, Bashar Kellow, Ed Koch, and Paul Lipkin Akuacom. 2011. Automated Demand Response Technology Demonstration for Small and Medium Commercial Buildings."
Applied Power Technologies,OAT_MA_CBL,9/28/10,14:00,18:00,3.37,-2.31,-10.18,0.26,-0.62,-3.13,1.63,-1.12,-4.92,"Page, Janie, Sila Kiliccote, Han Dudley, Mary Ann Piette, Albert K. Chiu, Bashar Kellow, Ed Koch, and Paul Lipkin Akuacom. 2011. Automated Demand Response Technology Demonstration for Small and Medium Commercial Buildings."
Applied Power Technologies,10/10_CBL,9/28/10,14:00,15:00,1.65,-1.35,-5.34,0.15,-0.15,-0.59,0.80,-0.65,-2.58,"Page, Janie, Sila Kiliccote, Han Dudley, Mary Ann Piette, Albert K. Chiu, Bashar Kellow, Ed Koch, and Paul Lipkin Akuacom. 2011. Automated Demand Response Technology Demonstration for Small and Medium Commercial Buildings."
Applied Power Technologies,10/10_CBL,9/28/10,15:00,16:00,-0.23,-2.82,-6.03,-0.02,-0.27,-0.59,-0.11,-1.36,-2.91,"Page, Janie, Sila Kiliccote, Han Dudley, Mary Ann Piette, Albert K. Chiu, Bashar Kellow, Ed Koch, and Paul Lipkin Akuacom. 2011. Automated Demand Response Technology Demonstration for Small and Medium Commercial Buildings."
Applied Power Technologies,10/10_CBL,9/28/10,16:00,17:00,-0.36,-1.61,-3.10,-0.04,-0.22,-0.50,-0.17,-0.78,-1.5,"Page, Janie, Sila Kiliccote, Han Dudley, Mary Ann Piette, Albert K. Chiu, Bashar Kellow, Ed Koch, and Paul Lipkin Akuacom. 2011. Automated Demand Response Technology Demonstration for Small and Medium Commercial Buildings."
Applied Power Technologies,10/10_CBL,9/28/10,17:00,18:00,-0.10,-4.06,-7.30,-0.02,-0.70,-1.19,-0.05,-1.96,-3.52,"Page, Janie, Sila Kiliccote, Han Dudley, Mary Ann Piette, Albert K. Chiu, Bashar Kellow, Ed Koch, and Paul Lipkin Akuacom. 2011. Automated Demand Response Technology Demonstration for Small and Medium Commercial Buildings."
Applied Power Technologies,10/10_CBL,9/28/10,14:00,18:00,1.65,-2.46,-7.30,0.15,-0.33,-1.19,0.80,-1.19,-3.52,"Page, Janie, Sila Kiliccote, Han Dudley, Mary Ann Piette, Albert K. Chiu, Bashar Kellow, Ed Koch, and Paul Lipkin Akuacom. 2011. Automated Demand Response Technology Demonstration for Small and Medium Commercial Buildings."
Applied Power Technologies,OAT_MA_CBL,10/13/10,14:00,15:00,5.23,2.36,-0.73,0.41,0.18,-0.06,2.53,1.14,-0.35,"Page, Janie, Sila Kiliccote, Han Dudley, Mary Ann Piette, Albert K. Chiu, Bashar Kellow, Ed Koch, and Paul Lipkin Akuacom. 2011. Automated Demand Response Technology Demonstration for Small and Medium Commercial Buildings."
Applied Power Technologies,OAT_MA_CBL,10/13/10,15:00,16:00,4.11,3.00,1.80,0.29,0.23,0.15,1.98,1.45,0.87,"Page, Janie, Sila Kiliccote, Han Dudley, Mary Ann Piette, Albert K. Chiu, Bashar Kellow, Ed Koch, and Paul Lipkin Akuacom. 2011. Automated Demand Response Technology Demonstration for Small and Medium Commercial Buildings."
Applied Power Technologies,OAT_MA_CBL,10/13/10,16:00,17:00,4.89,3.66,1.09,0.56,0.39,0.09,2.36,1.77,0.53,"Page, Janie, Sila Kiliccote, Han Dudley, Mary Ann Piette, Albert K. Chiu, Bashar Kellow, Ed Koch, and Paul Lipkin Akuacom. 2011. Automated Demand Response Technology Demonstration for Small and Medium Commercial Buildings."
Applied Power Technologies,OAT_MA_CBL,10/13/10,17:00,18:00,2.56,1.07,-0.82,0.39,0.19,-0.13,1.23,0.52,-0.4,"Page, Janie, Sila Kiliccote, Han Dudley, Mary Ann Piette, Albert K. Chiu, Bashar Kellow, Ed Koch, and Paul Lipkin Akuacom. 2011. Automated Demand Response Technology Demonstration for Small and Medium Commercial Buildings."
Applied Power Technologies,OAT_MA_CBL,10/13/10,14:00,18:00,5.23,2.52,-0.82,0.56,0.25,-0.13,2.53,1.22,-0.4,"Page, Janie, Sila Kiliccote, Han Dudley, Mary Ann Piette, Albert K. Chiu, Bashar Kellow, Ed Koch, and Paul Lipkin Akuacom. 2011. Automated Demand Response Technology Demonstration for Small and Medium Commercial Buildings."
Applied Power Technologies,10/10_CBL,10/13/10,14:00,15:00,5.03,1.46,-1.37,0.40,0.12,-0.13,2.43,0.71,-0.66,"Page, Janie, Sila Kiliccote, Han Dudley, Mary Ann Piette, Albert K. Chiu, Bashar Kellow, Ed Koch, and Paul Lipkin Akuacom. 2011. Automated Demand Response Technology Demonstration for Small and Medium Commercial Buildings."
Applied Power Technologies,10/10_CBL,10/13/10,15:00,16:00,1.75,0.74,0.35,0.16,0.07,0.03,0.85,0.36,0.17,"Page, Janie, Sila Kiliccote, Han Dudley, Mary Ann Piette, Albert K. Chiu, Bashar Kellow, Ed Koch, and Paul Lipkin Akuacom. 2011. Automated Demand Response Technology Demonstration for Small and Medium Commercial Buildings."
Applied Power Technologies,10/10_CBL,10/13/10,16:00,17:00,3.42,2.30,-0.73,0.51,0.29,-0.07,1.65,1.11,-0.35,"Page, Janie, Sila Kiliccote, Han Dudley, Mary Ann Piette, Albert K. Chiu, Bashar Kellow, Ed Koch, and Paul Lipkin Akuacom. 2011. Automated Demand Response Technology Demonstration for Small and Medium Commercial Buildings."
Applied Power Technologies,10/10_CBL,10/13/10,17:00,18:00,1.13,-0.66,-2.64,0.31,-0.11,-0.56,0.54,-0.32,-1.27,"Page, Janie, Sila Kiliccote, Han Dudley, Mary Ann Piette, Albert K. Chiu, Bashar Kellow, Ed Koch, and Paul Lipkin Akuacom. 2011. Automated Demand Response Technology Demonstration for Small and Medium Commercial Buildings."
Applied Power Technologies,10/10_CBL,10/13/10,14:00,18:00,5.03,0.96,-2.64,0.51,0.09,-0.56,2.43,0.47,-1.27,"Page, Janie, Sila Kiliccote, Han Dudley, Mary Ann Piette, Albert K. Chiu, Bashar Kellow, Ed Koch, and Paul Lipkin Akuacom. 2011. Automated Demand Response Technology Demonstration for Small and Medium Commercial Buildings."
HD Supply,OAT_MA_CBL,11/3/10,12:00,13:00,-1.98,-7.89,-11.87,-0.15,-1.07,-1.85,-0.33,-1.31,-1.98,"Page, Janie, Sila Kiliccote, Han Dudley, Mary Ann Piette, Albert K. Chiu, Bashar Kellow, Ed Koch, and Paul Lipkin Akuacom. 2011. Automated Demand Response Technology Demonstration for Small and Medium Commercial Buildings."
HD Supply,OAT_MA_CBL,11/3/10,13:00,14:00,-4.58,-9.06,-12.66,-0.31,-0.81,-1.27,-0.76,-1.51,-2.11,"Page, Janie, Sila Kiliccote, Han Dudley, Mary Ann Piette, Albert K. Chiu, Bashar Kellow, Ed Koch, and Paul Lipkin Akuacom. 2011. Automated Demand Response Technology Demonstration for Small and Medium Commercial Buildings."
HD Supply,OAT_MA_CBL,11/3/10,14:00,15:00,-3.50,-3.82,-4.11,-0.23,-0.25,-0.27,-0.58,-0.64,-0.69,"Page, Janie, Sila Kiliccote, Han Dudley, Mary Ann Piette, Albert K. Chiu, Bashar Kellow, Ed Koch, and Paul Lipkin Akuacom. 2011. Automated Demand Response Technology Demonstration for Small and Medium Commercial Buildings."
HD Supply,OAT_MA_CBL,11/3/10,15:00,16:00,-2.20,-2.99,-3.82,-0.12,-0.18,-0.25,-0.37,-0.50,-0.64,"Page, Janie, Sila Kiliccote, Han Dudley, Mary Ann Piette, Albert K. Chiu, Bashar Kellow, Ed Koch, and Paul Lipkin Akuacom. 2011. Automated Demand Response Technology Demonstration for Small and Medium Commercial Buildings."
HD Supply,OAT_MA_CBL,11/3/10,16:00,17:00,0.17,-2.19,-3.64,0.01,-0.13,-0.22,0.03,-0.37,-0.61,"Page, Janie, Sila Kiliccote, Han Dudley, Mary Ann Piette, Albert K. Chiu, Bashar Kellow, Ed Koch, and Paul Lipkin Akuacom. 2011. Automated Demand Response Technology Demonstration for Small and Medium Commercial Buildings."
HD Supply,OAT_MA_CBL,11/3/10,17:00,18:00,-1.37,-2.81,-3.36,-0.07,-0.15,-0.19,-0.23,-0.47,-0.56,"Page, Janie, Sila Kiliccote, Han Dudley, Mary Ann Piette, Albert K. Chiu, Bashar Kellow, Ed Koch, and Paul Lipkin Akuacom. 2011. Automated Demand Response Technology Demonstration for Small and Medium Commercial Buildings."
HD Supply,OAT_MA_CBL,11/3/10,14:00,18:00,0.17,-4.79,-12.66,0.01,-0.43,-1.85,0.03,-0.80,-2.11,"Page, Janie, Sila Kiliccote, Han Dudley, Mary Ann Piette, Albert K. Chiu, Bashar Kellow, Ed Koch, and Paul Lipkin Akuacom. 2011. Automated Demand Response Technology Demonstration for Small and Medium Commercial Buildings."
HD Supply,10/10_CBL,11/3/10,12:00,13:00,1.77,-0.30,-3.29,0.11,-0.02,-0.20,0.30,-0.05,-0.55,"Page, Janie, Sila Kiliccote, Han Dudley, Mary Ann Piette, Albert K. Chiu, Bashar Kellow, Ed Koch, and Paul Lipkin Akuacom. 2011. Automated Demand Response Technology Demonstration for Small and Medium Commercial Buildings."
HD Supply,10/10_CBL,11/3/10,13:00,14:00,-3.93,-5.12,-6.47,-0.25,-0.32,-0.40,-0.66,-0.85,-1.08,"Page, Janie, Sila Kiliccote, Han Dudley, Mary Ann Piette, Albert K. Chiu, Bashar Kellow, Ed Koch, and Paul Lipkin Akuacom. 2011. Automated Demand Response Technology Demonstration for Small and Medium Commercial Buildings."
HD Supply,10/10_CBL,11/3/10,14:00,15:00,-3.41,-3.74,-3.94,-0.22,-0.24,-0.25,-0.57,-0.62,-0.66,"Page, Janie, Sila Kiliccote, Han Dudley, Mary Ann Piette, Albert K. Chiu, Bashar Kellow, Ed Koch, and Paul Lipkin Akuacom. 2011. Automated Demand Response Technology Demonstration for Small and Medium Commercial Buildings."
HD Supply,10/10_CBL,11/3/10,15:00,16:00,-3.23,-3.81,-4.34,-0.20,-0.24,-0.28,-0.54,-0.64,-0.72,"Page, Janie, Sila Kiliccote, Han Dudley, Mary Ann Piette, Albert K. Chiu, Bashar Kellow, Ed Koch, and Paul Lipkin Akuacom. 2011. Automated Demand Response Technology Demonstration for Small and Medium Commercial Buildings."
HD Supply,10/10_CBL,11/3/10,16:00,17:00,-4.52,-5.29,-5.81,-0.29,-0.34,-0.38,-0.75,-0.88,-0.97,"Page, Janie, Sila Kiliccote, Han Dudley, Mary Ann Piette, Albert K. Chiu, Bashar Kellow, Ed Koch, and Paul Lipkin Akuacom. 2011. Automated Demand Response Technology Demonstration for Small and Medium Commercial Buildings."
HD Supply,10/10_CBL,11/3/10,17:00,18:00,-5.00,-5.62,-6.55,-0.28,-0.35,-0.45,-0.83,-0.94,-1.09,"Page, Janie, Sila Kiliccote, Han Dudley, Mary Ann Piette, Albert K. Chiu, Bashar Kellow, Ed Koch, and Paul Lipkin Akuacom. 2011. Automated Demand Response Technology Demonstration for Small and Medium Commercial Buildings."
HD Supply,10/10_CBL,11/3/10,14:00,18:00,1.77,-3.98,-6.55,0.11,-0.25,-0.45,0.30,-0.66,-1.09,"Page, Janie, Sila Kiliccote, Han Dudley, Mary Ann Piette, Albert K. Chiu, Bashar Kellow, Ed Koch, and Paul Lipkin Akuacom. 2011. Automated Demand Response Technology Demonstration for Small and Medium Commercial Buildings."
Customer 1,3/10_CBL,7/13/07,12:00,15:00,,9.00,,,,,,,,"Chiu, Albert, Greg Wikler, Ingrid Bran, Joe Prijyanonda, Sharon Yoshida, Kelly Smith, Mary Ann Piette, Sila Kiliccote, Girish Ghatikar, and Chuck Thomas. 2007. 2007 Auto-DR Program, Task 13 Deliverable, Auto-DR Assessment Study."
Customer 1,3/10_CBL,7/13/07,15:00,18:00,,10.00,,,,,,,,"Chiu, Albert, Greg Wikler, Ingrid Bran, Joe Prijyanonda, Sharon Yoshida, Kelly Smith, Mary Ann Piette, Sila Kiliccote, Girish Ghatikar, and Chuck Thomas. 2007. 2007 Auto-DR Program, Task 13 Deliverable, Auto-DR Assessment Study."
Customer 1,3/10_CBL,7/13/07,12:00,18:00,,9.50,,,0.04,,,0.19,,"Chiu, Albert, Greg Wikler, Ingrid Bran, Joe Prijyanonda, Sharon Yoshida, Kelly Smith, Mary Ann Piette, Sila Kiliccote, Girish Ghatikar, and Chuck Thomas. 2007. 2007 Auto-DR Program, Task 13 Deliverable, Auto-DR Assessment Study."
Customer 1,3/10_MA_CBL,7/13/07,12:00,15:00,,56.00,,,,,,,,"Chiu, Albert, Greg Wikler, Ingrid Bran, Joe Prijyanonda, Sharon Yoshida, Kelly Smith, Mary Ann Piette, Sila Kiliccote, Girish Ghatikar, and Chuck Thomas. 2007. 2007 Auto-DR Program, Task 13 Deliverable, Auto-DR Assessment Study."
Customer 1,3/10_MA_CBL,7/13/07,15:00,18:00,,55.00,,,,,,,,"Chiu, Albert, Greg Wikler, Ingrid Bran, Joe Prijyanonda, Sharon Yoshida, Kelly Smith, Mary Ann Piette, Sila Kiliccote, Girish Ghatikar, and Chuck Thomas. 2007. 2007 Auto-DR Program, Task 13 Deliverable, Auto-DR Assessment Study."
Customer 1,3/10_MA_CBL,7/13/07,12:00,18:00,,55.50,,,0.20,,,1.08,,"Chiu, Albert, Greg Wikler, Ingrid Bran, Joe Prijyanonda, Sharon Yoshida, Kelly Smith, Mary Ann Piette, Sila Kiliccote, Girish Ghatikar, and Chuck Thomas. 2007. 2007 Auto-DR Program, Task 13 Deliverable, Auto-DR Assessment Study."
Customer 1,OAT_CBL,7/13/07,12:00,15:00,,65.00,,,,,,,,"Chiu, Albert, Greg Wikler, Ingrid Bran, Joe Prijyanonda, Sharon Yoshida, Kelly Smith, Mary Ann Piette, Sila Kiliccote, Girish Ghatikar, and Chuck Thomas. 2007. 2007 Auto-DR Program, Task 13 Deliverable, Auto-DR Assessment Study."
Customer 1,OAT_CBL,7/13/07,15:00,18:00,,104.00,,,,,,,,"Chiu, Albert, Greg Wikler, Ingrid Bran, Joe Prijyanonda, Sharon Yoshida, Kelly Smith, Mary Ann Piette, Sila Kiliccote, Girish Ghatikar, and Chuck Thomas. 2007. 2007 Auto-DR Program, Task 13 Deliverable, Auto-DR Assessment Study."
Customer 1,OAT_CBL,7/13/07,12:00,18:00,,84.50,,,0.32,,,2.03,,"Chiu, Albert, Greg Wikler, Ingrid Bran, Joe Prijyanonda, Sharon Yoshida, Kelly Smith, Mary Ann Piette, Sila Kiliccote, Girish Ghatikar, and Chuck Thomas. 2007. 2007 Auto-DR Program, Task 13 Deliverable, Auto-DR Assessment Study."
Customer 1,3/10_CBL,7/5/07,12:00,15:00,,32.00,,,,,,,,"Chiu, Albert, Greg Wikler, Ingrid Bran, Joe Prijyanonda, Sharon Yoshida, Kelly Smith, Mary Ann Piette, Sila Kiliccote, Girish Ghatikar, and Chuck Thomas. 2007. 2007 Auto-DR Program, Task 13 Deliverable, Auto-DR Assessment Study."
Customer 1,3/10_CBL,7/5/07,15:00,18:00,,21.00,,,,,,,,"Chiu, Albert, Greg Wikler, Ingrid Bran, Joe Prijyanonda, Sharon Yoshida, Kelly Smith, Mary Ann Piette, Sila Kiliccote, Girish Ghatikar, and Chuck Thomas. 2007. 2007 Auto-DR Program, Task 13 Deliverable, Auto-DR Assessment Study."
Customer 1,3/10_CBL,7/5/07,12:00,18:00,,26.50,,,0.08,,,0.42,,"Chiu, Albert, Greg Wikler, Ingrid Bran, Joe Prijyanonda, Sharon Yoshida, Kelly Smith, Mary Ann Piette, Sila Kiliccote, Girish Ghatikar, and Chuck Thomas. 2007. 2007 Auto-DR Program, Task 13 Deliverable, Auto-DR Assessment Study."
Customer 1,3/10_MA_CBL,7/5/07,12:00,15:00,,32.00,,,,,,,,"Chiu, Albert, Greg Wikler, Ingrid Bran, Joe Prijyanonda, Sharon Yoshida, Kelly Smith, Mary Ann Piette, Sila Kiliccote, Girish Ghatikar, and Chuck Thomas. 2007. 2007 Auto-DR Program, Task 13 Deliverable, Auto-DR Assessment Study."
Customer 1,3/10_MA_CBL,7/5/07,15:00,18:00,,21.00,,,,,,,,"Chiu, Albert, Greg Wikler, Ingrid Bran, Joe Prijyanonda, Sharon Yoshida, Kelly Smith, Mary Ann Piette, Sila Kiliccote, Girish Ghatikar, and Chuck Thomas. 2007. 2007 Auto-DR Program, Task 13 Deliverable, Auto-DR Assessment Study."
Customer 1,3/10_MA_CBL,7/5/07,12:00,18:00,,26.50,,,0.17,,,0.94,,"Chiu, Albert, Greg Wikler, Ingrid Bran, Joe Prijyanonda, Sharon Yoshida, Kelly Smith, Mary Ann Piette, Sila Kiliccote, Girish Ghatikar, and Chuck Thomas. 2007. 2007 Auto-DR Program, Task 13 Deliverable, Auto-DR Assessment Study."
Customer 1,OAT_CBL,7/5/07,12:00,15:00,,92.00,,,,,,,,"Chiu, Albert, Greg Wikler, Ingrid Bran, Joe Prijyanonda, Sharon Yoshida, Kelly Smith, Mary Ann Piette, Sila Kiliccote, Girish Ghatikar, and Chuck Thomas. 2007. 2007 Auto-DR Program, Task 13 Deliverable, Auto-DR Assessment Study."
Customer 1,OAT_CBL,7/5/07,15:00,18:00,,99.00,,,,,,,,"Chiu, Albert, Greg Wikler, Ingrid Bran, Joe Prijyanonda, Sharon Yoshida, Kelly Smith, Mary Ann Piette, Sila Kiliccote, Girish Ghatikar, and Chuck Thomas. 2007. 2007 Auto-DR Program, Task 13 Deliverable, Auto-DR Assessment Study."
Customer 1,OAT_CBL,7/5/07,12:00,18:00,,95.50,,,0.29,,,1.94,,"Chiu, Albert, Greg Wikler, Ingrid Bran, Joe Prijyanonda, Sharon Yoshida, Kelly Smith, Mary Ann Piette, Sila Kiliccote, Girish Ghatikar, and Chuck Thomas. 2007. 2007 Auto-DR Program, Task 13 Deliverable, Auto-DR Assessment Study."
Customer 1,3/10_CBL,8/1/07,12:00,15:00,,65.00,,,,,,,,"Chiu, Albert, Greg Wikler, Ingrid Bran, Joe Prijyanonda, Sharon Yoshida, Kelly Smith, Mary Ann Piette, Sila Kiliccote, Girish Ghatikar, and Chuck Thomas. 2007. 2007 Auto-DR Program, Task 13 Deliverable, Auto-DR Assessment Study."
Customer 1,3/10_CBL,8/1/07,15:00,18:00,,78.00,,,,,,,,"Chiu, Albert, Greg Wikler, Ingrid Bran, Joe Prijyanonda, Sharon Yoshida, Kelly Smith, Mary Ann Piette, Sila Kiliccote, Girish Ghatikar, and Chuck Thomas. 2007. 2007 Auto-DR Program, Task 13 Deliverable, Auto-DR Assessment Study."
Customer 1,3/10_CBL,8/1/07,12:00,18:00,,71.50,,,0.28,,,1.53,,"Chiu, Albert, Greg Wikler, Ingrid Bran, Joe Prijyanonda, Sharon Yoshida, Kelly Smith, Mary Ann Piette, Sila Kiliccote, Girish Ghatikar, and Chuck Thomas. 2007. 2007 Auto-DR Program, Task 13 Deliverable, Auto-DR Assessment Study."
Customer 1,3/10_MA_CBL,8/1/07,12:00,15:00,,67.00,,,,,,,,"Chiu, Albert, Greg Wikler, Ingrid Bran, Joe Prijyanonda, Sharon Yoshida, Kelly Smith, Mary Ann Piette, Sila Kiliccote, Girish Ghatikar, and Chuck Thomas. 2007. 2007 Auto-DR Program, Task 13 Deliverable, Auto-DR Assessment Study."
Customer 1,3/10_MA_CBL,8/1/07,15:00,18:00,,80.00,,,,,,,,"Chiu, Albert, Greg Wikler, Ingrid Bran, Joe Prijyanonda, Sharon Yoshida, Kelly Smith, Mary Ann Piette, Sila Kiliccote, Girish Ghatikar, and Chuck Thomas. 2007. 2007 Auto-DR Program, Task 13 Deliverable, Auto-DR Assessment Study."
Customer 1,3/10_MA_CBL,8/1/07,12:00,18:00,,73.50,,,0.28,,,1.56,,"Chiu, Albert, Greg Wikler, Ingrid Bran, Joe Prijyanonda, Sharon Yoshida, Kelly Smith, Mary Ann Piette, Sila Kiliccote, Girish Ghatikar, and Chuck Thomas. 2007. 2007 Auto-DR Program, Task 13 Deliverable, Auto-DR Assessment Study."
Customer 1,OAT_CBL,8/1/07,12:00,15:00,,54.00,,,,,,,,"Chiu, Albert, Greg Wikler, Ingrid Bran, Joe Prijyanonda, Sharon Yoshida, Kelly Smith, Mary Ann Piette, Sila Kiliccote, Girish Ghatikar, and Chuck Thomas. 2007. 2007 Auto-DR Program, Task 13 Deliverable, Auto-DR Assessment Study."
Customer 1,OAT_CBL,8/1/07,15:00,18:00,,59.00,,,,,,,,"Chiu, Albert, Greg Wikler, Ingrid Bran, Joe Prijyanonda, Sharon Yoshida, Kelly Smith, Mary Ann Piette, Sila Kiliccote, Girish Ghatikar, and Chuck Thomas. 2007. 2007 Auto-DR Program, Task 13 Deliverable, Auto-DR Assessment Study."
Customer 1,OAT_CBL,8/1/07,12:00,18:00,,56.50,,,0.22,,,1.15,,"Chiu, Albert, Greg Wikler, Ingrid Bran, Joe Prijyanonda, Sharon Yoshida, Kelly Smith, Mary Ann Piette, Sila Kiliccote, Girish Ghatikar, and Chuck Thomas. 2007. 2007 Auto-DR Program, Task 13 Deliverable, Auto-DR Assessment Study."
Customer 1,3/10_CBL,8/30/07,12:00,15:00,,49.00,,,,,,,,"Chiu, Albert, Greg Wikler, Ingrid Bran, Joe Prijyanonda, Sharon Yoshida, Kelly Smith, Mary Ann Piette, Sila Kiliccote, Girish Ghatikar, and Chuck Thomas. 2007. 2007 Auto-DR Program, Task 13 Deliverable, Auto-DR Assessment Study."
Customer 1,3/10_CBL,8/30/07,15:00,18:00,,53.00,,,,,,,,"Chiu, Albert, Greg Wikler, Ingrid Bran, Joe Prijyanonda, Sharon Yoshida, Kelly Smith, Mary Ann Piette, Sila Kiliccote, Girish Ghatikar, and Chuck Thomas. 2007. 2007 Auto-DR Program, Task 13 Deliverable, Auto-DR Assessment Study."
Customer 1,3/10_CBL,8/30/07,12:00,18:00,,51.00,,,0.20,,,1.04,,"Chiu, Albert, Greg Wikler, Ingrid Bran, Joe Prijyanonda, Sharon Yoshida, Kelly Smith, Mary Ann Piette, Sila Kiliccote, Girish Ghatikar, and Chuck Thomas. 2007. 2007 Auto-DR Program, Task 13 Deliverable, Auto-DR Assessment Study."
Customer 1,3/10_MA_CBL,8/30/07,12:00,15:00,,27.00,,,,,,,,"Chiu, Albert, Greg Wikler, Ingrid Bran, Joe Prijyanonda, Sharon Yoshida, Kelly Smith, Mary Ann Piette, Sila Kiliccote, Girish Ghatikar, and Chuck Thomas. 2007. 2007 Auto-DR Program, Task 13 Deliverable, Auto-DR Assessment Study."
Customer 1,3/10_MA_CBL,8/30/07,15:00,18:00,,32.00,,,,,,,,"Chiu, Albert, Greg Wikler, Ingrid Bran, Joe Prijyanonda, Sharon Yoshida, Kelly Smith, Mary Ann Piette, Sila Kiliccote, Girish Ghatikar, and Chuck Thomas. 2007. 2007 Auto-DR Program, Task 13 Deliverable, Auto-DR Assessment Study."
Customer 1,3/10_MA_CBL,8/30/07,12:00,18:00,,29.50,,,0.13,,,0.63,,"Chiu, Albert, Greg Wikler, Ingrid Bran, Joe Prijyanonda, Sharon Yoshida, Kelly Smith, Mary Ann Piette, Sila Kiliccote, Girish Ghatikar, and Chuck Thomas. 2007. 2007 Auto-DR Program, Task 13 Deliverable, Auto-DR Assessment Study."
Customer 1,OAT_CBL,8/30/07,12:00,15:00,,10.00,,,,,,,,"Chiu, Albert, Greg Wikler, Ingrid Bran, Joe Prijyanonda, Sharon Yoshida, Kelly Smith, Mary Ann Piette, Sila Kiliccote, Girish Ghatikar, and Chuck Thomas. 2007. 2007 Auto-DR Program, Task 13 Deliverable, Auto-DR Assessment Study."
Customer 1,OAT_CBL,8/30/07,15:00,18:00,,24.00,,,,,,,,"Chiu, Albert, Greg Wikler, Ingrid Bran, Joe Prijyanonda, Sharon Yoshida, Kelly Smith, Mary Ann Piette, Sila Kiliccote, Girish Ghatikar, and Chuck Thomas. 2007. 2007 Auto-DR Program, Task 13 Deliverable, Auto-DR Assessment Study."
Customer 1,OAT_CBL,8/30/07,12:00,18:00,,17.00,,,0.10,,,0.46,,"Chiu, Albert, Greg Wikler, Ingrid Bran, Joe Prijyanonda, Sharon Yoshida, Kelly Smith, Mary Ann Piette, Sila Kiliccote, Girish Ghatikar, and Chuck Thomas. 2007. 2007 Auto-DR Program, Task 13 Deliverable, Auto-DR Assessment Study."
Customer 2,3/10_CBL,7/13/07,12:00,15:00,,2.00,,,,,,,,"Chiu, Albert, Greg Wikler, Ingrid Bran, Joe Prijyanonda, Sharon Yoshida, Kelly Smith, Mary Ann Piette, Sila Kiliccote, Girish Ghatikar, and Chuck Thomas. 2007. 2007 Auto-DR Program, Task 13 Deliverable, Auto-DR Assessment Study."
Customer 2,3/10_CBL,7/13/07,15:00,18:00,,93.00,,,,,,,,"Chiu, Albert, Greg Wikler, Ingrid Bran, Joe Prijyanonda, Sharon Yoshida, Kelly Smith, Mary Ann Piette, Sila Kiliccote, Girish Ghatikar, and Chuck Thomas. 2007. 2007 Auto-DR Program, Task 13 Deliverable, Auto-DR Assessment Study."
Customer 2,3/10_CBL,7/13/07,12:00,18:00,,47.50,,,0.02,,,0.13,,"Chiu, Albert, Greg Wikler, Ingrid Bran, Joe Prijyanonda, Sharon Yoshida, Kelly Smith, Mary Ann Piette, Sila Kiliccote, Girish Ghatikar, and Chuck Thomas. 2007. 2007 Auto-DR Program, Task 13 Deliverable, Auto-DR Assessment Study."
Customer 2,3/10_MA_CBL,7/13/07,12:00,15:00,,336.00,,,,,,,,"Chiu, Albert, Greg Wikler, Ingrid Bran, Joe Prijyanonda, Sharon Yoshida, Kelly Smith, Mary Ann Piette, Sila Kiliccote, Girish Ghatikar, and Chuck Thomas. 2007. 2007 Auto-DR Program, Task 13 Deliverable, Auto-DR Assessment Study."
Customer 2,3/10_MA_CBL,7/13/07,15:00,18:00,,423.00,,,,,,,,"Chiu, Albert, Greg Wikler, Ingrid Bran, Joe Prijyanonda, Sharon Yoshida, Kelly Smith, Mary Ann Piette, Sila Kiliccote, Girish Ghatikar, and Chuck Thomas. 2007. 2007 Auto-DR Program, Task 13 Deliverable, Auto-DR Assessment Study."
Customer 2,3/10_MA_CBL,7/13/07,12:00,18:00,,379.50,,,0.09,,,0.60,,"Chiu, Albert, Greg Wikler, Ingrid Bran, Joe Prijyanonda, Sharon Yoshida, Kelly Smith, Mary Ann Piette, Sila Kiliccote, Girish Ghatikar, and Chuck Thomas. 2007. 2007 Auto-DR Program, Task 13 Deliverable, Auto-DR Assessment Study."
Customer 2,OAT_CBL,7/13/07,12:00,15:00,,436.00,,,,,,,,"Chiu, Albert, Greg Wikler, Ingrid Bran, Joe Prijyanonda, Sharon Yoshida, Kelly Smith, Mary Ann Piette, Sila Kiliccote, Girish Ghatikar, and Chuck Thomas. 2007. 2007 Auto-DR Program, Task 13 Deliverable, Auto-DR Assessment Study."
Customer 2,OAT_CBL,7/13/07,15:00,18:00,,551.00,,,,,,,,"Chiu, Albert, Greg Wikler, Ingrid Bran, Joe Prijyanonda, Sharon Yoshida, Kelly Smith, Mary Ann Piette, Sila Kiliccote, Girish Ghatikar, and Chuck Thomas. 2007. 2007 Auto-DR Program, Task 13 Deliverable, Auto-DR Assessment Study."
Customer 2,OAT_CBL,7/13/07,12:00,18:00,,493.50,,,0.11,,,0.78,,"Chiu, Albert, Greg Wikler, Ingrid Bran, Joe Prijyanonda, Sharon Yoshida, Kelly Smith, Mary Ann Piette, Sila Kiliccote, Girish Ghatikar, and Chuck Thomas. 2007. 2007 Auto-DR Program, Task 13 Deliverable, Auto-DR Assessment Study."
Customer 2,3/10_CBL,7/5/07,12:00,15:00,,11.00,,,,,,,,"Chiu, Albert, Greg Wikler, Ingrid Bran, Joe Prijyanonda, Sharon Yoshida, Kelly Smith, Mary Ann Piette, Sila Kiliccote, Girish Ghatikar, and Chuck Thomas. 2007. 2007 Auto-DR Program, Task 13 Deliverable, Auto-DR Assessment Study."
Customer 2,3/10_CBL,7/5/07,15:00,18:00,,63.00,,,,,,,,"Chiu, Albert, Greg Wikler, Ingrid Bran, Joe Prijyanonda, Sharon Yoshida, Kelly Smith, Mary Ann Piette, Sila Kiliccote, Girish Ghatikar, and Chuck Thomas. 2007. 2007 Auto-DR Program, Task 13 Deliverable, Auto-DR Assessment Study."
Customer 2,3/10_CBL,7/5/07,12:00,18:00,,37.00,,,0.01,,,0.09,,"Chiu, Albert, Greg Wikler, Ingrid Bran, Joe Prijyanonda, Sharon Yoshida, Kelly Smith, Mary Ann Piette, Sila Kiliccote, Girish Ghatikar, and Chuck Thomas. 2007. 2007 Auto-DR Program, Task 13 Deliverable, Auto-DR Assessment Study."
Customer 2,3/10_MA_CBL,7/5/07,12:00,15:00,,248.00,,,,,,,,"Chiu, Albert, Greg Wikler, Ingrid Bran, Joe Prijyanonda, Sharon Yoshida, Kelly Smith, Mary Ann Piette, Sila Kiliccote, Girish Ghatikar, and Chuck Thomas. 2007. 2007 Auto-DR Program, Task 13 Deliverable, Auto-DR Assessment Study."
Customer 2,3/10_MA_CBL,7/5/07,15:00,18:00,,296.00,,,,,,,,"Chiu, Albert, Greg Wikler, Ingrid Bran, Joe Prijyanonda, Sharon Yoshida, Kelly Smith, Mary Ann Piette, Sila Kiliccote, Girish Ghatikar, and Chuck Thomas. 2007. 2007 Auto-DR Program, Task 13 Deliverable, Auto-DR Assessment Study."
Customer 2,3/10_MA_CBL,7/5/07,12:00,18:00,,272.00,,,0.06,,,0.42,,"Chiu, Albert, Greg Wikler, Ingrid Bran, Joe Prijyanonda, Sharon Yoshida, Kelly Smith, Mary Ann Piette, Sila Kiliccote, Girish Ghatikar, and Chuck Thomas. 2007. 2007 Auto-DR Program, Task 13 Deliverable, Auto-DR Assessment Study."
Customer 2,OAT_CBL,7/5/07,12:00,15:00,,366.00,,,,,,,,"Chiu, Albert, Greg Wikler, Ingrid Bran, Joe Prijyanonda, Sharon Yoshida, Kelly Smith, Mary Ann Piette, Sila Kiliccote, Girish Ghatikar, and Chuck Thomas. 2007. 2007 Auto-DR Program, Task 13 Deliverable, Auto-DR Assessment Study."
Customer 2,OAT_CBL,7/5/07,15:00,18:00,,293.00,,,,,,,,"Chiu, Albert, Greg Wikler, Ingrid Bran, Joe Prijyanonda, Sharon Yoshida, Kelly Smith, Mary Ann Piette, Sila Kiliccote, Girish Ghatikar, and Chuck Thomas. 2007. 2007 Auto-DR Program, Task 13 Deliverable, Auto-DR Assessment Study."
Customer 2,OAT_CBL,7/5/07,12:00,18:00,,329.50,,,0.06,,,0.41,,"Chiu, Albert, Greg Wikler, Ingrid Bran, Joe Prijyanonda, Sharon Yoshida, Kelly Smith, Mary Ann Piette, Sila Kiliccote, Girish Ghatikar, and Chuck Thomas. 2007. 2007 Auto-DR Program, Task 13 Deliverable, Auto-DR Assessment Study."
Customer 2,3/10_CBL,8/1/07,12:00,15:00,,414.00,,,,,,,,"Chiu, Albert, Greg Wikler, Ingrid Bran, Joe Prijyanonda, Sharon Yoshida, Kelly Smith, Mary Ann Piette, Sila Kiliccote, Girish Ghatikar, and Chuck Thomas. 2007. 2007 Auto-DR Program, Task 13 Deliverable, Auto-DR Assessment Study."
Customer 2,3/10_CBL,8/1/07,15:00,18:00,,541.00,,,,,,,,"Chiu, Albert, Greg Wikler, Ingrid Bran, Joe Prijyanonda, Sharon Yoshida, Kelly Smith, Mary Ann Piette, Sila Kiliccote, Girish Ghatikar, and Chuck Thomas. 2007. 2007 Auto-DR Program, Task 13 Deliverable, Auto-DR Assessment Study."
Customer 2,3/10_CBL,8/1/07,12:00,18:00,,477.50,,,0.11,,,0.76,,"Chiu, Albert, Greg Wikler, Ingrid Bran, Joe Prijyanonda, Sharon Yoshida, Kelly Smith, Mary Ann Piette, Sila Kiliccote, Girish Ghatikar, and Chuck Thomas. 2007. 2007 Auto-DR Program, Task 13 Deliverable, Auto-DR Assessment Study."
Customer 2,3/10_MA_CBL,8/1/07,12:00,15:00,,202.00,,,,,,,,"Chiu, Albert, Greg Wikler, Ingrid Bran, Joe Prijyanonda, Sharon Yoshida, Kelly Smith, Mary Ann Piette, Sila Kiliccote, Girish Ghatikar, and Chuck Thomas. 2007. 2007 Auto-DR Program, Task 13 Deliverable, Auto-DR Assessment Study."
Customer 2,3/10_MA_CBL,8/1/07,15:00,18:00,,332.00,,,,,,,,"Chiu, Albert, Greg Wikler, Ingrid Bran, Joe Prijyanonda, Sharon Yoshida, Kelly Smith, Mary Ann Piette, Sila Kiliccote, Girish Ghatikar, and Chuck Thomas. 2007. 2007 Auto-DR Program, Task 13 Deliverable, Auto-DR Assessment Study."
Customer 2,3/10_MA_CBL,8/1/07,12:00,18:00,,267.00,,,0.07,,,0.47,,"Chiu, Albert, Greg Wikler, Ingrid Bran, Joe Prijyanonda, Sharon Yoshida, Kelly Smith, Mary Ann Piette, Sila Kiliccote, Girish Ghatikar, and Chuck Thomas. 2007. 2007 Auto-DR Program, Task 13 Deliverable, Auto-DR Assessment Study."
Customer 2,OAT_CBL,8/1/07,12:00,15:00,,331.00,,,,,,,,"Chiu, Albert, Greg Wikler, Ingrid Bran, Joe Prijyanonda, Sharon Yoshida, Kelly Smith, Mary Ann Piette, Sila Kiliccote, Girish Ghatikar, and Chuck Thomas. 2007. 2007 Auto-DR Program, Task 13 Deliverable, Auto-DR Assessment Study."
Customer 2,OAT_CBL,8/1/07,15:00,18:00,,492.00,,,,,,,,"Chiu, Albert, Greg Wikler, Ingrid Bran, Joe Prijyanonda, Sharon Yoshida, Kelly Smith, Mary Ann Piette, Sila Kiliccote, Girish Ghatikar, and Chuck Thomas. 2007. 2007 Auto-DR Program, Task 13 Deliverable, Auto-DR Assessment Study."
Customer 2,OAT_CBL,8/1/07,12:00,18:00,,411.50,,,0.10,,,0.69,,"Chiu, Albert, Greg Wikler, Ingrid Bran, Joe Prijyanonda, Sharon Yoshida, Kelly Smith, Mary Ann Piette, Sila Kiliccote, Girish Ghatikar, and Chuck Thomas. 2007. 2007 Auto-DR Program, Task 13 Deliverable, Auto-DR Assessment Study."
Customer 2,3/10_CBL,8/30/07,12:00,15:00,,-8.00,,,,,,,,"Chiu, Albert, Greg Wikler, Ingrid Bran, Joe Prijyanonda, Sharon Yoshida, Kelly Smith, Mary Ann Piette, Sila Kiliccote, Girish Ghatikar, and Chuck Thomas. 2007. 2007 Auto-DR Program, Task 13 Deliverable, Auto-DR Assessment Study."
Customer 2,3/10_CBL,8/30/07,15:00,18:00,,15.00,,,,,,,,"Chiu, Albert, Greg Wikler, Ingrid Bran, Joe Prijyanonda, Sharon Yoshida, Kelly Smith, Mary Ann Piette, Sila Kiliccote, Girish Ghatikar, and Chuck Thomas. 2007. 2007 Auto-DR Program, Task 13 Deliverable, Auto-DR Assessment Study."
Customer 2,3/10_CBL,8/30/07,12:00,18:00,,3.50,,,0.00,,,0.02,,"Chiu, Albert, Greg Wikler, Ingrid Bran, Joe Prijyanonda, Sharon Yoshida, Kelly Smith, Mary Ann Piette, Sila Kiliccote, Girish Ghatikar, and Chuck Thomas. 2007. 2007 Auto-DR Program, Task 13 Deliverable, Auto-DR Assessment Study."
Customer 2,3/10_MA_CBL,8/30/07,12:00,15:00,,104.00,,,,,,,,"Chiu, Albert, Greg Wikler, Ingrid Bran, Joe Prijyanonda, Sharon Yoshida, Kelly Smith, Mary Ann Piette, Sila Kiliccote, Girish Ghatikar, and Chuck Thomas. 2007. 2007 Auto-DR Program, Task 13 Deliverable, Auto-DR Assessment Study."
Customer 2,3/10_MA_CBL,8/30/07,15:00,18:00,,124.00,,,,,,,,"Chiu, Albert, Greg Wikler, Ingrid Bran, Joe Prijyanonda, Sharon Yoshida, Kelly Smith, Mary Ann Piette, Sila Kiliccote, Girish Ghatikar, and Chuck Thomas. 2007. 2007 Auto-DR Program, Task 13 Deliverable, Auto-DR Assessment Study."
Customer 2,3/10_MA_CBL,8/30/07,12:00,18:00,,114.00,,,0.03,,,0.18,,"Chiu, Albert, Greg Wikler, Ingrid Bran, Joe Prijyanonda, Sharon Yoshida, Kelly Smith, Mary Ann Piette, Sila Kiliccote, Girish Ghatikar, and Chuck Thomas. 2007. 2007 Auto-DR Program, Task 13 Deliverable, Auto-DR Assessment Study."
Customer 2,OAT_CBL,8/30/07,12:00,15:00,,-107.00,,,,,,,,"Chiu, Albert, Greg Wikler, Ingrid Bran, Joe Prijyanonda, Sharon Yoshida, Kelly Smith, Mary Ann Piette, Sila Kiliccote, Girish Ghatikar, and Chuck Thomas. 2007. 2007 Auto-DR Program, Task 13 Deliverable, Auto-DR Assessment Study."
Customer 2,OAT_CBL,8/30/07,15:00,18:00,,-188.00,,,,,,,,"Chiu, Albert, Greg Wikler, Ingrid Bran, Joe Prijyanonda, Sharon Yoshida, Kelly Smith, Mary Ann Piette, Sila Kiliccote, Girish Ghatikar, and Chuck Thomas. 2007. 2007 Auto-DR Program, Task 13 Deliverable, Auto-DR Assessment Study."
Customer 2,OAT_CBL,8/30/07,12:00,18:00,,-147.50,,,-0.04,,,-0.27,,"Chiu, Albert, Greg Wikler, Ingrid Bran, Joe Prijyanonda, Sharon Yoshida, Kelly Smith, Mary Ann Piette, Sila Kiliccote, Girish Ghatikar, and Chuck Thomas. 2007. 2007 Auto-DR Program, Task 13 Deliverable, Auto-DR Assessment Study."
Customer 3,3/10_CBL,7/13/07,12:00,15:00,,-38.00,,,,,,,,"Chiu, Albert, Greg Wikler, Ingrid Bran, Joe Prijyanonda, Sharon Yoshida, Kelly Smith, Mary Ann Piette, Sila Kiliccote, Girish Ghatikar, and Chuck Thomas. 2007. 2007 Auto-DR Program, Task 13 Deliverable, Auto-DR Assessment Study."
Customer 3,3/10_CBL,7/13/07,15:00,18:00,,-43.00,,,,,,,,"Chiu, Albert, Greg Wikler, Ingrid Bran, Joe Prijyanonda, Sharon Yoshida, Kelly Smith, Mary Ann Piette, Sila Kiliccote, Girish Ghatikar, and Chuck Thomas. 2007. 2007 Auto-DR Program, Task 13 Deliverable, Auto-DR Assessment Study."
Customer 3,3/10_CBL,7/13/07,12:00,18:00,,-40.50,,,-0.04,,,-0.11,,"Chiu, Albert, Greg Wikler, Ingrid Bran, Joe Prijyanonda, Sharon Yoshida, Kelly Smith, Mary Ann Piette, Sila Kiliccote, Girish Ghatikar, and Chuck Thomas. 2007. 2007 Auto-DR Program, Task 13 Deliverable, Auto-DR Assessment Study."
Customer 3,3/10_MA_CBL,7/13/07,12:00,15:00,,137.00,,,,,,,,"Chiu, Albert, Greg Wikler, Ingrid Bran, Joe Prijyanonda, Sharon Yoshida, Kelly Smith, Mary Ann Piette, Sila Kiliccote, Girish Ghatikar, and Chuck Thomas. 2007. 2007 Auto-DR Program, Task 13 Deliverable, Auto-DR Assessment Study."
Customer 3,3/10_MA_CBL,7/13/07,15:00,18:00,,129.00,,,,,,,,"Chiu, Albert, Greg Wikler, Ingrid Bran, Joe Prijyanonda, Sharon Yoshida, Kelly Smith, Mary Ann Piette, Sila Kiliccote, Girish Ghatikar, and Chuck Thomas. 2007. 2007 Auto-DR Program, Task 13 Deliverable, Auto-DR Assessment Study."
Customer 3,3/10_MA_CBL,7/13/07,12:00,18:00,,133.00,,,0.11,,,0.33,,"Chiu, Albert, Greg Wikler, Ingrid Bran, Joe Prijyanonda, Sharon Yoshida, Kelly Smith, Mary Ann Piette, Sila Kiliccote, Girish Ghatikar, and Chuck Thomas. 2007. 2007 Auto-DR Program, Task 13 Deliverable, Auto-DR Assessment Study."
Customer 3,OAT_CBL,7/13/07,12:00,15:00,,134.00,,,,,,,,"Chiu, Albert, Greg Wikler, Ingrid Bran, Joe Prijyanonda, Sharon Yoshida, Kelly Smith, Mary Ann Piette, Sila Kiliccote, Girish Ghatikar, and Chuck Thomas. 2007. 2007 Auto-DR Program, Task 13 Deliverable, Auto-DR Assessment Study."
Customer 3,OAT_CBL,7/13/07,15:00,18:00,,139.00,,,,,,,,"Chiu, Albert, Greg Wikler, Ingrid Bran, Joe Prijyanonda, Sharon Yoshida, Kelly Smith, Mary Ann Piette, Sila Kiliccote, Girish Ghatikar, and Chuck Thomas. 2007. 2007 Auto-DR Program, Task 13 Deliverable, Auto-DR Assessment Study."
Customer 3,OAT_CBL,7/13/07,12:00,18:00,,136.50,,,0.11,,,0.35,,"Chiu, Albert, Greg Wikler, Ingrid Bran, Joe Prijyanonda, Sharon Yoshida, Kelly Smith, Mary Ann Piette, Sila Kiliccote, Girish Ghatikar, and Chuck Thomas. 2007. 2007 Auto-DR Program, Task 13 Deliverable, Auto-DR Assessment Study."
Customer 3,3/10_CBL,7/5/07,12:00,15:00,,-26.00,,,,,,,,"Chiu, Albert, Greg Wikler, Ingrid Bran, Joe Prijyanonda, Sharon Yoshida, Kelly Smith, Mary Ann Piette, Sila Kiliccote, Girish Ghatikar, and Chuck Thomas. 2007. 2007 Auto-DR Program, Task 13 Deliverable, Auto-DR Assessment Study."
Customer 3,3/10_CBL,7/5/07,15:00,18:00,,10.00,,,,,,,,"Chiu, Albert, Greg Wikler, Ingrid Bran, Joe Prijyanonda, Sharon Yoshida, Kelly Smith, Mary Ann Piette, Sila Kiliccote, Girish Ghatikar, and Chuck Thomas. 2007. 2007 Auto-DR Program, Task 13 Deliverable, Auto-DR Assessment Study."
Customer 3,3/10_CBL,7/5/07,12:00,18:00,,-8.00,,,0.01,,,0.03,,"Chiu, Albert, Greg Wikler, Ingrid Bran, Joe Prijyanonda, Sharon Yoshida, Kelly Smith, Mary Ann Piette, Sila Kiliccote, Girish Ghatikar, and Chuck Thomas. 2007. 2007 Auto-DR Program, Task 13 Deliverable, Auto-DR Assessment Study."
Customer 3,3/10_MA_CBL,7/5/07,12:00,15:00,,156.00,,,,,,,,"Chiu, Albert, Greg Wikler, Ingrid Bran, Joe Prijyanonda, Sharon Yoshida, Kelly Smith, Mary Ann Piette, Sila Kiliccote, Girish Ghatikar, and Chuck Thomas. 2007. 2007 Auto-DR Program, Task 13 Deliverable, Auto-DR Assessment Study."
Customer 3,3/10_MA_CBL,7/5/07,15:00,18:00,,193.00,,,,,,,,"Chiu, Albert, Greg Wikler, Ingrid Bran, Joe Prijyanonda, Sharon Yoshida, Kelly Smith, Mary Ann Piette, Sila Kiliccote, Girish Ghatikar, and Chuck Thomas. 2007. 2007 Auto-DR Program, Task 13 Deliverable, Auto-DR Assessment Study."
Customer 3,3/10_MA_CBL,7/5/07,12:00,18:00,,174.50,,,0.15,,,0.49,,"Chiu, Albert, Greg Wikler, Ingrid Bran, Joe Prijyanonda, Sharon Yoshida, Kelly Smith, Mary Ann Piette, Sila Kiliccote, Girish Ghatikar, and Chuck Thomas. 2007. 2007 Auto-DR Program, Task 13 Deliverable, Auto-DR Assessment Study."
Customer 3,OAT_CBL,7/5/07,12:00,15:00,,158.00,,,,,,,,"Chiu, Albert, Greg Wikler, Ingrid Bran, Joe Prijyanonda, Sharon Yoshida, Kelly Smith, Mary Ann Piette, Sila Kiliccote, Girish Ghatikar, and Chuck Thomas. 2007. 2007 Auto-DR Program, Task 13 Deliverable, Auto-DR Assessment Study."
Customer 3,OAT_CBL,7/5/07,15:00,18:00,,210.00,,,,,,,,"Chiu, Albert, Greg Wikler, Ingrid Bran, Joe Prijyanonda, Sharon Yoshida, Kelly Smith, Mary Ann Piette, Sila Kiliccote, Girish Ghatikar, and Chuck Thomas. 2007. 2007 Auto-DR Program, Task 13 Deliverable, Auto-DR Assessment Study."
Customer 3,OAT_CBL,7/5/07,12:00,18:00,,184.00,,,0.16,,,0.53,,"Chiu, Albert, Greg Wikler, Ingrid Bran, Joe Prijyanonda, Sharon Yoshida, Kelly Smith, Mary Ann Piette, Sila Kiliccote, Girish Ghatikar, and Chuck Thomas. 2007. 2007 Auto-DR Program, Task 13 Deliverable, Auto-DR Assessment Study."
Customer 3,3/10_CBL,8/1/07,12:00,15:00,,322.00,,,,,,,,"Chiu, Albert, Greg Wikler, Ingrid Bran, Joe Prijyanonda, Sharon Yoshida, Kelly Smith, Mary Ann Piette, Sila Kiliccote, Girish Ghatikar, and Chuck Thomas. 2007. 2007 Auto-DR Program, Task 13 Deliverable, Auto-DR Assessment Study."
Customer 3,3/10_CBL,8/1/07,15:00,18:00,,380.00,,,,,,,,"Chiu, Albert, Greg Wikler, Ingrid Bran, Joe Prijyanonda, Sharon Yoshida, Kelly Smith, Mary Ann Piette, Sila Kiliccote, Girish Ghatikar, and Chuck Thomas. 2007. 2007 Auto-DR Program, Task 13 Deliverable, Auto-DR Assessment Study."
Customer 3,3/10_CBL,8/1/07,12:00,18:00,,351.00,,,0.31,,,0.97,,"Chiu, Albert, Greg Wikler, Ingrid Bran, Joe Prijyanonda, Sharon Yoshida, Kelly Smith, Mary Ann Piette, Sila Kiliccote, Girish Ghatikar, and Chuck Thomas. 2007. 2007 Auto-DR Program, Task 13 Deliverable, Auto-DR Assessment Study."
Customer 3,3/10_MA_CBL,8/1/07,12:00,15:00,,197.00,,,,,,,,"Chiu, Albert, Greg Wikler, Ingrid Bran, Joe Prijyanonda, Sharon Yoshida, Kelly Smith, Mary Ann Piette, Sila Kiliccote, Girish Ghatikar, and Chuck Thomas. 2007. 2007 Auto-DR Program, Task 13 Deliverable, Auto-DR Assessment Study."
Customer 3,3/10_MA_CBL,8/1/07,15:00,18:00,,253.00,,,,,,,,"Chiu, Albert, Greg Wikler, Ingrid Bran, Joe Prijyanonda, Sharon Yoshida, Kelly Smith, Mary Ann Piette, Sila Kiliccote, Girish Ghatikar, and Chuck Thomas. 2007. 2007 Auto-DR Program, Task 13 Deliverable, Auto-DR Assessment Study."
Customer 3,3/10_MA_CBL,8/1/07,12:00,18:00,,225.00,,,0.23,,,0.64,,"Chiu, Albert, Greg Wikler, Ingrid Bran, Joe Prijyanonda, Sharon Yoshida, Kelly Smith, Mary Ann Piette, Sila Kiliccote, Girish Ghatikar, and Chuck Thomas. 2007. 2007 Auto-DR Program, Task 13 Deliverable, Auto-DR Assessment Study."
Customer 3,OAT_CBL,8/1/07,12:00,15:00,,150.00,,,,,,,,"Chiu, Albert, Greg Wikler, Ingrid Bran, Joe Prijyanonda, Sharon Yoshida, Kelly Smith, Mary Ann Piette, Sila Kiliccote, Girish Ghatikar, and Chuck Thomas. 2007. 2007 Auto-DR Program, Task 13 Deliverable, Auto-DR Assessment Study."
Customer 3,OAT_CBL,8/1/07,15:00,18:00,,247.00,,,,,,,,"Chiu, Albert, Greg Wikler, Ingrid Bran, Joe Prijyanonda, Sharon Yoshida, Kelly Smith, Mary Ann Piette, Sila Kiliccote, Girish Ghatikar, and Chuck Thomas. 2007. 2007 Auto-DR Program, Task 13 Deliverable, Auto-DR Assessment Study."
Customer 3,OAT_CBL,8/1/07,12:00,18:00,,198.50,,,0.22,,,0.63,,"Chiu, Albert, Greg Wikler, Ingrid Bran, Joe Prijyanonda, Sharon Yoshida, Kelly Smith, Mary Ann Piette, Sila Kiliccote, Girish Ghatikar, and Chuck Thomas. 2007. 2007 Auto-DR Program, Task 13 Deliverable, Auto-DR Assessment Study."
Customer 3,3/10_CBL,8/30/07,12:00,15:00,,98.00,,,,,,,,"Chiu, Albert, Greg Wikler, Ingrid Bran, Joe Prijyanonda, Sharon Yoshida, Kelly Smith, Mary Ann Piette, Sila Kiliccote, Girish Ghatikar, and Chuck Thomas. 2007. 2007 Auto-DR Program, Task 13 Deliverable, Auto-DR Assessment Study."
Customer 3,3/10_CBL,8/30/07,15:00,18:00,,103.00,,,,,,,,"Chiu, Albert, Greg Wikler, Ingrid Bran, Joe Prijyanonda, Sharon Yoshida, Kelly Smith, Mary Ann Piette, Sila Kiliccote, Girish Ghatikar, and Chuck Thomas. 2007. 2007 Auto-DR Program, Task 13 Deliverable, Auto-DR Assessment Study."
Customer 3,3/10_CBL,8/30/07,12:00,18:00,,100.50,,,0.08,,,0.26,,"Chiu, Albert, Greg Wikler, Ingrid Bran, Joe Prijyanonda, Sharon Yoshida, Kelly Smith, Mary Ann Piette, Sila Kiliccote, Girish Ghatikar, and Chuck Thomas. 2007. 2007 Auto-DR Program, Task 13 Deliverable, Auto-DR Assessment Study."
Customer 3,3/10_MA_CBL,8/30/07,12:00,15:00,,127.00,,,,,,,,"Chiu, Albert, Greg Wikler, Ingrid Bran, Joe Prijyanonda, Sharon Yoshida, Kelly Smith, Mary Ann Piette, Sila Kiliccote, Girish Ghatikar, and Chuck Thomas. 2007. 2007 Auto-DR Program, Task 13 Deliverable, Auto-DR Assessment Study."
Customer 3,3/10_MA_CBL,8/30/07,15:00,18:00,,128.00,,,,,,,,"Chiu, Albert, Greg Wikler, Ingrid Bran, Joe Prijyanonda, Sharon Yoshida, Kelly Smith, Mary Ann Piette, Sila Kiliccote, Girish Ghatikar, and Chuck Thomas. 2007. 2007 Auto-DR Program, Task 13 Deliverable, Auto-DR Assessment Study."
Customer 3,3/10_MA_CBL,8/30/07,12:00,18:00,,127.50,,,0.10,,,0.33,,"Chiu, Albert, Greg Wikler, Ingrid Bran, Joe Prijyanonda, Sharon Yoshida, Kelly Smith, Mary Ann Piette, Sila Kiliccote, Girish Ghatikar, and Chuck Thomas. 2007. 2007 Auto-DR Program, Task 13 Deliverable, Auto-DR Assessment Study."
Customer 3,OAT_CBL,8/30/07,12:00,15:00,,116.00,,,,,,,,"Chiu, Albert, Greg Wikler, Ingrid Bran, Joe Prijyanonda, Sharon Yoshida, Kelly Smith, Mary Ann Piette, Sila Kiliccote, Girish Ghatikar, and Chuck Thomas. 2007. 2007 Auto-DR Program, Task 13 Deliverable, Auto-DR Assessment Study."
Customer 3,OAT_CBL,8/30/07,15:00,18:00,,150.00,,,,,,,,"Chiu, Albert, Greg Wikler, Ingrid Bran, Joe Prijyanonda, Sharon Yoshida, Kelly Smith, Mary Ann Piette, Sila Kiliccote, Girish Ghatikar, and Chuck Thomas. 2007. 2007 Auto-DR Program, Task 13 Deliverable, Auto-DR Assessment Study."
Customer 3,OAT_CBL,8/30/07,12:00,18:00,,133.00,,,0.12,,,0.38,,"Chiu, Albert, Greg Wikler, Ingrid Bran, Joe Prijyanonda, Sharon Yoshida, Kelly Smith, Mary Ann Piette, Sila Kiliccote, Girish Ghatikar, and Chuck Thomas. 2007. 2007 Auto-DR Program, Task 13 Deliverable, Auto-DR Assessment Study."
Customer 4,3/10_CBL,7/13/07,12:00,15:00,,-58.00,,,,,,,,"Chiu, Albert, Greg Wikler, Ingrid Bran, Joe Prijyanonda, Sharon Yoshida, Kelly Smith, Mary Ann Piette, Sila Kiliccote, Girish Ghatikar, and Chuck Thomas. 2007. 2007 Auto-DR Program, Task 13 Deliverable, Auto-DR Assessment Study."
Customer 4,3/10_CBL,7/13/07,15:00,18:00,,-11.00,,,,,,,,"Chiu, Albert, Greg Wikler, Ingrid Bran, Joe Prijyanonda, Sharon Yoshida, Kelly Smith, Mary Ann Piette, Sila Kiliccote, Girish Ghatikar, and Chuck Thomas. 2007. 2007 Auto-DR Program, Task 13 Deliverable, Auto-DR Assessment Study."
Customer 4,3/10_CBL,7/13/07,12:00,18:00,,-34.50,,,-0.07,,,-0.12,,"Chiu, Albert, Greg Wikler, Ingrid Bran, Joe Prijyanonda, Sharon Yoshida, Kelly Smith, Mary Ann Piette, Sila Kiliccote, Girish Ghatikar, and Chuck Thomas. 2007. 2007 Auto-DR Program, Task 13 Deliverable, Auto-DR Assessment Study."
Customer 4,3/10_MA_CBL,7/13/07,12:00,15:00,,25.00,,,,,,,,"Chiu, Albert, Greg Wikler, Ingrid Bran, Joe Prijyanonda, Sharon Yoshida, Kelly Smith, Mary Ann Piette, Sila Kiliccote, Girish Ghatikar, and Chuck Thomas. 2007. 2007 Auto-DR Program, Task 13 Deliverable, Auto-DR Assessment Study."
Customer 4,3/10_MA_CBL,7/13/07,15:00,18:00,,60.00,,,,,,,,"Chiu, Albert, Greg Wikler, Ingrid Bran, Joe Prijyanonda, Sharon Yoshida, Kelly Smith, Mary Ann Piette, Sila Kiliccote, Girish Ghatikar, and Chuck Thomas. 2007. 2007 Auto-DR Program, Task 13 Deliverable, Auto-DR Assessment Study."
Customer 4,3/10_MA_CBL,7/13/07,12:00,18:00,,42.50,,,0.27,,,0.69,,"Chiu, Albert, Greg Wikler, Ingrid Bran, Joe Prijyanonda, Sharon Yoshida, Kelly Smith, Mary Ann Piette, Sila Kiliccote, Girish Ghatikar, and Chuck Thomas. 2007. 2007 Auto-DR Program, Task 13 Deliverable, Auto-DR Assessment Study."
Customer 4,OAT_CBL,7/13/07,12:00,15:00,,-64.00,,,,,,,,"Chiu, Albert, Greg Wikler, Ingrid Bran, Joe Prijyanonda, Sharon Yoshida, Kelly Smith, Mary Ann Piette, Sila Kiliccote, Girish Ghatikar, and Chuck Thomas. 2007. 2007 Auto-DR Program, Task 13 Deliverable, Auto-DR Assessment Study."
Customer 4,OAT_CBL,7/13/07,15:00,18:00,,-19.00,,,,,,,,"Chiu, Albert, Greg Wikler, Ingrid Bran, Joe Prijyanonda, Sharon Yoshida, Kelly Smith, Mary Ann Piette, Sila Kiliccote, Girish Ghatikar, and Chuck Thomas. 2007. 2007 Auto-DR Program, Task 13 Deliverable, Auto-DR Assessment Study."
Customer 4,OAT_CBL,7/13/07,12:00,18:00,,-41.50,,,-0.13,,,-0.22,,"Chiu, Albert, Greg Wikler, Ingrid Bran, Joe Prijyanonda, Sharon Yoshida, Kelly Smith, Mary Ann Piette, Sila Kiliccote, Girish Ghatikar, and Chuck Thomas. 2007. 2007 Auto-DR Program, Task 13 Deliverable, Auto-DR Assessment Study."
Customer 4,3/10_CBL,7/5/07,12:00,15:00,,-57.00,,,,,,,,"Chiu, Albert, Greg Wikler, Ingrid Bran, Joe Prijyanonda, Sharon Yoshida, Kelly Smith, Mary Ann Piette, Sila Kiliccote, Girish Ghatikar, and Chuck Thomas. 2007. 2007 Auto-DR Program, Task 13 Deliverable, Auto-DR Assessment Study."
Customer 4,3/10_CBL,7/5/07,15:00,18:00,,-16.00,,,,,,,,"Chiu, Albert, Greg Wikler, Ingrid Bran, Joe Prijyanonda, Sharon Yoshida, Kelly Smith, Mary Ann Piette, Sila Kiliccote, Girish Ghatikar, and Chuck Thomas. 2007. 2007 Auto-DR Program, Task 13 Deliverable, Auto-DR Assessment Study."
Customer 4,3/10_CBL,7/5/07,12:00,18:00,,-36.50,,,-0.08,,,-0.18,,"Chiu, Albert, Greg Wikler, Ingrid Bran, Joe Prijyanonda, Sharon Yoshida, Kelly Smith, Mary Ann Piette, Sila Kiliccote, Girish Ghatikar, and Chuck Thomas. 2007. 2007 Auto-DR Program, Task 13 Deliverable, Auto-DR Assessment Study."
Customer 4,3/10_MA_CBL,7/5/07,12:00,15:00,,101.00,,,,,,,,"Chiu, Albert, Greg Wikler, Ingrid Bran, Joe Prijyanonda, Sharon Yoshida, Kelly Smith, Mary Ann Piette, Sila Kiliccote, Girish Ghatikar, and Chuck Thomas. 2007. 2007 Auto-DR Program, Task 13 Deliverable, Auto-DR Assessment Study."
Customer 4,3/10_MA_CBL,7/5/07,15:00,18:00,,112.00,,,,,,,,"Chiu, Albert, Greg Wikler, Ingrid Bran, Joe Prijyanonda, Sharon Yoshida, Kelly Smith, Mary Ann Piette, Sila Kiliccote, Girish Ghatikar, and Chuck Thomas. 2007. 2007 Auto-DR Program, Task 13 Deliverable, Auto-DR Assessment Study."
Customer 4,3/10_MA_CBL,7/5/07,12:00,18:00,,106.50,,,0.35,,,1.30,,"Chiu, Albert, Greg Wikler, Ingrid Bran, Joe Prijyanonda, Sharon Yoshida, Kelly Smith, Mary Ann Piette, Sila Kiliccote, Girish Ghatikar, and Chuck Thomas. 2007. 2007 Auto-DR Program, Task 13 Deliverable, Auto-DR Assessment Study."
Customer 4,OAT_CBL,7/5/07,12:00,15:00,,-102.00,,,,,,,,"Chiu, Albert, Greg Wikler, Ingrid Bran, Joe Prijyanonda, Sharon Yoshida, Kelly Smith, Mary Ann Piette, Sila Kiliccote, Girish Ghatikar, and Chuck Thomas. 2007. 2007 Auto-DR Program, Task 13 Deliverable, Auto-DR Assessment Study."
Customer 4,OAT_CBL,7/5/07,15:00,18:00,,-25.00,,,,,,,,"Chiu, Albert, Greg Wikler, Ingrid Bran, Joe Prijyanonda, Sharon Yoshida, Kelly Smith, Mary Ann Piette, Sila Kiliccote, Girish Ghatikar, and Chuck Thomas. 2007. 2007 Auto-DR Program, Task 13 Deliverable, Auto-DR Assessment Study."
Customer 4,OAT_CBL,7/5/07,12:00,18:00,,-63.50,,,-0.14,,,-0.29,,"Chiu, Albert, Greg Wikler, Ingrid Bran, Joe Prijyanonda, Sharon Yoshida, Kelly Smith, Mary Ann Piette, Sila Kiliccote, Girish Ghatikar, and Chuck Thomas. 2007. 2007 Auto-DR Program, Task 13 Deliverable, Auto-DR Assessment Study."
Customer 4,3/10_CBL,8/1/07,12:00,15:00,,1.00,,,,,,,,"Chiu, Albert, Greg Wikler, Ingrid Bran, Joe Prijyanonda, Sharon Yoshida, Kelly Smith, Mary Ann Piette, Sila Kiliccote, Girish Ghatikar, and Chuck Thomas. 2007. 2007 Auto-DR Program, Task 13 Deliverable, Auto-DR Assessment Study."
Customer 4,3/10_CBL,8/1/07,15:00,18:00,,19.00,,,,,,,,"Chiu, Albert, Greg Wikler, Ingrid Bran, Joe Prijyanonda, Sharon Yoshida, Kelly Smith, Mary Ann Piette, Sila Kiliccote, Girish Ghatikar, and Chuck Thomas. 2007. 2007 Auto-DR Program, Task 13 Deliverable, Auto-DR Assessment Study."
Customer 4,3/10_CBL,8/1/07,12:00,18:00,,10.00,,,0.09,,,0.22,,"Chiu, Albert, Greg Wikler, Ingrid Bran, Joe Prijyanonda, Sharon Yoshida, Kelly Smith, Mary Ann Piette, Sila Kiliccote, Girish Ghatikar, and Chuck Thomas. 2007. 2007 Auto-DR Program, Task 13 Deliverable, Auto-DR Assessment Study."
Customer 4,3/10_MA_CBL,8/1/07,12:00,15:00,,1.00,,,,,,,,"Chiu, Albert, Greg Wikler, Ingrid Bran, Joe Prijyanonda, Sharon Yoshida, Kelly Smith, Mary Ann Piette, Sila Kiliccote, Girish Ghatikar, and Chuck Thomas. 2007. 2007 Auto-DR Program, Task 13 Deliverable, Auto-DR Assessment Study."
Customer 4,3/10_MA_CBL,8/1/07,15:00,18:00,,19.00,,,,,,,,"Chiu, Albert, Greg Wikler, Ingrid Bran, Joe Prijyanonda, Sharon Yoshida, Kelly Smith, Mary Ann Piette, Sila Kiliccote, Girish Ghatikar, and Chuck Thomas. 2007. 2007 Auto-DR Program, Task 13 Deliverable, Auto-DR Assessment Study."
Customer 4,3/10_MA_CBL,8/1/07,12:00,18:00,,10.00,,,0.09,,,0.22,,"Chiu, Albert, Greg Wikler, Ingrid Bran, Joe Prijyanonda, Sharon Yoshida, Kelly Smith, Mary Ann Piette, Sila Kiliccote, Girish Ghatikar, and Chuck Thomas. 2007. 2007 Auto-DR Program, Task 13 Deliverable, Auto-DR Assessment Study."
Customer 4,OAT_CBL,8/1/07,12:00,15:00,,-38.00,,,,,,,,"Chiu, Albert, Greg Wikler, Ingrid Bran, Joe Prijyanonda, Sharon Yoshida, Kelly Smith, Mary Ann Piette, Sila Kiliccote, Girish Ghatikar, and Chuck Thomas. 2007. 2007 Auto-DR Program, Task 13 Deliverable, Auto-DR Assessment Study."
Customer 4,OAT_CBL,8/1/07,15:00,18:00,,-24.00,,,,,,,,"Chiu, Albert, Greg Wikler, Ingrid Bran, Joe Prijyanonda, Sharon Yoshida, Kelly Smith, Mary Ann Piette, Sila Kiliccote, Girish Ghatikar, and Chuck Thomas. 2007. 2007 Auto-DR Program, Task 13 Deliverable, Auto-DR Assessment Study."
Customer 4,OAT_CBL,8/1/07,12:00,18:00,,-31.00,,,-0.15,,,-0.28,,"Chiu, Albert, Greg Wikler, Ingrid Bran, Joe Prijyanonda, Sharon Yoshida, Kelly Smith, Mary Ann Piette, Sila Kiliccote, Girish Ghatikar, and Chuck Thomas. 2007. 2007 Auto-DR Program, Task 13 Deliverable, Auto-DR Assessment Study."
Customer 4,3/10_CBL,8/30/07,12:00,15:00,,-62.00,,,,,,,,"Chiu, Albert, Greg Wikler, Ingrid Bran, Joe Prijyanonda, Sharon Yoshida, Kelly Smith, Mary Ann Piette, Sila Kiliccote, Girish Ghatikar, and Chuck Thomas. 2007. 2007 Auto-DR Program, Task 13 Deliverable, Auto-DR Assessment Study."
Customer 4,3/10_CBL,8/30/07,15:00,18:00,,25.00,,,,,,,,"Chiu, Albert, Greg Wikler, Ingrid Bran, Joe Prijyanonda, Sharon Yoshida, Kelly Smith, Mary Ann Piette, Sila Kiliccote, Girish Ghatikar, and Chuck Thomas. 2007. 2007 Auto-DR Program, Task 13 Deliverable, Auto-DR Assessment Study."
Customer 4,3/10_CBL,8/30/07,12:00,18:00,,-18.50,,,0.11,,,0.29,,"Chiu, Albert, Greg Wikler, Ingrid Bran, Joe Prijyanonda, Sharon Yoshida, Kelly Smith, Mary Ann Piette, Sila Kiliccote, Girish Ghatikar, and Chuck Thomas. 2007. 2007 Auto-DR Program, Task 13 Deliverable, Auto-DR Assessment Study."
Customer 4,3/10_MA_CBL,8/30/07,12:00,15:00,,102.00,,,,,,,,"Chiu, Albert, Greg Wikler, Ingrid Bran, Joe Prijyanonda, Sharon Yoshida, Kelly Smith, Mary Ann Piette, Sila Kiliccote, Girish Ghatikar, and Chuck Thomas. 2007. 2007 Auto-DR Program, Task 13 Deliverable, Auto-DR Assessment Study."
Customer 4,3/10_MA_CBL,8/30/07,15:00,18:00,,194.00,,,,,,,,"Chiu, Albert, Greg Wikler, Ingrid Bran, Joe Prijyanonda, Sharon Yoshida, Kelly Smith, Mary Ann Piette, Sila Kiliccote, Girish Ghatikar, and Chuck Thomas. 2007. 2007 Auto-DR Program, Task 13 Deliverable, Auto-DR Assessment Study."
Customer 4,3/10_MA_CBL,8/30/07,12:00,18:00,,148.00,,,0.48,,,2.26,,"Chiu, Albert, Greg Wikler, Ingrid Bran, Joe Prijyanonda, Sharon Yoshida, Kelly Smith, Mary Ann Piette, Sila Kiliccote, Girish Ghatikar, and Chuck Thomas. 2007. 2007 Auto-DR Program, Task 13 Deliverable, Auto-DR Assessment Study."
Customer 4,OAT_CBL,8/30/07,12:00,15:00,,-70.00,,,,,,,,"Chiu, Albert, Greg Wikler, Ingrid Bran, Joe Prijyanonda, Sharon Yoshida, Kelly Smith, Mary Ann Piette, Sila Kiliccote, Girish Ghatikar, and Chuck Thomas. 2007. 2007 Auto-DR Program, Task 13 Deliverable, Auto-DR Assessment Study."
Customer 4,OAT_CBL,8/30/07,15:00,18:00,,-6.00,,,,,,,,"Chiu, Albert, Greg Wikler, Ingrid Bran, Joe Prijyanonda, Sharon Yoshida, Kelly Smith, Mary Ann Piette, Sila Kiliccote, Girish Ghatikar, and Chuck Thomas. 2007. 2007 Auto-DR Program, Task 13 Deliverable, Auto-DR Assessment Study."
Customer 4,OAT_CBL,8/30/07,12:00,18:00,,-38.00,,,-0.03,,,-0.07,,"Chiu, Albert, Greg Wikler, Ingrid Bran, Joe Prijyanonda, Sharon Yoshida, Kelly Smith, Mary Ann Piette, Sila Kiliccote, Girish Ghatikar, and Chuck Thomas. 2007. 2007 Auto-DR Program, Task 13 Deliverable, Auto-DR Assessment Study."
Customer 5,3/10_CBL,7/13/07,12:00,15:00,,25.00,,,,,,,,"Chiu, Albert, Greg Wikler, Ingrid Bran, Joe Prijyanonda, Sharon Yoshida, Kelly Smith, Mary Ann Piette, Sila Kiliccote, Girish Ghatikar, and Chuck Thomas. 2007. 2007 Auto-DR Program, Task 13 Deliverable, Auto-DR Assessment Study."
Customer 5,3/10_CBL,7/13/07,15:00,18:00,,38.00,,,,,,,,"Chiu, Albert, Greg Wikler, Ingrid Bran, Joe Prijyanonda, Sharon Yoshida, Kelly Smith, Mary Ann Piette, Sila Kiliccote, Girish Ghatikar, and Chuck Thomas. 2007. 2007 Auto-DR Program, Task 13 Deliverable, Auto-DR Assessment Study."
Customer 5,3/10_CBL,7/13/07,12:00,18:00,,31.50,,,0.16,,,0.14,,"Chiu, Albert, Greg Wikler, Ingrid Bran, Joe Prijyanonda, Sharon Yoshida, Kelly Smith, Mary Ann Piette, Sila Kiliccote, Girish Ghatikar, and Chuck Thomas. 2007. 2007 Auto-DR Program, Task 13 Deliverable, Auto-DR Assessment Study."
Customer 5,3/10_MA_CBL,7/13/07,12:00,15:00,,72.00,,,,,,,,"Chiu, Albert, Greg Wikler, Ingrid Bran, Joe Prijyanonda, Sharon Yoshida, Kelly Smith, Mary Ann Piette, Sila Kiliccote, Girish Ghatikar, and Chuck Thomas. 2007. 2007 Auto-DR Program, Task 13 Deliverable, Auto-DR Assessment Study."
Customer 5,3/10_MA_CBL,7/13/07,15:00,18:00,,53.00,,,,,,,,"Chiu, Albert, Greg Wikler, Ingrid Bran, Joe Prijyanonda, Sharon Yoshida, Kelly Smith, Mary Ann Piette, Sila Kiliccote, Girish Ghatikar, and Chuck Thomas. 2007. 2007 Auto-DR Program, Task 13 Deliverable, Auto-DR Assessment Study."
Customer 5,3/10_MA_CBL,7/13/07,12:00,18:00,,62.50,,,0.21,,,0.19,,"Chiu, Albert, Greg Wikler, Ingrid Bran, Joe Prijyanonda, Sharon Yoshida, Kelly Smith, Mary Ann Piette, Sila Kiliccote, Girish Ghatikar, and Chuck Thomas. 2007. 2007 Auto-DR Program, Task 13 Deliverable, Auto-DR Assessment Study."
Customer 5,OAT_CBL,7/13/07,12:00,15:00,,67.00,,,,,,,,"Chiu, Albert, Greg Wikler, Ingrid Bran, Joe Prijyanonda, Sharon Yoshida, Kelly Smith, Mary Ann Piette, Sila Kiliccote, Girish Ghatikar, and Chuck Thomas. 2007. 2007 Auto-DR Program, Task 13 Deliverable, Auto-DR Assessment Study."
Customer 5,OAT_CBL,7/13/07,15:00,18:00,,59.00,,,,,,,,"Chiu, Albert, Greg Wikler, Ingrid Bran, Joe Prijyanonda, Sharon Yoshida, Kelly Smith, Mary Ann Piette, Sila Kiliccote, Girish Ghatikar, and Chuck Thomas. 2007. 2007 Auto-DR Program, Task 13 Deliverable, Auto-DR Assessment Study."
Customer 5,OAT_CBL,7/13/07,12:00,18:00,,63.00,,,0.22,,,0.22,,"Chiu, Albert, Greg Wikler, Ingrid Bran, Joe Prijyanonda, Sharon Yoshida, Kelly Smith, Mary Ann Piette, Sila Kiliccote, Girish Ghatikar, and Chuck Thomas. 2007. 2007 Auto-DR Program, Task 13 Deliverable, Auto-DR Assessment Study."
Customer 5,3/10_CBL,7/5/07,12:00,15:00,,62.00,,,,,,,,"Chiu, Albert, Greg Wikler, Ingrid Bran, Joe Prijyanonda, Sharon Yoshida, Kelly Smith, Mary Ann Piette, Sila Kiliccote, Girish Ghatikar, and Chuck Thomas. 2007. 2007 Auto-DR Program, Task 13 Deliverable, Auto-DR Assessment Study."
Customer 5,3/10_CBL,7/5/07,15:00,18:00,,4.00,,,,,,,,"Chiu, Albert, Greg Wikler, Ingrid Bran, Joe Prijyanonda, Sharon Yoshida, Kelly Smith, Mary Ann Piette, Sila Kiliccote, Girish Ghatikar, and Chuck Thomas. 2007. 2007 Auto-DR Program, Task 13 Deliverable, Auto-DR Assessment Study."
Customer 5,3/10_CBL,7/5/07,12:00,18:00,,33.00,,,0.03,,,0.01,,"Chiu, Albert, Greg Wikler, Ingrid Bran, Joe Prijyanonda, Sharon Yoshida, Kelly Smith, Mary Ann Piette, Sila Kiliccote, Girish Ghatikar, and Chuck Thomas. 2007. 2007 Auto-DR Program, Task 13 Deliverable, Auto-DR Assessment Study."
Customer 5,3/10_MA_CBL,7/5/07,12:00,15:00,,46.00,,,,,,,,"Chiu, Albert, Greg Wikler, Ingrid Bran, Joe Prijyanonda, Sharon Yoshida, Kelly Smith, Mary Ann Piette, Sila Kiliccote, Girish Ghatikar, and Chuck Thomas. 2007. 2007 Auto-DR Program, Task 13 Deliverable, Auto-DR Assessment Study."
Customer 5,3/10_MA_CBL,7/5/07,15:00,18:00,,-2.00,,,,,,,,"Chiu, Albert, Greg Wikler, Ingrid Bran, Joe Prijyanonda, Sharon Yoshida, Kelly Smith, Mary Ann Piette, Sila Kiliccote, Girish Ghatikar, and Chuck Thomas. 2007. 2007 Auto-DR Program, Task 13 Deliverable, Auto-DR Assessment Study."
Customer 5,3/10_MA_CBL,7/5/07,12:00,18:00,,22.00,,,-0.01,,,-0.01,,"Chiu, Albert, Greg Wikler, Ingrid Bran, Joe Prijyanonda, Sharon Yoshida, Kelly Smith, Mary Ann Piette, Sila Kiliccote, Girish Ghatikar, and Chuck Thomas. 2007. 2007 Auto-DR Program, Task 13 Deliverable, Auto-DR Assessment Study."
Customer 5,OAT_CBL,7/5/07,12:00,15:00,,43.00,,,,,,,,"Chiu, Albert, Greg Wikler, Ingrid Bran, Joe Prijyanonda, Sharon Yoshida, Kelly Smith, Mary Ann Piette, Sila Kiliccote, Girish Ghatikar, and Chuck Thomas. 2007. 2007 Auto-DR Program, Task 13 Deliverable, Auto-DR Assessment Study."
Customer 5,OAT_CBL,7/5/07,15:00,18:00,,-8.00,,,,,,,,"Chiu, Albert, Greg Wikler, Ingrid Bran, Joe Prijyanonda, Sharon Yoshida, Kelly Smith, Mary Ann Piette, Sila Kiliccote, Girish Ghatikar, and Chuck Thomas. 2007. 2007 Auto-DR Program, Task 13 Deliverable, Auto-DR Assessment Study."
Customer 5,OAT_CBL,7/5/07,12:00,18:00,,17.50,,,-0.07,,,-0.03,,"Chiu, Albert, Greg Wikler, Ingrid Bran, Joe Prijyanonda, Sharon Yoshida, Kelly Smith, Mary Ann Piette, Sila Kiliccote, Girish Ghatikar, and Chuck Thomas. 2007. 2007 Auto-DR Program, Task 13 Deliverable, Auto-DR Assessment Study."
Customer 5,3/10_CBL,8/1/07,12:00,15:00,,20.00,,,,,,,,"Chiu, Albert, Greg Wikler, Ingrid Bran, Joe Prijyanonda, Sharon Yoshida, Kelly Smith, Mary Ann Piette, Sila Kiliccote, Girish Ghatikar, and Chuck Thomas. 2007. 2007 Auto-DR Program, Task 13 Deliverable, Auto-DR Assessment Study."
Customer 5,3/10_CBL,8/1/07,15:00,18:00,,-6.00,,,,,,,,"Chiu, Albert, Greg Wikler, Ingrid Bran, Joe Prijyanonda, Sharon Yoshida, Kelly Smith, Mary Ann Piette, Sila Kiliccote, Girish Ghatikar, and Chuck Thomas. 2007. 2007 Auto-DR Program, Task 13 Deliverable, Auto-DR Assessment Study."
Customer 5,3/10_CBL,8/1/07,12:00,18:00,,7.00,,,-0.05,,,-0.02,,"Chiu, Albert, Greg Wikler, Ingrid Bran, Joe Prijyanonda, Sharon Yoshida, Kelly Smith, Mary Ann Piette, Sila Kiliccote, Girish Ghatikar, and Chuck Thomas. 2007. 2007 Auto-DR Program, Task 13 Deliverable, Auto-DR Assessment Study."
Customer 5,3/10_MA_CBL,8/1/07,12:00,15:00,,17.00,,,,,,,,"Chiu, Albert, Greg Wikler, Ingrid Bran, Joe Prijyanonda, Sharon Yoshida, Kelly Smith, Mary Ann Piette, Sila Kiliccote, Girish Ghatikar, and Chuck Thomas. 2007. 2007 Auto-DR Program, Task 13 Deliverable, Auto-DR Assessment Study."
Customer 5,3/10_MA_CBL,8/1/07,15:00,18:00,,-4.00,,,,,,,,"Chiu, Albert, Greg Wikler, Ingrid Bran, Joe Prijyanonda, Sharon Yoshida, Kelly Smith, Mary Ann Piette, Sila Kiliccote, Girish Ghatikar, and Chuck Thomas. 2007. 2007 Auto-DR Program, Task 13 Deliverable, Auto-DR Assessment Study."
Customer 5,3/10_MA_CBL,8/1/07,12:00,18:00,,6.50,,,-0.03,,,-0.01,,"Chiu, Albert, Greg Wikler, Ingrid Bran, Joe Prijyanonda, Sharon Yoshida, Kelly Smith, Mary Ann Piette, Sila Kiliccote, Girish Ghatikar, and Chuck Thomas. 2007. 2007 Auto-DR Program, Task 13 Deliverable, Auto-DR Assessment Study."
Customer 5,OAT_CBL,8/1/07,12:00,15:00,,31.00,,,,,,,,"Chiu, Albert, Greg Wikler, Ingrid Bran, Joe Prijyanonda, Sharon Yoshida, Kelly Smith, Mary Ann Piette, Sila Kiliccote, Girish Ghatikar, and Chuck Thomas. 2007. 2007 Auto-DR Program, Task 13 Deliverable, Auto-DR Assessment Study."
Customer 5,OAT_CBL,8/1/07,15:00,18:00,,27.00,,,,,,,,"Chiu, Albert, Greg Wikler, Ingrid Bran, Joe Prijyanonda, Sharon Yoshida, Kelly Smith, Mary Ann Piette, Sila Kiliccote, Girish Ghatikar, and Chuck Thomas. 2007. 2007 Auto-DR Program, Task 13 Deliverable, Auto-DR Assessment Study."
Customer 5,OAT_CBL,8/1/07,12:00,18:00,,29.00,,,0.18,,,0.10,,"Chiu, Albert, Greg Wikler, Ingrid Bran, Joe Prijyanonda, Sharon Yoshida, Kelly Smith, Mary Ann Piette, Sila Kiliccote, Girish Ghatikar, and Chuck Thomas. 2007. 2007 Auto-DR Program, Task 13 Deliverable, Auto-DR Assessment Study."
Customer 5,3/10_CBL,8/30/07,12:00,15:00,,-135.00,,,,,,,,"Chiu, Albert, Greg Wikler, Ingrid Bran, Joe Prijyanonda, Sharon Yoshida, Kelly Smith, Mary Ann Piette, Sila Kiliccote, Girish Ghatikar, and Chuck Thomas. 2007. 2007 Auto-DR Program, Task 13 Deliverable, Auto-DR Assessment Study."
Customer 5,3/10_CBL,8/30/07,15:00,18:00,,-53.00,,,,,,,,"Chiu, Albert, Greg Wikler, Ingrid Bran, Joe Prijyanonda, Sharon Yoshida, Kelly Smith, Mary Ann Piette, Sila Kiliccote, Girish Ghatikar, and Chuck Thomas. 2007. 2007 Auto-DR Program, Task 13 Deliverable, Auto-DR Assessment Study."
Customer 5,3/10_CBL,8/30/07,12:00,18:00,,-94.00,,,-0.44,,,-0.19,,"Chiu, Albert, Greg Wikler, Ingrid Bran, Joe Prijyanonda, Sharon Yoshida, Kelly Smith, Mary Ann Piette, Sila Kiliccote, Girish Ghatikar, and Chuck Thomas. 2007. 2007 Auto-DR Program, Task 13 Deliverable, Auto-DR Assessment Study."
Customer 5,3/10_MA_CBL,8/30/07,12:00,15:00,,-6.00,,,,,,,,"Chiu, Albert, Greg Wikler, Ingrid Bran, Joe Prijyanonda, Sharon Yoshida, Kelly Smith, Mary Ann Piette, Sila Kiliccote, Girish Ghatikar, and Chuck Thomas. 2007. 2007 Auto-DR Program, Task 13 Deliverable, Auto-DR Assessment Study."
Customer 5,3/10_MA_CBL,8/30/07,15:00,18:00,,26.00,,,,,,,,"Chiu, Albert, Greg Wikler, Ingrid Bran, Joe Prijyanonda, Sharon Yoshida, Kelly Smith, Mary Ann Piette, Sila Kiliccote, Girish Ghatikar, and Chuck Thomas. 2007. 2007 Auto-DR Program, Task 13 Deliverable, Auto-DR Assessment Study."
Customer 5,3/10_MA_CBL,8/30/07,12:00,18:00,,10.00,,,0.13,,,0.10,,"Chiu, Albert, Greg Wikler, Ingrid Bran, Joe Prijyanonda, Sharon Yoshida, Kelly Smith, Mary Ann Piette, Sila Kiliccote, Girish Ghatikar, and Chuck Thomas. 2007. 2007 Auto-DR Program, Task 13 Deliverable, Auto-DR Assessment Study."
Customer 5,OAT_CBL,8/30/07,12:00,15:00,,-56.00,,,,,,,,"Chiu, Albert, Greg Wikler, Ingrid Bran, Joe Prijyanonda, Sharon Yoshida, Kelly Smith, Mary Ann Piette, Sila Kiliccote, Girish Ghatikar, and Chuck Thomas. 2007. 2007 Auto-DR Program, Task 13 Deliverable, Auto-DR Assessment Study."
Customer 5,OAT_CBL,8/30/07,15:00,18:00,,24.00,,,,,,,,"Chiu, Albert, Greg Wikler, Ingrid Bran, Joe Prijyanonda, Sharon Yoshida, Kelly Smith, Mary Ann Piette, Sila Kiliccote, Girish Ghatikar, and Chuck Thomas. 2007. 2007 Auto-DR Program, Task 13 Deliverable, Auto-DR Assessment Study."
Customer 5,OAT_CBL,8/30/07,12:00,18:00,,-16.00,,,0.12,,,0.09,,"Chiu, Albert, Greg Wikler, Ingrid Bran, Joe Prijyanonda, Sharon Yoshida, Kelly Smith, Mary Ann Piette, Sila Kiliccote, Girish Ghatikar, and Chuck Thomas. 2007. 2007 Auto-DR Program, Task 13 Deliverable, Auto-DR Assessment Study."
Customer 6,3/10_CBL,7/13/07,12:00,15:00,,-99.00,,,,,,,,"Chiu, Albert, Greg Wikler, Ingrid Bran, Joe Prijyanonda, Sharon Yoshida, Kelly Smith, Mary Ann Piette, Sila Kiliccote, Girish Ghatikar, and Chuck Thomas. 2007. 2007 Auto-DR Program, Task 13 Deliverable, Auto-DR Assessment Study."
Customer 6,3/10_CBL,7/13/07,15:00,18:00,,-26.00,,,,,,,,"Chiu, Albert, Greg Wikler, Ingrid Bran, Joe Prijyanonda, Sharon Yoshida, Kelly Smith, Mary Ann Piette, Sila Kiliccote, Girish Ghatikar, and Chuck Thomas. 2007. 2007 Auto-DR Program, Task 13 Deliverable, Auto-DR Assessment Study."
Customer 6,3/10_CBL,7/13/07,12:00,18:00,,-62.50,,,-0.03,,,-0.17,,"Chiu, Albert, Greg Wikler, Ingrid Bran, Joe Prijyanonda, Sharon Yoshida, Kelly Smith, Mary Ann Piette, Sila Kiliccote, Girish Ghatikar, and Chuck Thomas. 2007. 2007 Auto-DR Program, Task 13 Deliverable, Auto-DR Assessment Study."
Customer 6,3/10_MA_CBL,7/13/07,12:00,15:00,,-61.00,,,,,,,,"Chiu, Albert, Greg Wikler, Ingrid Bran, Joe Prijyanonda, Sharon Yoshida, Kelly Smith, Mary Ann Piette, Sila Kiliccote, Girish Ghatikar, and Chuck Thomas. 2007. 2007 Auto-DR Program, Task 13 Deliverable, Auto-DR Assessment Study."
Customer 6,3/10_MA_CBL,7/13/07,15:00,18:00,,10.00,,,,,,,,"Chiu, Albert, Greg Wikler, Ingrid Bran, Joe Prijyanonda, Sharon Yoshida, Kelly Smith, Mary Ann Piette, Sila Kiliccote, Girish Ghatikar, and Chuck Thomas. 2007. 2007 Auto-DR Program, Task 13 Deliverable, Auto-DR Assessment Study."
Customer 6,3/10_MA_CBL,7/13/07,12:00,18:00,,-25.50,,,0.01,,,0.07,,"Chiu, Albert, Greg Wikler, Ingrid Bran, Joe Prijyanonda, Sharon Yoshida, Kelly Smith, Mary Ann Piette, Sila Kiliccote, Girish Ghatikar, and Chuck Thomas. 2007. 2007 Auto-DR Program, Task 13 Deliverable, Auto-DR Assessment Study."
Customer 6,OAT_CBL,7/13/07,12:00,15:00,,-195.00,,,,,,,,"Chiu, Albert, Greg Wikler, Ingrid Bran, Joe Prijyanonda, Sharon Yoshida, Kelly Smith, Mary Ann Piette, Sila Kiliccote, Girish Ghatikar, and Chuck Thomas. 2007. 2007 Auto-DR Program, Task 13 Deliverable, Auto-DR Assessment Study."
Customer 6,OAT_CBL,7/13/07,15:00,18:00,,-152.00,,,,,,,,"Chiu, Albert, Greg Wikler, Ingrid Bran, Joe Prijyanonda, Sharon Yoshida, Kelly Smith, Mary Ann Piette, Sila Kiliccote, Girish Ghatikar, and Chuck Thomas. 2007. 2007 Auto-DR Program, Task 13 Deliverable, Auto-DR Assessment Study."
Customer 6,OAT_CBL,7/13/07,12:00,18:00,,-173.50,,,-0.17,,,-1.03,,"Chiu, Albert, Greg Wikler, Ingrid Bran, Joe Prijyanonda, Sharon Yoshida, Kelly Smith, Mary Ann Piette, Sila Kiliccote, Girish Ghatikar, and Chuck Thomas. 2007. 2007 Auto-DR Program, Task 13 Deliverable, Auto-DR Assessment Study."
Customer 6,3/10_CBL,7/5/07,12:00,15:00,,260.00,,,,,,,,"Chiu, Albert, Greg Wikler, Ingrid Bran, Joe Prijyanonda, Sharon Yoshida, Kelly Smith, Mary Ann Piette, Sila Kiliccote, Girish Ghatikar, and Chuck Thomas. 2007. 2007 Auto-DR Program, Task 13 Deliverable, Auto-DR Assessment Study."
Customer 6,3/10_CBL,7/5/07,15:00,18:00,,277.00,,,,,,,,"Chiu, Albert, Greg Wikler, Ingrid Bran, Joe Prijyanonda, Sharon Yoshida, Kelly Smith, Mary Ann Piette, Sila Kiliccote, Girish Ghatikar, and Chuck Thomas. 2007. 2007 Auto-DR Program, Task 13 Deliverable, Auto-DR Assessment Study."
Customer 6,3/10_CBL,7/5/07,12:00,18:00,,268.50,,,0.26,,,1.87,,"Chiu, Albert, Greg Wikler, Ingrid Bran, Joe Prijyanonda, Sharon Yoshida, Kelly Smith, Mary Ann Piette, Sila Kiliccote, Girish Ghatikar, and Chuck Thomas. 2007. 2007 Auto-DR Program, Task 13 Deliverable, Auto-DR Assessment Study."
Customer 6,3/10_MA_CBL,7/5/07,12:00,15:00,,60.00,,,,,,,,"Chiu, Albert, Greg Wikler, Ingrid Bran, Joe Prijyanonda, Sharon Yoshida, Kelly Smith, Mary Ann Piette, Sila Kiliccote, Girish Ghatikar, and Chuck Thomas. 2007. 2007 Auto-DR Program, Task 13 Deliverable, Auto-DR Assessment Study."
Customer 6,3/10_MA_CBL,7/5/07,15:00,18:00,,77.00,,,,,,,,"Chiu, Albert, Greg Wikler, Ingrid Bran, Joe Prijyanonda, Sharon Yoshida, Kelly Smith, Mary Ann Piette, Sila Kiliccote, Girish Ghatikar, and Chuck Thomas. 2007. 2007 Auto-DR Program, Task 13 Deliverable, Auto-DR Assessment Study."
Customer 6,3/10_MA_CBL,7/5/07,12:00,18:00,,68.50,,,0.09,,,0.52,,"Chiu, Albert, Greg Wikler, Ingrid Bran, Joe Prijyanonda, Sharon Yoshida, Kelly Smith, Mary Ann Piette, Sila Kiliccote, Girish Ghatikar, and Chuck Thomas. 2007. 2007 Auto-DR Program, Task 13 Deliverable, Auto-DR Assessment Study."
Customer 6,OAT_CBL,7/5/07,12:00,15:00,,340.00,,,,,,,,"Chiu, Albert, Greg Wikler, Ingrid Bran, Joe Prijyanonda, Sharon Yoshida, Kelly Smith, Mary Ann Piette, Sila Kiliccote, Girish Ghatikar, and Chuck Thomas. 2007. 2007 Auto-DR Program, Task 13 Deliverable, Auto-DR Assessment Study."
Customer 6,OAT_CBL,7/5/07,15:00,18:00,,312.00,,,,,,,,"Chiu, Albert, Greg Wikler, Ingrid Bran, Joe Prijyanonda, Sharon Yoshida, Kelly Smith, Mary Ann Piette, Sila Kiliccote, Girish Ghatikar, and Chuck Thomas. 2007. 2007 Auto-DR Program, Task 13 Deliverable, Auto-DR Assessment Study."
Customer 6,OAT_CBL,7/5/07,12:00,18:00,,326.00,,,0.28,,,2.11,,"Chiu, Albert, Greg Wikler, Ingrid Bran, Joe Prijyanonda, Sharon Yoshida, Kelly Smith, Mary Ann Piette, Sila Kiliccote, Girish Ghatikar, and Chuck Thomas. 2007. 2007 Auto-DR Program, Task 13 Deliverable, Auto-DR Assessment Study."
Customer 6,3/10_CBL,8/1/07,12:00,15:00,,221.00,,,,,,,,"Chiu, Albert, Greg Wikler, Ingrid Bran, Joe Prijyanonda, Sharon Yoshida, Kelly Smith, Mary Ann Piette, Sila Kiliccote, Girish Ghatikar, and Chuck Thomas. 2007. 2007 Auto-DR Program, Task 13 Deliverable, Auto-DR Assessment Study."
Customer 6,3/10_CBL,8/1/07,15:00,18:00,,259.00,,,,,,,,"Chiu, Albert, Greg Wikler, Ingrid Bran, Joe Prijyanonda, Sharon Yoshida, Kelly Smith, Mary Ann Piette, Sila Kiliccote, Girish Ghatikar, and Chuck Thomas. 2007. 2007 Auto-DR Program, Task 13 Deliverable, Auto-DR Assessment Study."
Customer 6,3/10_CBL,8/1/07,12:00,18:00,,240.00,,,0.25,,,1.75,,"Chiu, Albert, Greg Wikler, Ingrid Bran, Joe Prijyanonda, Sharon Yoshida, Kelly Smith, Mary Ann Piette, Sila Kiliccote, Girish Ghatikar, and Chuck Thomas. 2007. 2007 Auto-DR Program, Task 13 Deliverable, Auto-DR Assessment Study."
Customer 6,3/10_MA_CBL,8/1/07,12:00,15:00,,-60.00,,,,,,,,"Chiu, Albert, Greg Wikler, Ingrid Bran, Joe Prijyanonda, Sharon Yoshida, Kelly Smith, Mary Ann Piette, Sila Kiliccote, Girish Ghatikar, and Chuck Thomas. 2007. 2007 Auto-DR Program, Task 13 Deliverable, Auto-DR Assessment Study."
Customer 6,3/10_MA_CBL,8/1/07,15:00,18:00,,-13.00,,,,,,,,"Chiu, Albert, Greg Wikler, Ingrid Bran, Joe Prijyanonda, Sharon Yoshida, Kelly Smith, Mary Ann Piette, Sila Kiliccote, Girish Ghatikar, and Chuck Thomas. 2007. 2007 Auto-DR Program, Task 13 Deliverable, Auto-DR Assessment Study."
Customer 6,3/10_MA_CBL,8/1/07,12:00,18:00,,-36.50,,,-0.02,,,-0.09,,"Chiu, Albert, Greg Wikler, Ingrid Bran, Joe Prijyanonda, Sharon Yoshida, Kelly Smith, Mary Ann Piette, Sila Kiliccote, Girish Ghatikar, and Chuck Thomas. 2007. 2007 Auto-DR Program, Task 13 Deliverable, Auto-DR Assessment Study."
Customer 6,OAT_CBL,8/1/07,12:00,15:00,,176.00,,,,,,,,"Chiu, Albert, Greg Wikler, Ingrid Bran, Joe Prijyanonda, Sharon Yoshida, Kelly Smith, Mary Ann Piette, Sila Kiliccote, Girish Ghatikar, and Chuck Thomas. 2007. 2007 Auto-DR Program, Task 13 Deliverable, Auto-DR Assessment Study."
Customer 6,OAT_CBL,8/1/07,15:00,18:00,,193.00,,,,,,,,"Chiu, Albert, Greg Wikler, Ingrid Bran, Joe Prijyanonda, Sharon Yoshida, Kelly Smith, Mary Ann Piette, Sila Kiliccote, Girish Ghatikar, and Chuck Thomas. 2007. 2007 Auto-DR Program, Task 13 Deliverable, Auto-DR Assessment Study."
Customer 6,OAT_CBL,8/1/07,12:00,18:00,,184.50,,,0.20,,,1.30,,"Chiu, Albert, Greg Wikler, Ingrid Bran, Joe Prijyanonda, Sharon Yoshida, Kelly Smith, Mary Ann Piette, Sila Kiliccote, Girish Ghatikar, and Chuck Thomas. 2007. 2007 Auto-DR Program, Task 13 Deliverable, Auto-DR Assessment Study."
Customer 6,3/10_CBL,8/30/07,12:00,15:00,,-39.00,,,,,,,,"Chiu, Albert, Greg Wikler, Ingrid Bran, Joe Prijyanonda, Sharon Yoshida, Kelly Smith, Mary Ann Piette, Sila Kiliccote, Girish Ghatikar, and Chuck Thomas. 2007. 2007 Auto-DR Program, Task 13 Deliverable, Auto-DR Assessment Study."
Customer 6,3/10_CBL,8/30/07,15:00,18:00,,-3.00,,,,,,,,"Chiu, Albert, Greg Wikler, Ingrid Bran, Joe Prijyanonda, Sharon Yoshida, Kelly Smith, Mary Ann Piette, Sila Kiliccote, Girish Ghatikar, and Chuck Thomas. 2007. 2007 Auto-DR Program, Task 13 Deliverable, Auto-DR Assessment Study."
Customer 6,3/10_CBL,8/30/07,12:00,18:00,,-21.00,,,0.00,,,-0.02,,"Chiu, Albert, Greg Wikler, Ingrid Bran, Joe Prijyanonda, Sharon Yoshida, Kelly Smith, Mary Ann Piette, Sila Kiliccote, Girish Ghatikar, and Chuck Thomas. 2007. 2007 Auto-DR Program, Task 13 Deliverable, Auto-DR Assessment Study."
Customer 6,3/10_MA_CBL,8/30/07,12:00,15:00,,46.00,,,,,,,,"Chiu, Albert, Greg Wikler, Ingrid Bran, Joe Prijyanonda, Sharon Yoshida, Kelly Smith, Mary Ann Piette, Sila Kiliccote, Girish Ghatikar, and Chuck Thomas. 2007. 2007 Auto-DR Program, Task 13 Deliverable, Auto-DR Assessment Study."
Customer 6,3/10_MA_CBL,8/30/07,15:00,18:00,,79.00,,,,,,,,"Chiu, Albert, Greg Wikler, Ingrid Bran, Joe Prijyanonda, Sharon Yoshida, Kelly Smith, Mary Ann Piette, Sila Kiliccote, Girish Ghatikar, and Chuck Thomas. 2007. 2007 Auto-DR Program, Task 13 Deliverable, Auto-DR Assessment Study."
Customer 6,3/10_MA_CBL,8/30/07,12:00,18:00,,62.50,,,0.07,,,0.54,,"Chiu, Albert, Greg Wikler, Ingrid Bran, Joe Prijyanonda, Sharon Yoshida, Kelly Smith, Mary Ann Piette, Sila Kiliccote, Girish Ghatikar, and Chuck Thomas. 2007. 2007 Auto-DR Program, Task 13 Deliverable, Auto-DR Assessment Study."
Customer 6,OAT_CBL,8/30/07,12:00,15:00,,-68.00,,,,,,,,"Chiu, Albert, Greg Wikler, Ingrid Bran, Joe Prijyanonda, Sharon Yoshida, Kelly Smith, Mary Ann Piette, Sila Kiliccote, Girish Ghatikar, and Chuck Thomas. 2007. 2007 Auto-DR Program, Task 13 Deliverable, Auto-DR Assessment Study."
Customer 6,OAT_CBL,8/30/07,15:00,18:00,,-66.00,,,,,,,,"Chiu, Albert, Greg Wikler, Ingrid Bran, Joe Prijyanonda, Sharon Yoshida, Kelly Smith, Mary Ann Piette, Sila Kiliccote, Girish Ghatikar, and Chuck Thomas. 2007. 2007 Auto-DR Program, Task 13 Deliverable, Auto-DR Assessment Study."
Customer 6,OAT_CBL,8/30/07,12:00,18:00,,-67.00,,,-0.07,,,-0.44,,"Chiu, Albert, Greg Wikler, Ingrid Bran, Joe Prijyanonda, Sharon Yoshida, Kelly Smith, Mary Ann Piette, Sila Kiliccote, Girish Ghatikar, and Chuck Thomas. 2007. 2007 Auto-DR Program, Task 13 Deliverable, Auto-DR Assessment Study."
Customer 7,3/10_CBL,7/13/07,12:00,15:00,,-93.00,,,,,,,,"Chiu, Albert, Greg Wikler, Ingrid Bran, Joe Prijyanonda, Sharon Yoshida, Kelly Smith, Mary Ann Piette, Sila Kiliccote, Girish Ghatikar, and Chuck Thomas. 2007. 2007 Auto-DR Program, Task 13 Deliverable, Auto-DR Assessment Study."
Customer 7,3/10_CBL,7/13/07,15:00,18:00,,-92.00,,,,,,,,"Chiu, Albert, Greg Wikler, Ingrid Bran, Joe Prijyanonda, Sharon Yoshida, Kelly Smith, Mary Ann Piette, Sila Kiliccote, Girish Ghatikar, and Chuck Thomas. 2007. 2007 Auto-DR Program, Task 13 Deliverable, Auto-DR Assessment Study."
Customer 7,3/10_CBL,7/13/07,12:00,18:00,,-92.50,,,-0.10,,,-0.31,,"Chiu, Albert, Greg Wikler, Ingrid Bran, Joe Prijyanonda, Sharon Yoshida, Kelly Smith, Mary Ann Piette, Sila Kiliccote, Girish Ghatikar, and Chuck Thomas. 2007. 2007 Auto-DR Program, Task 13 Deliverable, Auto-DR Assessment Study."
Customer 7,3/10_MA_CBL,7/13/07,12:00,15:00,,4.00,,,,,,,,"Chiu, Albert, Greg Wikler, Ingrid Bran, Joe Prijyanonda, Sharon Yoshida, Kelly Smith, Mary Ann Piette, Sila Kiliccote, Girish Ghatikar, and Chuck Thomas. 2007. 2007 Auto-DR Program, Task 13 Deliverable, Auto-DR Assessment Study."
Customer 7,3/10_MA_CBL,7/13/07,15:00,18:00,,3.00,,,,,,,,"Chiu, Albert, Greg Wikler, Ingrid Bran, Joe Prijyanonda, Sharon Yoshida, Kelly Smith, Mary Ann Piette, Sila Kiliccote, Girish Ghatikar, and Chuck Thomas. 2007. 2007 Auto-DR Program, Task 13 Deliverable, Auto-DR Assessment Study."
Customer 7,3/10_MA_CBL,7/13/07,12:00,18:00,,3.50,,,0.00,,,0.01,,"Chiu, Albert, Greg Wikler, Ingrid Bran, Joe Prijyanonda, Sharon Yoshida, Kelly Smith, Mary Ann Piette, Sila Kiliccote, Girish Ghatikar, and Chuck Thomas. 2007. 2007 Auto-DR Program, Task 13 Deliverable, Auto-DR Assessment Study."
Customer 7,OAT_CBL,7/13/07,12:00,15:00,,-5.00,,,,,,,,"Chiu, Albert, Greg Wikler, Ingrid Bran, Joe Prijyanonda, Sharon Yoshida, Kelly Smith, Mary Ann Piette, Sila Kiliccote, Girish Ghatikar, and Chuck Thomas. 2007. 2007 Auto-DR Program, Task 13 Deliverable, Auto-DR Assessment Study."
Customer 7,OAT_CBL,7/13/07,15:00,18:00,,76.00,,,,,,,,"Chiu, Albert, Greg Wikler, Ingrid Bran, Joe Prijyanonda, Sharon Yoshida, Kelly Smith, Mary Ann Piette, Sila Kiliccote, Girish Ghatikar, and Chuck Thomas. 2007. 2007 Auto-DR Program, Task 13 Deliverable, Auto-DR Assessment Study."
Customer 7,OAT_CBL,7/13/07,12:00,18:00,,35.50,,,0.07,,,0.25,,"Chiu, Albert, Greg Wikler, Ingrid Bran, Joe Prijyanonda, Sharon Yoshida, Kelly Smith, Mary Ann Piette, Sila Kiliccote, Girish Ghatikar, and Chuck Thomas. 2007. 2007 Auto-DR Program, Task 13 Deliverable, Auto-DR Assessment Study."
Customer 7,3/10_CBL,7/5/07,12:00,15:00,,62.00,,,,,,,,"Chiu, Albert, Greg Wikler, Ingrid Bran, Joe Prijyanonda, Sharon Yoshida, Kelly Smith, Mary Ann Piette, Sila Kiliccote, Girish Ghatikar, and Chuck Thomas. 2007. 2007 Auto-DR Program, Task 13 Deliverable, Auto-DR Assessment Study."
Customer 7,3/10_CBL,7/5/07,15:00,18:00,,83.00,,,,,,,,"Chiu, Albert, Greg Wikler, Ingrid Bran, Joe Prijyanonda, Sharon Yoshida, Kelly Smith, Mary Ann Piette, Sila Kiliccote, Girish Ghatikar, and Chuck Thomas. 2007. 2007 Auto-DR Program, Task 13 Deliverable, Auto-DR Assessment Study."
Customer 7,3/10_CBL,7/5/07,12:00,18:00,,72.50,,,0.08,,,0.28,,"Chiu, Albert, Greg Wikler, Ingrid Bran, Joe Prijyanonda, Sharon Yoshida, Kelly Smith, Mary Ann Piette, Sila Kiliccote, Girish Ghatikar, and Chuck Thomas. 2007. 2007 Auto-DR Program, Task 13 Deliverable, Auto-DR Assessment Study."
Customer 7,3/10_MA_CBL,7/5/07,12:00,15:00,,73.00,,,,,,,,"Chiu, Albert, Greg Wikler, Ingrid Bran, Joe Prijyanonda, Sharon Yoshida, Kelly Smith, Mary Ann Piette, Sila Kiliccote, Girish Ghatikar, and Chuck Thomas. 2007. 2007 Auto-DR Program, Task 13 Deliverable, Auto-DR Assessment Study."
Customer 7,3/10_MA_CBL,7/5/07,15:00,18:00,,94.00,,,,,,,,"Chiu, Albert, Greg Wikler, Ingrid Bran, Joe Prijyanonda, Sharon Yoshida, Kelly Smith, Mary Ann Piette, Sila Kiliccote, Girish Ghatikar, and Chuck Thomas. 2007. 2007 Auto-DR Program, Task 13 Deliverable, Auto-DR Assessment Study."
Customer 7,3/10_MA_CBL,7/5/07,12:00,18:00,,83.50,,,0.09,,,0.31,,"Chiu, Albert, Greg Wikler, Ingrid Bran, Joe Prijyanonda, Sharon Yoshida, Kelly Smith, Mary Ann Piette, Sila Kiliccote, Girish Ghatikar, and Chuck Thomas. 2007. 2007 Auto-DR Program, Task 13 Deliverable, Auto-DR Assessment Study."
Customer 7,OAT_CBL,7/5/07,12:00,15:00,,103.00,,,,,,,,"Chiu, Albert, Greg Wikler, Ingrid Bran, Joe Prijyanonda, Sharon Yoshida, Kelly Smith, Mary Ann Piette, Sila Kiliccote, Girish Ghatikar, and Chuck Thomas. 2007. 2007 Auto-DR Program, Task 13 Deliverable, Auto-DR Assessment Study."
Customer 7,OAT_CBL,7/5/07,15:00,18:00,,139.00,,,,,,,,"Chiu, Albert, Greg Wikler, Ingrid Bran, Joe Prijyanonda, Sharon Yoshida, Kelly Smith, Mary Ann Piette, Sila Kiliccote, Girish Ghatikar, and Chuck Thomas. 2007. 2007 Auto-DR Program, Task 13 Deliverable, Auto-DR Assessment Study."
Customer 7,OAT_CBL,7/5/07,12:00,18:00,,121.00,,,0.13,,,0.46,,"Chiu, Albert, Greg Wikler, Ingrid Bran, Joe Prijyanonda, Sharon Yoshida, Kelly Smith, Mary Ann Piette, Sila Kiliccote, Girish Ghatikar, and Chuck Thomas. 2007. 2007 Auto-DR Program, Task 13 Deliverable, Auto-DR Assessment Study."
Customer 7,3/10_CBL,8/1/07,12:00,15:00,,158.00,,,,,,,,"Chiu, Albert, Greg Wikler, Ingrid Bran, Joe Prijyanonda, Sharon Yoshida, Kelly Smith, Mary Ann Piette, Sila Kiliccote, Girish Ghatikar, and Chuck Thomas. 2007. 2007 Auto-DR Program, Task 13 Deliverable, Auto-DR Assessment Study."
Customer 7,3/10_CBL,8/1/07,15:00,18:00,,149.00,,,,,,,,"Chiu, Albert, Greg Wikler, Ingrid Bran, Joe Prijyanonda, Sharon Yoshida, Kelly Smith, Mary Ann Piette, Sila Kiliccote, Girish Ghatikar, and Chuck Thomas. 2007. 2007 Auto-DR Program, Task 13 Deliverable, Auto-DR Assessment Study."
Customer 7,3/10_CBL,8/1/07,12:00,18:00,,153.50,,,0.14,,,0.50,,"Chiu, Albert, Greg Wikler, Ingrid Bran, Joe Prijyanonda, Sharon Yoshida, Kelly Smith, Mary Ann Piette, Sila Kiliccote, Girish Ghatikar, and Chuck Thomas. 2007. 2007 Auto-DR Program, Task 13 Deliverable, Auto-DR Assessment Study."
Customer 7,3/10_MA_CBL,8/1/07,12:00,15:00,,150.00,,,,,,,,"Chiu, Albert, Greg Wikler, Ingrid Bran, Joe Prijyanonda, Sharon Yoshida, Kelly Smith, Mary Ann Piette, Sila Kiliccote, Girish Ghatikar, and Chuck Thomas. 2007. 2007 Auto-DR Program, Task 13 Deliverable, Auto-DR Assessment Study."
Customer 7,3/10_MA_CBL,8/1/07,15:00,18:00,,140.00,,,,,,,,"Chiu, Albert, Greg Wikler, Ingrid Bran, Joe Prijyanonda, Sharon Yoshida, Kelly Smith, Mary Ann Piette, Sila Kiliccote, Girish Ghatikar, and Chuck Thomas. 2007. 2007 Auto-DR Program, Task 13 Deliverable, Auto-DR Assessment Study."
Customer 7,3/10_MA_CBL,8/1/07,12:00,18:00,,145.00,,,0.13,,,0.47,,"Chiu, Albert, Greg Wikler, Ingrid Bran, Joe Prijyanonda, Sharon Yoshida, Kelly Smith, Mary Ann Piette, Sila Kiliccote, Girish Ghatikar, and Chuck Thomas. 2007. 2007 Auto-DR Program, Task 13 Deliverable, Auto-DR Assessment Study."
Customer 7,OAT_CBL,8/1/07,12:00,15:00,,155.00,,,,,,,,"Chiu, Albert, Greg Wikler, Ingrid Bran, Joe Prijyanonda, Sharon Yoshida, Kelly Smith, Mary Ann Piette, Sila Kiliccote, Girish Ghatikar, and Chuck Thomas. 2007. 2007 Auto-DR Program, Task 13 Deliverable, Auto-DR Assessment Study."
Customer 7,OAT_CBL,8/1/07,15:00,18:00,,125.00,,,,,,,,"Chiu, Albert, Greg Wikler, Ingrid Bran, Joe Prijyanonda, Sharon Yoshida, Kelly Smith, Mary Ann Piette, Sila Kiliccote, Girish Ghatikar, and Chuck Thomas. 2007. 2007 Auto-DR Program, Task 13 Deliverable, Auto-DR Assessment Study."
Customer 7,OAT_CBL,8/1/07,12:00,18:00,,140.00,,,0.12,,,0.42,,"Chiu, Albert, Greg Wikler, Ingrid Bran, Joe Prijyanonda, Sharon Yoshida, Kelly Smith, Mary Ann Piette, Sila Kiliccote, Girish Ghatikar, and Chuck Thomas. 2007. 2007 Auto-DR Program, Task 13 Deliverable, Auto-DR Assessment Study."
Customer 7,3/10_CBL,8/30/07,12:00,15:00,,90.00,,,,,,,,"Chiu, Albert, Greg Wikler, Ingrid Bran, Joe Prijyanonda, Sharon Yoshida, Kelly Smith, Mary Ann Piette, Sila Kiliccote, Girish Ghatikar, and Chuck Thomas. 2007. 2007 Auto-DR Program, Task 13 Deliverable, Auto-DR Assessment Study."
Customer 7,3/10_CBL,8/30/07,15:00,18:00,,117.00,,,,,,,,"Chiu, Albert, Greg Wikler, Ingrid Bran, Joe Prijyanonda, Sharon Yoshida, Kelly Smith, Mary Ann Piette, Sila Kiliccote, Girish Ghatikar, and Chuck Thomas. 2007. 2007 Auto-DR Program, Task 13 Deliverable, Auto-DR Assessment Study."
Customer 7,3/10_CBL,8/30/07,12:00,18:00,,103.50,,,0.11,,,0.39,,"Chiu, Albert, Greg Wikler, Ingrid Bran, Joe Prijyanonda, Sharon Yoshida, Kelly Smith, Mary Ann Piette, Sila Kiliccote, Girish Ghatikar, and Chuck Thomas. 2007. 2007 Auto-DR Program, Task 13 Deliverable, Auto-DR Assessment Study."
Customer 7,3/10_MA_CBL,8/30/07,12:00,15:00,,138.00,,,,,,,,"Chiu, Albert, Greg Wikler, Ingrid Bran, Joe Prijyanonda, Sharon Yoshida, Kelly Smith, Mary Ann Piette, Sila Kiliccote, Girish Ghatikar, and Chuck Thomas. 2007. 2007 Auto-DR Program, Task 13 Deliverable, Auto-DR Assessment Study."
Customer 7,3/10_MA_CBL,8/30/07,15:00,18:00,,164.00,,,,,,,,"Chiu, Albert, Greg Wikler, Ingrid Bran, Joe Prijyanonda, Sharon Yoshida, Kelly Smith, Mary Ann Piette, Sila Kiliccote, Girish Ghatikar, and Chuck Thomas. 2007. 2007 Auto-DR Program, Task 13 Deliverable, Auto-DR Assessment Study."
Customer 7,3/10_MA_CBL,8/30/07,12:00,18:00,,151.00,,,0.14,,,0.55,,"Chiu, Albert, Greg Wikler, Ingrid Bran, Joe Prijyanonda, Sharon Yoshida, Kelly Smith, Mary Ann Piette, Sila Kiliccote, Girish Ghatikar, and Chuck Thomas. 2007. 2007 Auto-DR Program, Task 13 Deliverable, Auto-DR Assessment Study."
Customer 7,OAT_CBL,8/30/07,12:00,15:00,,89.00,,,,,,,,"Chiu, Albert, Greg Wikler, Ingrid Bran, Joe Prijyanonda, Sharon Yoshida, Kelly Smith, Mary Ann Piette, Sila Kiliccote, Girish Ghatikar, and Chuck Thomas. 2007. 2007 Auto-DR Program, Task 13 Deliverable, Auto-DR Assessment Study."
Customer 7,OAT_CBL,8/30/07,15:00,18:00,,114.00,,,,,,,,"Chiu, Albert, Greg Wikler, Ingrid Bran, Joe Prijyanonda, Sharon Yoshida, Kelly Smith, Mary Ann Piette, Sila Kiliccote, Girish Ghatikar, and Chuck Thomas. 2007. 2007 Auto-DR Program, Task 13 Deliverable, Auto-DR Assessment Study."
Customer 7,OAT_CBL,8/30/07,12:00,18:00,,101.50,,,0.11,,,0.38,,"Chiu, Albert, Greg Wikler, Ingrid Bran, Joe Prijyanonda, Sharon Yoshida, Kelly Smith, Mary Ann Piette, Sila Kiliccote, Girish Ghatikar, and Chuck Thomas. 2007. 2007 Auto-DR Program, Task 13 Deliverable, Auto-DR Assessment Study."
Customer 8,3/10_CBL,7/13/07,12:00,15:00,,44.00,,,,,,,,"Chiu, Albert, Greg Wikler, Ingrid Bran, Joe Prijyanonda, Sharon Yoshida, Kelly Smith, Mary Ann Piette, Sila Kiliccote, Girish Ghatikar, and Chuck Thomas. 2007. 2007 Auto-DR Program, Task 13 Deliverable, Auto-DR Assessment Study."
Customer 8,3/10_CBL,7/13/07,15:00,18:00,,148.00,,,,,,,,"Chiu, Albert, Greg Wikler, Ingrid Bran, Joe Prijyanonda, Sharon Yoshida, Kelly Smith, Mary Ann Piette, Sila Kiliccote, Girish Ghatikar, and Chuck Thomas. 2007. 2007 Auto-DR Program, Task 13 Deliverable, Auto-DR Assessment Study."
Customer 8,3/10_CBL,7/13/07,12:00,18:00,,96.00,,,0.16,,,0.54,,"Chiu, Albert, Greg Wikler, Ingrid Bran, Joe Prijyanonda, Sharon Yoshida, Kelly Smith, Mary Ann Piette, Sila Kiliccote, Girish Ghatikar, and Chuck Thomas. 2007. 2007 Auto-DR Program, Task 13 Deliverable, Auto-DR Assessment Study."
Customer 8,3/10_MA_CBL,7/13/07,12:00,15:00,,133.00,,,,,,,,"Chiu, Albert, Greg Wikler, Ingrid Bran, Joe Prijyanonda, Sharon Yoshida, Kelly Smith, Mary Ann Piette, Sila Kiliccote, Girish Ghatikar, and Chuck Thomas. 2007. 2007 Auto-DR Program, Task 13 Deliverable, Auto-DR Assessment Study."
Customer 8,3/10_MA_CBL,7/13/07,15:00,18:00,,237.00,,,,,,,,"Chiu, Albert, Greg Wikler, Ingrid Bran, Joe Prijyanonda, Sharon Yoshida, Kelly Smith, Mary Ann Piette, Sila Kiliccote, Girish Ghatikar, and Chuck Thomas. 2007. 2007 Auto-DR Program, Task 13 Deliverable, Auto-DR Assessment Study."
Customer 8,3/10_MA_CBL,7/13/07,12:00,18:00,,185.00,,,0.24,,,0.86,,"Chiu, Albert, Greg Wikler, Ingrid Bran, Joe Prijyanonda, Sharon Yoshida, Kelly Smith, Mary Ann Piette, Sila Kiliccote, Girish Ghatikar, and Chuck Thomas. 2007. 2007 Auto-DR Program, Task 13 Deliverable, Auto-DR Assessment Study."
Customer 8,OAT_CBL,7/13/07,12:00,15:00,,216.00,,,,,,,,"Chiu, Albert, Greg Wikler, Ingrid Bran, Joe Prijyanonda, Sharon Yoshida, Kelly Smith, Mary Ann Piette, Sila Kiliccote, Girish Ghatikar, and Chuck Thomas. 2007. 2007 Auto-DR Program, Task 13 Deliverable, Auto-DR Assessment Study."
Customer 8,OAT_CBL,7/13/07,15:00,18:00,,286.00,,,,,,,,"Chiu, Albert, Greg Wikler, Ingrid Bran, Joe Prijyanonda, Sharon Yoshida, Kelly Smith, Mary Ann Piette, Sila Kiliccote, Girish Ghatikar, and Chuck Thomas. 2007. 2007 Auto-DR Program, Task 13 Deliverable, Auto-DR Assessment Study."
Customer 8,OAT_CBL,7/13/07,12:00,18:00,,251.00,,,0.27,,,1.04,,"Chiu, Albert, Greg Wikler, Ingrid Bran, Joe Prijyanonda, Sharon Yoshida, Kelly Smith, Mary Ann Piette, Sila Kiliccote, Girish Ghatikar, and Chuck Thomas. 2007. 2007 Auto-DR Program, Task 13 Deliverable, Auto-DR Assessment Study."
Customer 8,3/10_CBL,7/5/07,12:00,15:00,,136.00,,,,,,,,"Chiu, Albert, Greg Wikler, Ingrid Bran, Joe Prijyanonda, Sharon Yoshida, Kelly Smith, Mary Ann Piette, Sila Kiliccote, Girish Ghatikar, and Chuck Thomas. 2007. 2007 Auto-DR Program, Task 13 Deliverable, Auto-DR Assessment Study."
Customer 8,3/10_CBL,7/5/07,15:00,18:00,,214.00,,,,,,,,"Chiu, Albert, Greg Wikler, Ingrid Bran, Joe Prijyanonda, Sharon Yoshida, Kelly Smith, Mary Ann Piette, Sila Kiliccote, Girish Ghatikar, and Chuck Thomas. 2007. 2007 Auto-DR Program, Task 13 Deliverable, Auto-DR Assessment Study."
Customer 8,3/10_CBL,7/5/07,12:00,18:00,,175.00,,,0.22,,,0.78,,"Chiu, Albert, Greg Wikler, Ingrid Bran, Joe Prijyanonda, Sharon Yoshida, Kelly Smith, Mary Ann Piette, Sila Kiliccote, Girish Ghatikar, and Chuck Thomas. 2007. 2007 Auto-DR Program, Task 13 Deliverable, Auto-DR Assessment Study."
Customer 8,3/10_MA_CBL,7/5/07,12:00,15:00,,159.00,,,,,,,,"Chiu, Albert, Greg Wikler, Ingrid Bran, Joe Prijyanonda, Sharon Yoshida, Kelly Smith, Mary Ann Piette, Sila Kiliccote, Girish Ghatikar, and Chuck Thomas. 2007. 2007 Auto-DR Program, Task 13 Deliverable, Auto-DR Assessment Study."
Customer 8,3/10_MA_CBL,7/5/07,15:00,18:00,,237.00,,,,,,,,"Chiu, Albert, Greg Wikler, Ingrid Bran, Joe Prijyanonda, Sharon Yoshida, Kelly Smith, Mary Ann Piette, Sila Kiliccote, Girish Ghatikar, and Chuck Thomas. 2007. 2007 Auto-DR Program, Task 13 Deliverable, Auto-DR Assessment Study."
Customer 8,3/10_MA_CBL,7/5/07,12:00,18:00,,198.00,,,0.23,,,0.86,,"Chiu, Albert, Greg Wikler, Ingrid Bran, Joe Prijyanonda, Sharon Yoshida, Kelly Smith, Mary Ann Piette, Sila Kiliccote, Girish Ghatikar, and Chuck Thomas. 2007. 2007 Auto-DR Program, Task 13 Deliverable, Auto-DR Assessment Study."
Customer 8,OAT_CBL,7/5/07,12:00,15:00,,151.00,,,,,,,,"Chiu, Albert, Greg Wikler, Ingrid Bran, Joe Prijyanonda, Sharon Yoshida, Kelly Smith, Mary Ann Piette, Sila Kiliccote, Girish Ghatikar, and Chuck Thomas. 2007. 2007 Auto-DR Program, Task 13 Deliverable, Auto-DR Assessment Study."
Customer 8,OAT_CBL,7/5/07,15:00,18:00,,247.00,,,,,,,,"Chiu, Albert, Greg Wikler, Ingrid Bran, Joe Prijyanonda, Sharon Yoshida, Kelly Smith, Mary Ann Piette, Sila Kiliccote, Girish Ghatikar, and Chuck Thomas. 2007. 2007 Auto-DR Program, Task 13 Deliverable, Auto-DR Assessment Study."
Customer 8,OAT_CBL,7/5/07,12:00,18:00,,199.00,,,0.24,,,0.90,,"Chiu, Albert, Greg Wikler, Ingrid Bran, Joe Prijyanonda, Sharon Yoshida, Kelly Smith, Mary Ann Piette, Sila Kiliccote, Girish Ghatikar, and Chuck Thomas. 2007. 2007 Auto-DR Program, Task 13 Deliverable, Auto-DR Assessment Study."
Customer 8,3/10_CBL,8/1/07,12:00,15:00,,182.00,,,,,,,,"Chiu, Albert, Greg Wikler, Ingrid Bran, Joe Prijyanonda, Sharon Yoshida, Kelly Smith, Mary Ann Piette, Sila Kiliccote, Girish Ghatikar, and Chuck Thomas. 2007. 2007 Auto-DR Program, Task 13 Deliverable, Auto-DR Assessment Study."
Customer 8,3/10_CBL,8/1/07,15:00,18:00,,239.00,,,,,,,,"Chiu, Albert, Greg Wikler, Ingrid Bran, Joe Prijyanonda, Sharon Yoshida, Kelly Smith, Mary Ann Piette, Sila Kiliccote, Girish Ghatikar, and Chuck Thomas. 2007. 2007 Auto-DR Program, Task 13 Deliverable, Auto-DR Assessment Study."
Customer 8,3/10_CBL,8/1/07,12:00,18:00,,210.50,,,0.24,,,0.87,,"Chiu, Albert, Greg Wikler, Ingrid Bran, Joe Prijyanonda, Sharon Yoshida, Kelly Smith, Mary Ann Piette, Sila Kiliccote, Girish Ghatikar, and Chuck Thomas. 2007. 2007 Auto-DR Program, Task 13 Deliverable, Auto-DR Assessment Study."
Customer 8,3/10_MA_CBL,8/1/07,12:00,15:00,,93.00,,,,,,,,"Chiu, Albert, Greg Wikler, Ingrid Bran, Joe Prijyanonda, Sharon Yoshida, Kelly Smith, Mary Ann Piette, Sila Kiliccote, Girish Ghatikar, and Chuck Thomas. 2007. 2007 Auto-DR Program, Task 13 Deliverable, Auto-DR Assessment Study."
Customer 8,3/10_MA_CBL,8/1/07,15:00,18:00,,150.00,,,,,,,,"Chiu, Albert, Greg Wikler, Ingrid Bran, Joe Prijyanonda, Sharon Yoshida, Kelly Smith, Mary Ann Piette, Sila Kiliccote, Girish Ghatikar, and Chuck Thomas. 2007. 2007 Auto-DR Program, Task 13 Deliverable, Auto-DR Assessment Study."
Customer 8,3/10_MA_CBL,8/1/07,12:00,18:00,,121.50,,,0.17,,,0.55,,"Chiu, Albert, Greg Wikler, Ingrid Bran, Joe Prijyanonda, Sharon Yoshida, Kelly Smith, Mary Ann Piette, Sila Kiliccote, Girish Ghatikar, and Chuck Thomas. 2007. 2007 Auto-DR Program, Task 13 Deliverable, Auto-DR Assessment Study."
Customer 8,OAT_CBL,8/1/07,12:00,15:00,,101.00,,,,,,,,"Chiu, Albert, Greg Wikler, Ingrid Bran, Joe Prijyanonda, Sharon Yoshida, Kelly Smith, Mary Ann Piette, Sila Kiliccote, Girish Ghatikar, and Chuck Thomas. 2007. 2007 Auto-DR Program, Task 13 Deliverable, Auto-DR Assessment Study."
Customer 8,OAT_CBL,8/1/07,15:00,18:00,,152.00,,,,,,,,"Chiu, Albert, Greg Wikler, Ingrid Bran, Joe Prijyanonda, Sharon Yoshida, Kelly Smith, Mary Ann Piette, Sila Kiliccote, Girish Ghatikar, and Chuck Thomas. 2007. 2007 Auto-DR Program, Task 13 Deliverable, Auto-DR Assessment Study."
Customer 8,OAT_CBL,8/1/07,12:00,18:00,,126.50,,,0.17,,,0.55,,"Chiu, Albert, Greg Wikler, Ingrid Bran, Joe Prijyanonda, Sharon Yoshida, Kelly Smith, Mary Ann Piette, Sila Kiliccote, Girish Ghatikar, and Chuck Thomas. 2007. 2007 Auto-DR Program, Task 13 Deliverable, Auto-DR Assessment Study."
Customer 8,3/10_CBL,8/30/07,12:00,15:00,,77.00,,,,,,,,"Chiu, Albert, Greg Wikler, Ingrid Bran, Joe Prijyanonda, Sharon Yoshida, Kelly Smith, Mary Ann Piette, Sila Kiliccote, Girish Ghatikar, and Chuck Thomas. 2007. 2007 Auto-DR Program, Task 13 Deliverable, Auto-DR Assessment Study."
Customer 8,3/10_CBL,8/30/07,15:00,18:00,,150.00,,,,,,,,"Chiu, Albert, Greg Wikler, Ingrid Bran, Joe Prijyanonda, Sharon Yoshida, Kelly Smith, Mary Ann Piette, Sila Kiliccote, Girish Ghatikar, and Chuck Thomas. 2007. 2007 Auto-DR Program, Task 13 Deliverable, Auto-DR Assessment Study."
Customer 8,3/10_CBL,8/30/07,12:00,18:00,,113.50,,,0.15,,,0.55,,"Chiu, Albert, Greg Wikler, Ingrid Bran, Joe Prijyanonda, Sharon Yoshida, Kelly Smith, Mary Ann Piette, Sila Kiliccote, Girish Ghatikar, and Chuck Thomas. 2007. 2007 Auto-DR Program, Task 13 Deliverable, Auto-DR Assessment Study."
Customer 8,3/10_MA_CBL,8/30/07,12:00,15:00,,183.00,,,,,,,,"Chiu, Albert, Greg Wikler, Ingrid Bran, Joe Prijyanonda, Sharon Yoshida, Kelly Smith, Mary Ann Piette, Sila Kiliccote, Girish Ghatikar, and Chuck Thomas. 2007. 2007 Auto-DR Program, Task 13 Deliverable, Auto-DR Assessment Study."
Customer 8,3/10_MA_CBL,8/30/07,15:00,18:00,,256.00,,,,,,,,"Chiu, Albert, Greg Wikler, Ingrid Bran, Joe Prijyanonda, Sharon Yoshida, Kelly Smith, Mary Ann Piette, Sila Kiliccote, Girish Ghatikar, and Chuck Thomas. 2007. 2007 Auto-DR Program, Task 13 Deliverable, Auto-DR Assessment Study."
Customer 8,3/10_MA_CBL,8/30/07,12:00,18:00,,219.50,,,0.23,,,0.94,,"Chiu, Albert, Greg Wikler, Ingrid Bran, Joe Prijyanonda, Sharon Yoshida, Kelly Smith, Mary Ann Piette, Sila Kiliccote, Girish Ghatikar, and Chuck Thomas. 2007. 2007 Auto-DR Program, Task 13 Deliverable, Auto-DR Assessment Study."
Customer 8,OAT_CBL,8/30/07,12:00,15:00,,200.00,,,,,,,,"Chiu, Albert, Greg Wikler, Ingrid Bran, Joe Prijyanonda, Sharon Yoshida, Kelly Smith, Mary Ann Piette, Sila Kiliccote, Girish Ghatikar, and Chuck Thomas. 2007. 2007 Auto-DR Program, Task 13 Deliverable, Auto-DR Assessment Study."
Customer 8,OAT_CBL,8/30/07,15:00,18:00,,237.00,,,,,,,,"Chiu, Albert, Greg Wikler, Ingrid Bran, Joe Prijyanonda, Sharon Yoshida, Kelly Smith, Mary Ann Piette, Sila Kiliccote, Girish Ghatikar, and Chuck Thomas. 2007. 2007 Auto-DR Program, Task 13 Deliverable, Auto-DR Assessment Study."
Customer 8,OAT_CBL,8/30/07,12:00,18:00,,218.50,,,0.21,,,0.87,,"Chiu, Albert, Greg Wikler, Ingrid Bran, Joe Prijyanonda, Sharon Yoshida, Kelly Smith, Mary Ann Piette, Sila Kiliccote, Girish Ghatikar, and Chuck Thomas. 2007. 2007 Auto-DR Program, Task 13 Deliverable, Auto-DR Assessment Study."
Customer 9,3/10_CBL,7/13/07,12:00,15:00,,-80.00,,,,,,,,"Chiu, Albert, Greg Wikler, Ingrid Bran, Joe Prijyanonda, Sharon Yoshida, Kelly Smith, Mary Ann Piette, Sila Kiliccote, Girish Ghatikar, and Chuck Thomas. 2007. 2007 Auto-DR Program, Task 13 Deliverable, Auto-DR Assessment Study."
Customer 9,3/10_CBL,7/13/07,15:00,18:00,,3.00,,,,,,,,"Chiu, Albert, Greg Wikler, Ingrid Bran, Joe Prijyanonda, Sharon Yoshida, Kelly Smith, Mary Ann Piette, Sila Kiliccote, Girish Ghatikar, and Chuck Thomas. 2007. 2007 Auto-DR Program, Task 13 Deliverable, Auto-DR Assessment Study."
Customer 9,3/10_CBL,7/13/07,12:00,18:00,,-38.50,,,0.01,,,0.03,,"Chiu, Albert, Greg Wikler, Ingrid Bran, Joe Prijyanonda, Sharon Yoshida, Kelly Smith, Mary Ann Piette, Sila Kiliccote, Girish Ghatikar, and Chuck Thomas. 2007. 2007 Auto-DR Program, Task 13 Deliverable, Auto-DR Assessment Study."
Customer 9,3/10_MA_CBL,7/13/07,12:00,15:00,,-19.00,,,,,,,,"Chiu, Albert, Greg Wikler, Ingrid Bran, Joe Prijyanonda, Sharon Yoshida, Kelly Smith, Mary Ann Piette, Sila Kiliccote, Girish Ghatikar, and Chuck Thomas. 2007. 2007 Auto-DR Program, Task 13 Deliverable, Auto-DR Assessment Study."
Customer 9,3/10_MA_CBL,7/13/07,15:00,18:00,,54.00,,,,,,,,"Chiu, Albert, Greg Wikler, Ingrid Bran, Joe Prijyanonda, Sharon Yoshida, Kelly Smith, Mary Ann Piette, Sila Kiliccote, Girish Ghatikar, and Chuck Thomas. 2007. 2007 Auto-DR Program, Task 13 Deliverable, Auto-DR Assessment Study."
Customer 9,3/10_MA_CBL,7/13/07,12:00,18:00,,17.50,,,0.10,,,0.53,,"Chiu, Albert, Greg Wikler, Ingrid Bran, Joe Prijyanonda, Sharon Yoshida, Kelly Smith, Mary Ann Piette, Sila Kiliccote, Girish Ghatikar, and Chuck Thomas. 2007. 2007 Auto-DR Program, Task 13 Deliverable, Auto-DR Assessment Study."
Customer 9,OAT_CBL,7/13/07,12:00,15:00,,-39.00,,,,,,,,"Chiu, Albert, Greg Wikler, Ingrid Bran, Joe Prijyanonda, Sharon Yoshida, Kelly Smith, Mary Ann Piette, Sila Kiliccote, Girish Ghatikar, and Chuck Thomas. 2007. 2007 Auto-DR Program, Task 13 Deliverable, Auto-DR Assessment Study."
Customer 9,OAT_CBL,7/13/07,15:00,18:00,,35.00,,,,,,,,"Chiu, Albert, Greg Wikler, Ingrid Bran, Joe Prijyanonda, Sharon Yoshida, Kelly Smith, Mary Ann Piette, Sila Kiliccote, Girish Ghatikar, and Chuck Thomas. 2007. 2007 Auto-DR Program, Task 13 Deliverable, Auto-DR Assessment Study."
Customer 9,OAT_CBL,7/13/07,12:00,18:00,,-2.00,,,0.07,,,0.34,,"Chiu, Albert, Greg Wikler, Ingrid Bran, Joe Prijyanonda, Sharon Yoshida, Kelly Smith, Mary Ann Piette, Sila Kiliccote, Girish Ghatikar, and Chuck Thomas. 2007. 2007 Auto-DR Program, Task 13 Deliverable, Auto-DR Assessment Study."
Customer 9,3/10_CBL,7/5/07,12:00,15:00,,8.00,,,,,,,,"Chiu, Albert, Greg Wikler, Ingrid Bran, Joe Prijyanonda, Sharon Yoshida, Kelly Smith, Mary Ann Piette, Sila Kiliccote, Girish Ghatikar, and Chuck Thomas. 2007. 2007 Auto-DR Program, Task 13 Deliverable, Auto-DR Assessment Study."
Customer 9,3/10_CBL,7/5/07,15:00,18:00,,95.00,,,,,,,,"Chiu, Albert, Greg Wikler, Ingrid Bran, Joe Prijyanonda, Sharon Yoshida, Kelly Smith, Mary Ann Piette, Sila Kiliccote, Girish Ghatikar, and Chuck Thomas. 2007. 2007 Auto-DR Program, Task 13 Deliverable, Auto-DR Assessment Study."
Customer 9,3/10_CBL,7/5/07,12:00,18:00,,51.50,,,0.18,,,0.94,,"Chiu, Albert, Greg Wikler, Ingrid Bran, Joe Prijyanonda, Sharon Yoshida, Kelly Smith, Mary Ann Piette, Sila Kiliccote, Girish Ghatikar, and Chuck Thomas. 2007. 2007 Auto-DR Program, Task 13 Deliverable, Auto-DR Assessment Study."
Customer 9,3/10_MA_CBL,7/5/07,12:00,15:00,,2.00,,,,,,,,"Chiu, Albert, Greg Wikler, Ingrid Bran, Joe Prijyanonda, Sharon Yoshida, Kelly Smith, Mary Ann Piette, Sila Kiliccote, Girish Ghatikar, and Chuck Thomas. 2007. 2007 Auto-DR Program, Task 13 Deliverable, Auto-DR Assessment Study."
Customer 9,3/10_MA_CBL,7/5/07,15:00,18:00,,89.00,,,,,,,,"Chiu, Albert, Greg Wikler, Ingrid Bran, Joe Prijyanonda, Sharon Yoshida, Kelly Smith, Mary Ann Piette, Sila Kiliccote, Girish Ghatikar, and Chuck Thomas. 2007. 2007 Auto-DR Program, Task 13 Deliverable, Auto-DR Assessment Study."
Customer 9,3/10_MA_CBL,7/5/07,12:00,18:00,,45.50,,,0.17,,,0.88,,"Chiu, Albert, Greg Wikler, Ingrid Bran, Joe Prijyanonda, Sharon Yoshida, Kelly Smith, Mary Ann Piette, Sila Kiliccote, Girish Ghatikar, and Chuck Thomas. 2007. 2007 Auto-DR Program, Task 13 Deliverable, Auto-DR Assessment Study."
Customer 9,OAT_CBL,7/5/07,12:00,15:00,,-35.00,,,,,,,,"Chiu, Albert, Greg Wikler, Ingrid Bran, Joe Prijyanonda, Sharon Yoshida, Kelly Smith, Mary Ann Piette, Sila Kiliccote, Girish Ghatikar, and Chuck Thomas. 2007. 2007 Auto-DR Program, Task 13 Deliverable, Auto-DR Assessment Study."
Customer 9,OAT_CBL,7/5/07,15:00,18:00,,68.00,,,,,,,,"Chiu, Albert, Greg Wikler, Ingrid Bran, Joe Prijyanonda, Sharon Yoshida, Kelly Smith, Mary Ann Piette, Sila Kiliccote, Girish Ghatikar, and Chuck Thomas. 2007. 2007 Auto-DR Program, Task 13 Deliverable, Auto-DR Assessment Study."
Customer 9,OAT_CBL,7/5/07,12:00,18:00,,16.50,,,0.14,,,0.67,,"Chiu, Albert, Greg Wikler, Ingrid Bran, Joe Prijyanonda, Sharon Yoshida, Kelly Smith, Mary Ann Piette, Sila Kiliccote, Girish Ghatikar, and Chuck Thomas. 2007. 2007 Auto-DR Program, Task 13 Deliverable, Auto-DR Assessment Study."
Customer 9,3/10_CBL,8/1/07,12:00,15:00,,-6.00,,,,,,,,"Chiu, Albert, Greg Wikler, Ingrid Bran, Joe Prijyanonda, Sharon Yoshida, Kelly Smith, Mary Ann Piette, Sila Kiliccote, Girish Ghatikar, and Chuck Thomas. 2007. 2007 Auto-DR Program, Task 13 Deliverable, Auto-DR Assessment Study."
Customer 9,3/10_CBL,8/1/07,15:00,18:00,,146.00,,,,,,,,"Chiu, Albert, Greg Wikler, Ingrid Bran, Joe Prijyanonda, Sharon Yoshida, Kelly Smith, Mary Ann Piette, Sila Kiliccote, Girish Ghatikar, and Chuck Thomas. 2007. 2007 Auto-DR Program, Task 13 Deliverable, Auto-DR Assessment Study."
Customer 9,3/10_CBL,8/1/07,12:00,18:00,,70.00,,,0.25,,,1.45,,"Chiu, Albert, Greg Wikler, Ingrid Bran, Joe Prijyanonda, Sharon Yoshida, Kelly Smith, Mary Ann Piette, Sila Kiliccote, Girish Ghatikar, and Chuck Thomas. 2007. 2007 Auto-DR Program, Task 13 Deliverable, Auto-DR Assessment Study."
Customer 9,3/10_MA_CBL,8/1/07,12:00,15:00,,30.00,,,,,,,,"Chiu, Albert, Greg Wikler, Ingrid Bran, Joe Prijyanonda, Sharon Yoshida, Kelly Smith, Mary Ann Piette, Sila Kiliccote, Girish Ghatikar, and Chuck Thomas. 2007. 2007 Auto-DR Program, Task 13 Deliverable, Auto-DR Assessment Study."
Customer 9,3/10_MA_CBL,8/1/07,15:00,18:00,,183.00,,,,,,,,"Chiu, Albert, Greg Wikler, Ingrid Bran, Joe Prijyanonda, Sharon Yoshida, Kelly Smith, Mary Ann Piette, Sila Kiliccote, Girish Ghatikar, and Chuck Thomas. 2007. 2007 Auto-DR Program, Task 13 Deliverable, Auto-DR Assessment Study."
Customer 9,3/10_MA_CBL,8/1/07,12:00,18:00,,106.50,,,0.30,,,1.81,,"Chiu, Albert, Greg Wikler, Ingrid Bran, Joe Prijyanonda, Sharon Yoshida, Kelly Smith, Mary Ann Piette, Sila Kiliccote, Girish Ghatikar, and Chuck Thomas. 2007. 2007 Auto-DR Program, Task 13 Deliverable, Auto-DR Assessment Study."
Customer 9,OAT_CBL,8/1/07,12:00,15:00,,-2.00,,,,,,,,"Chiu, Albert, Greg Wikler, Ingrid Bran, Joe Prijyanonda, Sharon Yoshida, Kelly Smith, Mary Ann Piette, Sila Kiliccote, Girish Ghatikar, and Chuck Thomas. 2007. 2007 Auto-DR Program, Task 13 Deliverable, Auto-DR Assessment Study."
Customer 9,OAT_CBL,8/1/07,15:00,18:00,,118.00,,,,,,,,"Chiu, Albert, Greg Wikler, Ingrid Bran, Joe Prijyanonda, Sharon Yoshida, Kelly Smith, Mary Ann Piette, Sila Kiliccote, Girish Ghatikar, and Chuck Thomas. 2007. 2007 Auto-DR Program, Task 13 Deliverable, Auto-DR Assessment Study."
Customer 9,OAT_CBL,8/1/07,12:00,18:00,,58.00,,,0.22,,,1.17,,"Chiu, Albert, Greg Wikler, Ingrid Bran, Joe Prijyanonda, Sharon Yoshida, Kelly Smith, Mary Ann Piette, Sila Kiliccote, Girish Ghatikar, and Chuck Thomas. 2007. 2007 Auto-DR Program, Task 13 Deliverable, Auto-DR Assessment Study."
Customer 9,3/10_CBL,8/30/07,12:00,15:00,,8.00,,,,,,,,"Chiu, Albert, Greg Wikler, Ingrid Bran, Joe Prijyanonda, Sharon Yoshida, Kelly Smith, Mary Ann Piette, Sila Kiliccote, Girish Ghatikar, and Chuck Thomas. 2007. 2007 Auto-DR Program, Task 13 Deliverable, Auto-DR Assessment Study."
Customer 9,3/10_CBL,8/30/07,15:00,18:00,,112.00,,,,,,,,"Chiu, Albert, Greg Wikler, Ingrid Bran, Joe Prijyanonda, Sharon Yoshida, Kelly Smith, Mary Ann Piette, Sila Kiliccote, Girish Ghatikar, and Chuck Thomas. 2007. 2007 Auto-DR Program, Task 13 Deliverable, Auto-DR Assessment Study."
Customer 9,3/10_CBL,8/30/07,12:00,18:00,,60.00,,,0.20,,,1.11,,"Chiu, Albert, Greg Wikler, Ingrid Bran, Joe Prijyanonda, Sharon Yoshida, Kelly Smith, Mary Ann Piette, Sila Kiliccote, Girish Ghatikar, and Chuck Thomas. 2007. 2007 Auto-DR Program, Task 13 Deliverable, Auto-DR Assessment Study."
Customer 9,3/10_MA_CBL,8/30/07,12:00,15:00,,3.00,,,,,,,,"Chiu, Albert, Greg Wikler, Ingrid Bran, Joe Prijyanonda, Sharon Yoshida, Kelly Smith, Mary Ann Piette, Sila Kiliccote, Girish Ghatikar, and Chuck Thomas. 2007. 2007 Auto-DR Program, Task 13 Deliverable, Auto-DR Assessment Study."
Customer 9,3/10_MA_CBL,8/30/07,15:00,18:00,,107.00,,,,,,,,"Chiu, Albert, Greg Wikler, Ingrid Bran, Joe Prijyanonda, Sharon Yoshida, Kelly Smith, Mary Ann Piette, Sila Kiliccote, Girish Ghatikar, and Chuck Thomas. 2007. 2007 Auto-DR Program, Task 13 Deliverable, Auto-DR Assessment Study."
Customer 9,3/10_MA_CBL,8/30/07,12:00,18:00,,55.00,,,0.20,,,1.06,,"Chiu, Albert, Greg Wikler, Ingrid Bran, Joe Prijyanonda, Sharon Yoshida, Kelly Smith, Mary Ann Piette, Sila Kiliccote, Girish Ghatikar, and Chuck Thomas. 2007. 2007 Auto-DR Program, Task 13 Deliverable, Auto-DR Assessment Study."
Customer 9,OAT_CBL,8/30/07,12:00,15:00,,22.00,,,,,,,,"Chiu, Albert, Greg Wikler, Ingrid Bran, Joe Prijyanonda, Sharon Yoshida, Kelly Smith, Mary Ann Piette, Sila Kiliccote, Girish Ghatikar, and Chuck Thomas. 2007. 2007 Auto-DR Program, Task 13 Deliverable, Auto-DR Assessment Study."
Customer 9,OAT_CBL,8/30/07,15:00,18:00,,124.00,,,,,,,,"Chiu, Albert, Greg Wikler, Ingrid Bran, Joe Prijyanonda, Sharon Yoshida, Kelly Smith, Mary Ann Piette, Sila Kiliccote, Girish Ghatikar, and Chuck Thomas. 2007. 2007 Auto-DR Program, Task 13 Deliverable, Auto-DR Assessment Study."
Customer 9,OAT_CBL,8/30/07,12:00,18:00,,73.00,,,0.22,,,1.22,,"Chiu, Albert, Greg Wikler, Ingrid Bran, Joe Prijyanonda, Sharon Yoshida, Kelly Smith, Mary Ann Piette, Sila Kiliccote, Girish Ghatikar, and Chuck Thomas. 2007. 2007 Auto-DR Program, Task 13 Deliverable, Auto-DR Assessment Study."
Customer 10,3/10_CBL,7/13/07,12:00,15:00,,-72.00,,,,,,,,"Chiu, Albert, Greg Wikler, Ingrid Bran, Joe Prijyanonda, Sharon Yoshida, Kelly Smith, Mary Ann Piette, Sila Kiliccote, Girish Ghatikar, and Chuck Thomas. 2007. 2007 Auto-DR Program, Task 13 Deliverable, Auto-DR Assessment Study."
Customer 10,3/10_CBL,7/13/07,15:00,18:00,,31.00,,,,,,,,"Chiu, Albert, Greg Wikler, Ingrid Bran, Joe Prijyanonda, Sharon Yoshida, Kelly Smith, Mary Ann Piette, Sila Kiliccote, Girish Ghatikar, and Chuck Thomas. 2007. 2007 Auto-DR Program, Task 13 Deliverable, Auto-DR Assessment Study."
Customer 10,3/10_CBL,7/13/07,12:00,18:00,,-20.50,,,0.03,,,0.07,,"Chiu, Albert, Greg Wikler, Ingrid Bran, Joe Prijyanonda, Sharon Yoshida, Kelly Smith, Mary Ann Piette, Sila Kiliccote, Girish Ghatikar, and Chuck Thomas. 2007. 2007 Auto-DR Program, Task 13 Deliverable, Auto-DR Assessment Study."
Customer 10,3/10_MA_CBL,7/13/07,12:00,15:00,,80.00,,,,,,,,"Chiu, Albert, Greg Wikler, Ingrid Bran, Joe Prijyanonda, Sharon Yoshida, Kelly Smith, Mary Ann Piette, Sila Kiliccote, Girish Ghatikar, and Chuck Thomas. 2007. 2007 Auto-DR Program, Task 13 Deliverable, Auto-DR Assessment Study."
Customer 10,3/10_MA_CBL,7/13/07,15:00,18:00,,225.00,,,,,,,,"Chiu, Albert, Greg Wikler, Ingrid Bran, Joe Prijyanonda, Sharon Yoshida, Kelly Smith, Mary Ann Piette, Sila Kiliccote, Girish Ghatikar, and Chuck Thomas. 2007. 2007 Auto-DR Program, Task 13 Deliverable, Auto-DR Assessment Study."
Customer 10,3/10_MA_CBL,7/13/07,12:00,18:00,,152.50,,,0.18,,,0.54,,"Chiu, Albert, Greg Wikler, Ingrid Bran, Joe Prijyanonda, Sharon Yoshida, Kelly Smith, Mary Ann Piette, Sila Kiliccote, Girish Ghatikar, and Chuck Thomas. 2007. 2007 Auto-DR Program, Task 13 Deliverable, Auto-DR Assessment Study."
Customer 10,OAT_CBL,7/13/07,12:00,15:00,,59.00,,,,,,,,"Chiu, Albert, Greg Wikler, Ingrid Bran, Joe Prijyanonda, Sharon Yoshida, Kelly Smith, Mary Ann Piette, Sila Kiliccote, Girish Ghatikar, and Chuck Thomas. 2007. 2007 Auto-DR Program, Task 13 Deliverable, Auto-DR Assessment Study."
Customer 10,OAT_CBL,7/13/07,15:00,18:00,,171.00,,,,,,,,"Chiu, Albert, Greg Wikler, Ingrid Bran, Joe Prijyanonda, Sharon Yoshida, Kelly Smith, Mary Ann Piette, Sila Kiliccote, Girish Ghatikar, and Chuck Thomas. 2007. 2007 Auto-DR Program, Task 13 Deliverable, Auto-DR Assessment Study."
Customer 10,OAT_CBL,7/13/07,12:00,18:00,,115.00,,,0.14,,,0.41,,"Chiu, Albert, Greg Wikler, Ingrid Bran, Joe Prijyanonda, Sharon Yoshida, Kelly Smith, Mary Ann Piette, Sila Kiliccote, Girish Ghatikar, and Chuck Thomas. 2007. 2007 Auto-DR Program, Task 13 Deliverable, Auto-DR Assessment Study."
Customer 10,3/10_CBL,7/5/07,12:00,15:00,,57.00,,,,,,,,"Chiu, Albert, Greg Wikler, Ingrid Bran, Joe Prijyanonda, Sharon Yoshida, Kelly Smith, Mary Ann Piette, Sila Kiliccote, Girish Ghatikar, and Chuck Thomas. 2007. 2007 Auto-DR Program, Task 13 Deliverable, Auto-DR Assessment Study."
Customer 10,3/10_CBL,7/5/07,15:00,18:00,,-71.00,,,,,,,,"Chiu, Albert, Greg Wikler, Ingrid Bran, Joe Prijyanonda, Sharon Yoshida, Kelly Smith, Mary Ann Piette, Sila Kiliccote, Girish Ghatikar, and Chuck Thomas. 2007. 2007 Auto-DR Program, Task 13 Deliverable, Auto-DR Assessment Study."
Customer 10,3/10_CBL,7/5/07,12:00,18:00,,-7.00,,,-0.06,,,-0.17,,"Chiu, Albert, Greg Wikler, Ingrid Bran, Joe Prijyanonda, Sharon Yoshida, Kelly Smith, Mary Ann Piette, Sila Kiliccote, Girish Ghatikar, and Chuck Thomas. 2007. 2007 Auto-DR Program, Task 13 Deliverable, Auto-DR Assessment Study."
Customer 10,3/10_MA_CBL,7/5/07,12:00,15:00,,273.00,,,,,,,,"Chiu, Albert, Greg Wikler, Ingrid Bran, Joe Prijyanonda, Sharon Yoshida, Kelly Smith, Mary Ann Piette, Sila Kiliccote, Girish Ghatikar, and Chuck Thomas. 2007. 2007 Auto-DR Program, Task 13 Deliverable, Auto-DR Assessment Study."
Customer 10,3/10_MA_CBL,7/5/07,15:00,18:00,,184.00,,,,,,,,"Chiu, Albert, Greg Wikler, Ingrid Bran, Joe Prijyanonda, Sharon Yoshida, Kelly Smith, Mary Ann Piette, Sila Kiliccote, Girish Ghatikar, and Chuck Thomas. 2007. 2007 Auto-DR Program, Task 13 Deliverable, Auto-DR Assessment Study."
Customer 10,3/10_MA_CBL,7/5/07,12:00,18:00,,228.50,,,0.14,,,0.44,,"Chiu, Albert, Greg Wikler, Ingrid Bran, Joe Prijyanonda, Sharon Yoshida, Kelly Smith, Mary Ann Piette, Sila Kiliccote, Girish Ghatikar, and Chuck Thomas. 2007. 2007 Auto-DR Program, Task 13 Deliverable, Auto-DR Assessment Study."
Customer 10,OAT_CBL,7/5/07,12:00,15:00,,201.00,,,,,,,,"Chiu, Albert, Greg Wikler, Ingrid Bran, Joe Prijyanonda, Sharon Yoshida, Kelly Smith, Mary Ann Piette, Sila Kiliccote, Girish Ghatikar, and Chuck Thomas. 2007. 2007 Auto-DR Program, Task 13 Deliverable, Auto-DR Assessment Study."
Customer 10,OAT_CBL,7/5/07,15:00,18:00,,91.00,,,,,,,,"Chiu, Albert, Greg Wikler, Ingrid Bran, Joe Prijyanonda, Sharon Yoshida, Kelly Smith, Mary Ann Piette, Sila Kiliccote, Girish Ghatikar, and Chuck Thomas. 2007. 2007 Auto-DR Program, Task 13 Deliverable, Auto-DR Assessment Study."
Customer 10,OAT_CBL,7/5/07,12:00,18:00,,146.00,,,0.07,,,0.22,,"Chiu, Albert, Greg Wikler, Ingrid Bran, Joe Prijyanonda, Sharon Yoshida, Kelly Smith, Mary Ann Piette, Sila Kiliccote, Girish Ghatikar, and Chuck Thomas. 2007. 2007 Auto-DR Program, Task 13 Deliverable, Auto-DR Assessment Study."
Customer 10,3/10_CBL,8/1/07,12:00,15:00,,472.00,,,,,,,,"Chiu, Albert, Greg Wikler, Ingrid Bran, Joe Prijyanonda, Sharon Yoshida, Kelly Smith, Mary Ann Piette, Sila Kiliccote, Girish Ghatikar, and Chuck Thomas. 2007. 2007 Auto-DR Program, Task 13 Deliverable, Auto-DR Assessment Study."
Customer 10,3/10_CBL,8/1/07,15:00,18:00,,312.00,,,,,,,,"Chiu, Albert, Greg Wikler, Ingrid Bran, Joe Prijyanonda, Sharon Yoshida, Kelly Smith, Mary Ann Piette, Sila Kiliccote, Girish Ghatikar, and Chuck Thomas. 2007. 2007 Auto-DR Program, Task 13 Deliverable, Auto-DR Assessment Study."
Customer 10,3/10_CBL,8/1/07,12:00,18:00,,392.00,,,0.26,,,0.75,,"Chiu, Albert, Greg Wikler, Ingrid Bran, Joe Prijyanonda, Sharon Yoshida, Kelly Smith, Mary Ann Piette, Sila Kiliccote, Girish Ghatikar, and Chuck Thomas. 2007. 2007 Auto-DR Program, Task 13 Deliverable, Auto-DR Assessment Study."
Customer 10,3/10_MA_CBL,8/1/07,12:00,15:00,,135.00,,,,,,,,"Chiu, Albert, Greg Wikler, Ingrid Bran, Joe Prijyanonda, Sharon Yoshida, Kelly Smith, Mary Ann Piette, Sila Kiliccote, Girish Ghatikar, and Chuck Thomas. 2007. 2007 Auto-DR Program, Task 13 Deliverable, Auto-DR Assessment Study."
Customer 10,3/10_MA_CBL,8/1/07,15:00,18:00,,-49.00,,,,,,,,"Chiu, Albert, Greg Wikler, Ingrid Bran, Joe Prijyanonda, Sharon Yoshida, Kelly Smith, Mary Ann Piette, Sila Kiliccote, Girish Ghatikar, and Chuck Thomas. 2007. 2007 Auto-DR Program, Task 13 Deliverable, Auto-DR Assessment Study."
Customer 10,3/10_MA_CBL,8/1/07,12:00,18:00,,43.00,,,-0.06,,,-0.12,,"Chiu, Albert, Greg Wikler, Ingrid Bran, Joe Prijyanonda, Sharon Yoshida, Kelly Smith, Mary Ann Piette, Sila Kiliccote, Girish Ghatikar, and Chuck Thomas. 2007. 2007 Auto-DR Program, Task 13 Deliverable, Auto-DR Assessment Study."
Customer 10,OAT_CBL,8/1/07,12:00,15:00,,129.00,,,,,,,,"Chiu, Albert, Greg Wikler, Ingrid Bran, Joe Prijyanonda, Sharon Yoshida, Kelly Smith, Mary Ann Piette, Sila Kiliccote, Girish Ghatikar, and Chuck Thomas. 2007. 2007 Auto-DR Program, Task 13 Deliverable, Auto-DR Assessment Study."
Customer 10,OAT_CBL,8/1/07,15:00,18:00,,20.00,,,0.02,,,0.05,,"Chiu, Albert, Greg Wikler, Ingrid Bran, Joe Prijyanonda, Sharon Yoshida, Kelly Smith, Mary Ann Piette, Sila Kiliccote, Girish Ghatikar, and Chuck Thomas. 2007. 2007 Auto-DR Program, Task 13 Deliverable, Auto-DR Assessment Study."
Customer 10,OAT_CBL,8/1/07,12:00,18:00,,74.50,,,,,,,,"Chiu, Albert, Greg Wikler, Ingrid Bran, Joe Prijyanonda, Sharon Yoshida, Kelly Smith, Mary Ann Piette, Sila Kiliccote, Girish Ghatikar, and Chuck Thomas. 2007. 2007 Auto-DR Program, Task 13 Deliverable, Auto-DR Assessment Study."
Customer 10,3/10_CBL,8/30/07,12:00,15:00,,59.00,,,,,,,,"Chiu, Albert, Greg Wikler, Ingrid Bran, Joe Prijyanonda, Sharon Yoshida, Kelly Smith, Mary Ann Piette, Sila Kiliccote, Girish Ghatikar, and Chuck Thomas. 2007. 2007 Auto-DR Program, Task 13 Deliverable, Auto-DR Assessment Study."
Customer 10,3/10_CBL,8/30/07,15:00,18:00,,44.00,,,,,,,,"Chiu, Albert, Greg Wikler, Ingrid Bran, Joe Prijyanonda, Sharon Yoshida, Kelly Smith, Mary Ann Piette, Sila Kiliccote, Girish Ghatikar, and Chuck Thomas. 2007. 2007 Auto-DR Program, Task 13 Deliverable, Auto-DR Assessment Study."
Customer 10,3/10_CBL,8/30/07,12:00,18:00,,51.50,,,0.04,,,0.11,,"Chiu, Albert, Greg Wikler, Ingrid Bran, Joe Prijyanonda, Sharon Yoshida, Kelly Smith, Mary Ann Piette, Sila Kiliccote, Girish Ghatikar, and Chuck Thomas. 2007. 2007 Auto-DR Program, Task 13 Deliverable, Auto-DR Assessment Study."
Customer 10,3/10_MA_CBL,8/30/07,12:00,15:00,,180.00,,,,,,,,"Chiu, Albert, Greg Wikler, Ingrid Bran, Joe Prijyanonda, Sharon Yoshida, Kelly Smith, Mary Ann Piette, Sila Kiliccote, Girish Ghatikar, and Chuck Thomas. 2007. 2007 Auto-DR Program, Task 13 Deliverable, Auto-DR Assessment Study."
Customer 10,3/10_MA_CBL,8/30/07,15:00,18:00,,268.00,,,,,,,,"Chiu, Albert, Greg Wikler, Ingrid Bran, Joe Prijyanonda, Sharon Yoshida, Kelly Smith, Mary Ann Piette, Sila Kiliccote, Girish Ghatikar, and Chuck Thomas. 2007. 2007 Auto-DR Program, Task 13 Deliverable, Auto-DR Assessment Study."
Customer 10,3/10_MA_CBL,8/30/07,12:00,18:00,,224.00,,,0.21,,,0.65,,"Chiu, Albert, Greg Wikler, Ingrid Bran, Joe Prijyanonda, Sharon Yoshida, Kelly Smith, Mary Ann Piette, Sila Kiliccote, Girish Ghatikar, and Chuck Thomas. 2007. 2007 Auto-DR Program, Task 13 Deliverable, Auto-DR Assessment Study."
Customer 10,OAT_CBL,8/30/07,12:00,15:00,,217.00,,,,,,,,"Chiu, Albert, Greg Wikler, Ingrid Bran, Joe Prijyanonda, Sharon Yoshida, Kelly Smith, Mary Ann Piette, Sila Kiliccote, Girish Ghatikar, and Chuck Thomas. 2007. 2007 Auto-DR Program, Task 13 Deliverable, Auto-DR Assessment Study."
Customer 10,OAT_CBL,8/30/07,15:00,18:00,,240.00,,,,,,,,"Chiu, Albert, Greg Wikler, Ingrid Bran, Joe Prijyanonda, Sharon Yoshida, Kelly Smith, Mary Ann Piette, Sila Kiliccote, Girish Ghatikar, and Chuck Thomas. 2007. 2007 Auto-DR Program, Task 13 Deliverable, Auto-DR Assessment Study."
Customer 10,OAT_CBL,8/30/07,12:00,18:00,,228.50,,,0.20,,,0.58,,"Chiu, Albert, Greg Wikler, Ingrid Bran, Joe Prijyanonda, Sharon Yoshida, Kelly Smith, Mary Ann Piette, Sila Kiliccote, Girish Ghatikar, and Chuck Thomas. 2007. 2007 Auto-DR Program, Task 13 Deliverable, Auto-DR Assessment Study."
NetApp,3/10_CBL,5/15/08,12:00,13:00,,-315.00,,,-0.04,,,,,"Ghatikar, G., Piette, M. A., Fujita, S., McKane, A., Dudley, J. H., Radspieler, A., … Shroyer, D. (2009). Demand Response and Open Automated Demand Response Opportunities for Data Centers. https://doi.org/10.2172/981725"
NetApp,3/10_CBL,5/15/08,13:00,14:00,,-261.00,,,-0.03,,,,,"Ghatikar, G., Piette, M. A., Fujita, S., McKane, A., Dudley, J. H., Radspieler, A., … Shroyer, D. (2009). Demand Response and Open Automated Demand Response Opportunities for Data Centers. https://doi.org/10.2172/981726"
NetApp,3/10_CBL,5/15/08,14:00,15:00,,-492.00,,,-0.06,,,,,"Ghatikar, G., Piette, M. A., Fujita, S., McKane, A., Dudley, J. H., Radspieler, A., … Shroyer, D. (2009). Demand Response and Open Automated Demand Response Opportunities for Data Centers. https://doi.org/10.2172/981727"
NetApp,3/10_CBL,5/15/08,15:00,16:00,,-542.00,,,-0.07,,,,,"Ghatikar, G., Piette, M. A., Fujita, S., McKane, A., Dudley, J. H., Radspieler, A., … Shroyer, D. (2009). Demand Response and Open Automated Demand Response Opportunities for Data Centers. https://doi.org/10.2172/981728"
NetApp,3/10_CBL,5/15/08,16:00,17:00,,-745.00,,,-0.09,,,,,"Ghatikar, G., Piette, M. A., Fujita, S., McKane, A., Dudley, J. H., Radspieler, A., … Shroyer, D. (2009). Demand Response and Open Automated Demand Response Opportunities for Data Centers. https://doi.org/10.2172/981729"
NetApp,3/10_CBL,5/15/08,17:00,18:00,,-795.00,,,-0.10,,,,,"Ghatikar, G., Piette, M. A., Fujita, S., McKane, A., Dudley, J. H., Radspieler, A., … Shroyer, D. (2009). Demand Response and Open Automated Demand Response Opportunities for Data Centers. https://doi.org/10.2172/981730"
NetApp,3/10_CBL,5/15/08,18:00,19:00,,-696.00,,,-0.09,,,,,"Ghatikar, G., Piette, M. A., Fujita, S., McKane, A., Dudley, J. H., Radspieler, A., … Shroyer, D. (2009). Demand Response and Open Automated Demand Response Opportunities for Data Centers. https://doi.org/10.2172/981731"
NetApp,3/10_CBL,5/15/08,19:00,20:00,,-689.00,,,-0.10,,,,,"Ghatikar, G., Piette, M. A., Fujita, S., McKane, A., Dudley, J. H., Radspieler, A., … Shroyer, D. (2009). Demand Response and Open Automated Demand Response Opportunities for Data Centers. https://doi.org/10.2172/981732"
NetApp,3/10_CBL,5/15/08,12:00,20:00,,-567.00,,,-0.07,,,,,"Ghatikar, G., Piette, M. A., Fujita, S., McKane, A., Dudley, J. H., Radspieler, A., … Shroyer, D. (2009). Demand Response and Open Automated Demand Response Opportunities for Data Centers. https://doi.org/10.2172/981733"
NetApp,3/10_MA_CBL,5/15/08,12:00,13:00,,710.00,,,0.08,,,,,"Ghatikar, G., Piette, M. A., Fujita, S., McKane, A., Dudley, J. H., Radspieler, A., … Shroyer, D. (2009). Demand Response and Open Automated Demand Response Opportunities for Data Centers. https://doi.org/10.2172/981734"
NetApp,3/10_MA_CBL,5/15/08,13:00,14:00,,771.00,,,0.09,,,,,"Ghatikar, G., Piette, M. A., Fujita, S., McKane, A., Dudley, J. H., Radspieler, A., … Shroyer, D. (2009). Demand Response and Open Automated Demand Response Opportunities for Data Centers. https://doi.org/10.2172/981735"
NetApp,3/10_MA_CBL,5/15/08,14:00,15:00,,558.00,,,0.06,,,,,"Ghatikar, G., Piette, M. A., Fujita, S., McKane, A., Dudley, J. H., Radspieler, A., … Shroyer, D. (2009). Demand Response and Open Automated Demand Response Opportunities for Data Centers. https://doi.org/10.2172/981736"
NetApp,3/10_MA_CBL,5/15/08,15:00,16:00,,515.00,,,0.06,,,,,"Ghatikar, G., Piette, M. A., Fujita, S., McKane, A., Dudley, J. H., Radspieler, A., … Shroyer, D. (2009). Demand Response and Open Automated Demand Response Opportunities for Data Centers. https://doi.org/10.2172/981737"
NetApp,3/10_MA_CBL,5/15/08,16:00,17:00,,312.00,,,0.03,,,,,"Ghatikar, G., Piette, M. A., Fujita, S., McKane, A., Dudley, J. H., Radspieler, A., … Shroyer, D. (2009). Demand Response and Open Automated Demand Response Opportunities for Data Centers. https://doi.org/10.2172/981738"
NetApp,3/10_MA_CBL,5/15/08,17:00,18:00,,242.00,,,0.03,,,,,"Ghatikar, G., Piette, M. A., Fujita, S., McKane, A., Dudley, J. H., Radspieler, A., … Shroyer, D. (2009). Demand Response and Open Automated Demand Response Opportunities for Data Centers. https://doi.org/10.2172/981739"
NetApp,3/10_MA_CBL,5/15/08,18:00,19:00,,284.00,,,0.03,,,,,"Ghatikar, G., Piette, M. A., Fujita, S., McKane, A., Dudley, J. H., Radspieler, A., … Shroyer, D. (2009). Demand Response and Open Automated Demand Response Opportunities for Data Centers. https://doi.org/10.2172/981740"
NetApp,3/10_MA_CBL,5/15/08,19:00,20:00,,226.00,,,0.03,,,,,"Ghatikar, G., Piette, M. A., Fujita, S., McKane, A., Dudley, J. H., Radspieler, A., … Shroyer, D. (2009). Demand Response and Open Automated Demand Response Opportunities for Data Centers. https://doi.org/10.2172/981741"
NetApp,3/10_MA_CBL,5/15/08,12:00,20:00,,452.00,,,0.05,,,,,"Ghatikar, G., Piette, M. A., Fujita, S., McKane, A., Dudley, J. H., Radspieler, A., … Shroyer, D. (2009). Demand Response and Open Automated Demand Response Opportunities for Data Centers. https://doi.org/10.2172/981742"
NetApp,OAT_MA_CBL,5/15/08,12:00,13:00,,569.00,,,0.07,,,,,"Ghatikar, G., Piette, M. A., Fujita, S., McKane, A., Dudley, J. H., Radspieler, A., … Shroyer, D. (2009). Demand Response and Open Automated Demand Response Opportunities for Data Centers. https://doi.org/10.2172/981743"
NetApp,OAT_MA_CBL,5/15/08,13:00,14:00,,608.00,,,0.07,,,,,"Ghatikar, G., Piette, M. A., Fujita, S., McKane, A., Dudley, J. H., Radspieler, A., … Shroyer, D. (2009). Demand Response and Open Automated Demand Response Opportunities for Data Centers. https://doi.org/10.2172/981744"
NetApp,OAT_MA_CBL,5/15/08,14:00,15:00,,381.00,,,0.04,,,,,"Ghatikar, G., Piette, M. A., Fujita, S., McKane, A., Dudley, J. H., Radspieler, A., … Shroyer, D. (2009). Demand Response and Open Automated Demand Response Opportunities for Data Centers. https://doi.org/10.2172/981745"
NetApp,OAT_MA_CBL,5/15/08,15:00,16:00,,481.00,,,0.05,,,,,"Ghatikar, G., Piette, M. A., Fujita, S., McKane, A., Dudley, J. H., Radspieler, A., … Shroyer, D. (2009). Demand Response and Open Automated Demand Response Opportunities for Data Centers. https://doi.org/10.2172/981746"
NetApp,OAT_MA_CBL,5/15/08,16:00,17:00,,392.00,,,0.04,,,,,"Ghatikar, G., Piette, M. A., Fujita, S., McKane, A., Dudley, J. H., Radspieler, A., … Shroyer, D. (2009). Demand Response and Open Automated Demand Response Opportunities for Data Centers. https://doi.org/10.2172/981747"
NetApp,OAT_MA_CBL,5/15/08,17:00,18:00,,559.00,,,0.06,,,,,"Ghatikar, G., Piette, M. A., Fujita, S., McKane, A., Dudley, J. H., Radspieler, A., … Shroyer, D. (2009). Demand Response and Open Automated Demand Response Opportunities for Data Centers. https://doi.org/10.2172/981748"
NetApp,OAT_MA_CBL,5/15/08,18:00,19:00,,320.00,,,0.04,,,,,"Ghatikar, G., Piette, M. A., Fujita, S., McKane, A., Dudley, J. H., Radspieler, A., … Shroyer, D. (2009). Demand Response and Open Automated Demand Response Opportunities for Data Centers. https://doi.org/10.2172/981749"
NetApp,OAT_MA_CBL,5/15/08,19:00,20:00,,84.00,,,0.01,,,,,"Ghatikar, G., Piette, M. A., Fujita, S., McKane, A., Dudley, J. H., Radspieler, A., … Shroyer, D. (2009). Demand Response and Open Automated Demand Response Opportunities for Data Centers. https://doi.org/10.2172/981750"
NetApp,OAT_MA_CBL,5/15/08,12:00,20:00,,424.00,,,0.05,,,,,"Ghatikar, G., Piette, M. A., Fujita, S., McKane, A., Dudley, J. H., Radspieler, A., … Shroyer, D. (2009). Demand Response and Open Automated Demand Response Opportunities for Data Centers. https://doi.org/10.2172/981751"
NetApp,3/10_CBL,5/16/08,12:00,13:00,,-102.00,,,-0.01,,,,,"Ghatikar, G., Piette, M. A., Fujita, S., McKane, A., Dudley, J. H., Radspieler, A., … Shroyer, D. (2009). Demand Response and Open Automated Demand Response Opportunities for Data Centers. https://doi.org/10.2172/981752"
NetApp,3/10_CBL,5/16/08,13:00,14:00,,-268.00,,,-0.03,,,,,"Ghatikar, G., Piette, M. A., Fujita, S., McKane, A., Dudley, J. H., Radspieler, A., … Shroyer, D. (2009). Demand Response and Open Automated Demand Response Opportunities for Data Centers. https://doi.org/10.2172/981753"
NetApp,3/10_CBL,5/16/08,14:00,15:00,,-193.00,,,-0.02,,,,,"Ghatikar, G., Piette, M. A., Fujita, S., McKane, A., Dudley, J. H., Radspieler, A., … Shroyer, D. (2009). Demand Response and Open Automated Demand Response Opportunities for Data Centers. https://doi.org/10.2172/981754"
NetApp,3/10_CBL,5/16/08,15:00,16:00,,-202.00,,,-0.03,,,,,"Ghatikar, G., Piette, M. A., Fujita, S., McKane, A., Dudley, J. H., Radspieler, A., … Shroyer, D. (2009). Demand Response and Open Automated Demand Response Opportunities for Data Centers. https://doi.org/10.2172/981755"
NetApp,3/10_CBL,5/16/08,16:00,17:00,,-275.00,,,-0.03,,,,,"Ghatikar, G., Piette, M. A., Fujita, S., McKane, A., Dudley, J. H., Radspieler, A., … Shroyer, D. (2009). Demand Response and Open Automated Demand Response Opportunities for Data Centers. https://doi.org/10.2172/981756"
NetApp,3/10_CBL,5/16/08,17:00,18:00,,-199.00,,,-0.03,,,,,"Ghatikar, G., Piette, M. A., Fujita, S., McKane, A., Dudley, J. H., Radspieler, A., … Shroyer, D. (2009). Demand Response and Open Automated Demand Response Opportunities for Data Centers. https://doi.org/10.2172/981757"
NetApp,3/10_CBL,5/16/08,18:00,19:00,,-336.00,,,-0.04,,,,,"Ghatikar, G., Piette, M. A., Fujita, S., McKane, A., Dudley, J. H., Radspieler, A., … Shroyer, D. (2009). Demand Response and Open Automated Demand Response Opportunities for Data Centers. https://doi.org/10.2172/981758"
NetApp,3/10_CBL,5/16/08,19:00,20:00,,-238.00,,,-0.03,,,,,"Ghatikar, G., Piette, M. A., Fujita, S., McKane, A., Dudley, J. H., Radspieler, A., … Shroyer, D. (2009). Demand Response and Open Automated Demand Response Opportunities for Data Centers. https://doi.org/10.2172/981759"
NetApp,3/10_CBL,5/16/08,12:00,20:00,,-227.00,,,-0.03,,,,,"Ghatikar, G., Piette, M. A., Fujita, S., McKane, A., Dudley, J. H., Radspieler, A., … Shroyer, D. (2009). Demand Response and Open Automated Demand Response Opportunities for Data Centers. https://doi.org/10.2172/981760"
NetApp,3/10_MA_CBL,5/16/08,12:00,13:00,,978.00,,,0.11,,,,,"Ghatikar, G., Piette, M. A., Fujita, S., McKane, A., Dudley, J. H., Radspieler, A., … Shroyer, D. (2009). Demand Response and Open Automated Demand Response Opportunities for Data Centers. https://doi.org/10.2172/981761"
NetApp,3/10_MA_CBL,5/16/08,13:00,14:00,,819.00,,,0.09,,,,,"Ghatikar, G., Piette, M. A., Fujita, S., McKane, A., Dudley, J. H., Radspieler, A., … Shroyer, D. (2009). Demand Response and Open Automated Demand Response Opportunities for Data Centers. https://doi.org/10.2172/981762"
NetApp,3/10_MA_CBL,5/16/08,14:00,15:00,,914.00,,,0.10,,,,,"Ghatikar, G., Piette, M. A., Fujita, S., McKane, A., Dudley, J. H., Radspieler, A., … Shroyer, D. (2009). Demand Response and Open Automated Demand Response Opportunities for Data Centers. https://doi.org/10.2172/981763"
NetApp,3/10_MA_CBL,5/16/08,15:00,16:00,,912.00,,,0.10,,,,,"Ghatikar, G., Piette, M. A., Fujita, S., McKane, A., Dudley, J. H., Radspieler, A., … Shroyer, D. (2009). Demand Response and Open Automated Demand Response Opportunities for Data Centers. https://doi.org/10.2172/981764"
NetApp,3/10_MA_CBL,5/16/08,16:00,17:00,,838.00,,,0.09,,,,,"Ghatikar, G., Piette, M. A., Fujita, S., McKane, A., Dudley, J. H., Radspieler, A., … Shroyer, D. (2009). Demand Response and Open Automated Demand Response Opportunities for Data Centers. https://doi.org/10.2172/981765"
NetApp,3/10_MA_CBL,5/16/08,17:00,18:00,,895.00,,,0.10,,,,,"Ghatikar, G., Piette, M. A., Fujita, S., McKane, A., Dudley, J. H., Radspieler, A., … Shroyer, D. (2009). Demand Response and Open Automated Demand Response Opportunities for Data Centers. https://doi.org/10.2172/981766"
NetApp,3/10_MA_CBL,5/16/08,18:00,19:00,,697.00,,,0.08,,,,,"Ghatikar, G., Piette, M. A., Fujita, S., McKane, A., Dudley, J. H., Radspieler, A., … Shroyer, D. (2009). Demand Response and Open Automated Demand Response Opportunities for Data Centers. https://doi.org/10.2172/981767"
NetApp,3/10_MA_CBL,5/16/08,19:00,20:00,,726.00,,,0.09,,,,,"Ghatikar, G., Piette, M. A., Fujita, S., McKane, A., Dudley, J. H., Radspieler, A., … Shroyer, D. (2009). Demand Response and Open Automated Demand Response Opportunities for Data Centers. https://doi.org/10.2172/981768"
NetApp,3/10_MA_CBL,5/16/08,12:00,20:00,,847.00,,,0.10,,,,,"Ghatikar, G., Piette, M. A., Fujita, S., McKane, A., Dudley, J. H., Radspieler, A., … Shroyer, D. (2009). Demand Response and Open Automated Demand Response Opportunities for Data Centers. https://doi.org/10.2172/981769"
NetApp,OAT_MA_CBL,5/16/08,12:00,13:00,,998.00,,,0.11,,,,,"Ghatikar, G., Piette, M. A., Fujita, S., McKane, A., Dudley, J. H., Radspieler, A., … Shroyer, D. (2009). Demand Response and Open Automated Demand Response Opportunities for Data Centers. https://doi.org/10.2172/981770"
NetApp,OAT_MA_CBL,5/16/08,13:00,14:00,,746.00,,,0.08,,,,,"Ghatikar, G., Piette, M. A., Fujita, S., McKane, A., Dudley, J. H., Radspieler, A., … Shroyer, D. (2009). Demand Response and Open Automated Demand Response Opportunities for Data Centers. https://doi.org/10.2172/981771"
NetApp,OAT_MA_CBL,5/16/08,14:00,15:00,,642.00,,,0.07,,,,,"Ghatikar, G., Piette, M. A., Fujita, S., McKane, A., Dudley, J. H., Radspieler, A., … Shroyer, D. (2009). Demand Response and Open Automated Demand Response Opportunities for Data Centers. https://doi.org/10.2172/981772"
NetApp,OAT_MA_CBL,5/16/08,15:00,16:00,,614.00,,,0.07,,,,,"Ghatikar, G., Piette, M. A., Fujita, S., McKane, A., Dudley, J. H., Radspieler, A., … Shroyer, D. (2009). Demand Response and Open Automated Demand Response Opportunities for Data Centers. https://doi.org/10.2172/981773"
NetApp,OAT_MA_CBL,5/16/08,16:00,17:00,,534.00,,,0.06,,,,,"Ghatikar, G., Piette, M. A., Fujita, S., McKane, A., Dudley, J. H., Radspieler, A., … Shroyer, D. (2009). Demand Response and Open Automated Demand Response Opportunities for Data Centers. https://doi.org/10.2172/981774"
NetApp,OAT_MA_CBL,5/16/08,17:00,18:00,,668.00,,,0.08,,,,,"Ghatikar, G., Piette, M. A., Fujita, S., McKane, A., Dudley, J. H., Radspieler, A., … Shroyer, D. (2009). Demand Response and Open Automated Demand Response Opportunities for Data Centers. https://doi.org/10.2172/981775"
NetApp,OAT_MA_CBL,5/16/08,18:00,19:00,,510.00,,,0.06,,,,,"Ghatikar, G., Piette, M. A., Fujita, S., McKane, A., Dudley, J. H., Radspieler, A., … Shroyer, D. (2009). Demand Response and Open Automated Demand Response Opportunities for Data Centers. https://doi.org/10.2172/981776"
NetApp,OAT_MA_CBL,5/16/08,19:00,20:00,,560.00,,,0.07,,,,,"Ghatikar, G., Piette, M. A., Fujita, S., McKane, A., Dudley, J. H., Radspieler, A., … Shroyer, D. (2009). Demand Response and Open Automated Demand Response Opportunities for Data Centers. https://doi.org/10.2172/981777"
NetApp,OAT_MA_CBL,5/16/08,12:00,20:00,,659.00,,,0.08,,,,,"Ghatikar, G., Piette, M. A., Fujita, S., McKane, A., Dudley, J. H., Radspieler, A., … Shroyer, D. (2009). Demand Response and Open Automated Demand Response Opportunities for Data Centers. https://doi.org/10.2172/981778"
NetApp,3/10_CBL,7/9/08,12:00,13:00,,,,,,,,,,"Ghatikar, G., Piette, M. A., Fujita, S., McKane, A., Dudley, J. H., Radspieler, A., … Shroyer, D. (2009). Demand Response and Open Automated Demand Response Opportunities for Data Centers. https://doi.org/10.2172/981779"
NetApp,3/10_CBL,7/9/08,13:00,14:00,,,,,,,,,,"Ghatikar, G., Piette, M. A., Fujita, S., McKane, A., Dudley, J. H., Radspieler, A., … Shroyer, D. (2009). Demand Response and Open Automated Demand Response Opportunities for Data Centers. https://doi.org/10.2172/981780"
NetApp,3/10_CBL,7/9/08,14:00,15:00,,626.00,,,0.06,,,,,"Ghatikar, G., Piette, M. A., Fujita, S., McKane, A., Dudley, J. H., Radspieler, A., … Shroyer, D. (2009). Demand Response and Open Automated Demand Response Opportunities for Data Centers. https://doi.org/10.2172/981781"
NetApp,3/10_CBL,7/9/08,15:00,16:00,,635.00,,,0.06,,,,,"Ghatikar, G., Piette, M. A., Fujita, S., McKane, A., Dudley, J. H., Radspieler, A., … Shroyer, D. (2009). Demand Response and Open Automated Demand Response Opportunities for Data Centers. https://doi.org/10.2172/981782"
NetApp,3/10_CBL,7/9/08,16:00,17:00,,261.00,,,0.02,,,,,"Ghatikar, G., Piette, M. A., Fujita, S., McKane, A., Dudley, J. H., Radspieler, A., … Shroyer, D. (2009). Demand Response and Open Automated Demand Response Opportunities for Data Centers. https://doi.org/10.2172/981783"
NetApp,3/10_CBL,7/9/08,17:00,18:00,,161.00,,,0.01,,,,,"Ghatikar, G., Piette, M. A., Fujita, S., McKane, A., Dudley, J. H., Radspieler, A., … Shroyer, D. (2009). Demand Response and Open Automated Demand Response Opportunities for Data Centers. https://doi.org/10.2172/981784"
NetApp,3/10_CBL,7/9/08,18:00,19:00,,,,,,,,,,"Ghatikar, G., Piette, M. A., Fujita, S., McKane, A., Dudley, J. H., Radspieler, A., … Shroyer, D. (2009). Demand Response and Open Automated Demand Response Opportunities for Data Centers. https://doi.org/10.2172/981785"
NetApp,3/10_CBL,7/9/08,19:00,20:00,,,,,,,,,,"Ghatikar, G., Piette, M. A., Fujita, S., McKane, A., Dudley, J. H., Radspieler, A., … Shroyer, D. (2009). Demand Response and Open Automated Demand Response Opportunities for Data Centers. https://doi.org/10.2172/981786"
NetApp,3/10_CBL,7/9/08,12:00,20:00,,421.00,,,0.04,,,,,"Ghatikar, G., Piette, M. A., Fujita, S., McKane, A., Dudley, J. H., Radspieler, A., … Shroyer, D. (2009). Demand Response and Open Automated Demand Response Opportunities for Data Centers. https://doi.org/10.2172/981787"
NetApp,3/10_MA_CBL,7/9/08,12:00,13:00,,,,,,,,,,"Ghatikar, G., Piette, M. A., Fujita, S., McKane, A., Dudley, J. H., Radspieler, A., … Shroyer, D. (2009). Demand Response and Open Automated Demand Response Opportunities for Data Centers. https://doi.org/10.2172/981788"
NetApp,3/10_MA_CBL,7/9/08,13:00,14:00,,,,,,,,,,"Ghatikar, G., Piette, M. A., Fujita, S., McKane, A., Dudley, J. H., Radspieler, A., … Shroyer, D. (2009). Demand Response and Open Automated Demand Response Opportunities for Data Centers. https://doi.org/10.2172/981789"
NetApp,3/10_MA_CBL,7/9/08,14:00,15:00,,883.00,,,0.08,,,,,"Ghatikar, G., Piette, M. A., Fujita, S., McKane, A., Dudley, J. H., Radspieler, A., … Shroyer, D. (2009). Demand Response and Open Automated Demand Response Opportunities for Data Centers. https://doi.org/10.2172/981790"
NetApp,3/10_MA_CBL,7/9/08,15:00,16:00,,891.00,,,0.08,,,,,"Ghatikar, G., Piette, M. A., Fujita, S., McKane, A., Dudley, J. H., Radspieler, A., … Shroyer, D. (2009). Demand Response and Open Automated Demand Response Opportunities for Data Centers. https://doi.org/10.2172/981791"
NetApp,3/10_MA_CBL,7/9/08,16:00,17:00,,512.00,,,0.04,,,,,"Ghatikar, G., Piette, M. A., Fujita, S., McKane, A., Dudley, J. H., Radspieler, A., … Shroyer, D. (2009). Demand Response and Open Automated Demand Response Opportunities for Data Centers. https://doi.org/10.2172/981792"
NetApp,3/10_MA_CBL,7/9/08,17:00,18:00,,405.00,,,0.04,,,,,"Ghatikar, G., Piette, M. A., Fujita, S., McKane, A., Dudley, J. H., Radspieler, A., … Shroyer, D. (2009). Demand Response and Open Automated Demand Response Opportunities for Data Centers. https://doi.org/10.2172/981793"
NetApp,3/10_MA_CBL,7/9/08,18:00,19:00,,,,,,,,,,"Ghatikar, G., Piette, M. A., Fujita, S., McKane, A., Dudley, J. H., Radspieler, A., … Shroyer, D. (2009). Demand Response and Open Automated Demand Response Opportunities for Data Centers. https://doi.org/10.2172/981794"
NetApp,3/10_MA_CBL,7/9/08,19:00,20:00,,,,,,,,,,"Ghatikar, G., Piette, M. A., Fujita, S., McKane, A., Dudley, J. H., Radspieler, A., … Shroyer, D. (2009). Demand Response and Open Automated Demand Response Opportunities for Data Centers. https://doi.org/10.2172/981795"
NetApp,3/10_MA_CBL,7/9/08,12:00,20:00,,672.00,,,0.06,,,,,"Ghatikar, G., Piette, M. A., Fujita, S., McKane, A., Dudley, J. H., Radspieler, A., … Shroyer, D. (2009). Demand Response and Open Automated Demand Response Opportunities for Data Centers. https://doi.org/10.2172/981796"
NetApp,OAT_MA_CBL,7/9/08,12:00,13:00,,,,,,,,,,"Ghatikar, G., Piette, M. A., Fujita, S., McKane, A., Dudley, J. H., Radspieler, A., … Shroyer, D. (2009). Demand Response and Open Automated Demand Response Opportunities for Data Centers. https://doi.org/10.2172/981797"
NetApp,OAT_MA_CBL,7/9/08,13:00,14:00,,,,,,,,,,"Ghatikar, G., Piette, M. A., Fujita, S., McKane, A., Dudley, J. H., Radspieler, A., … Shroyer, D. (2009). Demand Response and Open Automated Demand Response Opportunities for Data Centers. https://doi.org/10.2172/981798"
NetApp,OAT_MA_CBL,7/9/08,14:00,15:00,,544.00,,,0.06,,,,,"Ghatikar, G., Piette, M. A., Fujita, S., McKane, A., Dudley, J. H., Radspieler, A., … Shroyer, D. (2009). Demand Response and Open Automated Demand Response Opportunities for Data Centers. https://doi.org/10.2172/981799"
NetApp,OAT_MA_CBL,7/9/08,15:00,16:00,,615.00,,,0.07,,,,,"Ghatikar, G., Piette, M. A., Fujita, S., McKane, A., Dudley, J. H., Radspieler, A., … Shroyer, D. (2009). Demand Response and Open Automated Demand Response Opportunities for Data Centers. https://doi.org/10.2172/981800"
NetApp,OAT_MA_CBL,7/9/08,16:00,17:00,,433.00,,,0.05,,,,,"Ghatikar, G., Piette, M. A., Fujita, S., McKane, A., Dudley, J. H., Radspieler, A., … Shroyer, D. (2009). Demand Response and Open Automated Demand Response Opportunities for Data Centers. https://doi.org/10.2172/981801"
NetApp,OAT_MA_CBL,7/9/08,17:00,18:00,,456.00,,,0.05,,,,,"Ghatikar, G., Piette, M. A., Fujita, S., McKane, A., Dudley, J. H., Radspieler, A., … Shroyer, D. (2009). Demand Response and Open Automated Demand Response Opportunities for Data Centers. https://doi.org/10.2172/981802"
NetApp,OAT_MA_CBL,7/9/08,18:00,19:00,,,,,,,,,,"Ghatikar, G., Piette, M. A., Fujita, S., McKane, A., Dudley, J. H., Radspieler, A., … Shroyer, D. (2009). Demand Response and Open Automated Demand Response Opportunities for Data Centers. https://doi.org/10.2172/981803"
NetApp,OAT_MA_CBL,7/9/08,19:00,20:00,,,,,,,,,,"Ghatikar, G., Piette, M. A., Fujita, S., McKane, A., Dudley, J. H., Radspieler, A., … Shroyer, D. (2009). Demand Response and Open Automated Demand Response Opportunities for Data Centers. https://doi.org/10.2172/981804"
NetApp,OAT_MA_CBL,7/9/08,12:00,20:00,,512.00,,,0.06,,,,,"Ghatikar, G., Piette, M. A., Fujita, S., McKane, A., Dudley, J. H., Radspieler, A., … Shroyer, D. (2009). Demand Response and Open Automated Demand Response Opportunities for Data Centers. https://doi.org/10.2172/981805"
NetApp,10/10_MA_CBL,11/19/11,14:30,17:00,,210.00,,,0.41,,,,,"Ghatikar, Girish, Venkata Ganti, Nance Matson, and Mary Ann Piette. 2012. Demand Response Opportunities and Enabling Technologies for Data Centers: Findings from Field Studies."
NetApp,10/10_MA_CBL,11/21/11,12:00,13:00,,,,,,,,,,"Ghatikar, Girish, Venkata Ganti, Nance Matson, and Mary Ann Piette. 2012. Demand Response Opportunities and Enabling Technologies for Data Centers: Findings from Field Studies."
NetApp,10/10_MA_CBL,1/13/12,14:00,16:00,,10.00,,,0.02,,,,,"Ghatikar, Girish, Venkata Ganti, Nance Matson, and Mary Ann Piette. 2012. Demand Response Opportunities and Enabling Technologies for Data Centers: Findings from Field Studies."
NetApp,10/10_MA_CBL,1/11/12,13:00,15:00,,247.00,,,0.49,,,,,"Ghatikar, Girish, Venkata Ganti, Nance Matson, and Mary Ann Piette. 2012. Demand Response Opportunities and Enabling Technologies for Data Centers: Findings from Field Studies."
LBNL 50B,10/10_MA_CBL,10/28/11,8:00,17:00,,42.00,,,0.25,,,,,"Ghatikar, Girish, Venkata Ganti, Nance Matson, and Mary Ann Piette. 2012. Demand Response Opportunities and Enabling Technologies for Data Centers: Findings from Field Studies."
LBNL 50B,10/10_MA_CBL,11/1/11,0:00,6:00,,17.00,,,0.10,,,,,"Ghatikar, Girish, Venkata Ganti, Nance Matson, and Mary Ann Piette. 2012. Demand Response Opportunities and Enabling Technologies for Data Centers: Findings from Field Studies."
LBNL 50B,10/10_MA_CBL,11/16/11,12:35,0:00,,52.00,,,0.31,,,,,"Ghatikar, Girish, Venkata Ganti, Nance Matson, and Mary Ann Piette. 2012. Demand Response Opportunities and Enabling Technologies for Data Centers: Findings from Field Studies."
LBNL 50B,10/10_MA_CBL,12/2/2011-12/3/2011,15:40,0:00,,9.00,,,0.15,,,,,"Ghatikar, Girish, Venkata Ganti, Nance Matson, and Mary Ann Piette. 2012. Demand Response Opportunities and Enabling Technologies for Data Centers: Findings from Field Studies."
Three Carnegie Plaza,OAT_MA_CBL,7/9/08,12:00,15:00,56.60,24.60,,0.24,0.10,,0.68,0.29,,"Yin, Rongxin, Peng Xu, Mary Ann Piette, and Sila Kiliccote. 2010. “Study on Auto-DR and Pre-Cooling of Commercial Buildings with Thermal Mass in California.” Energy and Buildings 42(7):967–75."
Three Carnegie Plaza,OAT_MA_CBL,7/9/08,15:00,18:00,31.70,-37.60,,0.13,-0.16,,0.38,-0.45,,"Yin, Rongxin, Peng Xu, Mary Ann Piette, and Sila Kiliccote. 2010. “Study on Auto-DR and Pre-Cooling of Commercial Buildings with Thermal Mass in California.” Energy and Buildings 42(7):967–75."
Three Carnegie Plaza,OAT_MA_CBL,7/10/08,12:00,15:00,43.20,4.30,,0.18,0.02,,0.52,0.05,,"Yin, Rongxin, Peng Xu, Mary Ann Piette, and Sila Kiliccote. 2010. “Study on Auto-DR and Pre-Cooling of Commercial Buildings with Thermal Mass in California.” Energy and Buildings 42(7):967–75."
Three Carnegie Plaza,OAT_MA_CBL,7/10/08,15:00,18:00,48.00,-23.20,,0.20,-0.10,,0.57,-0.28,,"Yin, Rongxin, Peng Xu, Mary Ann Piette, and Sila Kiliccote. 2010. “Study on Auto-DR and Pre-Cooling of Commercial Buildings with Thermal Mass in California.” Energy and Buildings 42(7):967–75."
Three Carnegie Plaza,OAT_MA_CBL,7/21/08,12:00,15:00,2.90,-11.40,,0.01,-0.05,,0.03,-0.14,,"Yin, Rongxin, Peng Xu, Mary Ann Piette, and Sila Kiliccote. 2010. “Study on Auto-DR and Pre-Cooling of Commercial Buildings with Thermal Mass in California.” Energy and Buildings 42(7):967–75."
Three Carnegie Plaza,OAT_MA_CBL,7/21/08,15:00,18:00,20.20,-20.90,,0.08,-0.09,,0.24,-0.25,,"Yin, Rongxin, Peng Xu, Mary Ann Piette, and Sila Kiliccote. 2010. “Study on Auto-DR and Pre-Cooling of Commercial Buildings with Thermal Mass in California.” Energy and Buildings 42(7):967–75."
Three Carnegie Plaza,OAT_MA_CBL,8/1/08,12:00,15:00,63.40,50.60,,0.27,0.21,,0.76,0.60,,"Yin, Rongxin, Peng Xu, Mary Ann Piette, and Sila Kiliccote. 2010. “Study on Auto-DR and Pre-Cooling of Commercial Buildings with Thermal Mass in California.” Energy and Buildings 42(7):967–75."
Three Carnegie Plaza,OAT_MA_CBL,8/1/08,15:00,18:00,68.20,51.60,,0.29,0.22,,0.81,0.62,,"Yin, Rongxin, Peng Xu, Mary Ann Piette, and Sila Kiliccote. 2010. “Study on Auto-DR and Pre-Cooling of Commercial Buildings with Thermal Mass in California.” Energy and Buildings 42(7):967–75."
Three Carnegie Plaza,OAT_MA_CBL,8/5/08,12:00,15:00,69.10,54.50,,0.27,0.21,,0.83,0.65,,"Yin, Rongxin, Peng Xu, Mary Ann Piette, and Sila Kiliccote. 2010. “Study on Auto-DR and Pre-Cooling of Commercial Buildings with Thermal Mass in California.” Energy and Buildings 42(7):967–75."
Three Carnegie Plaza,OAT_MA_CBL,8/5/08,15:00,18:00,86.40,54.20,,0.34,0.21,,1.03,0.65,,"Yin, Rongxin, Peng Xu, Mary Ann Piette, and Sila Kiliccote. 2010. “Study on Auto-DR and Pre-Cooling of Commercial Buildings with Thermal Mass in California.” Energy and Buildings 42(7):967–75."
Three Carnegie Plaza,OAT_MA_CBL,8/6/08,12:00,15:00,71.00,50.50,,0.28,0.20,,0.85,0.60,,"Yin, Rongxin, Peng Xu, Mary Ann Piette, and Sila Kiliccote. 2010. “Study on Auto-DR and Pre-Cooling of Commercial Buildings with Thermal Mass in California.” Energy and Buildings 42(7):967–75."
Three Carnegie Plaza,OAT_MA_CBL,8/6/08,15:00,18:00,64.30,45.00,,0.25,0.18,,0.77,0.54,,"Yin, Rongxin, Peng Xu, Mary Ann Piette, and Sila Kiliccote. 2010. “Study on Auto-DR and Pre-Cooling of Commercial Buildings with Thermal Mass in California.” Energy and Buildings 42(7):967–75."
Three Carnegie Plaza,OAT_MA_CBL,8/11/08,12:00,15:00,111.40,101.10,,0.36,0.33,,1.33,1.21,,"Yin, Rongxin, Peng Xu, Mary Ann Piette, and Sila Kiliccote. 2010. “Study on Auto-DR and Pre-Cooling of Commercial Buildings with Thermal Mass in California.” Energy and Buildings 42(7):967–75."
Three Carnegie Plaza,OAT_MA_CBL,8/11/08,15:00,18:00,84.50,50.60,,0.27,0.16,,1.01,0.61,,"Yin, Rongxin, Peng Xu, Mary Ann Piette, and Sila Kiliccote. 2010. “Study on Auto-DR and Pre-Cooling of Commercial Buildings with Thermal Mass in California.” Energy and Buildings 42(7):967–75."
Three Carnegie Plaza,OAT_MA_CBL,8/12/08,12:00,15:00,90.20,77.50,,0.29,0.25,,1.08,0.93,,"Yin, Rongxin, Peng Xu, Mary Ann Piette, and Sila Kiliccote. 2010. “Study on Auto-DR and Pre-Cooling of Commercial Buildings with Thermal Mass in California.” Energy and Buildings 42(7):967–75."
Three Carnegie Plaza,OAT_MA_CBL,8/12/08,15:00,18:00,66.20,32.80,,0.21,0.11,,0.79,0.39,,"Yin, Rongxin, Peng Xu, Mary Ann Piette, and Sila Kiliccote. 2010. “Study on Auto-DR and Pre-Cooling of Commercial Buildings with Thermal Mass in California.” Energy and Buildings 42(7):967–75."
Three Carnegie Plaza,OAT_MA_CBL,8/27/08,12:00,15:00,82.60,66.10,,0.28,0.22,,0.99,0.79,,"Yin, Rongxin, Peng Xu, Mary Ann Piette, and Sila Kiliccote. 2010. “Study on Auto-DR and Pre-Cooling of Commercial Buildings with Thermal Mass in California.” Energy and Buildings 42(7):967–75."
Three Carnegie Plaza,OAT_MA_CBL,8/27/08,15:00,18:00,72.00,56.40,,0.25,0.19,,0.86,0.67,,"Yin, Rongxin, Peng Xu, Mary Ann Piette, and Sila Kiliccote. 2010. “Study on Auto-DR and Pre-Cooling of Commercial Buildings with Thermal Mass in California.” Energy and Buildings 42(7):967–75."
Three Carnegie Plaza,OAT_MA_CBL,8/28/08,12:00,15:00,74.90,59.20,,0.25,0.20,,0.89,0.71,,"Yin, Rongxin, Peng Xu, Mary Ann Piette, and Sila Kiliccote. 2010. “Study on Auto-DR and Pre-Cooling of Commercial Buildings with Thermal Mass in California.” Energy and Buildings 42(7):967–75."
Three Carnegie Plaza,OAT_MA_CBL,8/28/08,15:00,18:00,63.40,43.20,,0.22,0.15,,0.76,0.52,,"Yin, Rongxin, Peng Xu, Mary Ann Piette, and Sila Kiliccote. 2010. “Study on Auto-DR and Pre-Cooling of Commercial Buildings with Thermal Mass in California.” Energy and Buildings 42(7):967–75."
Three Carnegie Plaza,OAT_MA_CBL,9/3/08,12:00,15:00,64.30,51.30,,0.23,0.18,,0.77,0.61,,"Yin, Rongxin, Peng Xu, Mary Ann Piette, and Sila Kiliccote. 2010. “Study on Auto-DR and Pre-Cooling of Commercial Buildings with Thermal Mass in California.” Energy and Buildings 42(7):967–75."
Three Carnegie Plaza,OAT_MA_CBL,9/3/08,15:00,18:00,58.60,37.20,,0.21,0.13,,0.70,0.44,,"Yin, Rongxin, Peng Xu, Mary Ann Piette, and Sila Kiliccote. 2010. “Study on Auto-DR and Pre-Cooling of Commercial Buildings with Thermal Mass in California.” Energy and Buildings 42(7):967–75."
Two Carnegie Plaza,OAT_MA_CBL,7/9/08,12:00,15:00,45.10,18.20,,0.15,0.06,,0.54,0.22,,"Yin, Rongxin, Peng Xu, Mary Ann Piette, and Sila Kiliccote. 2010. “Study on Auto-DR and Pre-Cooling of Commercial Buildings with Thermal Mass in California.” Energy and Buildings 42(7):967–75."
Two Carnegie Plaza,OAT_MA_CBL,7/9/08,15:00,18:00,57.60,-8.20,,0.20,-0.03,,0.69,-0.10,,"Yin, Rongxin, Peng Xu, Mary Ann Piette, and Sila Kiliccote. 2010. “Study on Auto-DR and Pre-Cooling of Commercial Buildings with Thermal Mass in California.” Energy and Buildings 42(7):967–75."
Two Carnegie Plaza,OAT_MA_CBL,7/10/08,12:00,15:00,42.70,12.90,,0.15,0.04,,0.51,0.15,,"Yin, Rongxin, Peng Xu, Mary Ann Piette, and Sila Kiliccote. 2010. “Study on Auto-DR and Pre-Cooling of Commercial Buildings with Thermal Mass in California.” Energy and Buildings 42(7):967–75."
Two Carnegie Plaza,OAT_MA_CBL,7/10/08,15:00,18:00,55.20,0.80,,0.19,0.00,,0.66,0.01,,"Yin, Rongxin, Peng Xu, Mary Ann Piette, and Sila Kiliccote. 2010. “Study on Auto-DR and Pre-Cooling of Commercial Buildings with Thermal Mass in California.” Energy and Buildings 42(7):967–75."
Two Carnegie Plaza,OAT_MA_CBL,7/21/08,12:00,15:00,19.70,9.00,,0.07,0.03,,0.24,0.11,,"Yin, Rongxin, Peng Xu, Mary Ann Piette, and Sila Kiliccote. 2010. “Study on Auto-DR and Pre-Cooling of Commercial Buildings with Thermal Mass in California.” Energy and Buildings 42(7):967–75."
Two Carnegie Plaza,OAT_MA_CBL,7/21/08,15:00,18:00,18.70,-12.40,,0.06,-0.04,,0.22,-0.15,,"Yin, Rongxin, Peng Xu, Mary Ann Piette, and Sila Kiliccote. 2010. “Study on Auto-DR and Pre-Cooling of Commercial Buildings with Thermal Mass in California.” Energy and Buildings 42(7):967–75."
Two Carnegie Plaza,OAT_MA_CBL,8/1/08,12:00,15:00,30.20,19.10,,0.12,0.08,,0.36,0.23,,"Yin, Rongxin, Peng Xu, Mary Ann Piette, and Sila Kiliccote. 2010. “Study on Auto-DR and Pre-Cooling of Commercial Buildings with Thermal Mass in California.” Energy and Buildings 42(7):967–75."
Two Carnegie Plaza,OAT_MA_CBL,8/1/08,15:00,18:00,30.70,17.40,,0.13,0.07,,0.37,0.21,,"Yin, Rongxin, Peng Xu, Mary Ann Piette, and Sila Kiliccote. 2010. “Study on Auto-DR and Pre-Cooling of Commercial Buildings with Thermal Mass in California.” Energy and Buildings 42(7):967–75."
Two Carnegie Plaza,OAT_MA_CBL,8/5/08,12:00,15:00,43.70,21.90,,0.17,0.08,,0.52,0.26,,"Yin, Rongxin, Peng Xu, Mary Ann Piette, and Sila Kiliccote. 2010. “Study on Auto-DR and Pre-Cooling of Commercial Buildings with Thermal Mass in California.” Energy and Buildings 42(7):967–75."
Two Carnegie Plaza,OAT_MA_CBL,8/5/08,15:00,18:00,47.50,22.60,,0.18,0.09,,0.57,0.27,,"Yin, Rongxin, Peng Xu, Mary Ann Piette, and Sila Kiliccote. 2010. “Study on Auto-DR and Pre-Cooling of Commercial Buildings with Thermal Mass in California.” Energy and Buildings 42(7):967–75."
Two Carnegie Plaza,OAT_MA_CBL,8/6/08,12:00,15:00,32.60,14.70,,0.12,0.06,,0.39,0.18,,"Yin, Rongxin, Peng Xu, Mary Ann Piette, and Sila Kiliccote. 2010. “Study on Auto-DR and Pre-Cooling of Commercial Buildings with Thermal Mass in California.” Energy and Buildings 42(7):967–75."
Two Carnegie Plaza,OAT_MA_CBL,8/6/08,15:00,18:00,46.10,16.00,,0.17,0.06,,0.55,0.19,,"Yin, Rongxin, Peng Xu, Mary Ann Piette, and Sila Kiliccote. 2010. “Study on Auto-DR and Pre-Cooling of Commercial Buildings with Thermal Mass in California.” Energy and Buildings 42(7):967–75."
Two Carnegie Plaza,OAT_MA_CBL,8/11/08,12:00,15:00,39.80,16.00,,0.16,0.07,,0.48,0.19,,"Yin, Rongxin, Peng Xu, Mary Ann Piette, and Sila Kiliccote. 2010. “Study on Auto-DR and Pre-Cooling of Commercial Buildings with Thermal Mass in California.” Energy and Buildings 42(7):967–75."
Two Carnegie Plaza,OAT_MA_CBL,8/11/08,15:00,18:00,41.30,9.30,,0.17,0.04,,0.49,0.11,,"Yin, Rongxin, Peng Xu, Mary Ann Piette, and Sila Kiliccote. 2010. “Study on Auto-DR and Pre-Cooling of Commercial Buildings with Thermal Mass in California.” Energy and Buildings 42(7):967–75."
Two Carnegie Plaza,OAT_MA_CBL,8/12/08,12:00,15:00,43.20,21.60,,0.18,0.09,,0.52,0.26,,"Yin, Rongxin, Peng Xu, Mary Ann Piette, and Sila Kiliccote. 2010. “Study on Auto-DR and Pre-Cooling of Commercial Buildings with Thermal Mass in California.” Energy and Buildings 42(7):967–75."
Two Carnegie Plaza,OAT_MA_CBL,8/12/08,15:00,18:00,29.30,6.60,,0.12,0.03,,0.35,0.08,,"Yin, Rongxin, Peng Xu, Mary Ann Piette, and Sila Kiliccote. 2010. “Study on Auto-DR and Pre-Cooling of Commercial Buildings with Thermal Mass in California.” Energy and Buildings 42(7):967–75."
Two Carnegie Plaza,OAT_MA_CBL,8/27/08,12:00,15:00,26.90,6.90,,0.11,0.03,,0.32,0.08,,"Yin, Rongxin, Peng Xu, Mary Ann Piette, and Sila Kiliccote. 2010. “Study on Auto-DR and Pre-Cooling of Commercial Buildings with Thermal Mass in California.” Energy and Buildings 42(7):967–75."
Two Carnegie Plaza,OAT_MA_CBL,8/27/08,15:00,18:00,31.70,7.80,,0.13,0.03,,0.38,0.09,,"Yin, Rongxin, Peng Xu, Mary Ann Piette, and Sila Kiliccote. 2010. “Study on Auto-DR and Pre-Cooling of Commercial Buildings with Thermal Mass in California.” Energy and Buildings 42(7):967–75."
Two Carnegie Plaza,OAT_MA_CBL,8/28/08,12:00,15:00,25.40,6.10,,0.10,0.02,,0.30,0.07,,"Yin, Rongxin, Peng Xu, Mary Ann Piette, and Sila Kiliccote. 2010. “Study on Auto-DR and Pre-Cooling of Commercial Buildings with Thermal Mass in California.” Energy and Buildings 42(7):967–75."
Two Carnegie Plaza,OAT_MA_CBL,8/28/08,15:00,18:00,20.20,6.00,,0.08,0.02,,0.24,0.07,,"Yin, Rongxin, Peng Xu, Mary Ann Piette, and Sila Kiliccote. 2010. “Study on Auto-DR and Pre-Cooling of Commercial Buildings with Thermal Mass in California.” Energy and Buildings 42(7):967–75."
Two Carnegie Plaza,OAT_MA_CBL,9/3/08,12:00,15:00,22.60,9.70,,0.08,0.04,,0.27,0.12,,"Yin, Rongxin, Peng Xu, Mary Ann Piette, and Sila Kiliccote. 2010. “Study on Auto-DR and Pre-Cooling of Commercial Buildings with Thermal Mass in California.” Energy and Buildings 42(7):967–75."
Two Carnegie Plaza,OAT_MA_CBL,9/3/08,15:00,18:00,22.10,7.20,,0.08,0.03,,0.26,0.09,,"Yin, Rongxin, Peng Xu, Mary Ann Piette, and Sila Kiliccote. 2010. “Study on Auto-DR and Pre-Cooling of Commercial Buildings with Thermal Mass in California.” Energy and Buildings 42(7):967–75."
One Carnegie Plaza,OAT_MA_CBL,7/9/08,12:00,15:00,26.90,-4.30,,0.08,-0.01,,0.32,-0.05,,"Yin, Rongxin, Peng Xu, Mary Ann Piette, and Sila Kiliccote. 2010. “Study on Auto-DR and Pre-Cooling of Commercial Buildings with Thermal Mass in California.” Energy and Buildings 42(7):967–75."
One Carnegie Plaza,OAT_MA_CBL,7/9/08,15:00,18:00,12.50,-20.10,,0.04,-0.06,,0.15,-0.24,,"Yin, Rongxin, Peng Xu, Mary Ann Piette, and Sila Kiliccote. 2010. “Study on Auto-DR and Pre-Cooling of Commercial Buildings with Thermal Mass in California.” Energy and Buildings 42(7):967–75."
One Carnegie Plaza,OAT_MA_CBL,7/10/08,12:00,15:00,-12.50,-20.90,,-0.04,-0.06,,-0.15,-0.25,,"Yin, Rongxin, Peng Xu, Mary Ann Piette, and Sila Kiliccote. 2010. “Study on Auto-DR and Pre-Cooling of Commercial Buildings with Thermal Mass in California.” Energy and Buildings 42(7):967–75."
One Carnegie Plaza,OAT_MA_CBL,7/10/08,15:00,18:00,9.60,-13.20,,0.03,-0.04,,0.11,-0.16,,"Yin, Rongxin, Peng Xu, Mary Ann Piette, and Sila Kiliccote. 2010. “Study on Auto-DR and Pre-Cooling of Commercial Buildings with Thermal Mass in California.” Energy and Buildings 42(7):967–75."
One Carnegie Plaza,OAT_MA_CBL,7/21/08,12:00,15:00,19.20,-5.30,,0.06,-0.02,,0.23,-0.06,,"Yin, Rongxin, Peng Xu, Mary Ann Piette, and Sila Kiliccote. 2010. “Study on Auto-DR and Pre-Cooling of Commercial Buildings with Thermal Mass in California.” Energy and Buildings 42(7):967–75."
One Carnegie Plaza,OAT_MA_CBL,7/21/08,15:00,18:00,35.50,7.50,,0.10,0.02,,0.42,0.09,,"Yin, Rongxin, Peng Xu, Mary Ann Piette, and Sila Kiliccote. 2010. “Study on Auto-DR and Pre-Cooling of Commercial Buildings with Thermal Mass in California.” Energy and Buildings 42(7):967–75."
One Carnegie Plaza,OAT_MA_CBL,8/1/08,12:00,15:00,107.50,33.10,,0.31,0.10,,1.28,0.40,,"Yin, Rongxin, Peng Xu, Mary Ann Piette, and Sila Kiliccote. 2010. “Study on Auto-DR and Pre-Cooling of Commercial Buildings with Thermal Mass in California.” Energy and Buildings 42(7):967–75."
One Carnegie Plaza,OAT_MA_CBL,8/1/08,15:00,18:00,34.60,14.50,,0.10,0.04,,0.41,0.17,,"Yin, Rongxin, Peng Xu, Mary Ann Piette, and Sila Kiliccote. 2010. “Study on Auto-DR and Pre-Cooling of Commercial Buildings with Thermal Mass in California.” Energy and Buildings 42(7):967–75."
One Carnegie Plaza,OAT_MA_CBL,8/5/08,12:00,15:00,71.00,17.00,,0.19,0.05,,0.85,0.20,,"Yin, Rongxin, Peng Xu, Mary Ann Piette, and Sila Kiliccote. 2010. “Study on Auto-DR and Pre-Cooling of Commercial Buildings with Thermal Mass in California.” Energy and Buildings 42(7):967–75."
One Carnegie Plaza,OAT_MA_CBL,8/5/08,15:00,18:00,49.00,11.10,,0.13,0.03,,0.58,0.13,,"Yin, Rongxin, Peng Xu, Mary Ann Piette, and Sila Kiliccote. 2010. “Study on Auto-DR and Pre-Cooling of Commercial Buildings with Thermal Mass in California.” Energy and Buildings 42(7):967–75."
One Carnegie Plaza,OAT_MA_CBL,8/6/08,12:00,15:00,60.50,16.70,,0.16,0.05,,0.72,0.20,,"Yin, Rongxin, Peng Xu, Mary Ann Piette, and Sila Kiliccote. 2010. “Study on Auto-DR and Pre-Cooling of Commercial Buildings with Thermal Mass in California.” Energy and Buildings 42(7):967–75."
One Carnegie Plaza,OAT_MA_CBL,8/6/08,15:00,18:00,43.20,2.20,,0.12,0.01,,0.52,0.03,,"Yin, Rongxin, Peng Xu, Mary Ann Piette, and Sila Kiliccote. 2010. “Study on Auto-DR and Pre-Cooling of Commercial Buildings with Thermal Mass in California.” Energy and Buildings 42(7):967–75."
One Carnegie Plaza,OAT_MA_CBL,8/11/08,12:00,15:00,90.20,41.80,,0.25,0.11,,1.08,0.50,,"Yin, Rongxin, Peng Xu, Mary Ann Piette, and Sila Kiliccote. 2010. “Study on Auto-DR and Pre-Cooling of Commercial Buildings with Thermal Mass in California.” Energy and Buildings 42(7):967–75."
One Carnegie Plaza,OAT_MA_CBL,8/11/08,15:00,18:00,75.80,32.80,,0.21,0.09,,0.91,0.39,,"Yin, Rongxin, Peng Xu, Mary Ann Piette, and Sila Kiliccote. 2010. “Study on Auto-DR and Pre-Cooling of Commercial Buildings with Thermal Mass in California.” Energy and Buildings 42(7):967–75."
One Carnegie Plaza,OAT_MA_CBL,8/12/08,12:00,15:00,65.30,29.30,,0.18,0.08,,0.78,0.35,,"Yin, Rongxin, Peng Xu, Mary Ann Piette, and Sila Kiliccote. 2010. “Study on Auto-DR and Pre-Cooling of Commercial Buildings with Thermal Mass in California.” Energy and Buildings 42(7):967–75."
One Carnegie Plaza,OAT_MA_CBL,8/12/08,15:00,18:00,43.20,18.90,,0.12,0.05,,0.52,0.23,,"Yin, Rongxin, Peng Xu, Mary Ann Piette, and Sila Kiliccote. 2010. “Study on Auto-DR and Pre-Cooling of Commercial Buildings with Thermal Mass in California.” Energy and Buildings 42(7):967–75."
One Carnegie Plaza,OAT_MA_CBL,8/27/08,12:00,15:00,46.10,22.30,,0.13,0.06,,0.55,0.27,,"Yin, Rongxin, Peng Xu, Mary Ann Piette, and Sila Kiliccote. 2010. “Study on Auto-DR and Pre-Cooling of Commercial Buildings with Thermal Mass in California.” Energy and Buildings 42(7):967–75."
One Carnegie Plaza,OAT_MA_CBL,8/27/08,15:00,18:00,73.90,14.00,,0.20,0.04,,0.88,0.17,,"Yin, Rongxin, Peng Xu, Mary Ann Piette, and Sila Kiliccote. 2010. “Study on Auto-DR and Pre-Cooling of Commercial Buildings with Thermal Mass in California.” Energy and Buildings 42(7):967–75."
One Carnegie Plaza,OAT_MA_CBL,8/28/08,12:00,15:00,68.20,13.40,,0.19,0.04,,0.81,0.16,,"Yin, Rongxin, Peng Xu, Mary Ann Piette, and Sila Kiliccote. 2010. “Study on Auto-DR and Pre-Cooling of Commercial Buildings with Thermal Mass in California.” Energy and Buildings 42(7):967–75."
One Carnegie Plaza,OAT_MA_CBL,8/28/08,15:00,18:00,71.00,7.60,,0.19,0.02,,0.85,0.09,,"Yin, Rongxin, Peng Xu, Mary Ann Piette, and Sila Kiliccote. 2010. “Study on Auto-DR and Pre-Cooling of Commercial Buildings with Thermal Mass in California.” Energy and Buildings 42(7):967–75."
One Carnegie Plaza,OAT_MA_CBL,9/3/08,12:00,15:00,67.20,25.40,,0.18,0.07,,0.80,0.30,,"Yin, Rongxin, Peng Xu, Mary Ann Piette, and Sila Kiliccote. 2010. “Study on Auto-DR and Pre-Cooling of Commercial Buildings with Thermal Mass in California.” Energy and Buildings 42(7):967–75."
One Carnegie Plaza,OAT_MA_CBL,9/3/08,15:00,18:00,51.80,13.00,,0.14,0.04,,0.62,0.16,,"Yin, Rongxin, Peng Xu, Mary Ann Piette, and Sila Kiliccote. 2010. “Study on Auto-DR and Pre-Cooling of Commercial Buildings with Thermal Mass in California.” Energy and Buildings 42(7):967–75."
One Carnegie Plaza (smaller one),OAT_MA_CBL,7/9/08,12:00,15:00,34.60,3.50,,0.18,0.02,,0.41,0.04,,"Yin, Rongxin, Peng Xu, Mary Ann Piette, and Sila Kiliccote. 2010. “Study on Auto-DR and Pre-Cooling of Commercial Buildings with Thermal Mass in California.” Energy and Buildings 42(7):967–75."
One Carnegie Plaza (smaller one),OAT_MA_CBL,7/9/08,15:00,18:00,33.60,1.60,,0.18,0.01,,0.40,0.02,,"Yin, Rongxin, Peng Xu, Mary Ann Piette, and Sila Kiliccote. 2010. “Study on Auto-DR and Pre-Cooling of Commercial Buildings with Thermal Mass in California.” Energy and Buildings 42(7):967–75."
One Carnegie Plaza (smaller one),OAT_MA_CBL,7/10/08,12:00,15:00,35.50,-13.70,,0.19,-0.07,,0.42,-0.16,,"Yin, Rongxin, Peng Xu, Mary Ann Piette, and Sila Kiliccote. 2010. “Study on Auto-DR and Pre-Cooling of Commercial Buildings with Thermal Mass in California.” Energy and Buildings 42(7):967–75."
One Carnegie Plaza (smaller one),OAT_MA_CBL,7/10/08,15:00,18:00,11.50,-1.50,,0.06,-0.01,,0.14,-0.02,,"Yin, Rongxin, Peng Xu, Mary Ann Piette, and Sila Kiliccote. 2010. “Study on Auto-DR and Pre-Cooling of Commercial Buildings with Thermal Mass in California.” Energy and Buildings 42(7):967–75."
One Carnegie Plaza (smaller one),OAT_MA_CBL,7/21/08,12:00,15:00,32.60,-8.40,,0.17,-0.04,,0.39,-0.10,,"Yin, Rongxin, Peng Xu, Mary Ann Piette, and Sila Kiliccote. 2010. “Study on Auto-DR and Pre-Cooling of Commercial Buildings with Thermal Mass in California.” Energy and Buildings 42(7):967–75."
One Carnegie Plaza (smaller one),OAT_MA_CBL,7/21/08,15:00,18:00,16.30,-2.60,,0.09,-0.01,,0.19,-0.03,,"Yin, Rongxin, Peng Xu, Mary Ann Piette, and Sila Kiliccote. 2010. “Study on Auto-DR and Pre-Cooling of Commercial Buildings with Thermal Mass in California.” Energy and Buildings 42(7):967–75."
One Carnegie Plaza (smaller one),OAT_MA_CBL,8/1/08,12:00,15:00,123.80,50.60,,0.59,0.24,,1.48,0.60,,"Yin, Rongxin, Peng Xu, Mary Ann Piette, and Sila Kiliccote. 2010. “Study on Auto-DR and Pre-Cooling of Commercial Buildings with Thermal Mass in California.” Energy and Buildings 42(7):967–75."
One Carnegie Plaza (smaller one),OAT_MA_CBL,8/1/08,15:00,18:00,99.80,26.60,,0.47,0.13,,1.19,0.32,,"Yin, Rongxin, Peng Xu, Mary Ann Piette, and Sila Kiliccote. 2010. “Study on Auto-DR and Pre-Cooling of Commercial Buildings with Thermal Mass in California.” Energy and Buildings 42(7):967–75."
One Carnegie Plaza (smaller one),OAT_MA_CBL,8/5/08,12:00,15:00,34.60,18.10,,0.16,0.08,,0.41,0.22,,"Yin, Rongxin, Peng Xu, Mary Ann Piette, and Sila Kiliccote. 2010. “Study on Auto-DR and Pre-Cooling of Commercial Buildings with Thermal Mass in California.” Energy and Buildings 42(7):967–75."
One Carnegie Plaza (smaller one),OAT_MA_CBL,8/5/08,15:00,18:00,107.50,26.20,,0.49,0.12,,1.28,0.31,,"Yin, Rongxin, Peng Xu, Mary Ann Piette, and Sila Kiliccote. 2010. “Study on Auto-DR and Pre-Cooling of Commercial Buildings with Thermal Mass in California.” Energy and Buildings 42(7):967–75."
One Carnegie Plaza (smaller one),OAT_MA_CBL,8/6/08,12:00,15:00,42.20,11.80,,0.19,0.05,,0.50,0.14,,"Yin, Rongxin, Peng Xu, Mary Ann Piette, and Sila Kiliccote. 2010. “Study on Auto-DR and Pre-Cooling of Commercial Buildings with Thermal Mass in California.” Energy and Buildings 42(7):967–75."
One Carnegie Plaza (smaller one),OAT_MA_CBL,8/6/08,15:00,18:00,67.20,24.60,,0.30,0.11,,0.80,0.29,,"Yin, Rongxin, Peng Xu, Mary Ann Piette, and Sila Kiliccote. 2010. “Study on Auto-DR and Pre-Cooling of Commercial Buildings with Thermal Mass in California.” Energy and Buildings 42(7):967–75."
One Carnegie Plaza (smaller one),OAT_MA_CBL,8/11/08,12:00,15:00,50.90,28.40,,0.26,0.14,,0.61,0.34,,"Yin, Rongxin, Peng Xu, Mary Ann Piette, and Sila Kiliccote. 2010. “Study on Auto-DR and Pre-Cooling of Commercial Buildings with Thermal Mass in California.” Energy and Buildings 42(7):967–75."
One Carnegie Plaza (smaller one),OAT_MA_CBL,8/11/08,15:00,18:00,48.00,20.30,,0.24,0.10,,0.57,0.24,,"Yin, Rongxin, Peng Xu, Mary Ann Piette, and Sila Kiliccote. 2010. “Study on Auto-DR and Pre-Cooling of Commercial Buildings with Thermal Mass in California.” Energy and Buildings 42(7):967–75."
One Carnegie Plaza (smaller one),OAT_MA_CBL,8/12/08,12:00,15:00,77.80,39.60,,0.40,0.20,,0.93,0.47,,"Yin, Rongxin, Peng Xu, Mary Ann Piette, and Sila Kiliccote. 2010. “Study on Auto-DR and Pre-Cooling of Commercial Buildings with Thermal Mass in California.” Energy and Buildings 42(7):967–75."
One Carnegie Plaza (smaller one),OAT_MA_CBL,8/12/08,15:00,18:00,36.50,15.80,,0.19,0.08,,0.44,0.19,,"Yin, Rongxin, Peng Xu, Mary Ann Piette, and Sila Kiliccote. 2010. “Study on Auto-DR and Pre-Cooling of Commercial Buildings with Thermal Mass in California.” Energy and Buildings 42(7):967–75."
One Carnegie Plaza (smaller one),OAT_MA_CBL,8/27/08,12:00,15:00,36.50,1.30,,0.20,0.01,,0.44,0.02,,"Yin, Rongxin, Peng Xu, Mary Ann Piette, and Sila Kiliccote. 2010. “Study on Auto-DR and Pre-Cooling of Commercial Buildings with Thermal Mass in California.” Energy and Buildings 42(7):967–75."
One Carnegie Plaza (smaller one),OAT_MA_CBL,8/27/08,15:00,18:00,16.30,-10.10,,0.09,-0.06,,0.19,-0.12,,"Yin, Rongxin, Peng Xu, Mary Ann Piette, and Sila Kiliccote. 2010. “Study on Auto-DR and Pre-Cooling of Commercial Buildings with Thermal Mass in California.” Energy and Buildings 42(7):967–75."
One Carnegie Plaza (smaller one),OAT_MA_CBL,8/28/08,12:00,15:00,16.30,-9.10,,0.09,-0.05,,0.19,-0.11,,"Yin, Rongxin, Peng Xu, Mary Ann Piette, and Sila Kiliccote. 2010. “Study on Auto-DR and Pre-Cooling of Commercial Buildings with Thermal Mass in California.” Energy and Buildings 42(7):967–75."
One Carnegie Plaza (smaller one),OAT_MA_CBL,8/28/08,15:00,18:00,35.50,-0.40,,0.20,0.00,,0.42,0.00,,"Yin, Rongxin, Peng Xu, Mary Ann Piette, and Sila Kiliccote. 2010. “Study on Auto-DR and Pre-Cooling of Commercial Buildings with Thermal Mass in California.” Energy and Buildings 42(7):967–75."
One Carnegie Plaza (smaller one),OAT_MA_CBL,9/3/08,12:00,15:00,39.40,10.10,,0.20,0.05,,0.47,0.12,,"Yin, Rongxin, Peng Xu, Mary Ann Piette, and Sila Kiliccote. 2010. “Study on Auto-DR and Pre-Cooling of Commercial Buildings with Thermal Mass in California.” Energy and Buildings 42(7):967–75."
One Carnegie Plaza (smaller one),OAT_MA_CBL,9/3/08,15:00,18:00,24.00,-1.70,,0.12,-0.01,,0.29,-0.02,,"Yin, Rongxin, Peng Xu, Mary Ann Piette, and Sila Kiliccote. 2010. “Study on Auto-DR and Pre-Cooling of Commercial Buildings with Thermal Mass in California.” Energy and Buildings 42(7):967–75."
One Vanderbilt,OAT_MA_CBL,7/9/08,12:00,15:00,19.20,5.80,,0.05,0.01,,0.23,0.07,,"Yin, Rongxin, Peng Xu, Mary Ann Piette, and Sila Kiliccote. 2010. “Study on Auto-DR and Pre-Cooling of Commercial Buildings with Thermal Mass in California.” Energy and Buildings 42(7):967–75."
One Vanderbilt,OAT_MA_CBL,7/9/08,15:00,18:00,4.80,-17.10,,0.01,-0.04,,0.06,-0.20,,"Yin, Rongxin, Peng Xu, Mary Ann Piette, and Sila Kiliccote. 2010. “Study on Auto-DR and Pre-Cooling of Commercial Buildings with Thermal Mass in California.” Energy and Buildings 42(7):967–75."
One Vanderbilt,OAT_MA_CBL,7/10/08,12:00,15:00,16.30,2.80,,0.04,0.01,,0.19,0.03,,"Yin, Rongxin, Peng Xu, Mary Ann Piette, and Sila Kiliccote. 2010. “Study on Auto-DR and Pre-Cooling of Commercial Buildings with Thermal Mass in California.” Energy and Buildings 42(7):967–75."
One Vanderbilt,OAT_MA_CBL,7/10/08,15:00,18:00,10.60,-14.90,,0.03,-0.04,,0.13,-0.18,,"Yin, Rongxin, Peng Xu, Mary Ann Piette, and Sila Kiliccote. 2010. “Study on Auto-DR and Pre-Cooling of Commercial Buildings with Thermal Mass in California.” Energy and Buildings 42(7):967–75."
One Vanderbilt,OAT_MA_CBL,7/21/08,12:00,15:00,7.70,-0.50,,0.02,0.00,,0.09,-0.01,,"Yin, Rongxin, Peng Xu, Mary Ann Piette, and Sila Kiliccote. 2010. “Study on Auto-DR and Pre-Cooling of Commercial Buildings with Thermal Mass in California.” Energy and Buildings 42(7):967–75."
One Vanderbilt,OAT_MA_CBL,7/21/08,15:00,18:00,2.90,-3.80,,0.01,-0.01,,0.03,-0.05,,"Yin, Rongxin, Peng Xu, Mary Ann Piette, and Sila Kiliccote. 2010. “Study on Auto-DR and Pre-Cooling of Commercial Buildings with Thermal Mass in California.” Energy and Buildings 42(7):967–75."
One Vanderbilt,OAT_MA_CBL,8/1/08,12:00,15:00,84.50,45.10,,0.19,0.10,,1.01,0.54,,"Yin, Rongxin, Peng Xu, Mary Ann Piette, and Sila Kiliccote. 2010. “Study on Auto-DR and Pre-Cooling of Commercial Buildings with Thermal Mass in California.” Energy and Buildings 42(7):967–75."
One Vanderbilt,OAT_MA_CBL,8/1/08,15:00,18:00,34.60,12.80,,0.08,0.03,,0.41,0.15,,"Yin, Rongxin, Peng Xu, Mary Ann Piette, and Sila Kiliccote. 2010. “Study on Auto-DR and Pre-Cooling of Commercial Buildings with Thermal Mass in California.” Energy and Buildings 42(7):967–75."
One Vanderbilt,OAT_MA_CBL,8/5/08,12:00,15:00,18.20,7.00,,0.04,0.02,,0.22,0.08,,"Yin, Rongxin, Peng Xu, Mary Ann Piette, and Sila Kiliccote. 2010. “Study on Auto-DR and Pre-Cooling of Commercial Buildings with Thermal Mass in California.” Energy and Buildings 42(7):967–75."
One Vanderbilt,OAT_MA_CBL,8/5/08,15:00,18:00,27.80,20.60,,0.06,0.05,,0.33,0.25,,"Yin, Rongxin, Peng Xu, Mary Ann Piette, and Sila Kiliccote. 2010. “Study on Auto-DR and Pre-Cooling of Commercial Buildings with Thermal Mass in California.” Energy and Buildings 42(7):967–75."
One Vanderbilt,OAT_MA_CBL,8/6/08,12:00,15:00,11.50,7.30,,0.03,0.02,,0.14,0.09,,"Yin, Rongxin, Peng Xu, Mary Ann Piette, and Sila Kiliccote. 2010. “Study on Auto-DR and Pre-Cooling of Commercial Buildings with Thermal Mass in California.” Energy and Buildings 42(7):967–75."
One Vanderbilt,OAT_MA_CBL,8/6/08,15:00,18:00,22.10,13.50,,0.05,0.03,,0.26,0.16,,"Yin, Rongxin, Peng Xu, Mary Ann Piette, and Sila Kiliccote. 2010. “Study on Auto-DR and Pre-Cooling of Commercial Buildings with Thermal Mass in California.” Energy and Buildings 42(7):967–75."
One Vanderbilt,OAT_MA_CBL,8/11/08,12:00,15:00,14.40,0.10,,0.03,0.00,,0.17,0.00,,"Yin, Rongxin, Peng Xu, Mary Ann Piette, and Sila Kiliccote. 2010. “Study on Auto-DR and Pre-Cooling of Commercial Buildings with Thermal Mass in California.” Energy and Buildings 42(7):967–75."
One Vanderbilt,OAT_MA_CBL,8/11/08,15:00,18:00,65.30,15.10,,0.15,0.04,,0.78,0.18,,"Yin, Rongxin, Peng Xu, Mary Ann Piette, and Sila Kiliccote. 2010. “Study on Auto-DR and Pre-Cooling of Commercial Buildings with Thermal Mass in California.” Energy and Buildings 42(7):967–75."
One Vanderbilt,OAT_MA_CBL,8/12/08,12:00,15:00,23.00,13.50,,0.05,0.03,,0.28,0.16,,"Yin, Rongxin, Peng Xu, Mary Ann Piette, and Sila Kiliccote. 2010. “Study on Auto-DR and Pre-Cooling of Commercial Buildings with Thermal Mass in California.” Energy and Buildings 42(7):967–75."
One Vanderbilt,OAT_MA_CBL,8/12/08,15:00,18:00,10.60,2.10,,0.02,0.00,,0.13,0.02,,"Yin, Rongxin, Peng Xu, Mary Ann Piette, and Sila Kiliccote. 2010. “Study on Auto-DR and Pre-Cooling of Commercial Buildings with Thermal Mass in California.” Energy and Buildings 42(7):967–75."
One Vanderbilt,OAT_MA_CBL,8/27/08,12:00,15:00,28.80,22.20,,0.07,0.05,,0.34,0.27,,"Yin, Rongxin, Peng Xu, Mary Ann Piette, and Sila Kiliccote. 2010. “Study on Auto-DR and Pre-Cooling of Commercial Buildings with Thermal Mass in California.” Energy and Buildings 42(7):967–75."
One Vanderbilt,OAT_MA_CBL,8/27/08,15:00,18:00,80.60,53.90,,0.19,0.13,,0.96,0.64,,"Yin, Rongxin, Peng Xu, Mary Ann Piette, and Sila Kiliccote. 2010. “Study on Auto-DR and Pre-Cooling of Commercial Buildings with Thermal Mass in California.” Energy and Buildings 42(7):967–75."
One Vanderbilt,OAT_MA_CBL,8/28/08,12:00,15:00,34.60,27.00,,0.08,0.06,,0.41,0.32,,"Yin, Rongxin, Peng Xu, Mary Ann Piette, and Sila Kiliccote. 2010. “Study on Auto-DR and Pre-Cooling of Commercial Buildings with Thermal Mass in California.” Energy and Buildings 42(7):967–75."
One Vanderbilt,OAT_MA_CBL,8/28/08,15:00,18:00,28.80,20.30,,0.07,0.05,,0.34,0.24,,"Yin, Rongxin, Peng Xu, Mary Ann Piette, and Sila Kiliccote. 2010. “Study on Auto-DR and Pre-Cooling of Commercial Buildings with Thermal Mass in California.” Energy and Buildings 42(7):967–75."
One Vanderbilt,OAT_MA_CBL,9/3/08,12:00,15:00,8.60,1.70,,0.02,0.00,,0.10,0.02,,"Yin, Rongxin, Peng Xu, Mary Ann Piette, and Sila Kiliccote. 2010. “Study on Auto-DR and Pre-Cooling of Commercial Buildings with Thermal Mass in California.” Energy and Buildings 42(7):967–75."
One Vanderbilt,OAT_MA_CBL,9/3/08,15:00,18:00,2.90,-0.70,,0.01,0.00,,0.03,-0.01,,"Yin, Rongxin, Peng Xu, Mary Ann Piette, and Sila Kiliccote. 2010. “Study on Auto-DR and Pre-Cooling of Commercial Buildings with Thermal Mass in California.” Energy and Buildings 42(7):967–75."
One Parkside,OAT_MA_CBL,7/9/08,12:00,15:00,16.30,-2.80,,0.05,-0.01,,0.19,-0.03,,"Yin, Rongxin, Peng Xu, Mary Ann Piette, and Sila Kiliccote. 2010. “Study on Auto-DR and Pre-Cooling of Commercial Buildings with Thermal Mass in California.” Energy and Buildings 42(7):967–75."
One Parkside,OAT_MA_CBL,7/9/08,15:00,18:00,4.80,-10.60,,0.02,-0.03,,0.06,-0.13,,"Yin, Rongxin, Peng Xu, Mary Ann Piette, and Sila Kiliccote. 2010. “Study on Auto-DR and Pre-Cooling of Commercial Buildings with Thermal Mass in California.” Energy and Buildings 42(7):967–75."
One Parkside,OAT_MA_CBL,7/10/08,12:00,15:00,1.00,-17.40,,0.00,-0.05,,0.01,-0.21,,"Yin, Rongxin, Peng Xu, Mary Ann Piette, and Sila Kiliccote. 2010. “Study on Auto-DR and Pre-Cooling of Commercial Buildings with Thermal Mass in California.” Energy and Buildings 42(7):967–75."
One Parkside,OAT_MA_CBL,7/10/08,15:00,18:00,19.20,-8.10,,0.06,-0.03,,0.23,-0.10,,"Yin, Rongxin, Peng Xu, Mary Ann Piette, and Sila Kiliccote. 2010. “Study on Auto-DR and Pre-Cooling of Commercial Buildings with Thermal Mass in California.” Energy and Buildings 42(7):967–75."
One Parkside,OAT_MA_CBL,7/21/08,12:00,15:00,19.20,-5.80,,0.06,-0.02,,0.23,-0.07,,"Yin, Rongxin, Peng Xu, Mary Ann Piette, and Sila Kiliccote. 2010. “Study on Auto-DR and Pre-Cooling of Commercial Buildings with Thermal Mass in California.” Energy and Buildings 42(7):967–75."
One Parkside,OAT_MA_CBL,7/21/08,15:00,18:00,7.70,-4.10,,0.02,-0.01,,0.09,-0.05,,"Yin, Rongxin, Peng Xu, Mary Ann Piette, and Sila Kiliccote. 2010. “Study on Auto-DR and Pre-Cooling of Commercial Buildings with Thermal Mass in California.” Energy and Buildings 42(7):967–75."
One Parkside,OAT_MA_CBL,8/1/08,12:00,15:00,30.70,-0.10,,0.10,0.00,,0.37,0.00,,"Yin, Rongxin, Peng Xu, Mary Ann Piette, and Sila Kiliccote. 2010. “Study on Auto-DR and Pre-Cooling of Commercial Buildings with Thermal Mass in California.” Energy and Buildings 42(7):967–75."
One Parkside,OAT_MA_CBL,8/1/08,15:00,18:00,19.20,0.40,,0.06,0.00,,0.23,0.00,,"Yin, Rongxin, Peng Xu, Mary Ann Piette, and Sila Kiliccote. 2010. “Study on Auto-DR and Pre-Cooling of Commercial Buildings with Thermal Mass in California.” Energy and Buildings 42(7):967–75."
One Parkside,OAT_MA_CBL,8/5/08,12:00,15:00,29.80,17.00,,0.09,0.05,,0.36,0.20,,"Yin, Rongxin, Peng Xu, Mary Ann Piette, and Sila Kiliccote. 2010. “Study on Auto-DR and Pre-Cooling of Commercial Buildings with Thermal Mass in California.” Energy and Buildings 42(7):967–75."
One Parkside,OAT_MA_CBL,8/5/08,15:00,18:00,75.80,25.20,,0.22,0.07,,0.91,0.30,,"Yin, Rongxin, Peng Xu, Mary Ann Piette, and Sila Kiliccote. 2010. “Study on Auto-DR and Pre-Cooling of Commercial Buildings with Thermal Mass in California.” Energy and Buildings 42(7):967–75."
One Parkside,OAT_MA_CBL,8/6/08,12:00,15:00,54.70,27.40,,0.16,0.08,,0.65,0.33,,"Yin, Rongxin, Peng Xu, Mary Ann Piette, and Sila Kiliccote. 2010. “Study on Auto-DR and Pre-Cooling of Commercial Buildings with Thermal Mass in California.” Energy and Buildings 42(7):967–75."
One Parkside,OAT_MA_CBL,8/6/08,15:00,18:00,52.80,12.30,,0.15,0.04,,0.63,0.15,,"Yin, Rongxin, Peng Xu, Mary Ann Piette, and Sila Kiliccote. 2010. “Study on Auto-DR and Pre-Cooling of Commercial Buildings with Thermal Mass in California.” Energy and Buildings 42(7):967–75."
One Parkside,OAT_MA_CBL,8/11/08,12:00,15:00,77.80,39.90,,0.24,0.12,,0.93,0.48,,"Yin, Rongxin, Peng Xu, Mary Ann Piette, and Sila Kiliccote. 2010. “Study on Auto-DR and Pre-Cooling of Commercial Buildings with Thermal Mass in California.” Energy and Buildings 42(7):967–75."
One Parkside,OAT_MA_CBL,8/11/08,15:00,18:00,54.70,23.90,,0.17,0.07,,0.65,0.29,,"Yin, Rongxin, Peng Xu, Mary Ann Piette, and Sila Kiliccote. 2010. “Study on Auto-DR and Pre-Cooling of Commercial Buildings with Thermal Mass in California.” Energy and Buildings 42(7):967–75."
One Parkside,OAT_MA_CBL,8/12/08,12:00,15:00,52.80,34.20,,0.16,0.11,,0.63,0.41,,"Yin, Rongxin, Peng Xu, Mary Ann Piette, and Sila Kiliccote. 2010. “Study on Auto-DR and Pre-Cooling of Commercial Buildings with Thermal Mass in California.” Energy and Buildings 42(7):967–75."
One Parkside,OAT_MA_CBL,8/12/08,15:00,18:00,61.40,20.70,,0.19,0.06,,0.73,0.25,,"Yin, Rongxin, Peng Xu, Mary Ann Piette, and Sila Kiliccote. 2010. “Study on Auto-DR and Pre-Cooling of Commercial Buildings with Thermal Mass in California.” Energy and Buildings 42(7):967–75."
One Parkside,OAT_MA_CBL,8/27/08,12:00,15:00,92.20,35.30,,0.28,0.11,,1.10,0.42,,"Yin, Rongxin, Peng Xu, Mary Ann Piette, and Sila Kiliccote. 2010. “Study on Auto-DR and Pre-Cooling of Commercial Buildings with Thermal Mass in California.” Energy and Buildings 42(7):967–75."
One Parkside,OAT_MA_CBL,8/27/08,15:00,18:00,60.50,29.60,,0.18,0.09,,0.72,0.35,,"Yin, Rongxin, Peng Xu, Mary Ann Piette, and Sila Kiliccote. 2010. “Study on Auto-DR and Pre-Cooling of Commercial Buildings with Thermal Mass in California.” Energy and Buildings 42(7):967–75."
One Parkside,OAT_MA_CBL,8/28/08,12:00,15:00,51.80,32.90,,0.16,0.10,,0.62,0.39,,"Yin, Rongxin, Peng Xu, Mary Ann Piette, and Sila Kiliccote. 2010. “Study on Auto-DR and Pre-Cooling of Commercial Buildings with Thermal Mass in California.” Energy and Buildings 42(7):967–75."
One Parkside,OAT_MA_CBL,8/28/08,15:00,18:00,41.30,15.70,,0.12,0.05,,0.49,0.19,,"Yin, Rongxin, Peng Xu, Mary Ann Piette, and Sila Kiliccote. 2010. “Study on Auto-DR and Pre-Cooling of Commercial Buildings with Thermal Mass in California.” Energy and Buildings 42(7):967–75."
One Parkside,OAT_MA_CBL,9/3/08,12:00,15:00,41.30,22.60,,0.12,0.07,,0.49,0.27,,"Yin, Rongxin, Peng Xu, Mary Ann Piette, and Sila Kiliccote. 2010. “Study on Auto-DR and Pre-Cooling of Commercial Buildings with Thermal Mass in California.” Energy and Buildings 42(7):967–75."
One Parkside,OAT_MA_CBL,9/3/08,15:00,18:00,45.10,19.80,,0.13,0.06,,0.54,0.24,,"Yin, Rongxin, Peng Xu, Mary Ann Piette, and Sila Kiliccote. 2010. “Study on Auto-DR and Pre-Cooling of Commercial Buildings with Thermal Mass in California.” Energy and Buildings 42(7):967–75."
Lakeside Tower,OAT_MA_CBL,7/9/08,12:00,15:00,65.30,1.40,,0.14,0.00,,0.78,0.02,,"Yin, Rongxin, Peng Xu, Mary Ann Piette, and Sila Kiliccote. 2010. “Study on Auto-DR and Pre-Cooling of Commercial Buildings with Thermal Mass in California.” Energy and Buildings 42(7):967–75."
Lakeside Tower,OAT_MA_CBL,7/9/08,15:00,18:00,134.40,16.30,,0.28,0.03,,1.61,0.19,,"Yin, Rongxin, Peng Xu, Mary Ann Piette, and Sila Kiliccote. 2010. “Study on Auto-DR and Pre-Cooling of Commercial Buildings with Thermal Mass in California.” Energy and Buildings 42(7):967–75."
Lakeside Tower,OAT_MA_CBL,7/10/08,12:00,15:00,58.60,-11.40,,0.12,-0.02,,0.70,-0.14,,"Yin, Rongxin, Peng Xu, Mary Ann Piette, and Sila Kiliccote. 2010. “Study on Auto-DR and Pre-Cooling of Commercial Buildings with Thermal Mass in California.” Energy and Buildings 42(7):967–75."
Lakeside Tower,OAT_MA_CBL,7/10/08,15:00,18:00,168.00,24.60,,0.35,0.05,,2.01,0.29,,"Yin, Rongxin, Peng Xu, Mary Ann Piette, and Sila Kiliccote. 2010. “Study on Auto-DR and Pre-Cooling of Commercial Buildings with Thermal Mass in California.” Energy and Buildings 42(7):967–75."
Lakeside Tower,OAT_MA_CBL,7/21/08,12:00,15:00,24.00,-6.10,,0.05,-0.01,,0.29,-0.07,,"Yin, Rongxin, Peng Xu, Mary Ann Piette, and Sila Kiliccote. 2010. “Study on Auto-DR and Pre-Cooling of Commercial Buildings with Thermal Mass in California.” Energy and Buildings 42(7):967–75."
Lakeside Tower,OAT_MA_CBL,7/21/08,15:00,18:00,27.80,3.00,,0.06,0.01,,0.33,0.04,,"Yin, Rongxin, Peng Xu, Mary Ann Piette, and Sila Kiliccote. 2010. “Study on Auto-DR and Pre-Cooling of Commercial Buildings with Thermal Mass in California.” Energy and Buildings 42(7):967–75."
Lakeside Tower,OAT_MA_CBL,8/1/08,12:00,15:00,79.70,22.60,,0.18,0.05,,0.95,0.27,,"Yin, Rongxin, Peng Xu, Mary Ann Piette, and Sila Kiliccote. 2010. “Study on Auto-DR and Pre-Cooling of Commercial Buildings with Thermal Mass in California.” Energy and Buildings 42(7):967–75."
Lakeside Tower,OAT_MA_CBL,8/1/08,15:00,18:00,197.80,54.40,,0.44,0.12,,2.36,0.65,,"Yin, Rongxin, Peng Xu, Mary Ann Piette, and Sila Kiliccote. 2010. “Study on Auto-DR and Pre-Cooling of Commercial Buildings with Thermal Mass in California.” Energy and Buildings 42(7):967–75."
Lakeside Tower,OAT_MA_CBL,8/5/08,12:00,15:00,253.40,78.40,,0.49,0.15,,3.03,0.94,,"Yin, Rongxin, Peng Xu, Mary Ann Piette, and Sila Kiliccote. 2010. “Study on Auto-DR and Pre-Cooling of Commercial Buildings with Thermal Mass in California.” Energy and Buildings 42(7):967–75."
Lakeside Tower,OAT_MA_CBL,8/5/08,15:00,18:00,321.60,145.30,,0.62,0.28,,3.84,1.74,,"Yin, Rongxin, Peng Xu, Mary Ann Piette, and Sila Kiliccote. 2010. “Study on Auto-DR and Pre-Cooling of Commercial Buildings with Thermal Mass in California.” Energy and Buildings 42(7):967–75."
Lakeside Tower,OAT_MA_CBL,8/6/08,12:00,15:00,208.30,71.40,,0.40,0.14,,2.49,0.85,,"Yin, Rongxin, Peng Xu, Mary Ann Piette, and Sila Kiliccote. 2010. “Study on Auto-DR and Pre-Cooling of Commercial Buildings with Thermal Mass in California.” Energy and Buildings 42(7):967–75."
Lakeside Tower,OAT_MA_CBL,8/6/08,15:00,18:00,333.10,132.10,,0.64,0.26,,3.98,1.58,,"Yin, Rongxin, Peng Xu, Mary Ann Piette, and Sila Kiliccote. 2010. “Study on Auto-DR and Pre-Cooling of Commercial Buildings with Thermal Mass in California.” Energy and Buildings 42(7):967–75."
Lakeside Tower,OAT_MA_CBL,8/11/08,12:00,15:00,247.70,117.90,,0.50,0.24,,2.96,1.41,,"Yin, Rongxin, Peng Xu, Mary Ann Piette, and Sila Kiliccote. 2010. “Study on Auto-DR and Pre-Cooling of Commercial Buildings with Thermal Mass in California.” Energy and Buildings 42(7):967–75."
Lakeside Tower,OAT_MA_CBL,8/11/08,15:00,18:00,273.60,106.90,,0.55,0.22,,3.27,1.28,,"Yin, Rongxin, Peng Xu, Mary Ann Piette, and Sila Kiliccote. 2010. “Study on Auto-DR and Pre-Cooling of Commercial Buildings with Thermal Mass in California.” Energy and Buildings 42(7):967–75."
Lakeside Tower,OAT_MA_CBL,8/12/08,12:00,15:00,289.90,147.70,,0.59,0.30,,3.46,1.76,,"Yin, Rongxin, Peng Xu, Mary Ann Piette, and Sila Kiliccote. 2010. “Study on Auto-DR and Pre-Cooling of Commercial Buildings with Thermal Mass in California.” Energy and Buildings 42(7):967–75."
Lakeside Tower,OAT_MA_CBL,8/12/08,15:00,18:00,190.10,50.90,,0.38,0.10,,2.27,0.61,,"Yin, Rongxin, Peng Xu, Mary Ann Piette, and Sila Kiliccote. 2010. “Study on Auto-DR and Pre-Cooling of Commercial Buildings with Thermal Mass in California.” Energy and Buildings 42(7):967–75."
Lakeside Tower,OAT_MA_CBL,8/27/08,12:00,15:00,320.60,150.70,,0.62,0.29,,3.83,1.80,,"Yin, Rongxin, Peng Xu, Mary Ann Piette, and Sila Kiliccote. 2010. “Study on Auto-DR and Pre-Cooling of Commercial Buildings with Thermal Mass in California.” Energy and Buildings 42(7):967–75."
Lakeside Tower,OAT_MA_CBL,8/27/08,15:00,18:00,282.20,120.20,,0.55,0.23,,3.37,1.44,,"Yin, Rongxin, Peng Xu, Mary Ann Piette, and Sila Kiliccote. 2010. “Study on Auto-DR and Pre-Cooling of Commercial Buildings with Thermal Mass in California.” Energy and Buildings 42(7):967–75."
Lakeside Tower,OAT_MA_CBL,8/28/08,12:00,15:00,273.60,116.10,,0.53,0.22,,3.27,1.39,,"Yin, Rongxin, Peng Xu, Mary Ann Piette, and Sila Kiliccote. 2010. “Study on Auto-DR and Pre-Cooling of Commercial Buildings with Thermal Mass in California.” Energy and Buildings 42(7):967–75."
Lakeside Tower,OAT_MA_CBL,8/28/08,15:00,18:00,268.80,64.70,,0.52,0.13,,3.21,0.77,,"Yin, Rongxin, Peng Xu, Mary Ann Piette, and Sila Kiliccote. 2010. “Study on Auto-DR and Pre-Cooling of Commercial Buildings with Thermal Mass in California.” Energy and Buildings 42(7):967–75."
Lakeside Tower,OAT_MA_CBL,9/3/08,12:00,15:00,94.10,60.20,,0.17,0.11,,1.12,0.72,,"Yin, Rongxin, Peng Xu, Mary Ann Piette, and Sila Kiliccote. 2010. “Study on Auto-DR and Pre-Cooling of Commercial Buildings with Thermal Mass in California.” Energy and Buildings 42(7):967–75."
Lakeside Tower,OAT_MA_CBL,9/3/08,15:00,18:00,112.30,67.60,,0.20,0.12,,1.34,0.81,,"Yin, Rongxin, Peng Xu, Mary Ann Piette, and Sila Kiliccote. 2010. “Study on Auto-DR and Pre-Cooling of Commercial Buildings with Thermal Mass in California.” Energy and Buildings 42(7):967–75."
Two Parkside,OAT_MA_CBL,7/9/08,12:00,15:00,84.50,51.40,,0.21,0.13,,1.01,0.61,,"Yin, Rongxin, Peng Xu, Mary Ann Piette, and Sila Kiliccote. 2010. “Study on Auto-DR and Pre-Cooling of Commercial Buildings with Thermal Mass in California.” Energy and Buildings 42(7):967–75."
Two Parkside,OAT_MA_CBL,7/9/08,15:00,18:00,44.20,12.10,,0.11,0.03,,0.53,0.14,,"Yin, Rongxin, Peng Xu, Mary Ann Piette, and Sila Kiliccote. 2010. “Study on Auto-DR and Pre-Cooling of Commercial Buildings with Thermal Mass in California.” Energy and Buildings 42(7):967–75."
Two Parkside,OAT_MA_CBL,7/10/08,12:00,15:00,87.80,43.20,,0.22,0.11,,1.05,0.52,,"Yin, Rongxin, Peng Xu, Mary Ann Piette, and Sila Kiliccote. 2010. “Study on Auto-DR and Pre-Cooling of Commercial Buildings with Thermal Mass in California.” Energy and Buildings 42(7):967–75."
Two Parkside,OAT_MA_CBL,7/10/08,15:00,18:00,136.30,9.30,,0.34,0.02,,1.63,0.11,,"Yin, Rongxin, Peng Xu, Mary Ann Piette, and Sila Kiliccote. 2010. “Study on Auto-DR and Pre-Cooling of Commercial Buildings with Thermal Mass in California.” Energy and Buildings 42(7):967–75."
Two Parkside,OAT_MA_CBL,7/21/08,12:00,15:00,88.80,54.50,,0.22,0.14,,1.06,0.65,,"Yin, Rongxin, Peng Xu, Mary Ann Piette, and Sila Kiliccote. 2010. “Study on Auto-DR and Pre-Cooling of Commercial Buildings with Thermal Mass in California.” Energy and Buildings 42(7):967–75."
Two Parkside,OAT_MA_CBL,7/21/08,15:00,18:00,55.70,-18.00,,0.14,-0.05,,0.67,-0.22,,"Yin, Rongxin, Peng Xu, Mary Ann Piette, and Sila Kiliccote. 2010. “Study on Auto-DR and Pre-Cooling of Commercial Buildings with Thermal Mass in California.” Energy and Buildings 42(7):967–75."
Two Parkside,OAT_MA_CBL,8/1/08,12:00,15:00,52.80,2.50,,0.15,0.01,,0.63,0.03,,"Yin, Rongxin, Peng Xu, Mary Ann Piette, and Sila Kiliccote. 2010. “Study on Auto-DR and Pre-Cooling of Commercial Buildings with Thermal Mass in California.” Energy and Buildings 42(7):967–75."
Two Parkside,OAT_MA_CBL,8/1/08,15:00,18:00,66.70,34.30,,0.19,0.10,,0.80,0.41,,"Yin, Rongxin, Peng Xu, Mary Ann Piette, and Sila Kiliccote. 2010. “Study on Auto-DR and Pre-Cooling of Commercial Buildings with Thermal Mass in California.” Energy and Buildings 42(7):967–75."
Two Parkside,OAT_MA_CBL,8/5/08,12:00,15:00,132.50,86.50,,0.32,0.21,,1.58,1.03,,"Yin, Rongxin, Peng Xu, Mary Ann Piette, and Sila Kiliccote. 2010. “Study on Auto-DR and Pre-Cooling of Commercial Buildings with Thermal Mass in California.” Energy and Buildings 42(7):967–75."
Two Parkside,OAT_MA_CBL,8/5/08,15:00,18:00,158.90,82.20,,0.39,0.20,,1.90,0.98,,"Yin, Rongxin, Peng Xu, Mary Ann Piette, and Sila Kiliccote. 2010. “Study on Auto-DR and Pre-Cooling of Commercial Buildings with Thermal Mass in California.” Energy and Buildings 42(7):967–75."
Two Parkside,OAT_MA_CBL,8/6/08,12:00,15:00,104.20,60.10,,0.25,0.15,,1.24,0.72,,"Yin, Rongxin, Peng Xu, Mary Ann Piette, and Sila Kiliccote. 2010. “Study on Auto-DR and Pre-Cooling of Commercial Buildings with Thermal Mass in California.” Energy and Buildings 42(7):967–75."
Two Parkside,OAT_MA_CBL,8/6/08,15:00,18:00,162.20,103.60,,0.39,0.25,,1.94,1.24,,"Yin, Rongxin, Peng Xu, Mary Ann Piette, and Sila Kiliccote. 2010. “Study on Auto-DR and Pre-Cooling of Commercial Buildings with Thermal Mass in California.” Energy and Buildings 42(7):967–75."
Two Parkside,OAT_MA_CBL,8/11/08,12:00,15:00,70.10,30.10,,0.18,0.08,,0.84,0.36,,"Yin, Rongxin, Peng Xu, Mary Ann Piette, and Sila Kiliccote. 2010. “Study on Auto-DR and Pre-Cooling of Commercial Buildings with Thermal Mass in California.” Energy and Buildings 42(7):967–75."
Two Parkside,OAT_MA_CBL,8/11/08,15:00,18:00,104.60,33.10,,0.27,0.08,,1.25,0.40,,"Yin, Rongxin, Peng Xu, Mary Ann Piette, and Sila Kiliccote. 2010. “Study on Auto-DR and Pre-Cooling of Commercial Buildings with Thermal Mass in California.” Energy and Buildings 42(7):967–75."
Two Parkside,OAT_MA_CBL,8/12/08,12:00,15:00,73.90,27.80,,0.19,0.07,,0.88,0.33,,"Yin, Rongxin, Peng Xu, Mary Ann Piette, and Sila Kiliccote. 2010. “Study on Auto-DR and Pre-Cooling of Commercial Buildings with Thermal Mass in California.” Energy and Buildings 42(7):967–75."
Two Parkside,OAT_MA_CBL,8/12/08,15:00,18:00,76.30,26.90,,0.19,0.07,,0.91,0.32,,"Yin, Rongxin, Peng Xu, Mary Ann Piette, and Sila Kiliccote. 2010. “Study on Auto-DR and Pre-Cooling of Commercial Buildings with Thermal Mass in California.” Energy and Buildings 42(7):967–75."
Two Parkside,OAT_MA_CBL,8/27/08,12:00,15:00,37.90,-1.70,,0.13,-0.01,,0.45,-0.02,,"Yin, Rongxin, Peng Xu, Mary Ann Piette, and Sila Kiliccote. 2010. “Study on Auto-DR and Pre-Cooling of Commercial Buildings with Thermal Mass in California.” Energy and Buildings 42(7):967–75."
Two Parkside,OAT_MA_CBL,8/27/08,15:00,18:00,32.20,-13.10,,0.11,-0.04,,0.38,-0.16,,"Yin, Rongxin, Peng Xu, Mary Ann Piette, and Sila Kiliccote. 2010. “Study on Auto-DR and Pre-Cooling of Commercial Buildings with Thermal Mass in California.” Energy and Buildings 42(7):967–75."
Two Parkside,OAT_MA_CBL,8/28/08,12:00,15:00,39.80,22.30,,0.13,0.07,,0.48,0.27,,"Yin, Rongxin, Peng Xu, Mary Ann Piette, and Sila Kiliccote. 2010. “Study on Auto-DR and Pre-Cooling of Commercial Buildings with Thermal Mass in California.” Energy and Buildings 42(7):967–75."
Two Parkside,OAT_MA_CBL,8/28/08,15:00,18:00,37.00,-12.10,,0.12,-0.04,,0.44,-0.14,,"Yin, Rongxin, Peng Xu, Mary Ann Piette, and Sila Kiliccote. 2010. “Study on Auto-DR and Pre-Cooling of Commercial Buildings with Thermal Mass in California.” Energy and Buildings 42(7):967–75."
Two Parkside,OAT_MA_CBL,9/3/08,12:00,15:00,127.20,34.40,,0.33,0.09,,1.52,0.41,,"Yin, Rongxin, Peng Xu, Mary Ann Piette, and Sila Kiliccote. 2010. “Study on Auto-DR and Pre-Cooling of Commercial Buildings with Thermal Mass in California.” Energy and Buildings 42(7):967–75."
Two Parkside,OAT_MA_CBL,9/3/08,15:00,18:00,73.00,8.40,,0.19,0.02,,0.87,0.10,,"Yin, Rongxin, Peng Xu, Mary Ann Piette, and Sila Kiliccote. 2010. “Study on Auto-DR and Pre-Cooling of Commercial Buildings with Thermal Mass in California.” Energy and Buildings 42(7):967–75."
Brier Corporate Center,OAT_MA_CBL,7/9/08,12:00,15:00,45.60,25.60,,0.11,0.06,,0.54,0.31,,"Yin, Rongxin, Peng Xu, Mary Ann Piette, and Sila Kiliccote. 2010. “Study on Auto-DR and Pre-Cooling of Commercial Buildings with Thermal Mass in California.” Energy and Buildings 42(7):967–75."
Brier Corporate Center,OAT_MA_CBL,7/9/08,15:00,18:00,24.00,-68.80,,0.06,-0.16,,0.29,-0.82,,"Yin, Rongxin, Peng Xu, Mary Ann Piette, and Sila Kiliccote. 2010. “Study on Auto-DR and Pre-Cooling of Commercial Buildings with Thermal Mass in California.” Energy and Buildings 42(7):967–75."
Brier Corporate Center,OAT_MA_CBL,7/10/08,12:00,15:00,21.60,12.00,,0.05,0.03,,0.26,0.14,,"Yin, Rongxin, Peng Xu, Mary Ann Piette, and Sila Kiliccote. 2010. “Study on Auto-DR and Pre-Cooling of Commercial Buildings with Thermal Mass in California.” Energy and Buildings 42(7):967–75."
Brier Corporate Center,OAT_MA_CBL,7/10/08,15:00,18:00,16.80,-51.80,,0.04,-0.12,,0.20,-0.62,,"Yin, Rongxin, Peng Xu, Mary Ann Piette, and Sila Kiliccote. 2010. “Study on Auto-DR and Pre-Cooling of Commercial Buildings with Thermal Mass in California.” Energy and Buildings 42(7):967–75."
Brier Corporate Center,OAT_MA_CBL,7/21/08,12:00,15:00,12.00,0.80,,0.03,0.00,,0.14,0.01,,"Yin, Rongxin, Peng Xu, Mary Ann Piette, and Sila Kiliccote. 2010. “Study on Auto-DR and Pre-Cooling of Commercial Buildings with Thermal Mass in California.” Energy and Buildings 42(7):967–75."
Brier Corporate Center,OAT_MA_CBL,7/21/08,15:00,18:00,26.40,-36.00,,0.06,-0.08,,0.32,-0.43,,"Yin, Rongxin, Peng Xu, Mary Ann Piette, and Sila Kiliccote. 2010. “Study on Auto-DR and Pre-Cooling of Commercial Buildings with Thermal Mass in California.” Energy and Buildings 42(7):967–75."
Brier Corporate Center,OAT_MA_CBL,8/1/08,12:00,15:00,28.80,16.20,,0.07,0.04,,0.34,0.19,,"Yin, Rongxin, Peng Xu, Mary Ann Piette, and Sila Kiliccote. 2010. “Study on Auto-DR and Pre-Cooling of Commercial Buildings with Thermal Mass in California.” Energy and Buildings 42(7):967–75."
Brier Corporate Center,OAT_MA_CBL,8/1/08,15:00,18:00,28.80,13.20,,0.07,0.03,,0.34,0.16,,"Yin, Rongxin, Peng Xu, Mary Ann Piette, and Sila Kiliccote. 2010. “Study on Auto-DR and Pre-Cooling of Commercial Buildings with Thermal Mass in California.” Energy and Buildings 42(7):967–75."
Brier Corporate Center,OAT_MA_CBL,8/5/08,12:00,15:00,72.00,55.80,,0.15,0.12,,0.86,0.67,,"Yin, Rongxin, Peng Xu, Mary Ann Piette, and Sila Kiliccote. 2010. “Study on Auto-DR and Pre-Cooling of Commercial Buildings with Thermal Mass in California.” Energy and Buildings 42(7):967–75."
Brier Corporate Center,OAT_MA_CBL,8/5/08,15:00,18:00,84.00,71.20,,0.18,0.15,,1.00,0.85,,"Yin, Rongxin, Peng Xu, Mary Ann Piette, and Sila Kiliccote. 2010. “Study on Auto-DR and Pre-Cooling of Commercial Buildings with Thermal Mass in California.” Energy and Buildings 42(7):967–75."
Brier Corporate Center,OAT_MA_CBL,8/6/08,12:00,15:00,74.40,52.80,,0.16,0.11,,0.89,0.63,,"Yin, Rongxin, Peng Xu, Mary Ann Piette, and Sila Kiliccote. 2010. “Study on Auto-DR and Pre-Cooling of Commercial Buildings with Thermal Mass in California.” Energy and Buildings 42(7):967–75."
Brier Corporate Center,OAT_MA_CBL,8/6/08,15:00,18:00,69.60,55.60,,0.15,0.12,,0.83,0.66,,"Yin, Rongxin, Peng Xu, Mary Ann Piette, and Sila Kiliccote. 2010. “Study on Auto-DR and Pre-Cooling of Commercial Buildings with Thermal Mass in California.” Energy and Buildings 42(7):967–75."
Brier Corporate Center,OAT_MA_CBL,8/11/08,12:00,15:00,67.20,47.20,,0.15,0.10,,0.80,0.56,,"Yin, Rongxin, Peng Xu, Mary Ann Piette, and Sila Kiliccote. 2010. “Study on Auto-DR and Pre-Cooling of Commercial Buildings with Thermal Mass in California.” Energy and Buildings 42(7):967–75."
Brier Corporate Center,OAT_MA_CBL,8/11/08,15:00,18:00,52.80,26.20,,0.12,0.06,,0.63,0.31,,"Yin, Rongxin, Peng Xu, Mary Ann Piette, and Sila Kiliccote. 2010. “Study on Auto-DR and Pre-Cooling of Commercial Buildings with Thermal Mass in California.” Energy and Buildings 42(7):967–75."
Brier Corporate Center,OAT_MA_CBL,8/12/08,12:00,15:00,69.60,47.00,,0.15,0.10,,0.83,0.56,,"Yin, Rongxin, Peng Xu, Mary Ann Piette, and Sila Kiliccote. 2010. “Study on Auto-DR and Pre-Cooling of Commercial Buildings with Thermal Mass in California.” Energy and Buildings 42(7):967–75."
Brier Corporate Center,OAT_MA_CBL,8/12/08,15:00,18:00,38.40,14.80,,0.09,0.03,,0.46,0.18,,"Yin, Rongxin, Peng Xu, Mary Ann Piette, and Sila Kiliccote. 2010. “Study on Auto-DR and Pre-Cooling of Commercial Buildings with Thermal Mass in California.” Energy and Buildings 42(7):967–75."
Brier Corporate Center,OAT_MA_CBL,8/27/08,12:00,15:00,21.60,6.00,,0.05,0.01,,0.26,0.07,,"Yin, Rongxin, Peng Xu, Mary Ann Piette, and Sila Kiliccote. 2010. “Study on Auto-DR and Pre-Cooling of Commercial Buildings with Thermal Mass in California.” Energy and Buildings 42(7):967–75."
Brier Corporate Center,OAT_MA_CBL,8/27/08,15:00,18:00,24.00,5.60,,0.06,0.01,,0.29,0.07,,"Yin, Rongxin, Peng Xu, Mary Ann Piette, and Sila Kiliccote. 2010. “Study on Auto-DR and Pre-Cooling of Commercial Buildings with Thermal Mass in California.” Energy and Buildings 42(7):967–75."
Brier Corporate Center,OAT_MA_CBL,8/28/08,12:00,15:00,12.00,0.80,,0.03,0.00,,0.14,0.01,,"Yin, Rongxin, Peng Xu, Mary Ann Piette, and Sila Kiliccote. 2010. “Study on Auto-DR and Pre-Cooling of Commercial Buildings with Thermal Mass in California.” Energy and Buildings 42(7):967–75."
Brier Corporate Center,OAT_MA_CBL,8/28/08,15:00,18:00,21.60,-2.40,,0.05,-0.01,,0.26,-0.03,,"Yin, Rongxin, Peng Xu, Mary Ann Piette, and Sila Kiliccote. 2010. “Study on Auto-DR and Pre-Cooling of Commercial Buildings with Thermal Mass in California.” Energy and Buildings 42(7):967–75."
Brier Corporate Center,OAT_MA_CBL,9/3/08,12:00,15:00,57.60,39.80,,0.12,0.08,,0.69,0.48,,"Yin, Rongxin, Peng Xu, Mary Ann Piette, and Sila Kiliccote. 2010. “Study on Auto-DR and Pre-Cooling of Commercial Buildings with Thermal Mass in California.” Energy and Buildings 42(7):967–75."
Brier Corporate Center,OAT_MA_CBL,9/3/08,15:00,18:00,38.40,25.60,,0.08,0.05,,0.46,0.31,,"Yin, Rongxin, Peng Xu, Mary Ann Piette, and Sila Kiliccote. 2010. “Study on Auto-DR and Pre-Cooling of Commercial Buildings with Thermal Mass in California.” Energy and Buildings 42(7):967–75."
Vanderbilt Plaza,OAT_MA_CBL,7/9/08,12:00,15:00,87.80,59.50,,0.16,0.11,,1.05,0.71,,"Yin, Rongxin, Peng Xu, Mary Ann Piette, and Sila Kiliccote. 2010. “Study on Auto-DR and Pre-Cooling of Commercial Buildings with Thermal Mass in California.” Energy and Buildings 42(7):967–75."
Vanderbilt Plaza,OAT_MA_CBL,7/9/08,15:00,18:00,90.70,25.80,,0.16,0.05,,1.08,0.31,,"Yin, Rongxin, Peng Xu, Mary Ann Piette, and Sila Kiliccote. 2010. “Study on Auto-DR and Pre-Cooling of Commercial Buildings with Thermal Mass in California.” Energy and Buildings 42(7):967–75."
Vanderbilt Plaza,OAT_MA_CBL,7/10/08,12:00,15:00,126.70,85.60,,0.23,0.15,,1.51,1.02,,"Yin, Rongxin, Peng Xu, Mary Ann Piette, and Sila Kiliccote. 2010. “Study on Auto-DR and Pre-Cooling of Commercial Buildings with Thermal Mass in California.” Energy and Buildings 42(7):967–75."
Vanderbilt Plaza,OAT_MA_CBL,7/10/08,15:00,18:00,157.00,49.20,,0.28,0.09,,1.88,0.59,,"Yin, Rongxin, Peng Xu, Mary Ann Piette, and Sila Kiliccote. 2010. “Study on Auto-DR and Pre-Cooling of Commercial Buildings with Thermal Mass in California.” Energy and Buildings 42(7):967–75."
Vanderbilt Plaza,OAT_MA_CBL,7/21/08,12:00,15:00,37.40,23.40,,0.07,0.04,,0.45,0.28,,"Yin, Rongxin, Peng Xu, Mary Ann Piette, and Sila Kiliccote. 2010. “Study on Auto-DR and Pre-Cooling of Commercial Buildings with Thermal Mass in California.” Energy and Buildings 42(7):967–75."
Vanderbilt Plaza,OAT_MA_CBL,7/21/08,15:00,18:00,106.60,24.00,,0.19,0.04,,1.27,0.29,,"Yin, Rongxin, Peng Xu, Mary Ann Piette, and Sila Kiliccote. 2010. “Study on Auto-DR and Pre-Cooling of Commercial Buildings with Thermal Mass in California.” Energy and Buildings 42(7):967–75."
Vanderbilt Plaza,OAT_MA_CBL,8/1/08,12:00,15:00,97.90,70.80,,0.22,0.16,,1.17,0.85,,"Yin, Rongxin, Peng Xu, Mary Ann Piette, and Sila Kiliccote. 2010. “Study on Auto-DR and Pre-Cooling of Commercial Buildings with Thermal Mass in California.” Energy and Buildings 42(7):967–75."
Vanderbilt Plaza,OAT_MA_CBL,8/1/08,15:00,18:00,89.30,49.30,,0.20,0.11,,1.07,0.59,,"Yin, Rongxin, Peng Xu, Mary Ann Piette, and Sila Kiliccote. 2010. “Study on Auto-DR and Pre-Cooling of Commercial Buildings with Thermal Mass in California.” Energy and Buildings 42(7):967–75."
Vanderbilt Plaza,OAT_MA_CBL,8/5/08,12:00,15:00,178.60,131.60,,0.34,0.25,,2.13,1.57,,"Yin, Rongxin, Peng Xu, Mary Ann Piette, and Sila Kiliccote. 2010. “Study on Auto-DR and Pre-Cooling of Commercial Buildings with Thermal Mass in California.” Energy and Buildings 42(7):967–75."
Vanderbilt Plaza,OAT_MA_CBL,8/5/08,15:00,18:00,161.30,121.30,,0.31,0.23,,1.93,1.45,,"Yin, Rongxin, Peng Xu, Mary Ann Piette, and Sila Kiliccote. 2010. “Study on Auto-DR and Pre-Cooling of Commercial Buildings with Thermal Mass in California.” Energy and Buildings 42(7):967–75."
Vanderbilt Plaza,OAT_MA_CBL,8/6/08,12:00,15:00,169.90,144.60,,0.32,0.28,,2.03,1.73,,"Yin, Rongxin, Peng Xu, Mary Ann Piette, and Sila Kiliccote. 2010. “Study on Auto-DR and Pre-Cooling of Commercial Buildings with Thermal Mass in California.” Energy and Buildings 42(7):967–75."
Vanderbilt Plaza,OAT_MA_CBL,8/6/08,15:00,18:00,139.70,94.80,,0.27,0.18,,1.67,1.13,,"Yin, Rongxin, Peng Xu, Mary Ann Piette, and Sila Kiliccote. 2010. “Study on Auto-DR and Pre-Cooling of Commercial Buildings with Thermal Mass in California.” Energy and Buildings 42(7):967–75."
Vanderbilt Plaza,OAT_MA_CBL,8/11/08,12:00,15:00,93.60,61.60,,0.21,0.14,,1.12,0.74,,"Yin, Rongxin, Peng Xu, Mary Ann Piette, and Sila Kiliccote. 2010. “Study on Auto-DR and Pre-Cooling of Commercial Buildings with Thermal Mass in California.” Energy and Buildings 42(7):967–75."
Vanderbilt Plaza,OAT_MA_CBL,8/11/08,15:00,18:00,54.70,12.80,,0.13,0.03,,0.65,0.15,,"Yin, Rongxin, Peng Xu, Mary Ann Piette, and Sila Kiliccote. 2010. “Study on Auto-DR and Pre-Cooling of Commercial Buildings with Thermal Mass in California.” Energy and Buildings 42(7):967–75."
Vanderbilt Plaza,OAT_MA_CBL,8/12/08,12:00,15:00,105.10,68.00,,0.24,0.16,,1.26,0.81,,"Yin, Rongxin, Peng Xu, Mary Ann Piette, and Sila Kiliccote. 2010. “Study on Auto-DR and Pre-Cooling of Commercial Buildings with Thermal Mass in California.” Energy and Buildings 42(7):967–75."
Vanderbilt Plaza,OAT_MA_CBL,8/12/08,15:00,18:00,106.60,34.40,,0.24,0.08,,1.27,0.41,,"Yin, Rongxin, Peng Xu, Mary Ann Piette, and Sila Kiliccote. 2010. “Study on Auto-DR and Pre-Cooling of Commercial Buildings with Thermal Mass in California.” Energy and Buildings 42(7):967–75."
Vanderbilt Plaza,OAT_MA_CBL,8/27/08,12:00,15:00,76.30,54.50,,0.18,0.13,,0.91,0.65,,"Yin, Rongxin, Peng Xu, Mary Ann Piette, and Sila Kiliccote. 2010. “Study on Auto-DR and Pre-Cooling of Commercial Buildings with Thermal Mass in California.” Energy and Buildings 42(7):967–75."
Vanderbilt Plaza,OAT_MA_CBL,8/27/08,15:00,18:00,70.60,28.30,,0.16,0.07,,0.84,0.34,,"Yin, Rongxin, Peng Xu, Mary Ann Piette, and Sila Kiliccote. 2010. “Study on Auto-DR and Pre-Cooling of Commercial Buildings with Thermal Mass in California.” Energy and Buildings 42(7):967–75."
Vanderbilt Plaza,OAT_MA_CBL,8/28/08,12:00,15:00,80.60,56.60,,0.19,0.13,,0.96,0.68,,"Yin, Rongxin, Peng Xu, Mary Ann Piette, and Sila Kiliccote. 2010. “Study on Auto-DR and Pre-Cooling of Commercial Buildings with Thermal Mass in California.” Energy and Buildings 42(7):967–75."
Vanderbilt Plaza,OAT_MA_CBL,8/28/08,15:00,18:00,79.20,14.60,,0.18,0.03,,0.95,0.17,,"Yin, Rongxin, Peng Xu, Mary Ann Piette, and Sila Kiliccote. 2010. “Study on Auto-DR and Pre-Cooling of Commercial Buildings with Thermal Mass in California.” Energy and Buildings 42(7):967–75."
Vanderbilt Plaza,OAT_MA_CBL,9/3/08,12:00,15:00,72.00,46.90,,0.16,0.10,,0.86,0.56,,"Yin, Rongxin, Peng Xu, Mary Ann Piette, and Sila Kiliccote. 2010. “Study on Auto-DR and Pre-Cooling of Commercial Buildings with Thermal Mass in California.” Energy and Buildings 42(7):967–75."
Vanderbilt Plaza,OAT_MA_CBL,9/3/08,15:00,18:00,83.50,46.30,,0.18,0.10,,1.00,0.55,,"Yin, Rongxin, Peng Xu, Mary Ann Piette, and Sila Kiliccote. 2010. “Study on Auto-DR and Pre-Cooling of Commercial Buildings with Thermal Mass in California.” Energy and Buildings 42(7):967–75."
Inland Regional Center,OAT_MA_CBL,7/9/08,12:00,15:00,30.70,0.20,,0.07,0.00,,0.37,0.00,,"Yin, Rongxin, Peng Xu, Mary Ann Piette, and Sila Kiliccote. 2010. “Study on Auto-DR and Pre-Cooling of Commercial Buildings with Thermal Mass in California.” Energy and Buildings 42(7):967–75."
Inland Regional Center,OAT_MA_CBL,7/9/08,15:00,18:00,31.20,-33.90,,0.07,-0.08,,0.37,-0.41,,"Yin, Rongxin, Peng Xu, Mary Ann Piette, and Sila Kiliccote. 2010. “Study on Auto-DR and Pre-Cooling of Commercial Buildings with Thermal Mass in California.” Energy and Buildings 42(7):967–75."
Inland Regional Center,OAT_MA_CBL,7/10/08,12:00,15:00,25.90,-8.80,,0.06,-0.02,,0.31,-0.11,,"Yin, Rongxin, Peng Xu, Mary Ann Piette, and Sila Kiliccote. 2010. “Study on Auto-DR and Pre-Cooling of Commercial Buildings with Thermal Mass in California.” Energy and Buildings 42(7):967–75."
Inland Regional Center,OAT_MA_CBL,7/10/08,15:00,18:00,42.70,-24.20,,0.10,-0.06,,0.51,-0.29,,"Yin, Rongxin, Peng Xu, Mary Ann Piette, and Sila Kiliccote. 2010. “Study on Auto-DR and Pre-Cooling of Commercial Buildings with Thermal Mass in California.” Energy and Buildings 42(7):967–75."
Inland Regional Center,OAT_MA_CBL,7/21/08,12:00,15:00,23.00,-9.70,,0.05,-0.02,,0.28,-0.12,,"Yin, Rongxin, Peng Xu, Mary Ann Piette, and Sila Kiliccote. 2010. “Study on Auto-DR and Pre-Cooling of Commercial Buildings with Thermal Mass in California.” Energy and Buildings 42(7):967–75."
Inland Regional Center,OAT_MA_CBL,7/21/08,15:00,18:00,33.60,-6.80,,0.08,-0.02,,0.40,-0.08,,"Yin, Rongxin, Peng Xu, Mary Ann Piette, and Sila Kiliccote. 2010. “Study on Auto-DR and Pre-Cooling of Commercial Buildings with Thermal Mass in California.” Energy and Buildings 42(7):967–75."
Inland Regional Center,OAT_MA_CBL,8/1/08,12:00,15:00,104.20,67.00,,0.26,0.17,,1.24,0.80,,"Yin, Rongxin, Peng Xu, Mary Ann Piette, and Sila Kiliccote. 2010. “Study on Auto-DR and Pre-Cooling of Commercial Buildings with Thermal Mass in California.” Energy and Buildings 42(7):967–75."
Inland Regional Center,OAT_MA_CBL,8/1/08,15:00,18:00,109.90,81.50,,0.28,0.20,,1.31,0.97,,"Yin, Rongxin, Peng Xu, Mary Ann Piette, and Sila Kiliccote. 2010. “Study on Auto-DR and Pre-Cooling of Commercial Buildings with Thermal Mass in California.” Energy and Buildings 42(7):967–75."
Inland Regional Center,OAT_MA_CBL,8/5/08,12:00,15:00,107.00,61.10,,0.23,0.13,,1.28,0.73,,"Yin, Rongxin, Peng Xu, Mary Ann Piette, and Sila Kiliccote. 2010. “Study on Auto-DR and Pre-Cooling of Commercial Buildings with Thermal Mass in California.” Energy and Buildings 42(7):967–75."
Inland Regional Center,OAT_MA_CBL,8/5/08,15:00,18:00,185.30,117.10,,0.39,0.25,,2.21,1.40,,"Yin, Rongxin, Peng Xu, Mary Ann Piette, and Sila Kiliccote. 2010. “Study on Auto-DR and Pre-Cooling of Commercial Buildings with Thermal Mass in California.” Energy and Buildings 42(7):967–75."
Inland Regional Center,OAT_MA_CBL,8/6/08,12:00,15:00,104.60,49.60,,0.22,0.11,,1.25,0.59,,"Yin, Rongxin, Peng Xu, Mary Ann Piette, and Sila Kiliccote. 2010. “Study on Auto-DR and Pre-Cooling of Commercial Buildings with Thermal Mass in California.” Energy and Buildings 42(7):967–75."
Inland Regional Center,OAT_MA_CBL,8/6/08,15:00,18:00,133.90,67.60,,0.28,0.14,,1.60,0.81,,"Yin, Rongxin, Peng Xu, Mary Ann Piette, and Sila Kiliccote. 2010. “Study on Auto-DR and Pre-Cooling of Commercial Buildings with Thermal Mass in California.” Energy and Buildings 42(7):967–75."
Inland Regional Center,OAT_MA_CBL,8/11/08,12:00,15:00,-9.60,-27.30,,-0.03,-0.07,,-0.11,-0.33,,"Yin, Rongxin, Peng Xu, Mary Ann Piette, and Sila Kiliccote. 2010. “Study on Auto-DR and Pre-Cooling of Commercial Buildings with Thermal Mass in California.” Energy and Buildings 42(7):967–75."
Inland Regional Center,OAT_MA_CBL,8/11/08,15:00,18:00,-1.90,-23.80,,-0.01,-0.06,,-0.02,-0.28,,"Yin, Rongxin, Peng Xu, Mary Ann Piette, and Sila Kiliccote. 2010. “Study on Auto-DR and Pre-Cooling of Commercial Buildings with Thermal Mass in California.” Energy and Buildings 42(7):967–75."
Inland Regional Center,OAT_MA_CBL,8/12/08,12:00,15:00,-9.60,-28.10,,-0.03,-0.07,,-0.11,-0.34,,"Yin, Rongxin, Peng Xu, Mary Ann Piette, and Sila Kiliccote. 2010. “Study on Auto-DR and Pre-Cooling of Commercial Buildings with Thermal Mass in California.” Energy and Buildings 42(7):967–75."
Inland Regional Center,OAT_MA_CBL,8/12/08,15:00,18:00,37.00,-27.70,,0.10,-0.07,,0.44,-0.33,,"Yin, Rongxin, Peng Xu, Mary Ann Piette, and Sila Kiliccote. 2010. “Study on Auto-DR and Pre-Cooling of Commercial Buildings with Thermal Mass in California.” Energy and Buildings 42(7):967–75."
Inland Regional Center,OAT_MA_CBL,8/27/08,12:00,15:00,49.40,7.90,,0.13,0.02,,0.59,0.09,,"Yin, Rongxin, Peng Xu, Mary Ann Piette, and Sila Kiliccote. 2010. “Study on Auto-DR and Pre-Cooling of Commercial Buildings with Thermal Mass in California.” Energy and Buildings 42(7):967–75."
Inland Regional Center,OAT_MA_CBL,8/27/08,15:00,18:00,82.10,32.10,,0.22,0.09,,0.98,0.38,,"Yin, Rongxin, Peng Xu, Mary Ann Piette, and Sila Kiliccote. 2010. “Study on Auto-DR and Pre-Cooling of Commercial Buildings with Thermal Mass in California.” Energy and Buildings 42(7):967–75."
Inland Regional Center,OAT_MA_CBL,8/28/08,12:00,15:00,55.70,12.00,,0.15,0.03,,0.67,0.14,,"Yin, Rongxin, Peng Xu, Mary Ann Piette, and Sila Kiliccote. 2010. “Study on Auto-DR and Pre-Cooling of Commercial Buildings with Thermal Mass in California.” Energy and Buildings 42(7):967–75."
Inland Regional Center,OAT_MA_CBL,8/28/08,15:00,18:00,58.60,20.30,,0.16,0.05,,0.70,0.24,,"Yin, Rongxin, Peng Xu, Mary Ann Piette, and Sila Kiliccote. 2010. “Study on Auto-DR and Pre-Cooling of Commercial Buildings with Thermal Mass in California.” Energy and Buildings 42(7):967–75."
Inland Regional Center,OAT_MA_CBL,9/3/08,12:00,15:00,103.20,72.20,,0.21,0.14,,1.23,0.86,,"Yin, Rongxin, Peng Xu, Mary Ann Piette, and Sila Kiliccote. 2010. “Study on Auto-DR and Pre-Cooling of Commercial Buildings with Thermal Mass in California.” Energy and Buildings 42(7):967–75."
Inland Regional Center,OAT_MA_CBL,9/3/08,15:00,18:00,139.20,86.10,,0.28,0.17,,1.66,1.03,,"Yin, Rongxin, Peng Xu, Mary Ann Piette, and Sila Kiliccote. 2010. “Study on Auto-DR and Pre-Cooling of Commercial Buildings with Thermal Mass in California.” Energy and Buildings 42(7):967–75."
CHCCC,Similar_Day,9/12/06,12:30,15:30,94.00,49.00,,0.13,0.07,,1.08,0.56,,"Xu, P, Yin, R., Brown, C., & Kim, D. E. (2009). Demand Shifting with Thermal Mass in Large Commercial Buildings in a California Hot Climate Zone."
CHCCC,Similar_Day,9/12/06,15:30,18:30,166.00,124.00,,0.25,0.19,,1.91,1.42,,"Xu, P, Yin, R., Brown, C., & Kim, D. E. (2009). Demand Shifting with Thermal Mass in Large Commercial Buildings in a California Hot Climate Zone."
CHCCC,Similar_Day,9/14/06,12:00,15:00,170.00,110.00,,0.24,0.16,,1.96,1.26,,"Xu, P, Yin, R., Brown, C., & Kim, D. E. (2009). Demand Shifting with Thermal Mass in Large Commercial Buildings in a California Hot Climate Zone."
CHCCC,Similar_Day,9/14/06,15:00,18:00,154.00,94.00,,0.23,0.14,,1.77,1.08,,"Xu, P, Yin, R., Brown, C., & Kim, D. E. (2009). Demand Shifting with Thermal Mass in Large Commercial Buildings in a California Hot Climate Zone."
CHCCC,Similar_Day,9/13/06,12:00,15:00,131.00,64.00,,0.19,0.10,,1.51,0.73,,"Xu, P, Yin, R., Brown, C., & Kim, D. E. (2009). Demand Shifting with Thermal Mass in Large Commercial Buildings in a California Hot Climate Zone."
CHCCC,Similar_Day,9/13/06,15:00,18:00,136.00,101.00,,0.20,0.16,,1.56,1.17,,"Xu, P, Yin, R., Brown, C., & Kim, D. E. (2009). Demand Shifting with Thermal Mass in Large Commercial Buildings in a California Hot Climate Zone."
TCCSB,Similar_Day,8/15/07,12:00,15:00,84.00,28.00,,0.19,0.06,,0.97,0.32,,"Xu, P, Yin, R., Brown, C., & Kim, D. E. (2009). Demand Shifting with Thermal Mass in Large Commercial Buildings in a California Hot Climate Zone."
TCCSB,Similar_Day,8/15/07,15:00,18:00,64.00,53.00,,0.15,0.13,,0.76,0.61,,"Xu, P, Yin, R., Brown, C., & Kim, D. E. (2009). Demand Shifting with Thermal Mass in Large Commercial Buildings in a California Hot Climate Zone."
TCCSB,Similar_Day,8/16/07,12:00,15:00,72.00,45.00,,0.16,0.10,,0.83,0.52,,"Xu, P, Yin, R., Brown, C., & Kim, D. E. (2009). Demand Shifting with Thermal Mass in Large Commercial Buildings in a California Hot Climate Zone."
TCCSB,Similar_Day,8/16/07,15:00,18:00,72.00,46.00,,0.17,0.11,,0.83,0.53,,"Xu, P, Yin, R., Brown, C., & Kim, D. E. (2009). Demand Shifting with Thermal Mass in Large Commercial Buildings in a California Hot Climate Zone."
TCCSB,Similar_Day,8/29/07,12:00,15:00,102.00,144.00,,0.20,0.09,,1.17,0.49,,"Xu, P, Yin, R., Brown, C., & Kim, D. E. (2009). Demand Shifting with Thermal Mass in Large Commercial Buildings in a California Hot Climate Zone."
TCCSB,Similar_Day,8/29/07,15:00,18:00,43.00,109.00,,0.30,0.23,,1.66,1.25,,"Xu, P, Yin, R., Brown, C., & Kim, D. E. (2009). Demand Shifting with Thermal Mass in Large Commercial Buildings in a California Hot Climate Zone."
TCCSB,Similar_Day,9/18/07,12:00,15:00,54.00,38.00,,15.00,10.00,,0.62,0.43,,"Xu, P, Yin, R., Brown, C., & Kim, D. E. (2009). Demand Shifting with Thermal Mass in Large Commercial Buildings in a California Hot Climate Zone."
TCCSB,Similar_Day,9/18/07,15:00,18:00,48.00,33.00,,0.14,0.10,,0.55,0.38,,"Xu, P, Yin, R., Brown, C., & Kim, D. E. (2009). Demand Shifting with Thermal Mass in Large Commercial Buildings in a California Hot Climate Zone."
University of California at Merced,,8/14/08,15:00,16:00,202.00,187.00,,0.14,0.13,,,,,"Granderson, J., Dudley, J. H., Kiliccote, S., & Piette, M. A. (2009). Chilled Water Storage System and Demand Response at the University of California at Merced and published in the Proceedings."
University of California at Merced,,8/14/08,16:00,17:00,199.00,193.00,,0.14,0.13,,,,,"Granderson, J., Dudley, J. H., Kiliccote, S., & Piette, M. A. (2009). Chilled Water Storage System and Demand Response at the University of California at Merced and published in the Proceedings."
University of California at Merced,,8/14/08,17:00,18:00,188.00,166.00,,0.13,0.12,,,,,"Granderson, J., Dudley, J. H., Kiliccote, S., & Piette, M. A. (2009). Chilled Water Storage System and Demand Response at the University of California at Merced and published in the Proceedings."
University of California at Merced,,8/14/08,15:00,18:00,202.00,182.00,,0.14,0.13,,,,,"Granderson, J., Dudley, J. H., Kiliccote, S., & Piette, M. A. (2009). Chilled Water Storage System and Demand Response at the University of California at Merced and published in the Proceedings."
University of California at Merced,,7/27/09,13:00,14:00,110.00,100.00,,0.06,0.06,,,,,"Granderson, J., Dudley, J. H., Kiliccote, S., & Piette, M. A. (2009). Chilled Water Storage System and Demand Response at the University of California at Merced and published in the Proceedings."
University of California at Merced,,7/27/09,14:00,15:00,143.00,121.00,,0.08,0.07,,,,,"Granderson, J., Dudley, J. H., Kiliccote, S., & Piette, M. A. (2009). Chilled Water Storage System and Demand Response at the University of California at Merced and published in the Proceedings."
University of California at Merced,,7/27/09,13:00,15:00,143.00,110.00,,0.08,0.06,,,,,"Granderson, J., Dudley, J. H., Kiliccote, S., & Piette, M. A. (2009). Chilled Water Storage System and Demand Response at the University of California at Merced and published in the Proceedings."
McKinstry,OAT_MA_CBL,2/18/09,7:00,8:00,42.00,20.00,,0.16,0.07,,0.42,0.20,,"Kiliccote, S, Piette, M. A., & Dudley, J. H. (2009). Northwest Open Automated Demand Response Technology Demonstration Project."
McKinstry,OAT_MA_CBL,2/18/09,8:00,9:00,48.00,26.00,,0.17,0.09,,0.48,0.26,,"Kiliccote, S, Piette, M. A., & Dudley, J. H. (2009). Northwest Open Automated Demand Response Technology Demonstration Project."
Target-T0637,OAT_MA_CBL,2/18/09,9:00,10:00,41.00,21.00,,0.14,0.07,,0.41,0.21,,"Kiliccote, S, Piette, M. A., & Dudley, J. H. (2009). Northwest Open Automated Demand Response Technology Demonstration Project."
Target-T0637,OAT_MA_CBL,2/18/09,7:00,10:00,48.00,22.00,,0.17,0.08,,0.48,0.22,,"Kiliccote, S, Piette, M. A., & Dudley, J. H. (2009). Northwest Open Automated Demand Response Technology Demonstration Project."
Target-T0637,3/10_CBL,2/18/09,7:00,8:00,44.00,29.00,,0.16,0.11,,0.44,0.29,,"Kiliccote, S, Piette, M. A., & Dudley, J. H. (2009). Northwest Open Automated Demand Response Technology Demonstration Project."
Target-T0637,3/10_CBL,2/18/09,8:00,9:00,54.00,27.00,,0.19,0.10,,0.54,0.27,,"Kiliccote, S, Piette, M. A., & Dudley, J. H. (2009). Northwest Open Automated Demand Response Technology Demonstration Project."
Target-T0637,3/10_CBL,2/18/09,9:00,10:00,40.00,20.00,,0.14,0.07,,0.40,0.20,,"Kiliccote, S, Piette, M. A., & Dudley, J. H. (2009). Northwest Open Automated Demand Response Technology Demonstration Project."
Target-T0637,3/10_CBL,2/18/09,7:00,10:00,54.00,26.00,,0.19,0.09,,0.54,0.26,,"Kiliccote, S, Piette, M. A., & Dudley, J. H. (2009). Northwest Open Automated Demand Response Technology Demonstration Project."
Target-T0637,OAT_MA_CBL,3/11/09,7:00,8:00,44.00,35.00,,0.16,0.13,,0.44,0.35,,"Kiliccote, S, Piette, M. A., & Dudley, J. H. (2009). Northwest Open Automated Demand Response Technology Demonstration Project."
Target-T0637,OAT_MA_CBL,3/11/09,8:00,9:00,31.00,23.00,,0.11,0.09,,0.31,0.23,,"Kiliccote, S, Piette, M. A., & Dudley, J. H. (2009). Northwest Open Automated Demand Response Technology Demonstration Project."
Target-T0637,OAT_MA_CBL,3/11/09,9:00,10:00,27.00,17.00,,0.10,0.06,,0.27,0.17,,"Kiliccote, S, Piette, M. A., & Dudley, J. H. (2009). Northwest Open Automated Demand Response Technology Demonstration Project."
Target-T0637,OAT_MA_CBL,3/11/09,7:00,10:00,44.00,25.00,,0.16,0.09,,0.44,0.25,,"Kiliccote, S, Piette, M. A., & Dudley, J. H. (2009). Northwest Open Automated Demand Response Technology Demonstration Project."
Target-T0637,3/10_CBL,3/11/09,7:00,8:00,44.00,31.00,,0.16,0.11,,0.44,0.31,,"Kiliccote, S, Piette, M. A., & Dudley, J. H. (2009). Northwest Open Automated Demand Response Technology Demonstration Project."
Target-T0637,3/10_CBL,3/11/09,8:00,9:00,37.00,32.00,,0.13,0.11,,0.37,0.32,,"Kiliccote, S, Piette, M. A., & Dudley, J. H. (2009). Northwest Open Automated Demand Response Technology Demonstration Project."
Target-T0637,3/10_CBL,3/11/09,9:00,10:00,28.00,18.00,,0.10,0.06,,0.28,0.18,,"Kiliccote, S, Piette, M. A., & Dudley, J. H. (2009). Northwest Open Automated Demand Response Technology Demonstration Project."
Target-T0637,3/10_CBL,3/11/09,7:00,10:00,44.00,27.00,,0.16,0.10,,0.44,0.27,,"Kiliccote, S, Piette, M. A., & Dudley, J. H. (2009). Northwest Open Automated Demand Response Technology Demonstration Project."
Target-T1284,OAT_MA_CBL,3/9/09,7:00,8:00,80.00,47.00,,0.22,0.14,,0.48,0.29,,"Kiliccote, S, Piette, M. A., & Dudley, J. H. (2009). Northwest Open Automated Demand Response Technology Demonstration Project."
Target-T1284,OAT_MA_CBL,3/9/09,8:00,9:00,122.00,101.00,,0.26,0.22,,0.74,0.61,,"Kiliccote, S, Piette, M. A., & Dudley, J. H. (2009). Northwest Open Automated Demand Response Technology Demonstration Project."
Target-T1284,OAT_MA_CBL,3/9/09,9:00,10:00,109.00,93.00,,0.24,0.20,,0.66,0.56,,"Kiliccote, S, Piette, M. A., & Dudley, J. H. (2009). Northwest Open Automated Demand Response Technology Demonstration Project."
Target-T1284,OAT_MA_CBL,3/9/09,7:00,10:00,122.00,81.00,,0.26,0.19,,0.74,0.49,,"Kiliccote, S, Piette, M. A., & Dudley, J. H. (2009). Northwest Open Automated Demand Response Technology Demonstration Project."
Seattle University,OAT_MA_CBL,3/12/09,7:00,8:00,100.00,81.00,,0.15,0.12,,1.00,0.81,,"Kiliccote, S, Piette, M. A., & Dudley, J. H. (2009). Northwest Open Automated Demand Response Technology Demonstration Project."
Seattle University,OAT_MA_CBL,3/12/09,8:00,9:00,121.00,102.00,,0.18,0.15,,1.21,1.03,,"Kiliccote, S, Piette, M. A., & Dudley, J. H. (2009). Northwest Open Automated Demand Response Technology Demonstration Project."
Seattle University,OAT_MA_CBL,3/12/09,9:00,10:00,107.00,99.00,,0.15,0.14,,1.07,0.99,,"Kiliccote, S, Piette, M. A., & Dudley, J. H. (2009). Northwest Open Automated Demand Response Technology Demonstration Project."
Seattle University,OAT_MA_CBL,3/12/09,7:00,10:00,121.00,94.00,,0.18,0.14,,1.21,0.94,,"Kiliccote, S, Piette, M. A., & Dudley, J. H. (2009). Northwest Open Automated Demand Response Technology Demonstration Project."
Seattle University,3/10_CBL,3/12/09,7:00,8:00,149.00,131.00,,0.21,0.19,,1.49,1.31,,"Kiliccote, S, Piette, M. A., & Dudley, J. H. (2009). Northwest Open Automated Demand Response Technology Demonstration Project."
Seattle University,3/10_CBL,3/12/09,8:00,9:00,153.00,142.00,,0.22,0.20,,1.53,1.42,,"Kiliccote, S, Piette, M. A., & Dudley, J. H. (2009). Northwest Open Automated Demand Response Technology Demonstration Project."
Seattle University,3/10_CBL,3/12/09,9:00,10:00,140.00,131.00,,0.19,0.18,,1.40,1.31,,"Kiliccote, S, Piette, M. A., & Dudley, J. H. (2009). Northwest Open Automated Demand Response Technology Demonstration Project."
Seattle University,3/10_CBL,3/12/09,7:00,10:00,153.00,135.00,,0.22,0.19,,1.53,1.35,,"Kiliccote, S, Piette, M. A., & Dudley, J. H. (2009). Northwest Open Automated Demand Response Technology Demonstration Project."
Seattle University,OAT_MA_CBL,3/10/09,7:00,8:00,198.00,178.00,,0.28,0.25,,1.98,1.79,,"Kiliccote, S, Piette, M. A., & Dudley, J. H. (2009). Northwest Open Automated Demand Response Technology Demonstration Project."
Seattle University,OAT_MA_CBL,3/10/09,8:00,9:00,188.00,160.00,,0.26,0.22,,1.88,1.61,,"Kiliccote, S, Piette, M. A., & Dudley, J. H. (2009). Northwest Open Automated Demand Response Technology Demonstration Project."
Seattle University,OAT_MA_CBL,3/10/09,9:00,10:00,139.00,108.00,,0.20,0.15,,1.39,1.08,,"Kiliccote, S, Piette, M. A., & Dudley, J. H. (2009). Northwest Open Automated Demand Response Technology Demonstration Project."
Seattle University,OAT_MA_CBL,3/10/09,7:00,10:00,198.00,149.00,,0.28,0.21,,1.98,1.49,,"Kiliccote, S, Piette, M. A., & Dudley, J. H. (2009). Northwest Open Automated Demand Response Technology Demonstration Project."
Seattle University,3/10_CBL,3/10/09,7:00,8:00,175.00,150.00,,0.25,0.22,,1.75,1.51,,"Kiliccote, S, Piette, M. A., & Dudley, J. H. (2009). Northwest Open Automated Demand Response Technology Demonstration Project."
Seattle University,3/10_CBL,3/10/09,8:00,9:00,162.00,133.00,,0.23,0.19,,1.62,1.33,,"Kiliccote, S, Piette, M. A., & Dudley, J. H. (2009). Northwest Open Automated Demand Response Technology Demonstration Project."
Seattle University,3/10_CBL,3/10/09,9:00,10:00,123.00,104.00,,0.18,0.15,,1.24,1.04,,"Kiliccote, S, Piette, M. A., & Dudley, J. H. (2009). Northwest Open Automated Demand Response Technology Demonstration Project."
Seattle University,3/10_CBL,3/10/09,7:00,10:00,175.00,129.00,,0.25,0.19,,1.75,1.29,,"Kiliccote, S, Piette, M. A., & Dudley, J. H. (2009). Northwest Open Automated Demand Response Technology Demonstration Project."
Seattle Municipal tower,OAT_MA_CBL,3/9/09,7:00,8:00,440.00,353.00,,0.08,0.07,,0.37,0.29,,"Kiliccote, S, Piette, M. A., & Dudley, J. H. (2009). Northwest Open Automated Demand Response Technology Demonstration Project."
Seattle Municipal tower,OAT_MA_CBL,3/9/09,8:00,9:00,384.00,277.00,,0.07,0.05,,0.32,0.23,,"Kiliccote, S, Piette, M. A., & Dudley, J. H. (2009). Northwest Open Automated Demand Response Technology Demonstration Project."
Seattle Municipal tower,OAT_MA_CBL,3/9/09,9:00,10:00,78.00,31.00,,0.02,0.01,,0.07,0.03,,"Kiliccote, S, Piette, M. A., & Dudley, J. H. (2009). Northwest Open Automated Demand Response Technology Demonstration Project."
Seattle Municipal tower,OAT_MA_CBL,3/9/09,7:00,10:00,440.00,220.00,,0.08,0.04,,0.37,0.18,,"Kiliccote, S, Piette, M. A., & Dudley, J. H. (2009). Northwest Open Automated Demand Response Technology Demonstration Project."
Seattle Municipal tower,3/10_CBL,3/9/09,7:00,8:00,509.00,428.00,,0.09,0.08,,0.42,0.36,,"Kiliccote, S, Piette, M. A., & Dudley, J. H. (2009). Northwest Open Automated Demand Response Technology Demonstration Project."
Seattle Municipal tower,3/10_CBL,3/9/09,8:00,9:00,348.00,220.00,,0.07,0.04,,0.29,0.18,,"Kiliccote, S, Piette, M. A., & Dudley, J. H. (2009). Northwest Open Automated Demand Response Technology Demonstration Project."
Seattle Municipal tower,3/10_CBL,3/9/09,9:00,10:00,18.00,-41.00,,0.00,-0.01,,0.02,-0.03,,"Kiliccote, S, Piette, M. A., & Dudley, J. H. (2009). Northwest Open Automated Demand Response Technology Demonstration Project."
Seattle Municipal tower,3/10_CBL,3/9/09,7:00,10:00,509.00,202.00,,0.09,0.04,,0.42,0.17,,"Kiliccote, S, Piette, M. A., & Dudley, J. H. (2009). Northwest Open Automated Demand Response Technology Demonstration Project."
Seattle Municipal tower,OAT_MA_CBL,3/11/09,7:00,8:00,590.00,424.00,,0.10,0.07,,0.49,0.35,,"Kiliccote, S, Piette, M. A., & Dudley, J. H. (2009). Northwest Open Automated Demand Response Technology Demonstration Project."
Seattle Municipal tower,OAT_MA_CBL,3/11/09,8:00,9:00,523.00,487.00,,0.10,0.09,,0.44,0.41,,"Kiliccote, S, Piette, M. A., & Dudley, J. H. (2009). Northwest Open Automated Demand Response Technology Demonstration Project."
Seattle Municipal tower,OAT_MA_CBL,3/11/09,9:00,10:00,441.00,403.00,,0.09,0.08,,0.37,0.34,,"Kiliccote, S, Piette, M. A., & Dudley, J. H. (2009). Northwest Open Automated Demand Response Technology Demonstration Project."
Seattle Municipal tower,OAT_MA_CBL,3/11/09,7:00,10:00,590.00,438.00,,0.10,0.08,,0.49,0.37,,"Kiliccote, S, Piette, M. A., & Dudley, J. H. (2009). Northwest Open Automated Demand Response Technology Demonstration Project."
Seattle Municipal tower,3/10_CBL,3/11/09,7:00,8:00,554.00,396.00,,0.10,0.07,,0.46,0.33,,"Kiliccote, S, Piette, M. A., & Dudley, J. H. (2009). Northwest Open Automated Demand Response Technology Demonstration Project."
Seattle Municipal tower,3/10_CBL,3/11/09,8:00,9:00,581.00,551.00,,0.11,0.10,,0.48,0.46,,"Kiliccote, S, Piette, M. A., & Dudley, J. H. (2009). Northwest Open Automated Demand Response Technology Demonstration Project."
Seattle Municipal tower,3/10_CBL,3/11/09,9:00,10:00,650.00,613.00,,0.13,0.12,,0.54,0.51,,"Kiliccote, S, Piette, M. A., & Dudley, J. H. (2009). Northwest Open Automated Demand Response Technology Demonstration Project."
Seattle Municipal tower,3/10_CBL,3/11/09,7:00,10:00,650.00,520.00,,0.13,0.10,,0.54,0.43,,"Kiliccote, S, Piette, M. A., & Dudley, J. H. (2009). Northwest Open Automated Demand Response Technology Demonstration Project."
Seattle Municipal tower,OAT_MA_CBL,3/5/09,7:00,8:00,1014.00,865.00,,0.18,0.15,,0.69,0.59,,"Kiliccote, S, Piette, M. A., & Dudley, J. H. (2009). Northwest Open Automated Demand Response Technology Demonstration Project."
Seattle Municipal tower,OAT_MA_CBL,3/5/09,8:00,9:00,1002.00,929.00,,0.17,0.16,,0.68,0.63,,"Kiliccote, S, Piette, M. A., & Dudley, J. H. (2009). Northwest Open Automated Demand Response Technology Demonstration Project."
Seattle Municipal tower,OAT_MA_CBL,3/5/09,9:00,10:00,742.00,613.00,,0.13,0.11,,0.51,0.42,,"Kiliccote, S, Piette, M. A., & Dudley, J. H. (2009). Northwest Open Automated Demand Response Technology Demonstration Project."
Seattle Municipal tower,OAT_MA_CBL,3/5/09,7:00,10:00,1014.00,802.00,,0.18,0.14,,0.69,0.55,,"Kiliccote, S, Piette, M. A., & Dudley, J. H. (2009). Northwest Open Automated Demand Response Technology Demonstration Project."
Seattle Municipal tower,3/10_CBL,3/5/09,7:00,8:00,1348.00,1206.00,,0.22,0.20,,0.92,0.82,,"Kiliccote, S, Piette, M. A., & Dudley, J. H. (2009). Northwest Open Automated Demand Response Technology Demonstration Project."
Seattle Municipal tower,3/10_CBL,3/5/09,8:00,9:00,1202.00,1115.00,,0.20,0.19,,0.82,0.76,,"Kiliccote, S, Piette, M. A., & Dudley, J. H. (2009). Northwest Open Automated Demand Response Technology Demonstration Project."
Seattle Municipal tower,3/10_CBL,3/5/09,9:00,10:00,941.00,836.00,,0.17,0.15,,0.64,0.57,,"Kiliccote, S, Piette, M. A., & Dudley, J. H. (2009). Northwest Open Automated Demand Response Technology Demonstration Project."
Seattle Municipal tower,3/10_CBL,3/5/09,7:00,10:00,1348.00,1052.00,,0.22,0.18,,0.92,0.72,,"Kiliccote, S, Piette, M. A., & Dudley, J. H. (2009). Northwest Open Automated Demand Response Technology Demonstration Project."